original_path,final_path
Pterocarpus indicus/sub_004/3395. Pterocarpus indicus.6 (185).png,train/Pterocarpus indicus/3395. Pterocarpus indicus.6 (185).png
Guibourtia ehie/sub_012/Guibourtia ehie_GHQN943_3_(96).png,train/Guibourtia ehie/Guibourtia ehie_GHQN943_3_(96).png
Pterocarpus sp/sub_049/129_1.png,train/Pterocarpus sp/129_1.png
Guibourtia arnoldiana/sub_010/3411. Guibourtia arnoldiana.9 (284).png,train/Guibourtia arnoldiana/3411. Guibourtia arnoldiana.9 (284).png
Dalbergia rimosa/sub_042/3414. Dalbergia rimosa.4 (111).png,train/Dalbergia rimosa/3414. Dalbergia rimosa.4 (111).png
Dalbergia oliveri/sub_056/Dalbergia oliveri_3237.5_ (8).png,train/Dalbergia oliveri/Dalbergia oliveri_3237.5_ (8).png
Guibourtia coleosperma/sub_031/Guibourtia coleosperma_3253.3 (36).png,train/Guibourtia coleosperma/Guibourtia coleosperma_3253.3 (36).png
Sindora cochinchinensis/sub_014/gụ3.png,train/Sindora cochinchinensis/gụ3.png
Peltogyne pubescens/sub_004/3377. Peltogyne pubescens.10 (348).png,train/Peltogyne pubescens/3377. Peltogyne pubescens.10 (348).png
Pterocarpus macrocarpus/sub_041/156_1.png,train/Pterocarpus macrocarpus/156_1.png
Pterocarpus soyauxii/sub_034/151.png,train/Pterocarpus soyauxii/151.png
Pterocarpus macrocarpus/sub_007/127_3.png,train/Pterocarpus macrocarpus/127_3.png
Pterocarpus erinaceus/sub_050/3403. Pterocarpus erinaceus.2 (60).png,train/Pterocarpus erinaceus/3403. Pterocarpus erinaceus.2 (60).png
Dalbergia cochinchinensis/sub_059/Dalbergia cochinchinensis.3280.10 (28).png,train/Dalbergia cochinchinensis/Dalbergia cochinchinensis.3280.10 (28).png
Dalbergia rimosa/sub_019/3414. Dalbergia rimosa.2 (42).png,train/Dalbergia rimosa/3414. Dalbergia rimosa.2 (42).png
Afzelia pachyloba/sub_042/4.4_1.png,train/Afzelia pachyloba/4.4_1.png
Peltogyne pubescens/sub_013/3377. Peltogyne pubescens.1 (35).png,train/Peltogyne pubescens/3377. Peltogyne pubescens.1 (35).png
Dalbergia tonkinensis/sub_053/3353. Dalbergia tonkinensis.1.(22).png,train/Dalbergia tonkinensis/3353. Dalbergia tonkinensis.1.(22).png
Afzelia pachyloba/sub_012/1.1_3.png,train/Afzelia pachyloba/1.1_3.png
Sindora tonkinensis/sub_014/3381. Sindora tonkinensis.4 (109).png,train/Sindora tonkinensis/3381. Sindora tonkinensis.4 (109).png
Peltogyne pubescens/sub_050/3377. Peltogyne pubescens.2 (76).png,train/Peltogyne pubescens/3377. Peltogyne pubescens.2 (76).png
Guibourtia ehie/sub_029/Guibourtia ehie_FEHC134_2_(75).png,train/Guibourtia ehie/Guibourtia ehie_FEHC134_2_(75).png
Afzelia africana/sub_010/doussie11.png,train/Afzelia africana/doussie11.png
Pterocarpus sp/sub_051/111_5.png,train/Pterocarpus sp/111_5.png
Pterocarpus soyauxii/sub_029/149_3.png,train/Pterocarpus soyauxii/149_3.png
Pterocarpus soyauxii/sub_070/181.png,train/Pterocarpus soyauxii/181.png
Peltogyne pubescens/sub_018/3377. Peltogyne pubescens.3 (94).png,train/Peltogyne pubescens/3377. Peltogyne pubescens.3 (94).png
Afzelia quanzensis/sub_022/13_2.png,train/Afzelia quanzensis/13_2.png
Guibourtia ehie/sub_042/Guibourtia ehie_KREW954_4_(150).png,train/Guibourtia ehie/Guibourtia ehie_KREW954_4_(150).png
Pterocarpus soyauxii/sub_019/110.png,train/Pterocarpus soyauxii/110.png
Afzelia pachyloba/sub_016/4.1_1.png,train/Afzelia pachyloba/4.1_1.png
Sindora tonkinensis/sub_030/3381. Sindora tonkinensis.5 (130).png,train/Sindora tonkinensis/3381. Sindora tonkinensis.5 (130).png
Afzelia quanzensis/sub_050/117_3.png,train/Afzelia quanzensis/117_3.png
Guibourtia coleosperma/sub_008/Guibourtia coleosperma_3253.4 (12).png,train/Guibourtia coleosperma/Guibourtia coleosperma_3253.4 (12).png
Sindora tonkinensis/sub_022/3381. Sindora tonkinensis.3 (84).png,train/Sindora tonkinensis/3381. Sindora tonkinensis.3 (84).png
Afzelia quanzensis/sub_015/132_1.png,train/Afzelia quanzensis/132_1.png
Dalbergia cochinchinensis/sub_067/Dalbergia cochinchinensis.3280.7 (32).png,train/Dalbergia cochinchinensis/Dalbergia cochinchinensis.3280.7 (32).png
Pterocarpus sp/sub_039/134_2.png,train/Pterocarpus sp/134_2.png
Pterocarpus soyauxii/sub_020/142_1.png,train/Pterocarpus soyauxii/142_1.png
Peltogyne pubescens/sub_010/3377. Peltogyne pubescens.6 (216).png,train/Peltogyne pubescens/3377. Peltogyne pubescens.6 (216).png
Afzelia quanzensis/sub_028/113_3.png,train/Afzelia quanzensis/113_3.png
Peltogyne pubescens/sub_027/3377. Peltogyne pubescens.10 (352).png,train/Peltogyne pubescens/3377. Peltogyne pubescens.10 (352).png
Dalbergia cochinchinensis/sub_053/Dalbergia cochinchinensis.3280.1 (27).png,train/Dalbergia cochinchinensis/Dalbergia cochinchinensis.3280.1 (27).png
Sindora tonkinensis/sub_002/3381. Sindora tonkinensis.6 (177).png,train/Sindora tonkinensis/3381. Sindora tonkinensis.6 (177).png
Afzelia africana/sub_004/doussie39_1.png,train/Afzelia africana/doussie39_1.png
Guibourtia coleosperma/sub_031/Guibourtia coleosperma_3253.8 (1).png,train/Guibourtia coleosperma/Guibourtia coleosperma_3253.8 (1).png
Pterocarpus erinaceus/sub_006/3403. Pterocarpus erinaceus.8 (249).png,train/Pterocarpus erinaceus/3403. Pterocarpus erinaceus.8 (249).png
Guibourtia arnoldiana/sub_018/3411. Guibourtia arnoldiana.9 (290).png,train/Guibourtia arnoldiana/3411. Guibourtia arnoldiana.9 (290).png
Afzelia bella/sub_055/Afzelia bella_HYBT691_(148).png,train/Afzelia bella/Afzelia bella_HYBT691_(148).png
Dalbergia rimosa/sub_020/3414. Dalbergia rimosa.4 (106).png,train/Dalbergia rimosa/3414. Dalbergia rimosa.4 (106).png
Dalbergia rimosa/sub_063/3414. Dalbergia rimosa.8 (211).png,train/Dalbergia rimosa/3414. Dalbergia rimosa.8 (211).png
Dalbergia melanoxylon/sub_032/3352. Dalbergia melanoxylon.9.(238).png,train/Dalbergia melanoxylon/3352. Dalbergia melanoxylon.9.(238).png
Afzelia quanzensis/sub_020/112_1.png,train/Afzelia quanzensis/112_1.png
Sindora tonkinensis/sub_011/3381. Sindora tonkinensis.5 (146).png,train/Sindora tonkinensis/3381. Sindora tonkinensis.5 (146).png
Pterocarpus soyauxii/sub_008/14.png,train/Pterocarpus soyauxii/14.png
Afzelia quanzensis/sub_016/148.png,train/Afzelia quanzensis/148.png
Dalbergia cochinchinensis/sub_009/Dalbergia cochinchinensis.3280.5 (25).png,train/Dalbergia cochinchinensis/Dalbergia cochinchinensis.3280.5 (25).png
Peltogyne pubescens/sub_006/3377. Peltogyne pubescens.4 (136).png,train/Peltogyne pubescens/3377. Peltogyne pubescens.4 (136).png
Afzelia quanzensis/sub_025/122_1.png,train/Afzelia quanzensis/122_1.png
Dalbergia tonkinensis/sub_038/3353. Dalbergia tonkinensis.1.(29).png,train/Dalbergia tonkinensis/3353. Dalbergia tonkinensis.1.(29).png
Afzelia bella/sub_074/Afzelia bella_AMRX692_(56).png,train/Afzelia bella/Afzelia bella_AMRX692_(56).png
Pterocarpus indicus/sub_055/3395. Pterocarpus indicus.8 (227).png,train/Pterocarpus indicus/3395. Pterocarpus indicus.8 (227).png
Sindora cochinchinensis/sub_012/gụ21.png,train/Sindora cochinchinensis/gụ21.png
Dalbergia melanoxylon/sub_007/3352. Dalbergia melanoxylon.8.(231).png,train/Dalbergia melanoxylon/3352. Dalbergia melanoxylon.8.(231).png
Afzelia quanzensis/sub_002/10_1.png,train/Afzelia quanzensis/10_1.png
Peltogyne pubescens/sub_003/3377. Peltogyne pubescens.1 (7).png,train/Peltogyne pubescens/3377. Peltogyne pubescens.1 (7).png
Guibourtia coleosperma/sub_005/Guibourtia coleosperma_3253.10 (2).png,train/Guibourtia coleosperma/Guibourtia coleosperma_3253.10 (2).png
Dalbergia oliveri/sub_024/Dalbergia oliveri_3237.6_ (19).png,train/Dalbergia oliveri/Dalbergia oliveri_3237.6_ (19).png
Sindora cochinchinensis/sub_026/gụ10_1.png,train/Sindora cochinchinensis/gụ10_1.png
Pterocarpus soyauxii/sub_013/125.png,train/Pterocarpus soyauxii/125.png
Dalbergia oliveri/sub_052/Dalbergia oliveri_3237.4_ (18).png,train/Dalbergia oliveri/Dalbergia oliveri_3237.4_ (18).png
Afzelia africana/sub_011/doussie44_1.png,train/Afzelia africana/doussie44_1.png
Guibourtia ehie/sub_022/Guibourtia ehie_FEHC134_2_(70).png,train/Guibourtia ehie/Guibourtia ehie_FEHC134_2_(70).png
Dalbergia rimosa/sub_057/3414. Dalbergia rimosa.4 (117).png,train/Dalbergia rimosa/3414. Dalbergia rimosa.4 (117).png
Pterocarpus soyauxii/sub_026/14_1.png,train/Pterocarpus soyauxii/14_1.png
Afzelia pachyloba/sub_006/1.3_1.png,train/Afzelia pachyloba/1.3_1.png
Dalbergia oliveri/sub_040/Dalbergia oliveri_3237.10_ (5).png,train/Dalbergia oliveri/Dalbergia oliveri_3237.10_ (5).png
Dalbergia tonkinensis/sub_030/3353. Dalbergia tonkinensis.1.(13).png,train/Dalbergia tonkinensis/3353. Dalbergia tonkinensis.1.(13).png
Guibourtia arnoldiana/sub_006/3411. Guibourtia arnoldiana.4 (124).png,train/Guibourtia arnoldiana/3411. Guibourtia arnoldiana.4 (124).png
Afzelia africana/sub_051/doussie23_3.png,train/Afzelia africana/doussie23_3.png
Pterocarpus erinaceus/sub_007/3403. Pterocarpus erinaceus.5 (136).png,train/Pterocarpus erinaceus/3403. Pterocarpus erinaceus.5 (136).png
Pterocarpus macrocarpus/sub_004/117_2.png,train/Pterocarpus macrocarpus/117_2.png
Afzelia bella/sub_002/Afzelia bella_QCYD170_(265).png,train/Afzelia bella/Afzelia bella_QCYD170_(265).png
Pterocarpus erinaceus/sub_024/3403. Pterocarpus erinaceus.4 (115).png,train/Pterocarpus erinaceus/3403. Pterocarpus erinaceus.4 (115).png
Afzelia bella/sub_015/Afzelia bella_QCYD170_(271).png,train/Afzelia bella/Afzelia bella_QCYD170_(271).png
Sindora tonkinensis/sub_030/3381. Sindora tonkinensis.2 (48).png,train/Sindora tonkinensis/3381. Sindora tonkinensis.2 (48).png
Guibourtia ehie/sub_020/Guibourtia ehie_CHYX256_1_(24).png,train/Guibourtia ehie/Guibourtia ehie_CHYX256_1_(24).png
Afzelia bella/sub_051/Afzelia bella_AMRX692_(75).png,train/Afzelia bella/Afzelia bella_AMRX692_(75).png
Afzelia quanzensis/sub_021/121.png,train/Afzelia quanzensis/121.png
Afzelia bella/sub_020/Afzelia bella_QCYD170_(262).png,train/Afzelia bella/Afzelia bella_QCYD170_(262).png
Afzelia africana/sub_018/doussie1_1.png,train/Afzelia africana/doussie1_1.png
Pterocarpus soyauxii/sub_037/149_1.png,train/Pterocarpus soyauxii/149_1.png
Pterocarpus macrocarpus/sub_038/119_1_1.png,train/Pterocarpus macrocarpus/119_1_1.png
Pterocarpus macrocarpus/sub_060/16_3.png,train/Pterocarpus macrocarpus/16_3.png
Sindora cochinchinensis/sub_036/gụ36.png,train/Sindora cochinchinensis/gụ36.png
Pterocarpus erinaceus/sub_007/3403. Pterocarpus erinaceus.4 (117).png,train/Pterocarpus erinaceus/3403. Pterocarpus erinaceus.4 (117).png
Sindora cochinchinensis/sub_063/gụ24_1.png,train/Sindora cochinchinensis/gụ24_1.png
Pterocarpus indicus/sub_006/3395. Pterocarpus indicus.9 (255).png,train/Pterocarpus indicus/3395. Pterocarpus indicus.9 (255).png
Sindora tonkinensis/sub_040/3381. Sindora tonkinensis.2 (49).png,train/Sindora tonkinensis/3381. Sindora tonkinensis.2 (49).png
Peltogyne pubescens/sub_049/3377. Peltogyne pubescens.6 (208).png,train/Peltogyne pubescens/3377. Peltogyne pubescens.6 (208).png
Pterocarpus macrocarpus/sub_090/132_1.png,train/Pterocarpus macrocarpus/132_1.png
Dalbergia melanoxylon/sub_005/3352. Dalbergia melanoxylon.3.(70).png,train/Dalbergia melanoxylon/3352. Dalbergia melanoxylon.3.(70).png
Pterocarpus macrocarpus/sub_066/126_2.png,train/Pterocarpus macrocarpus/126_2.png
Pterocarpus macrocarpus/sub_002/130_3.png,train/Pterocarpus macrocarpus/130_3.png
Guibourtia arnoldiana/sub_025/3411. Guibourtia arnoldiana.5 (149).png,train/Guibourtia arnoldiana/3411. Guibourtia arnoldiana.5 (149).png
Dalbergia rimosa/sub_032/3414. Dalbergia rimosa.9 (265).png,train/Dalbergia rimosa/3414. Dalbergia rimosa.9 (265).png
Guibourtia ehie/sub_058/Guibourtia ehie_CHYX256_1_(17).png,train/Guibourtia ehie/Guibourtia ehie_CHYX256_1_(17).png
Dalbergia rimosa/sub_012/3414. Dalbergia rimosa.2 (32).png,train/Dalbergia rimosa/3414. Dalbergia rimosa.2 (32).png
Guibourtia coleosperma/sub_005/Guibourtia coleosperma_3253.2 (2).png,train/Guibourtia coleosperma/Guibourtia coleosperma_3253.2 (2).png
Pterocarpus indicus/sub_036/3395. Pterocarpus indicus.3 (78).png,train/Pterocarpus indicus/3395. Pterocarpus indicus.3 (78).png
Guibourtia coleosperma/sub_017/Guibourtia coleosperma_3253.11 (19).png,train/Guibourtia coleosperma/Guibourtia coleosperma_3253.11 (19).png
Afzelia quanzensis/sub_021/113_2.png,train/Afzelia quanzensis/113_2.png
Pterocarpus indicus/sub_015/3395. Pterocarpus indicus.2 (53).png,train/Pterocarpus indicus/3395. Pterocarpus indicus.2 (53).png
Pterocarpus macrocarpus/sub_063/139.png,train/Pterocarpus macrocarpus/139.png
Afzelia africana/sub_022/doussie15_3.png,train/Afzelia africana/doussie15_3.png
Afzelia quanzensis/sub_015/19_2.png,train/Afzelia quanzensis/19_2.png
Sindora tonkinensis/sub_005/3381. Sindora tonkinensis.7 (208).png,train/Sindora tonkinensis/3381. Sindora tonkinensis.7 (208).png
Afzelia bella/sub_021/Afzelia bella_OGHV743_(236).png,train/Afzelia bella/Afzelia bella_OGHV743_(236).png
Afzelia quanzensis/sub_001/11_1.png,train/Afzelia quanzensis/11_1.png
Afzelia bella/sub_020/Afzelia bella_HYBT691_(123).png,train/Afzelia bella/Afzelia bella_HYBT691_(123).png
Pterocarpus sp/sub_005/118_1.png,train/Pterocarpus sp/118_1.png
Dalbergia melanoxylon/sub_017/3352. Dalbergia melanoxylon.3.(82).png,train/Dalbergia melanoxylon/3352. Dalbergia melanoxylon.3.(82).png
Dalbergia rimosa/sub_059/3414. Dalbergia rimosa.6 (175).png,train/Dalbergia rimosa/3414. Dalbergia rimosa.6 (175).png
Pterocarpus sp/sub_069/151_3.png,train/Pterocarpus sp/151_3.png
Pterocarpus macrocarpus/sub_037/155.png,train/Pterocarpus macrocarpus/155.png
Dalbergia melanoxylon/sub_012/3352. Dalbergia melanoxylon.3.(76).png,train/Dalbergia melanoxylon/3352. Dalbergia melanoxylon.3.(76).png
Afzelia quanzensis/sub_010/118.png,train/Afzelia quanzensis/118.png
Guibourtia ehie/sub_063/Guibourtia ehie_CHYX256_1_(39).png,train/Guibourtia ehie/Guibourtia ehie_CHYX256_1_(39).png
Afzelia bella/sub_001/Afzelia bella_LYSV052_(169).png,train/Afzelia bella/Afzelia bella_LYSV052_(169).png
Pterocarpus sp/sub_083/126_6.png,train/Pterocarpus sp/126_6.png
Sindora cochinchinensis/sub_024/gụ65_1.png,train/Sindora cochinchinensis/gụ65_1.png
Afzelia quanzensis/sub_032/122.png,train/Afzelia quanzensis/122.png
Guibourtia ehie/sub_080/Guibourtia ehie_QAMZ768_7_(259).png,train/Guibourtia ehie/Guibourtia ehie_QAMZ768_7_(259).png
Pterocarpus macrocarpus/sub_008/128_3.png,train/Pterocarpus macrocarpus/128_3.png
Afzelia quanzensis/sub_036/116_5.png,train/Afzelia quanzensis/116_5.png
Pterocarpus indicus/sub_029/3395. Pterocarpus indicus.1 (29).png,train/Pterocarpus indicus/3395. Pterocarpus indicus.1 (29).png
Afzelia africana/sub_033/doussie34_1.png,train/Afzelia africana/doussie34_1.png
Pterocarpus sp/sub_015/153_4.png,train/Pterocarpus sp/153_4.png
Dalbergia melanoxylon/sub_046/3352. Dalbergia melanoxylon.7.(202).png,train/Dalbergia melanoxylon/3352. Dalbergia melanoxylon.7.(202).png
Sindora tonkinensis/sub_075/3381. Sindora tonkinensis.8 (253).png,train/Sindora tonkinensis/3381. Sindora tonkinensis.8 (253).png
Guibourtia arnoldiana/sub_001/3411. Guibourtia arnoldiana.4 (116).png,train/Guibourtia arnoldiana/3411. Guibourtia arnoldiana.4 (116).png
Guibourtia ehie/sub_067/Guibourtia ehie_PRQC042_5_(195).png,train/Guibourtia ehie/Guibourtia ehie_PRQC042_5_(195).png
Pterocarpus soyauxii/sub_072/162_1_1.png,train/Pterocarpus soyauxii/162_1_1.png
Pterocarpus soyauxii/sub_009/136_3.png,train/Pterocarpus soyauxii/136_3.png
Dalbergia rimosa/sub_048/3414. Dalbergia rimosa.4 (118).png,train/Dalbergia rimosa/3414. Dalbergia rimosa.4 (118).png
Dalbergia cochinchinensis/sub_001/Dalbergia cochinchinensis.3280.5 (8).png,train/Dalbergia cochinchinensis/Dalbergia cochinchinensis.3280.5 (8).png
Pterocarpus macrocarpus/sub_080/113_2.png,train/Pterocarpus macrocarpus/113_2.png
Dalbergia melanoxylon/sub_018/3352. Dalbergia melanoxylon.3.(80).png,train/Dalbergia melanoxylon/3352. Dalbergia melanoxylon.3.(80).png
Guibourtia coleosperma/sub_028/Guibourtia coleosperma_3253.10 (10).png,train/Guibourtia coleosperma/Guibourtia coleosperma_3253.10 (10).png
Sindora cochinchinensis/sub_002/gụ79.png,train/Sindora cochinchinensis/gụ79.png
Dalbergia tonkinensis/sub_026/3353. Dalbergia tonkinensis.10.(310).png,train/Dalbergia tonkinensis/3353. Dalbergia tonkinensis.10.(310).png
Afzelia bella/sub_008/Afzelia bella_QUAV174_(286).png,train/Afzelia bella/Afzelia bella_QUAV174_(286).png
Guibourtia arnoldiana/sub_056/3411. Guibourtia arnoldiana.9 (288).png,train/Guibourtia arnoldiana/3411. Guibourtia arnoldiana.9 (288).png
Guibourtia arnoldiana/sub_005/3411. Guibourtia arnoldiana.3 (77).png,train/Guibourtia arnoldiana/3411. Guibourtia arnoldiana.3 (77).png
Pterocarpus soyauxii/sub_027/1127.png,train/Pterocarpus soyauxii/1127.png
Dalbergia tonkinensis/sub_045/3353. Dalbergia tonkinensis.3.(68).png,train/Dalbergia tonkinensis/3353. Dalbergia tonkinensis.3.(68).png
Dalbergia rimosa/sub_021/3414. Dalbergia rimosa.3 (68).png,train/Dalbergia rimosa/3414. Dalbergia rimosa.3 (68).png
Pterocarpus erinaceus/sub_057/3403. Pterocarpus erinaceus.5 (142).png,train/Pterocarpus erinaceus/3403. Pterocarpus erinaceus.5 (142).png
Afzelia quanzensis/sub_041/110_1.png,train/Afzelia quanzensis/110_1.png
Dalbergia melanoxylon/sub_034/3352. Dalbergia melanoxylon.10.(279).png,train/Dalbergia melanoxylon/3352. Dalbergia melanoxylon.10.(279).png
Afzelia africana/sub_017/doussie39_2.png,train/Afzelia africana/doussie39_2.png
Dalbergia cochinchinensis/sub_002/Dalbergia cochinchinensis.3280.5 (3).png,train/Dalbergia cochinchinensis/Dalbergia cochinchinensis.3280.5 (3).png
Guibourtia ehie/sub_001/Guibourtia ehie_CHYX256_1_(1).png,train/Guibourtia ehie/Guibourtia ehie_CHYX256_1_(1).png
Dalbergia cochinchinensis/sub_032/Dalbergia cochinchinensis.3280.8 (5).png,train/Dalbergia cochinchinensis/Dalbergia cochinchinensis.3280.8 (5).png
Peltogyne pubescens/sub_013/3377. Peltogyne pubescens.7 (248).png,train/Peltogyne pubescens/3377. Peltogyne pubescens.7 (248).png
Afzelia quanzensis/sub_057/128.png,train/Afzelia quanzensis/128.png
Dalbergia rimosa/sub_006/3414. Dalbergia rimosa.9 (256).png,train/Dalbergia rimosa/3414. Dalbergia rimosa.9 (256).png
Dalbergia tonkinensis/sub_005/3353. Dalbergia tonkinensis.5.(161).png,train/Dalbergia tonkinensis/3353. Dalbergia tonkinensis.5.(161).png
Dalbergia oliveri/sub_034/Dalbergia oliveri_3237.6_ (17).png,train/Dalbergia oliveri/Dalbergia oliveri_3237.6_ (17).png
Sindora cochinchinensis/sub_066/gụ58_2.png,train/Sindora cochinchinensis/gụ58_2.png
Guibourtia ehie/sub_019/Guibourtia ehie_TLYO895_9_(322).png,train/Guibourtia ehie/Guibourtia ehie_TLYO895_9_(322).png
Afzelia bella/sub_035/Afzelia bella_OGHV743_(212).png,train/Afzelia bella/Afzelia bella_OGHV743_(212).png
Pterocarpus soyauxii/sub_007/1100.png,train/Pterocarpus soyauxii/1100.png
Sindora cochinchinensis/sub_013/gụ25.png,train/Sindora cochinchinensis/gụ25.png
Guibourtia ehie/sub_057/Guibourtia ehie_GHQN943_3_(111).png,train/Guibourtia ehie/Guibourtia ehie_GHQN943_3_(111).png
Sindora tonkinensis/sub_050/3381. Sindora tonkinensis.3 (81).png,train/Sindora tonkinensis/3381. Sindora tonkinensis.3 (81).png
Afzelia bella/sub_030/Afzelia bella_OGHV743_(230).png,train/Afzelia bella/Afzelia bella_OGHV743_(230).png
Afzelia pachyloba/sub_028/1.2_1_1.png,train/Afzelia pachyloba/1.2_1_1.png
Dalbergia oliveri/sub_002/Dalbergia oliveri_3237.6_ (3).png,train/Dalbergia oliveri/Dalbergia oliveri_3237.6_ (3).png
Afzelia quanzensis/sub_076/119.png,train/Afzelia quanzensis/119.png
Pterocarpus indicus/sub_001/3395. Pterocarpus indicus.5 (142).png,train/Pterocarpus indicus/3395. Pterocarpus indicus.5 (142).png
Afzelia bella/sub_051/Afzelia bella_WJSV740_10_36138.png,train/Afzelia bella/Afzelia bella_WJSV740_10_36138.png
Pterocarpus soyauxii/sub_002/126.png,train/Pterocarpus soyauxii/126.png
Afzelia africana/sub_005/doussie16_3.png,train/Afzelia africana/doussie16_3.png
Guibourtia coleosperma/sub_060/Guibourtia coleosperma_3253.9 (13).png,train/Guibourtia coleosperma/Guibourtia coleosperma_3253.9 (13).png
Afzelia quanzensis/sub_041/14_2.png,train/Afzelia quanzensis/14_2.png
Pterocarpus sp/sub_060/133_1.png,train/Pterocarpus sp/133_1.png
Dalbergia oliveri/sub_040/Dalbergia oliveri_3237.5_ (26).png,train/Dalbergia oliveri/Dalbergia oliveri_3237.5_ (26).png
Guibourtia ehie/sub_059/Guibourtia ehie_GHQN943_3_(107).png,train/Guibourtia ehie/Guibourtia ehie_GHQN943_3_(107).png
Guibourtia coleosperma/sub_034/Guibourtia coleosperma_3253.6 (28).png,train/Guibourtia coleosperma/Guibourtia coleosperma_3253.6 (28).png
Guibourtia arnoldiana/sub_053/3411. Guibourtia arnoldiana.5 (157).png,train/Guibourtia arnoldiana/3411. Guibourtia arnoldiana.5 (157).png
Peltogyne pubescens/sub_052/3377. Peltogyne pubescens.5 (167).png,train/Peltogyne pubescens/3377. Peltogyne pubescens.5 (167).png
Afzelia quanzensis/sub_036/124_2.png,train/Afzelia quanzensis/124_2.png
Pterocarpus macrocarpus/sub_082/115_1.png,train/Pterocarpus macrocarpus/115_1.png
Pterocarpus erinaceus/sub_021/3403. Pterocarpus erinaceus.2 (37).png,train/Pterocarpus erinaceus/3403. Pterocarpus erinaceus.2 (37).png
Afzelia bella/sub_051/Afzelia bella_HYBT691_(130).png,train/Afzelia bella/Afzelia bella_HYBT691_(130).png
Guibourtia coleosperma/sub_058/Guibourtia coleosperma_3253.4 (9).png,train/Guibourtia coleosperma/Guibourtia coleosperma_3253.4 (9).png
Pterocarpus soyauxii/sub_007/159.png,train/Pterocarpus soyauxii/159.png
Pterocarpus macrocarpus/sub_054/150_2.png,train/Pterocarpus macrocarpus/150_2.png
Pterocarpus sp/sub_061/149_3.png,train/Pterocarpus sp/149_3.png
Sindora cochinchinensis/sub_053/gụ62.png,train/Sindora cochinchinensis/gụ62.png
Peltogyne pubescens/sub_014/3377. Peltogyne pubescens.5 (156).png,train/Peltogyne pubescens/3377. Peltogyne pubescens.5 (156).png
Pterocarpus erinaceus/sub_017/3403. Pterocarpus erinaceus.9 (294).png,train/Pterocarpus erinaceus/3403. Pterocarpus erinaceus.9 (294).png
Guibourtia coleosperma/sub_018/Guibourtia coleosperma_3253.9 (3).png,train/Guibourtia coleosperma/Guibourtia coleosperma_3253.9 (3).png
Guibourtia arnoldiana/sub_036/3411. Guibourtia arnoldiana.4 (109).png,train/Guibourtia arnoldiana/3411. Guibourtia arnoldiana.4 (109).png
Dalbergia cochinchinensis/sub_002/Dalbergia cochinchinensis.3280.10 (23).png,train/Dalbergia cochinchinensis/Dalbergia cochinchinensis.3280.10 (23).png
Guibourtia arnoldiana/sub_042/3411. Guibourtia arnoldiana.7 (199).png,train/Guibourtia arnoldiana/3411. Guibourtia arnoldiana.7 (199).png
Sindora tonkinensis/sub_077/3381. Sindora tonkinensis.5 (134).png,train/Sindora tonkinensis/3381. Sindora tonkinensis.5 (134).png
Dalbergia melanoxylon/sub_004/3352. Dalbergia melanoxylon.9.(261).png,train/Dalbergia melanoxylon/3352. Dalbergia melanoxylon.9.(261).png
Pterocarpus soyauxii/sub_042/135_1.png,train/Pterocarpus soyauxii/135_1.png
Pterocarpus indicus/sub_016/3395. Pterocarpus indicus.7 (212).png,train/Pterocarpus indicus/3395. Pterocarpus indicus.7 (212).png
Dalbergia tonkinensis/sub_051/3353. Dalbergia tonkinensis.4.(100).png,train/Dalbergia tonkinensis/3353. Dalbergia tonkinensis.4.(100).png
Dalbergia cochinchinensis/sub_064/Dalbergia cochinchinensis.3280.5 (11).png,train/Dalbergia cochinchinensis/Dalbergia cochinchinensis.3280.5 (11).png
Pterocarpus soyauxii/sub_083/156_3.png,train/Pterocarpus soyauxii/156_3.png
Peltogyne pubescens/sub_045/3377. Peltogyne pubescens.1 (4).png,train/Peltogyne pubescens/3377. Peltogyne pubescens.1 (4).png
Dalbergia cochinchinensis/sub_004/Dalbergia cochinchinensis.3280.9 (7).png,train/Dalbergia cochinchinensis/Dalbergia cochinchinensis.3280.9 (7).png
Dalbergia oliveri/sub_013/Dalbergia oliveri_3237.2_ (21).png,train/Dalbergia oliveri/Dalbergia oliveri_3237.2_ (21).png
Afzelia quanzensis/sub_039/131.png,train/Afzelia quanzensis/131.png
Pterocarpus soyauxii/sub_004/147_1.png,train/Pterocarpus soyauxii/147_1.png
Dalbergia oliveri/sub_025/Dalbergia oliveri_3237.4_ (7).png,train/Dalbergia oliveri/Dalbergia oliveri_3237.4_ (7).png
Pterocarpus sp/sub_023/136_4.png,train/Pterocarpus sp/136_4.png
Afzelia quanzensis/sub_014/132_4.png,train/Afzelia quanzensis/132_4.png
Dalbergia melanoxylon/sub_024/3352. Dalbergia melanoxylon.10.(274).png,train/Dalbergia melanoxylon/3352. Dalbergia melanoxylon.10.(274).png
Pterocarpus macrocarpus/sub_023/15_2.png,train/Pterocarpus macrocarpus/15_2.png
Afzelia bella/sub_017/Afzelia bella_GCJA653_(115).png,train/Afzelia bella/Afzelia bella_GCJA653_(115).png
Guibourtia coleosperma/sub_067/Guibourtia coleosperma_3253.11 (36).png,train/Guibourtia coleosperma/Guibourtia coleosperma_3253.11 (36).png
Pterocarpus macrocarpus/sub_024/11_4.png,train/Pterocarpus macrocarpus/11_4.png
Afzelia africana/sub_068/doussie23_1.png,train/Afzelia africana/doussie23_1.png
Pterocarpus macrocarpus/sub_054/117_1.png,train/Pterocarpus macrocarpus/117_1.png
Pterocarpus sp/sub_001/136.png,train/Pterocarpus sp/136.png
Pterocarpus erinaceus/sub_017/3403. Pterocarpus erinaceus.3 (92).png,train/Pterocarpus erinaceus/3403. Pterocarpus erinaceus.3 (92).png
Pterocarpus macrocarpus/sub_016/128.png,train/Pterocarpus macrocarpus/128.png
Pterocarpus soyauxii/sub_027/1119.png,train/Pterocarpus soyauxii/1119.png
Pterocarpus erinaceus/sub_013/3403. Pterocarpus erinaceus.5 (163).png,train/Pterocarpus erinaceus/3403. Pterocarpus erinaceus.5 (163).png
Pterocarpus erinaceus/sub_022/3403. Pterocarpus erinaceus.10 (332).png,train/Pterocarpus erinaceus/3403. Pterocarpus erinaceus.10 (332).png
Afzelia africana/sub_010/doussie40_1.png,train/Afzelia africana/doussie40_1.png
Guibourtia arnoldiana/sub_049/3411. Guibourtia arnoldiana.7 (204).png,train/Guibourtia arnoldiana/3411. Guibourtia arnoldiana.7 (204).png
Guibourtia arnoldiana/sub_015/3411. Guibourtia arnoldiana.1 (5).png,train/Guibourtia arnoldiana/3411. Guibourtia arnoldiana.1 (5).png
Dalbergia cochinchinensis/sub_009/Dalbergia cochinchinensis.3280.7 (20).png,train/Dalbergia cochinchinensis/Dalbergia cochinchinensis.3280.7 (20).png
Dalbergia cochinchinensis/sub_003/Dalbergia cochinchinensis.3280.6 (36).png,train/Dalbergia cochinchinensis/Dalbergia cochinchinensis.3280.6 (36).png
Peltogyne pubescens/sub_006/3377. Peltogyne pubescens.7 (234).png,train/Peltogyne pubescens/3377. Peltogyne pubescens.7 (234).png
Dalbergia cochinchinensis/sub_021/Dalbergia cochinchinensis.3280.8 (2).png,train/Dalbergia cochinchinensis/Dalbergia cochinchinensis.3280.8 (2).png
Pterocarpus erinaceus/sub_003/3403. Pterocarpus erinaceus.1(30).png,train/Pterocarpus erinaceus/3403. Pterocarpus erinaceus.1(30).png
Afzelia quanzensis/sub_005/143_2.png,train/Afzelia quanzensis/143_2.png
Afzelia bella/sub_014/Afzelia bella_QCYD170_(244).png,train/Afzelia bella/Afzelia bella_QCYD170_(244).png
Afzelia bella/sub_021/Afzelia bella_LYSV052_(163).png,train/Afzelia bella/Afzelia bella_LYSV052_(163).png
Afzelia africana/sub_001/1.jpg,train/Afzelia africana/1.jpg
Pterocarpus soyauxii/sub_094/142.png,train/Pterocarpus soyauxii/142.png
Dalbergia cochinchinensis/sub_007/Dalbergia cochinchinensis.3280.7 (22).png,train/Dalbergia cochinchinensis/Dalbergia cochinchinensis.3280.7 (22).png
Guibourtia arnoldiana/sub_024/3411. Guibourtia arnoldiana.8 (230).png,train/Guibourtia arnoldiana/3411. Guibourtia arnoldiana.8 (230).png
Pterocarpus macrocarpus/sub_008/126_1.png,train/Pterocarpus macrocarpus/126_1.png
Dalbergia rimosa/sub_028/3414. Dalbergia rimosa.1(22).png,train/Dalbergia rimosa/3414. Dalbergia rimosa.1(22).png
Afzelia africana/sub_004/doussie31.png,train/Afzelia africana/doussie31.png
Guibourtia coleosperma/sub_004/Guibourtia coleosperma_3253.1 (35).png,train/Guibourtia coleosperma/Guibourtia coleosperma_3253.1 (35).png
Dalbergia rimosa/sub_031/3414. Dalbergia rimosa.6 (170).png,train/Dalbergia rimosa/3414. Dalbergia rimosa.6 (170).png
Peltogyne pubescens/sub_023/3377. Peltogyne pubescens.2 (50).png,train/Peltogyne pubescens/3377. Peltogyne pubescens.2 (50).png
Pterocarpus macrocarpus/sub_001/148.png,train/Pterocarpus macrocarpus/148.png
Sindora cochinchinensis/sub_057/gụ34_1.png,train/Sindora cochinchinensis/gụ34_1.png
Pterocarpus soyauxii/sub_046/137.png,train/Pterocarpus soyauxii/137.png
Dalbergia rimosa/sub_035/3414. Dalbergia rimosa.9 (242).png,train/Dalbergia rimosa/3414. Dalbergia rimosa.9 (242).png
Dalbergia tonkinensis/sub_005/3353. Dalbergia tonkinensis.6.(169).png,train/Dalbergia tonkinensis/3353. Dalbergia tonkinensis.6.(169).png
Afzelia bella/sub_019/Afzelia bella_WJSV740_10_36117.png,train/Afzelia bella/Afzelia bella_WJSV740_10_36117.png
Guibourtia ehie/sub_036/Guibourtia ehie_TLYO895_9_(357).png,train/Guibourtia ehie/Guibourtia ehie_TLYO895_9_(357).png
Afzelia quanzensis/sub_042/135.png,train/Afzelia quanzensis/135.png
Pterocarpus sp/sub_022/154.png,train/Pterocarpus sp/154.png
Peltogyne pubescens/sub_008/3377. Peltogyne pubescens.7 (251).png,train/Peltogyne pubescens/3377. Peltogyne pubescens.7 (251).png
Dalbergia cochinchinensis/sub_033/Dalbergia cochinchinensis.3280.9 (6).png,train/Dalbergia cochinchinensis/Dalbergia cochinchinensis.3280.9 (6).png
Guibourtia coleosperma/sub_012/Guibourtia coleosperma_3253.2 (9).png,train/Guibourtia coleosperma/Guibourtia coleosperma_3253.2 (9).png
Pterocarpus sp/sub_003/13_2.png,train/Pterocarpus sp/13_2.png
Dalbergia melanoxylon/sub_012/3352. Dalbergia melanoxylon.4.(103).png,train/Dalbergia melanoxylon/3352. Dalbergia melanoxylon.4.(103).png
Pterocarpus soyauxii/sub_024/1110.png,train/Pterocarpus soyauxii/1110.png
Dalbergia oliveri/sub_044/Dalbergia oliveri_3237.4_ (8).png,train/Dalbergia oliveri/Dalbergia oliveri_3237.4_ (8).png
Sindora tonkinensis/sub_031/3381. Sindora tonkinensis.8 (232).png,train/Sindora tonkinensis/3381. Sindora tonkinensis.8 (232).png
Afzelia africana/sub_056/doussie46_2.png,train/Afzelia africana/doussie46_2.png
Dalbergia melanoxylon/sub_003/3352. Dalbergia melanoxylon.2 (34).png,train/Dalbergia melanoxylon/3352. Dalbergia melanoxylon.2 (34).png
Afzelia quanzensis/sub_059/135_3.png,train/Afzelia quanzensis/135_3.png
Sindora tonkinensis/sub_078/3381. Sindora tonkinensis.10 (295).png,train/Sindora tonkinensis/3381. Sindora tonkinensis.10 (295).png
Pterocarpus soyauxii/sub_014/176.png,train/Pterocarpus soyauxii/176.png
Sindora tonkinensis/sub_020/3381. Sindora tonkinensis.10 (299).png,train/Sindora tonkinensis/3381. Sindora tonkinensis.10 (299).png
Dalbergia oliveri/sub_002/Dalbergia oliveri_3237.7_ (23).png,train/Dalbergia oliveri/Dalbergia oliveri_3237.7_ (23).png
Dalbergia tonkinensis/sub_048/3353. Dalbergia tonkinensis.8.(253).png,train/Dalbergia tonkinensis/3353. Dalbergia tonkinensis.8.(253).png
Dalbergia cochinchinensis/sub_053/Dalbergia cochinchinensis.3280.9 (3).png,train/Dalbergia cochinchinensis/Dalbergia cochinchinensis.3280.9 (3).png
Pterocarpus sp/sub_086/18_2.png,train/Pterocarpus sp/18_2.png
Guibourtia arnoldiana/sub_059/3411. Guibourtia arnoldiana.3 (90).png,train/Guibourtia arnoldiana/3411. Guibourtia arnoldiana.3 (90).png
Pterocarpus erinaceus/sub_027/3403. Pterocarpus erinaceus.8 (248).png,train/Pterocarpus erinaceus/3403. Pterocarpus erinaceus.8 (248).png
Dalbergia oliveri/sub_044/Dalbergia oliveri_3237.6_ (14).png,train/Dalbergia oliveri/Dalbergia oliveri_3237.6_ (14).png
Afzelia africana/sub_060/doussie45.png,train/Afzelia africana/doussie45.png
Dalbergia rimosa/sub_029/3414. Dalbergia rimosa.1(25).png,train/Dalbergia rimosa/3414. Dalbergia rimosa.1(25).png
Pterocarpus erinaceus/sub_043/3403. Pterocarpus erinaceus.5 (147).png,train/Pterocarpus erinaceus/3403. Pterocarpus erinaceus.5 (147).png
Pterocarpus soyauxii/sub_034/146.png,train/Pterocarpus soyauxii/146.png
Peltogyne pubescens/sub_001/3377. Peltogyne pubescens.7 (236).png,train/Peltogyne pubescens/3377. Peltogyne pubescens.7 (236).png
Dalbergia rimosa/sub_012/3414. Dalbergia rimosa.9 (259).png,train/Dalbergia rimosa/3414. Dalbergia rimosa.9 (259).png
Afzelia quanzensis/sub_001/137_1_1.png,train/Afzelia quanzensis/137_1_1.png
Dalbergia rimosa/sub_025/3414. Dalbergia rimosa.9 (268).png,train/Dalbergia rimosa/3414. Dalbergia rimosa.9 (268).png
Afzelia quanzensis/sub_078/133_5.png,train/Afzelia quanzensis/133_5.png
Guibourtia arnoldiana/sub_012/3411. Guibourtia arnoldiana.9 (277).png,train/Guibourtia arnoldiana/3411. Guibourtia arnoldiana.9 (277).png
Sindora tonkinensis/sub_077/3381. Sindora tonkinensis.8 (235).png,train/Sindora tonkinensis/3381. Sindora tonkinensis.8 (235).png
Sindora cochinchinensis/sub_022/gụ8_1.png,train/Sindora cochinchinensis/gụ8_1.png
Afzelia pachyloba/sub_021/6.1.png,train/Afzelia pachyloba/6.1.png
Dalbergia cochinchinensis/sub_038/Dalbergia cochinchinensis.3280.8 (21).png,train/Dalbergia cochinchinensis/Dalbergia cochinchinensis.3280.8 (21).png
Afzelia bella/sub_002/Afzelia bella_HYBT691_(155).png,train/Afzelia bella/Afzelia bella_HYBT691_(155).png
Sindora tonkinensis/sub_005/3381. Sindora tonkinensis.4 (124).png,train/Sindora tonkinensis/3381. Sindora tonkinensis.4 (124).png
Dalbergia tonkinensis/sub_006/3353. Dalbergia tonkinensis.8.(237).png,train/Dalbergia tonkinensis/3353. Dalbergia tonkinensis.8.(237).png
Dalbergia rimosa/sub_016/3414. Dalbergia rimosa.3 (84).png,train/Dalbergia rimosa/3414. Dalbergia rimosa.3 (84).png
Pterocarpus soyauxii/sub_085/116_1.png,train/Pterocarpus soyauxii/116_1.png
Dalbergia rimosa/sub_058/3414. Dalbergia rimosa.4 (115).png,train/Dalbergia rimosa/3414. Dalbergia rimosa.4 (115).png
Dalbergia melanoxylon/sub_008/3352. Dalbergia melanoxylon.3.(84).png,train/Dalbergia melanoxylon/3352. Dalbergia melanoxylon.3.(84).png
Afzelia quanzensis/sub_003/134_4.png,train/Afzelia quanzensis/134_4.png
Dalbergia tonkinensis/sub_007/3353. Dalbergia tonkinensis.4.(110).png,train/Dalbergia tonkinensis/3353. Dalbergia tonkinensis.4.(110).png
Afzelia africana/sub_001/doussie37_2.png,train/Afzelia africana/doussie37_2.png
Pterocarpus sp/sub_023/164_2.png,train/Pterocarpus sp/164_2.png
Afzelia quanzensis/sub_009/17_3.png,train/Afzelia quanzensis/17_3.png
Guibourtia coleosperma/sub_007/Guibourtia coleosperma_3253.9 (32).png,train/Guibourtia coleosperma/Guibourtia coleosperma_3253.9 (32).png
Dalbergia rimosa/sub_031/3414. Dalbergia rimosa.9 (270).png,train/Dalbergia rimosa/3414. Dalbergia rimosa.9 (270).png
Dalbergia melanoxylon/sub_019/3352. Dalbergia melanoxylon.7.(188).png,train/Dalbergia melanoxylon/3352. Dalbergia melanoxylon.7.(188).png
Guibourtia arnoldiana/sub_044/3411. Guibourtia arnoldiana.8 (224).png,train/Guibourtia arnoldiana/3411. Guibourtia arnoldiana.8 (224).png
Pterocarpus macrocarpus/sub_019/170.png,train/Pterocarpus macrocarpus/170.png
Pterocarpus sp/sub_020/139_2.png,train/Pterocarpus sp/139_2.png
Dalbergia melanoxylon/sub_001/3352. Dalbergia melanoxylon.3.(73).png,train/Dalbergia melanoxylon/3352. Dalbergia melanoxylon.3.(73).png
Dalbergia rimosa/sub_032/3414. Dalbergia rimosa.2 (36).png,train/Dalbergia rimosa/3414. Dalbergia rimosa.2 (36).png
Dalbergia oliveri/sub_051/Dalbergia oliveri_3237.5_ (31).png,train/Dalbergia oliveri/Dalbergia oliveri_3237.5_ (31).png
Peltogyne pubescens/sub_007/3377. Peltogyne pubescens.1 (8).png,train/Peltogyne pubescens/3377. Peltogyne pubescens.1 (8).png
Pterocarpus sp/sub_033/126.png,train/Pterocarpus sp/126.png
Dalbergia cochinchinensis/sub_018/Dalbergia cochinchinensis.3280.1 (26).png,train/Dalbergia cochinchinensis/Dalbergia cochinchinensis.3280.1 (26).png
Pterocarpus indicus/sub_043/3395. Pterocarpus indicus.8 (250).png,train/Pterocarpus indicus/3395. Pterocarpus indicus.8 (250).png
Pterocarpus indicus/sub_038/3395. Pterocarpus indicus.10 (305).png,train/Pterocarpus indicus/3395. Pterocarpus indicus.10 (305).png
Pterocarpus macrocarpus/sub_026/115_4.png,train/Pterocarpus macrocarpus/115_4.png
Afzelia pachyloba/sub_051/4.4.png,train/Afzelia pachyloba/4.4.png
Guibourtia coleosperma/sub_027/Guibourtia coleosperma_3253.8 (19).png,train/Guibourtia coleosperma/Guibourtia coleosperma_3253.8 (19).png
Dalbergia melanoxylon/sub_033/3352. Dalbergia melanoxylon.5.(144).png,train/Dalbergia melanoxylon/3352. Dalbergia melanoxylon.5.(144).png
Afzelia pachyloba/sub_042/8.1.png,train/Afzelia pachyloba/8.1.png
Pterocarpus sp/sub_012/112_1.png,train/Pterocarpus sp/112_1.png
Pterocarpus soyauxii/sub_016/139_1.png,train/Pterocarpus soyauxii/139_1.png
Afzelia africana/sub_070/doussie22.png,train/Afzelia africana/doussie22.png
Pterocarpus macrocarpus/sub_042/111_1.png,train/Pterocarpus macrocarpus/111_1.png
Guibourtia arnoldiana/sub_022/3411. Guibourtia arnoldiana.6 (191).png,train/Guibourtia arnoldiana/3411. Guibourtia arnoldiana.6 (191).png
Dalbergia oliveri/sub_080/Dalbergia oliveri_3237.7_ (11).png,train/Dalbergia oliveri/Dalbergia oliveri_3237.7_ (11).png
Guibourtia coleosperma/sub_036/Guibourtia coleosperma_3253.3 (13).png,train/Guibourtia coleosperma/Guibourtia coleosperma_3253.3 (13).png
Pterocarpus sp/sub_009/143_4.png,train/Pterocarpus sp/143_4.png
Guibourtia coleosperma/sub_007/Guibourtia coleosperma_3253.6 (23).png,train/Guibourtia coleosperma/Guibourtia coleosperma_3253.6 (23).png
Pterocarpus erinaceus/sub_015/3403. Pterocarpus erinaceus.4 (104).png,train/Pterocarpus erinaceus/3403. Pterocarpus erinaceus.4 (104).png
Pterocarpus macrocarpus/sub_022/167.png,train/Pterocarpus macrocarpus/167.png
Pterocarpus macrocarpus/sub_076/118.png,train/Pterocarpus macrocarpus/118.png
Afzelia bella/sub_040/Afzelia bella_OGHV743_(210).png,train/Afzelia bella/Afzelia bella_OGHV743_(210).png
Pterocarpus macrocarpus/sub_013/117_2.png,train/Pterocarpus macrocarpus/117_2__515e823f.png
Afzelia bella/sub_067/Afzelia bella_HYBT691_(122).png,train/Afzelia bella/Afzelia bella_HYBT691_(122).png
Dalbergia oliveri/sub_061/Dalbergia oliveri_3237.7_ (14).png,train/Dalbergia oliveri/Dalbergia oliveri_3237.7_ (14).png
Guibourtia arnoldiana/sub_036/3411. Guibourtia arnoldiana.8 (247).png,train/Guibourtia arnoldiana/3411. Guibourtia arnoldiana.8 (247).png
Dalbergia rimosa/sub_027/3414. Dalbergia rimosa.7 (192).png,train/Dalbergia rimosa/3414. Dalbergia rimosa.7 (192).png
Guibourtia ehie/sub_052/Guibourtia ehie_TLYO895_9_(359).png,train/Guibourtia ehie/Guibourtia ehie_TLYO895_9_(359).png
Afzelia pachyloba/sub_014/1.4_1.png,train/Afzelia pachyloba/1.4_1.png
Guibourtia ehie/sub_022/Guibourtia ehie_FEHC134_2_(55).png,train/Guibourtia ehie/Guibourtia ehie_FEHC134_2_(55).png
Sindora tonkinensis/sub_012/3381. Sindora tonkinensis.2 (34).png,train/Sindora tonkinensis/3381. Sindora tonkinensis.2 (34).png
Pterocarpus indicus/sub_050/3395. Pterocarpus indicus.3 (89).png,train/Pterocarpus indicus/3395. Pterocarpus indicus.3 (89).png
Pterocarpus indicus/sub_016/3395. Pterocarpus indicus.9 (279).png,train/Pterocarpus indicus/3395. Pterocarpus indicus.9 (279).png
Sindora tonkinensis/sub_043/3381. Sindora tonkinensis.7 (195).png,train/Sindora tonkinensis/3381. Sindora tonkinensis.7 (195).png
Afzelia africana/sub_039/doussie33.png,train/Afzelia africana/doussie33.png
Pterocarpus sp/sub_093/136_6.png,train/Pterocarpus sp/136_6.png
Dalbergia melanoxylon/sub_045/3352. Dalbergia melanoxylon.3.(65).png,train/Dalbergia melanoxylon/3352. Dalbergia melanoxylon.3.(65).png
Guibourtia coleosperma/sub_001/Guibourtia coleosperma_3253.8 (21).png,train/Guibourtia coleosperma/Guibourtia coleosperma_3253.8 (21).png
Peltogyne pubescens/sub_045/3377. Peltogyne pubescens.9 (334).png,train/Peltogyne pubescens/3377. Peltogyne pubescens.9 (334).png
Pterocarpus sp/sub_101/148_1.png,train/Pterocarpus sp/148_1.png
Pterocarpus sp/sub_055/116_1.png,train/Pterocarpus sp/116_1.png
Dalbergia rimosa/sub_006/3414. Dalbergia rimosa.9 (248).png,train/Dalbergia rimosa/3414. Dalbergia rimosa.9 (248).png
Dalbergia cochinchinensis/sub_010/Dalbergia cochinchinensis.3280.1 (11).png,train/Dalbergia cochinchinensis/Dalbergia cochinchinensis.3280.1 (11).png
Afzelia quanzensis/sub_012/125_2.png,train/Afzelia quanzensis/125_2.png
Pterocarpus soyauxii/sub_057/162_1.png,train/Pterocarpus soyauxii/162_1.png
Pterocarpus soyauxii/sub_060/113.png,train/Pterocarpus soyauxii/113.png
Dalbergia oliveri/sub_033/Dalbergia oliveri_3237.7_ (5).png,train/Dalbergia oliveri/Dalbergia oliveri_3237.7_ (5).png
Afzelia bella/sub_011/Afzelia bella_HYBT691_(144).png,train/Afzelia bella/Afzelia bella_HYBT691_(144).png
Afzelia bella/sub_081/Afzelia bella_OGHV743_(228).png,train/Afzelia bella/Afzelia bella_OGHV743_(228).png
Afzelia pachyloba/sub_041/4.2.png,train/Afzelia pachyloba/4.2.png
Pterocarpus soyauxii/sub_088/138.png,train/Pterocarpus soyauxii/138.png
Guibourtia coleosperma/sub_090/Guibourtia coleosperma_3253.3 (21).png,train/Guibourtia coleosperma/Guibourtia coleosperma_3253.3 (21).png
Pterocarpus sp/sub_082/128_2.png,train/Pterocarpus sp/128_2.png
Guibourtia ehie/sub_067/Guibourtia ehie_TLYO895_9_(327).png,train/Guibourtia ehie/Guibourtia ehie_TLYO895_9_(327).png
Dalbergia melanoxylon/sub_007/3352. Dalbergia melanoxylon.7.(207).png,train/Dalbergia melanoxylon/3352. Dalbergia melanoxylon.7.(207).png
Dalbergia rimosa/sub_018/3414. Dalbergia rimosa.6 (165).png,train/Dalbergia rimosa/3414. Dalbergia rimosa.6 (165).png
Afzelia quanzensis/sub_073/18.png,train/Afzelia quanzensis/18.png
Guibourtia arnoldiana/sub_014/3411. Guibourtia arnoldiana.7 (220).png,train/Guibourtia arnoldiana/3411. Guibourtia arnoldiana.7 (220).png
Pterocarpus erinaceus/sub_053/3403. Pterocarpus erinaceus.1(5).png,train/Pterocarpus erinaceus/3403. Pterocarpus erinaceus.1(5).png
Dalbergia tonkinensis/sub_011/3353. Dalbergia tonkinensis.7.(213).png,train/Dalbergia tonkinensis/3353. Dalbergia tonkinensis.7.(213).png
Dalbergia melanoxylon/sub_012/3352. Dalbergia melanoxylon.3.(85).png,train/Dalbergia melanoxylon/3352. Dalbergia melanoxylon.3.(85).png
Dalbergia melanoxylon/sub_025/3352. Dalbergia melanoxylon.10.(284).png,train/Dalbergia melanoxylon/3352. Dalbergia melanoxylon.10.(284).png
Afzelia bella/sub_058/Afzelia bella_GCJA653_(97).png,train/Afzelia bella/Afzelia bella_GCJA653_(97).png
Pterocarpus sp/sub_050/162.png,train/Pterocarpus sp/162.png
Afzelia bella/sub_014/Afzelia bella_QUAV174_(318).png,train/Afzelia bella/Afzelia bella_QUAV174_(318).png
Guibourtia ehie/sub_066/Guibourtia ehie_TLYO895_9_(333).png,train/Guibourtia ehie/Guibourtia ehie_TLYO895_9_(333).png
Dalbergia oliveri/sub_026/Dalbergia oliveri_3237.2_ (19).png,train/Dalbergia oliveri/Dalbergia oliveri_3237.2_ (19).png
Afzelia pachyloba/sub_020/3.1.png,train/Afzelia pachyloba/3.1.png
Dalbergia tonkinensis/sub_019/3353. Dalbergia tonkinensis.8.(249).png,train/Dalbergia tonkinensis/3353. Dalbergia tonkinensis.8.(249).png
Pterocarpus indicus/sub_040/3395. Pterocarpus indicus.8 (237).png,train/Pterocarpus indicus/3395. Pterocarpus indicus.8 (237).png
Pterocarpus macrocarpus/sub_024/146_1.png,train/Pterocarpus macrocarpus/146_1.png
Afzelia africana/sub_074/doussie19_1_1.png,train/Afzelia africana/doussie19_1_1.png
Pterocarpus sp/sub_088/121_1.png,train/Pterocarpus sp/121_1.png
Pterocarpus erinaceus/sub_017/3403. Pterocarpus erinaceus.8 (255).png,train/Pterocarpus erinaceus/3403. Pterocarpus erinaceus.8 (255).png
Pterocarpus soyauxii/sub_018/1101_1.png,train/Pterocarpus soyauxii/1101_1.png
Guibourtia arnoldiana/sub_017/3411. Guibourtia arnoldiana.4 (97).png,train/Guibourtia arnoldiana/3411. Guibourtia arnoldiana.4 (97).png
Peltogyne pubescens/sub_015/3377. Peltogyne pubescens.1 (2).png,train/Peltogyne pubescens/3377. Peltogyne pubescens.1 (2).png
Dalbergia tonkinensis/sub_009/3353. Dalbergia tonkinensis.4.(130).png,train/Dalbergia tonkinensis/3353. Dalbergia tonkinensis.4.(130).png
Dalbergia oliveri/sub_081/Dalbergia oliveri_3237.2_ (28).png,train/Dalbergia oliveri/Dalbergia oliveri_3237.2_ (28).png
Afzelia africana/sub_059/doussie24.png,train/Afzelia africana/doussie24.png
Guibourtia arnoldiana/sub_005/3411. Guibourtia arnoldiana.6 (184).png,train/Guibourtia arnoldiana/3411. Guibourtia arnoldiana.6 (184).png
Dalbergia tonkinensis/sub_015/3353. Dalbergia tonkinensis.8.(238).png,train/Dalbergia tonkinensis/3353. Dalbergia tonkinensis.8.(238).png
Pterocarpus erinaceus/sub_056/3403. Pterocarpus erinaceus.5 (141).png,train/Pterocarpus erinaceus/3403. Pterocarpus erinaceus.5 (141).png
Guibourtia coleosperma/sub_051/Guibourtia coleosperma_3253.3 (27).png,train/Guibourtia coleosperma/Guibourtia coleosperma_3253.3 (27).png
Afzelia quanzensis/sub_017/140_2.png,train/Afzelia quanzensis/140_2.png
Dalbergia rimosa/sub_045/3414. Dalbergia rimosa.9 (243).png,train/Dalbergia rimosa/3414. Dalbergia rimosa.9 (243).png
Guibourtia ehie/sub_037/Guibourtia ehie_UORX694_10_(379).png,train/Guibourtia ehie/Guibourtia ehie_UORX694_10_(379).png
Sindora tonkinensis/sub_012/3381. Sindora tonkinensis.2 (51).png,train/Sindora tonkinensis/3381. Sindora tonkinensis.2 (51).png
Dalbergia tonkinensis/sub_042/3353. Dalbergia tonkinensis.7.(226).png,train/Dalbergia tonkinensis/3353. Dalbergia tonkinensis.7.(226).png
Pterocarpus macrocarpus/sub_021/143.png,train/Pterocarpus macrocarpus/143.png
Pterocarpus indicus/sub_041/3395. Pterocarpus indicus.1 (15).png,train/Pterocarpus indicus/3395. Pterocarpus indicus.1 (15).png
Dalbergia cochinchinensis/sub_043/Dalbergia cochinchinensis.3280.7 (35).png,train/Dalbergia cochinchinensis/Dalbergia cochinchinensis.3280.7 (35).png
Dalbergia oliveri/sub_045/Dalbergia oliveri_3237.7_ (8).png,train/Dalbergia oliveri/Dalbergia oliveri_3237.7_ (8).png
Dalbergia melanoxylon/sub_036/3352. Dalbergia melanoxylon.3.(62).png,train/Dalbergia melanoxylon/3352. Dalbergia melanoxylon.3.(62).png
Dalbergia oliveri/sub_053/Dalbergia oliveri_3237.2_ (23).png,train/Dalbergia oliveri/Dalbergia oliveri_3237.2_ (23).png
Guibourtia arnoldiana/sub_001/3411. Guibourtia arnoldiana.1 (1).png,train/Guibourtia arnoldiana/3411. Guibourtia arnoldiana.1 (1).png
Sindora tonkinensis/sub_023/3381. Sindora tonkinensis.8 (239).png,train/Sindora tonkinensis/3381. Sindora tonkinensis.8 (239).png
Afzelia quanzensis/sub_032/130.png,train/Afzelia quanzensis/130.png
Pterocarpus sp/sub_076/160_1.png,train/Pterocarpus sp/160_1.png
Pterocarpus sp/sub_032/129_1.png,train/Pterocarpus sp/129_1__19055c0d.png
Pterocarpus soyauxii/sub_009/1115_1.png,train/Pterocarpus soyauxii/1115_1.png
Sindora cochinchinensis/sub_043/gụ57.png,train/Sindora cochinchinensis/gụ57.png
Sindora tonkinensis/sub_029/3381. Sindora tonkinensis.6 (173).png,train/Sindora tonkinensis/3381. Sindora tonkinensis.6 (173).png
Pterocarpus sp/sub_005/143_2.png,train/Pterocarpus sp/143_2.png
Pterocarpus macrocarpus/sub_026/18_1.png,train/Pterocarpus macrocarpus/18_1.png
Sindora cochinchinensis/sub_060/gụ11_2.png,train/Sindora cochinchinensis/gụ11_2.png
Afzelia quanzensis/sub_040/137_2.png,train/Afzelia quanzensis/137_2.png
Pterocarpus soyauxii/sub_070/151.png,train/Pterocarpus soyauxii/151__85133eb3.png
Afzelia quanzensis/sub_032/128_3.png,train/Afzelia quanzensis/128_3.png
Afzelia bella/sub_069/Afzelia bella_GCJA653_(106).png,train/Afzelia bella/Afzelia bella_GCJA653_(106).png
Pterocarpus erinaceus/sub_022/3403. Pterocarpus erinaceus.5 (157).png,train/Pterocarpus erinaceus/3403. Pterocarpus erinaceus.5 (157).png
Dalbergia rimosa/sub_055/3414. Dalbergia rimosa.2 (58).png,train/Dalbergia rimosa/3414. Dalbergia rimosa.2 (58).png
Sindora cochinchinensis/sub_013/gụ29.png,train/Sindora cochinchinensis/gụ29.png
Dalbergia oliveri/sub_008/Dalbergia oliveri_3237.6_ (25).png,train/Dalbergia oliveri/Dalbergia oliveri_3237.6_ (25).png
Afzelia africana/sub_032/doussie17_1.png,train/Afzelia africana/doussie17_1.png
Afzelia bella/sub_028/Afzelia bella_LYSV052_(173).png,train/Afzelia bella/Afzelia bella_LYSV052_(173).png
Sindora cochinchinensis/sub_003/gụ97.png,train/Sindora cochinchinensis/gụ97.png
Dalbergia tonkinensis/sub_048/3353. Dalbergia tonkinensis.6.(192).png,train/Dalbergia tonkinensis/3353. Dalbergia tonkinensis.6.(192).png
Dalbergia tonkinensis/sub_013/3353. Dalbergia tonkinensis.8.(247).png,train/Dalbergia tonkinensis/3353. Dalbergia tonkinensis.8.(247).png
Guibourtia coleosperma/sub_035/Guibourtia coleosperma_3253.1 (32).png,train/Guibourtia coleosperma/Guibourtia coleosperma_3253.1 (32).png
Pterocarpus sp/sub_002/16_1.png,train/Pterocarpus sp/16_1.png
Dalbergia rimosa/sub_011/3414. Dalbergia rimosa.6 (167).png,train/Dalbergia rimosa/3414. Dalbergia rimosa.6 (167).png
Pterocarpus macrocarpus/sub_009/122.png,train/Pterocarpus macrocarpus/122.png
Sindora cochinchinensis/sub_075/gụ36_1.png,train/Sindora cochinchinensis/gụ36_1.png
Guibourtia ehie/sub_001/Guibourtia ehie_FEHC134_2_(77).png,train/Guibourtia ehie/Guibourtia ehie_FEHC134_2_(77).png
Sindora tonkinensis/sub_030/3381. Sindora tonkinensis.4 (127).png,train/Sindora tonkinensis/3381. Sindora tonkinensis.4 (127).png
Afzelia africana/sub_055/doussie57.png,train/Afzelia africana/doussie57.png
Pterocarpus soyauxii/sub_041/192_1.png,train/Pterocarpus soyauxii/192_1.png
Guibourtia ehie/sub_032/Guibourtia ehie_SXGM640_8_(317).png,train/Guibourtia ehie/Guibourtia ehie_SXGM640_8_(317).png
Pterocarpus macrocarpus/sub_024/116.png,train/Pterocarpus macrocarpus/116.png
Pterocarpus soyauxii/sub_025/18_2.png,train/Pterocarpus soyauxii/18_2.png
Pterocarpus macrocarpus/sub_024/140_4.png,train/Pterocarpus macrocarpus/140_4.png
Pterocarpus macrocarpus/sub_034/126.png,train/Pterocarpus macrocarpus/126.png
Pterocarpus sp/sub_036/140_2.png,train/Pterocarpus sp/140_2.png
Dalbergia oliveri/sub_005/Dalbergia oliveri_3237.6_ (32).png,train/Dalbergia oliveri/Dalbergia oliveri_3237.6_ (32).png
Dalbergia oliveri/sub_033/Dalbergia oliveri_3237.2_ (3).png,train/Dalbergia oliveri/Dalbergia oliveri_3237.2_ (3).png
Dalbergia cochinchinensis/sub_072/Dalbergia cochinchinensis.3280.6 (16).png,train/Dalbergia cochinchinensis/Dalbergia cochinchinensis.3280.6 (16).png
Afzelia africana/sub_013/doussie37_1.png,train/Afzelia africana/doussie37_1.png
Pterocarpus macrocarpus/sub_033/162.png,train/Pterocarpus macrocarpus/162.png
Sindora tonkinensis/sub_017/3381. Sindora tonkinensis.7 (197).png,train/Sindora tonkinensis/3381. Sindora tonkinensis.7 (197).png
Dalbergia tonkinensis/sub_060/3353. Dalbergia tonkinensis.2.(38).png,train/Dalbergia tonkinensis/3353. Dalbergia tonkinensis.2.(38).png
Dalbergia oliveri/sub_074/Dalbergia oliveri_3237.4_ (5).png,train/Dalbergia oliveri/Dalbergia oliveri_3237.4_ (5).png
Dalbergia cochinchinensis/sub_049/Dalbergia cochinchinensis.3280.9 (35).png,train/Dalbergia cochinchinensis/Dalbergia cochinchinensis.3280.9 (35).png
Pterocarpus macrocarpus/sub_012/129.png,train/Pterocarpus macrocarpus/129.png
Guibourtia coleosperma/sub_007/Guibourtia coleosperma_3253.11 (20).png,train/Guibourtia coleosperma/Guibourtia coleosperma_3253.11 (20).png
Pterocarpus erinaceus/sub_015/3403. Pterocarpus erinaceus.7 (199).png,train/Pterocarpus erinaceus/3403. Pterocarpus erinaceus.7 (199).png
Dalbergia cochinchinensis/sub_031/Dalbergia cochinchinensis.3280.8 (34).png,train/Dalbergia cochinchinensis/Dalbergia cochinchinensis.3280.8 (34).png
Guibourtia ehie/sub_047/Guibourtia ehie_SXGM640_8_(287).png,train/Guibourtia ehie/Guibourtia ehie_SXGM640_8_(287).png
Peltogyne pubescens/sub_050/3377. Peltogyne pubescens.2 (62).png,train/Peltogyne pubescens/3377. Peltogyne pubescens.2 (62).png
Pterocarpus erinaceus/sub_017/3403. Pterocarpus erinaceus.8 (262).png,train/Pterocarpus erinaceus/3403. Pterocarpus erinaceus.8 (262).png
Pterocarpus macrocarpus/sub_080/166.png,train/Pterocarpus macrocarpus/166.png
Pterocarpus soyauxii/sub_049/112_2.png,train/Pterocarpus soyauxii/112_2.png
Pterocarpus macrocarpus/sub_092/115.png,train/Pterocarpus macrocarpus/115.png
Sindora cochinchinensis/sub_091/gụ45_1.png,train/Sindora cochinchinensis/gụ45_1.png
Dalbergia tonkinensis/sub_015/3353. Dalbergia tonkinensis.10.(294).png,train/Dalbergia tonkinensis/3353. Dalbergia tonkinensis.10.(294).png
Peltogyne pubescens/sub_002/3377. Peltogyne pubescens.4 (144).png,train/Peltogyne pubescens/3377. Peltogyne pubescens.4 (144).png
Dalbergia rimosa/sub_006/3414. Dalbergia rimosa.7 (202).png,train/Dalbergia rimosa/3414. Dalbergia rimosa.7 (202).png
Guibourtia ehie/sub_066/Guibourtia ehie_PVFM153_6_(215).png,train/Guibourtia ehie/Guibourtia ehie_PVFM153_6_(215).png
Sindora cochinchinensis/sub_014/gụ58.png,train/Sindora cochinchinensis/gụ58.png
Afzelia quanzensis/sub_035/123_1.png,train/Afzelia quanzensis/123_1.png
Pterocarpus indicus/sub_012/3395. Pterocarpus indicus.1 (7).png,train/Pterocarpus indicus/3395. Pterocarpus indicus.1 (7).png
Afzelia africana/sub_017/doussie6_1.png,train/Afzelia africana/doussie6_1.png
Pterocarpus macrocarpus/sub_060/122_2.png,train/Pterocarpus macrocarpus/122_2.png
Pterocarpus erinaceus/sub_039/3403. Pterocarpus erinaceus.3 (79).png,train/Pterocarpus erinaceus/3403. Pterocarpus erinaceus.3 (79).png
Sindora tonkinensis/sub_017/3381. Sindora tonkinensis.1 (19).png,train/Sindora tonkinensis/3381. Sindora tonkinensis.1 (19).png
Pterocarpus soyauxii/sub_006/181_1.png,train/Pterocarpus soyauxii/181_1.png
Dalbergia cochinchinensis/sub_003/Dalbergia cochinchinensis.3280.6 (24).png,train/Dalbergia cochinchinensis/Dalbergia cochinchinensis.3280.6 (24).png
Guibourtia coleosperma/sub_014/Guibourtia coleosperma_3253.11 (35).png,train/Guibourtia coleosperma/Guibourtia coleosperma_3253.11 (35).png
Pterocarpus soyauxii/sub_047/194.png,train/Pterocarpus soyauxii/194.png
Sindora tonkinensis/sub_022/3381. Sindora tonkinensis.5 (142).png,train/Sindora tonkinensis/3381. Sindora tonkinensis.5 (142).png
Pterocarpus soyauxii/sub_018/110_1.png,train/Pterocarpus soyauxii/110_1.png
Guibourtia arnoldiana/sub_028/3411. Guibourtia arnoldiana.2 (64).png,train/Guibourtia arnoldiana/3411. Guibourtia arnoldiana.2 (64).png
Pterocarpus indicus/sub_002/3395. Pterocarpus indicus.1 (24).png,train/Pterocarpus indicus/3395. Pterocarpus indicus.1 (24).png
Pterocarpus macrocarpus/sub_052/124.png,train/Pterocarpus macrocarpus/124.png
Pterocarpus erinaceus/sub_010/3403. Pterocarpus erinaceus.5 (160).png,train/Pterocarpus erinaceus/3403. Pterocarpus erinaceus.5 (160).png
Afzelia bella/sub_026/Afzelia bella_FFCA657_9_32112.png,train/Afzelia bella/Afzelia bella_FFCA657_9_32112.png
Peltogyne pubescens/sub_058/3377. Peltogyne pubescens.8 (264).png,train/Peltogyne pubescens/3377. Peltogyne pubescens.8 (264).png
Pterocarpus soyauxii/sub_019/195.png,train/Pterocarpus soyauxii/195.png
Dalbergia tonkinensis/sub_002/3353. Dalbergia tonkinensis.10.(297).png,train/Dalbergia tonkinensis/3353. Dalbergia tonkinensis.10.(297).png
Sindora cochinchinensis/sub_026/gụ53.png,train/Sindora cochinchinensis/gụ53.png
Guibourtia coleosperma/sub_034/Guibourtia coleosperma_3253.7 (29).png,train/Guibourtia coleosperma/Guibourtia coleosperma_3253.7 (29).png
Guibourtia ehie/sub_005/Guibourtia ehie_CHYX256_1_(38).png,train/Guibourtia ehie/Guibourtia ehie_CHYX256_1_(38).png
Dalbergia rimosa/sub_019/3414. Dalbergia rimosa.3 (78).png,train/Dalbergia rimosa/3414. Dalbergia rimosa.3 (78).png
Pterocarpus macrocarpus/sub_064/154_2.png,train/Pterocarpus macrocarpus/154_2.png
Dalbergia oliveri/sub_047/Dalbergia oliveri_3237.3_ (18).png,train/Dalbergia oliveri/Dalbergia oliveri_3237.3_ (18).png
Afzelia pachyloba/sub_046/5.2.png,train/Afzelia pachyloba/5.2.png
Afzelia bella/sub_017/Afzelia bella_HYBT691_(141).png,train/Afzelia bella/Afzelia bella_HYBT691_(141).png
Sindora cochinchinensis/sub_091/gụ64_1.png,train/Sindora cochinchinensis/gụ64_1.png
Pterocarpus indicus/sub_023/3395. Pterocarpus indicus.3 (74).png,train/Pterocarpus indicus/3395. Pterocarpus indicus.3 (74).png
Peltogyne pubescens/sub_022/3377. Peltogyne pubescens.2 (53).png,train/Peltogyne pubescens/3377. Peltogyne pubescens.2 (53).png
Dalbergia tonkinensis/sub_026/3353. Dalbergia tonkinensis.5.(137).png,train/Dalbergia tonkinensis/3353. Dalbergia tonkinensis.5.(137).png
Dalbergia melanoxylon/sub_040/3352. Dalbergia melanoxylon.9.(250).png,train/Dalbergia melanoxylon/3352. Dalbergia melanoxylon.9.(250).png
Afzelia africana/sub_052/doussie42.png,train/Afzelia africana/doussie42.png
Pterocarpus indicus/sub_054/3395. Pterocarpus indicus.10 (302).png,train/Pterocarpus indicus/3395. Pterocarpus indicus.10 (302).png
Afzelia quanzensis/sub_017/115_3.png,train/Afzelia quanzensis/115_3.png
Pterocarpus sp/sub_051/130_3.png,train/Pterocarpus sp/130_3.png
Guibourtia arnoldiana/sub_007/3411. Guibourtia arnoldiana.9 (262).png,train/Guibourtia arnoldiana/3411. Guibourtia arnoldiana.9 (262).png
Sindora cochinchinensis/sub_054/gụ85_1.png,train/Sindora cochinchinensis/gụ85_1.png
Peltogyne pubescens/sub_010/3377. Peltogyne pubescens.2 (52).png,train/Peltogyne pubescens/3377. Peltogyne pubescens.2 (52).png
Afzelia bella/sub_066/Afzelia bella_HYBT691_(159).png,train/Afzelia bella/Afzelia bella_HYBT691_(159).png
Afzelia bella/sub_070/Afzelia bella_AMRX692_(60).png,train/Afzelia bella/Afzelia bella_AMRX692_(60).png
Pterocarpus soyauxii/sub_006/156_1.png,train/Pterocarpus soyauxii/156_1.png
Dalbergia rimosa/sub_006/3414. Dalbergia rimosa.4 (112).png,train/Dalbergia rimosa/3414. Dalbergia rimosa.4 (112).png
Pterocarpus indicus/sub_025/3395. Pterocarpus indicus.3 (67).png,train/Pterocarpus indicus/3395. Pterocarpus indicus.3 (67).png
Pterocarpus macrocarpus/sub_031/120_4.png,train/Pterocarpus macrocarpus/120_4.png
Dalbergia cochinchinensis/sub_004/Dalbergia cochinchinensis.3280.8 (24).png,train/Dalbergia cochinchinensis/Dalbergia cochinchinensis.3280.8 (24).png
Dalbergia melanoxylon/sub_003/3352. Dalbergia melanoxylon.4.(117).png,train/Dalbergia melanoxylon/3352. Dalbergia melanoxylon.4.(117).png
Pterocarpus indicus/sub_021/3395. Pterocarpus indicus.8 (243).png,train/Pterocarpus indicus/3395. Pterocarpus indicus.8 (243).png
Pterocarpus indicus/sub_001/3395. Pterocarpus indicus.5 (145).png,train/Pterocarpus indicus/3395. Pterocarpus indicus.5 (145).png
Pterocarpus soyauxii/sub_020/111.png,train/Pterocarpus soyauxii/111.png
Afzelia quanzensis/sub_036/132_3.png,train/Afzelia quanzensis/132_3.png
Pterocarpus soyauxii/sub_044/15_3.png,train/Pterocarpus soyauxii/15_3.png
Guibourtia coleosperma/sub_007/Guibourtia coleosperma_3253.8 (23).png,train/Guibourtia coleosperma/Guibourtia coleosperma_3253.8 (23).png
Sindora cochinchinensis/sub_007/gụ4.png,train/Sindora cochinchinensis/gụ4.png
Pterocarpus soyauxii/sub_002/143_3.png,train/Pterocarpus soyauxii/143_3.png
Dalbergia cochinchinensis/sub_014/Dalbergia cochinchinensis.3280.10 (25).png,train/Dalbergia cochinchinensis/Dalbergia cochinchinensis.3280.10 (25).png
Pterocarpus indicus/sub_020/3395. Pterocarpus indicus.3 (64).png,train/Pterocarpus indicus/3395. Pterocarpus indicus.3 (64).png
Dalbergia melanoxylon/sub_007/3352. Dalbergia melanoxylon.7.(186).png,train/Dalbergia melanoxylon/3352. Dalbergia melanoxylon.7.(186).png
Pterocarpus sp/sub_030/131_1.png,train/Pterocarpus sp/131_1.png
Guibourtia coleosperma/sub_071/Guibourtia coleosperma_3253.6 (24).png,train/Guibourtia coleosperma/Guibourtia coleosperma_3253.6 (24).png
Pterocarpus soyauxii/sub_061/1104_1.png,train/Pterocarpus soyauxii/1104_1.png
Sindora tonkinensis/sub_073/3381. Sindora tonkinensis.10 (328).png,train/Sindora tonkinensis/3381. Sindora tonkinensis.10 (328).png
Dalbergia melanoxylon/sub_019/3352. Dalbergia melanoxylon.9.(243).png,train/Dalbergia melanoxylon/3352. Dalbergia melanoxylon.9.(243).png
Dalbergia rimosa/sub_061/3414. Dalbergia rimosa.8 (229).png,train/Dalbergia rimosa/3414. Dalbergia rimosa.8 (229).png
Afzelia africana/sub_035/doussie24.png,train/Afzelia africana/doussie24__d45f0122.png
Afzelia quanzensis/sub_006/120_2_1.png,train/Afzelia quanzensis/120_2_1.png
Sindora cochinchinensis/sub_026/gụ17.png,train/Sindora cochinchinensis/gụ17.png
Sindora cochinchinensis/sub_083/gụ25_3.png,train/Sindora cochinchinensis/gụ25_3.png
Afzelia quanzensis/sub_025/151_1.png,train/Afzelia quanzensis/151_1.png
Pterocarpus erinaceus/sub_035/3403. Pterocarpus erinaceus.3 (76).png,train/Pterocarpus erinaceus/3403. Pterocarpus erinaceus.3 (76).png
Pterocarpus macrocarpus/sub_024/142_2.png,train/Pterocarpus macrocarpus/142_2.png
Afzelia bella/sub_050/Afzelia bella_GCJA653_(83).png,train/Afzelia bella/Afzelia bella_GCJA653_(83).png
Pterocarpus soyauxii/sub_024/145_2.png,train/Pterocarpus soyauxii/145_2.png
Pterocarpus macrocarpus/sub_049/17_4.png,train/Pterocarpus macrocarpus/17_4.png
Dalbergia cochinchinensis/sub_001/Dalbergia cochinchinensis.3280.9 (27).png,train/Dalbergia cochinchinensis/Dalbergia cochinchinensis.3280.9 (27).png
Peltogyne pubescens/sub_048/3377. Peltogyne pubescens.1 (26).png,train/Peltogyne pubescens/3377. Peltogyne pubescens.1 (26).png
Guibourtia coleosperma/sub_009/Guibourtia coleosperma_3253.6 (11).png,train/Guibourtia coleosperma/Guibourtia coleosperma_3253.6 (11).png
Peltogyne pubescens/sub_053/3377. Peltogyne pubescens.4 (115).png,train/Peltogyne pubescens/3377. Peltogyne pubescens.4 (115).png
Guibourtia ehie/sub_004/Guibourtia ehie_TLYO895_9_(321).png,train/Guibourtia ehie/Guibourtia ehie_TLYO895_9_(321).png
Pterocarpus sp/sub_018/19.png,train/Pterocarpus sp/19.png
Sindora cochinchinensis/sub_016/gụ88.png,train/Sindora cochinchinensis/gụ88.png
Pterocarpus macrocarpus/sub_056/121.png,train/Pterocarpus macrocarpus/121.png
Pterocarpus sp/sub_036/155_4.png,train/Pterocarpus sp/155_4.png
Afzelia africana/sub_063/doussie31.png,train/Afzelia africana/doussie31__62d574f9.png
Dalbergia melanoxylon/sub_011/3352. Dalbergia melanoxylon.8.(234).png,train/Dalbergia melanoxylon/3352. Dalbergia melanoxylon.8.(234).png
Dalbergia melanoxylon/sub_043/3352. Dalbergia melanoxylon.10.(278).png,train/Dalbergia melanoxylon/3352. Dalbergia melanoxylon.10.(278).png
Sindora tonkinensis/sub_041/3381. Sindora tonkinensis.5 (156).png,train/Sindora tonkinensis/3381. Sindora tonkinensis.5 (156).png
Pterocarpus sp/sub_023/150.png,train/Pterocarpus sp/150.png
Afzelia africana/sub_005/doussie54_3.png,train/Afzelia africana/doussie54_3.png
Sindora cochinchinensis/sub_039/gụ63_1.png,train/Sindora cochinchinensis/gụ63_1.png
Pterocarpus soyauxii/sub_081/19_3.png,train/Pterocarpus soyauxii/19_3.png
Guibourtia coleosperma/sub_023/Guibourtia coleosperma_3253.9 (25).png,train/Guibourtia coleosperma/Guibourtia coleosperma_3253.9 (25).png
Pterocarpus macrocarpus/sub_005/118_5.png,train/Pterocarpus macrocarpus/118_5.png
Guibourtia ehie/sub_047/Guibourtia ehie_TLYO895_9_(345).png,train/Guibourtia ehie/Guibourtia ehie_TLYO895_9_(345).png
Afzelia pachyloba/sub_029/4.3.png,train/Afzelia pachyloba/4.3.png
Pterocarpus soyauxii/sub_012/111_1.png,train/Pterocarpus soyauxii/111_1.png
Pterocarpus erinaceus/sub_015/3403. Pterocarpus erinaceus.10 (322).png,train/Pterocarpus erinaceus/3403. Pterocarpus erinaceus.10 (322).png
Guibourtia ehie/sub_011/Guibourtia ehie_PVFM153_6_(229).png,train/Guibourtia ehie/Guibourtia ehie_PVFM153_6_(229).png
Pterocarpus macrocarpus/sub_061/147_3.png,train/Pterocarpus macrocarpus/147_3.png
Dalbergia cochinchinensis/sub_002/Dalbergia cochinchinensis.3280.5 (7).png,train/Dalbergia cochinchinensis/Dalbergia cochinchinensis.3280.5 (7).png
Afzelia bella/sub_069/Afzelia bella_QUAV174_(290).png,train/Afzelia bella/Afzelia bella_QUAV174_(290).png
Dalbergia rimosa/sub_052/3414. Dalbergia rimosa.5 (143).png,train/Dalbergia rimosa/3414. Dalbergia rimosa.5 (143).png
Dalbergia oliveri/sub_009/Dalbergia oliveri_3237.8_ (19).png,train/Dalbergia oliveri/Dalbergia oliveri_3237.8_ (19).png
Afzelia africana/sub_007/doussie53_1.png,train/Afzelia africana/doussie53_1.png
Dalbergia tonkinensis/sub_015/3353. Dalbergia tonkinensis.10.(319).png,train/Dalbergia tonkinensis/3353. Dalbergia tonkinensis.10.(319).png
Guibourtia ehie/sub_054/Guibourtia ehie_FEHC134_2_(76).png,train/Guibourtia ehie/Guibourtia ehie_FEHC134_2_(76).png
Dalbergia tonkinensis/sub_055/3353. Dalbergia tonkinensis.8.(236).png,train/Dalbergia tonkinensis/3353. Dalbergia tonkinensis.8.(236).png
Dalbergia melanoxylon/sub_027/3352. Dalbergia melanoxylon.2 (52).png,train/Dalbergia melanoxylon/3352. Dalbergia melanoxylon.2 (52).png
Afzelia quanzensis/sub_004/119_1.png,train/Afzelia quanzensis/119_1.png
Pterocarpus erinaceus/sub_035/3403. Pterocarpus erinaceus.4 (113).png,train/Pterocarpus erinaceus/3403. Pterocarpus erinaceus.4 (113).png
Sindora tonkinensis/sub_050/3381. Sindora tonkinensis.1 (5).png,train/Sindora tonkinensis/3381. Sindora tonkinensis.1 (5).png
Peltogyne pubescens/sub_004/3377. Peltogyne pubescens.10 (367).png,train/Peltogyne pubescens/3377. Peltogyne pubescens.10 (367).png
Dalbergia cochinchinensis/sub_010/Dalbergia cochinchinensis.3280.5 (32).png,train/Dalbergia cochinchinensis/Dalbergia cochinchinensis.3280.5 (32).png
Dalbergia melanoxylon/sub_002/3352. Dalbergia melanoxylon.5.(147).png,train/Dalbergia melanoxylon/3352. Dalbergia melanoxylon.5.(147).png
Dalbergia cochinchinensis/sub_028/Dalbergia cochinchinensis.3280.6 (18).png,train/Dalbergia cochinchinensis/Dalbergia cochinchinensis.3280.6 (18).png
Guibourtia ehie/sub_063/Guibourtia ehie_CHYX256_1_(11).png,train/Guibourtia ehie/Guibourtia ehie_CHYX256_1_(11).png
Sindora tonkinensis/sub_008/3381. Sindora tonkinensis.2 (55).png,train/Sindora tonkinensis/3381. Sindora tonkinensis.2 (55).png
Pterocarpus indicus/sub_004/3395. Pterocarpus indicus.3 (76).png,train/Pterocarpus indicus/3395. Pterocarpus indicus.3 (76).png
Pterocarpus soyauxii/sub_009/165_1.png,train/Pterocarpus soyauxii/165_1.png
Pterocarpus indicus/sub_001/3395. Pterocarpus indicus.5 (129).png,train/Pterocarpus indicus/3395. Pterocarpus indicus.5 (129).png
Afzelia bella/sub_011/Afzelia bella_LYSV052_(182).png,train/Afzelia bella/Afzelia bella_LYSV052_(182).png
Pterocarpus soyauxii/sub_012/150.png,train/Pterocarpus soyauxii/150.png
Pterocarpus macrocarpus/sub_021/129_1.png,train/Pterocarpus macrocarpus/129_1.png
Afzelia bella/sub_033/Afzelia bella_FFCA657_9_32137.png,train/Afzelia bella/Afzelia bella_FFCA657_9_32137.png
Guibourtia arnoldiana/sub_002/3411. Guibourtia arnoldiana.6 (178).png,train/Guibourtia arnoldiana/3411. Guibourtia arnoldiana.6 (178).png
Dalbergia rimosa/sub_047/3414. Dalbergia rimosa.2 (45).png,train/Dalbergia rimosa/3414. Dalbergia rimosa.2 (45).png
Pterocarpus soyauxii/sub_064/128.png,train/Pterocarpus soyauxii/128.png
Sindora tonkinensis/sub_006/3381. Sindora tonkinensis.9 (276).png,train/Sindora tonkinensis/3381. Sindora tonkinensis.9 (276).png
Afzelia quanzensis/sub_006/11_1.png,train/Afzelia quanzensis/11_1__f0169df3.png
Guibourtia ehie/sub_019/Guibourtia ehie_UORX694_10_(370).png,train/Guibourtia ehie/Guibourtia ehie_UORX694_10_(370).png
Dalbergia oliveri/sub_084/Dalbergia oliveri_3237.8_ (21).png,train/Dalbergia oliveri/Dalbergia oliveri_3237.8_ (21).png
Afzelia quanzensis/sub_064/126_2.png,train/Afzelia quanzensis/126_2.png
Guibourtia coleosperma/sub_037/Guibourtia coleosperma_3253.6 (5).png,train/Guibourtia coleosperma/Guibourtia coleosperma_3253.6 (5).png
Peltogyne pubescens/sub_031/3377. Peltogyne pubescens.1 (6).png,train/Peltogyne pubescens/3377. Peltogyne pubescens.1 (6).png
Sindora tonkinensis/sub_007/3381. Sindora tonkinensis.5 (147).png,train/Sindora tonkinensis/3381. Sindora tonkinensis.5 (147).png
Sindora tonkinensis/sub_032/3381. Sindora tonkinensis.10 (317).png,train/Sindora tonkinensis/3381. Sindora tonkinensis.10 (317).png
Pterocarpus macrocarpus/sub_048/131_4.png,train/Pterocarpus macrocarpus/131_4.png
Afzelia bella/sub_021/Afzelia bella_WJSV740_10_3617.png,train/Afzelia bella/Afzelia bella_WJSV740_10_3617.png
Guibourtia coleosperma/sub_040/Guibourtia coleosperma_3253.9 (16).png,train/Guibourtia coleosperma/Guibourtia coleosperma_3253.9 (16).png
Guibourtia ehie/sub_052/Guibourtia ehie_CHYX256_1_(6).png,train/Guibourtia ehie/Guibourtia ehie_CHYX256_1_(6).png
Pterocarpus macrocarpus/sub_029/132_5.png,train/Pterocarpus macrocarpus/132_5.png
Sindora tonkinensis/sub_001/3381. Sindora tonkinensis.6 (163).png,train/Sindora tonkinensis/3381. Sindora tonkinensis.6 (163).png
Guibourtia coleosperma/sub_032/Guibourtia coleosperma_3253.4 (20).png,train/Guibourtia coleosperma/Guibourtia coleosperma_3253.4 (20).png
Guibourtia arnoldiana/sub_026/3411. Guibourtia arnoldiana.2 (65).png,train/Guibourtia arnoldiana/3411. Guibourtia arnoldiana.2 (65).png
Pterocarpus macrocarpus/sub_002/16_2_1.png,train/Pterocarpus macrocarpus/16_2_1.png
Pterocarpus sp/sub_029/128_2.png,train/Pterocarpus sp/128_2__caaead19.png
Dalbergia tonkinensis/sub_002/3353. Dalbergia tonkinensis.2.(33).png,train/Dalbergia tonkinensis/3353. Dalbergia tonkinensis.2.(33).png
Guibourtia coleosperma/sub_017/Guibourtia coleosperma_3253.7 (34).png,train/Guibourtia coleosperma/Guibourtia coleosperma_3253.7 (34).png
Dalbergia rimosa/sub_019/3414. Dalbergia rimosa.6 (154).png,train/Dalbergia rimosa/3414. Dalbergia rimosa.6 (154).png
Pterocarpus sp/sub_032/140_1_1.png,train/Pterocarpus sp/140_1_1.png
Sindora tonkinensis/sub_012/3381. Sindora tonkinensis.2 (50).png,train/Sindora tonkinensis/3381. Sindora tonkinensis.2 (50).png
Dalbergia rimosa/sub_064/3414. Dalbergia rimosa.3 (83).png,train/Dalbergia rimosa/3414. Dalbergia rimosa.3 (83).png
Afzelia bella/sub_073/Afzelia bella_QCYD170_(264).png,train/Afzelia bella/Afzelia bella_QCYD170_(264).png
Dalbergia cochinchinensis/sub_023/Dalbergia cochinchinensis.3280.10 (14).png,train/Dalbergia cochinchinensis/Dalbergia cochinchinensis.3280.10 (14).png
Pterocarpus sp/sub_049/155.png,train/Pterocarpus sp/155.png
Afzelia quanzensis/sub_001/140.png,train/Afzelia quanzensis/140.png
Dalbergia cochinchinensis/sub_021/Dalbergia cochinchinensis.3280.10 (5).png,train/Dalbergia cochinchinensis/Dalbergia cochinchinensis.3280.10 (5).png
Dalbergia tonkinensis/sub_065/3353. Dalbergia tonkinensis.3.(69).png,train/Dalbergia tonkinensis/3353. Dalbergia tonkinensis.3.(69).png
Peltogyne pubescens/sub_060/3377. Peltogyne pubescens.10 (361).png,train/Peltogyne pubescens/3377. Peltogyne pubescens.10 (361).png
Dalbergia tonkinensis/sub_001/3353. Dalbergia tonkinensis.5.(141).png,train/Dalbergia tonkinensis/3353. Dalbergia tonkinensis.5.(141).png
Dalbergia melanoxylon/sub_018/3352. Dalbergia melanoxylon.5.(145).png,train/Dalbergia melanoxylon/3352. Dalbergia melanoxylon.5.(145).png
Dalbergia tonkinensis/sub_010/3353. Dalbergia tonkinensis.2.(32).png,train/Dalbergia tonkinensis/3353. Dalbergia tonkinensis.2.(32).png
Guibourtia ehie/sub_033/Guibourtia ehie_PRQC042_5_(171).png,train/Guibourtia ehie/Guibourtia ehie_PRQC042_5_(171).png
Pterocarpus sp/sub_074/12_1.png,train/Pterocarpus sp/12_1.png
Sindora cochinchinensis/sub_013/gụ46.png,train/Sindora cochinchinensis/gụ46.png
Dalbergia melanoxylon/sub_017/3352. Dalbergia melanoxylon.2 (33).png,train/Dalbergia melanoxylon/3352. Dalbergia melanoxylon.2 (33).png
Guibourtia coleosperma/sub_046/Guibourtia coleosperma_3253.2 (16).png,train/Guibourtia coleosperma/Guibourtia coleosperma_3253.2 (16).png
Peltogyne pubescens/sub_022/3377. Peltogyne pubescens.10 (345).png,train/Peltogyne pubescens/3377. Peltogyne pubescens.10 (345).png
Afzelia bella/sub_025/Afzelia bella_FFCA657_9_32124.png,train/Afzelia bella/Afzelia bella_FFCA657_9_32124.png
Pterocarpus soyauxii/sub_051/1126.png,train/Pterocarpus soyauxii/1126.png
Dalbergia tonkinensis/sub_023/3353. Dalbergia tonkinensis.7.(197).png,train/Dalbergia tonkinensis/3353. Dalbergia tonkinensis.7.(197).png
Afzelia africana/sub_028/doussie26_1.png,train/Afzelia africana/doussie26_1.png
Guibourtia ehie/sub_040/Guibourtia ehie_KREW954_4_(136).png,train/Guibourtia ehie/Guibourtia ehie_KREW954_4_(136).png
Guibourtia coleosperma/sub_024/Guibourtia coleosperma_3253.1 (8).png,train/Guibourtia coleosperma/Guibourtia coleosperma_3253.1 (8).png
Dalbergia rimosa/sub_012/3414. Dalbergia rimosa.2 (35).png,train/Dalbergia rimosa/3414. Dalbergia rimosa.2 (35).png
Guibourtia arnoldiana/sub_024/3411. Guibourtia arnoldiana.3 (71).png,train/Guibourtia arnoldiana/3411. Guibourtia arnoldiana.3 (71).png
Guibourtia coleosperma/sub_040/Guibourtia coleosperma_3253.4 (2).png,train/Guibourtia coleosperma/Guibourtia coleosperma_3253.4 (2).png
Sindora cochinchinensis/sub_028/gụ97.png,train/Sindora cochinchinensis/gụ97__ce79e549.png
Sindora cochinchinensis/sub_003/gụ71_1.png,train/Sindora cochinchinensis/gụ71_1.png
Pterocarpus indicus/sub_038/3395. Pterocarpus indicus.3 (75).png,train/Pterocarpus indicus/3395. Pterocarpus indicus.3 (75).png
Pterocarpus macrocarpus/sub_020/147_2.png,train/Pterocarpus macrocarpus/147_2.png
Sindora cochinchinensis/sub_014/gụ13_2.png,train/Sindora cochinchinensis/gụ13_2.png
Guibourtia coleosperma/sub_007/Guibourtia coleosperma_3253.11 (32).png,train/Guibourtia coleosperma/Guibourtia coleosperma_3253.11 (32).png
Sindora cochinchinensis/sub_041/gụ43.png,train/Sindora cochinchinensis/gụ43.png
Dalbergia oliveri/sub_072/Dalbergia oliveri_3237.9_ (32).png,train/Dalbergia oliveri/Dalbergia oliveri_3237.9_ (32).png
Dalbergia cochinchinensis/sub_032/Dalbergia cochinchinensis.3280.5 (29).png,train/Dalbergia cochinchinensis/Dalbergia cochinchinensis.3280.5 (29).png
Dalbergia melanoxylon/sub_020/3352. Dalbergia melanoxylon.2 (51).png,train/Dalbergia melanoxylon/3352. Dalbergia melanoxylon.2 (51).png
Pterocarpus soyauxii/sub_061/189.png,train/Pterocarpus soyauxii/189.png
Pterocarpus indicus/sub_030/3395. Pterocarpus indicus.4 (114).png,train/Pterocarpus indicus/3395. Pterocarpus indicus.4 (114).png
Dalbergia tonkinensis/sub_008/3353. Dalbergia tonkinensis.2.(59).png,train/Dalbergia tonkinensis/3353. Dalbergia tonkinensis.2.(59).png
Pterocarpus erinaceus/sub_012/3403. Pterocarpus erinaceus.8 (244).png,train/Pterocarpus erinaceus/3403. Pterocarpus erinaceus.8 (244).png
Pterocarpus macrocarpus/sub_055/120_2.png,train/Pterocarpus macrocarpus/120_2.png
Pterocarpus sp/sub_003/136_2.png,train/Pterocarpus sp/136_2.png
Dalbergia cochinchinensis/sub_031/Dalbergia cochinchinensis.3280.5 (15).png,train/Dalbergia cochinchinensis/Dalbergia cochinchinensis.3280.5 (15).png
Dalbergia rimosa/sub_024/3414. Dalbergia rimosa.8 (226).png,train/Dalbergia rimosa/3414. Dalbergia rimosa.8 (226).png
Guibourtia ehie/sub_023/Guibourtia ehie_QAMZ768_7_(269).png,train/Guibourtia ehie/Guibourtia ehie_QAMZ768_7_(269).png
Afzelia quanzensis/sub_045/121_2.png,train/Afzelia quanzensis/121_2.png
Sindora cochinchinensis/sub_080/gụ98.png,train/Sindora cochinchinensis/gụ98.png
Pterocarpus macrocarpus/sub_097/148_3.png,train/Pterocarpus macrocarpus/148_3.png
Pterocarpus erinaceus/sub_032/3403. Pterocarpus erinaceus.9 (297).png,train/Pterocarpus erinaceus/3403. Pterocarpus erinaceus.9 (297).png
Guibourtia ehie/sub_006/Guibourtia ehie_FEHC134_2_(61).png,train/Guibourtia ehie/Guibourtia ehie_FEHC134_2_(61).png
Dalbergia cochinchinensis/sub_004/Dalbergia cochinchinensis.3280.8 (22).png,train/Dalbergia cochinchinensis/Dalbergia cochinchinensis.3280.8 (22).png
Dalbergia rimosa/sub_027/3414. Dalbergia rimosa.9 (254).png,train/Dalbergia rimosa/3414. Dalbergia rimosa.9 (254).png
Guibourtia coleosperma/sub_004/Guibourtia coleosperma_3253.3 (26).png,train/Guibourtia coleosperma/Guibourtia coleosperma_3253.3 (26).png
Pterocarpus macrocarpus/sub_005/125_1.png,train/Pterocarpus macrocarpus/125_1.png
Afzelia bella/sub_020/Afzelia bella_QUAV174_(296).png,train/Afzelia bella/Afzelia bella_QUAV174_(296).png
Pterocarpus sp/sub_083/18_1.png,train/Pterocarpus sp/18_1.png
Guibourtia arnoldiana/sub_017/3411. Guibourtia arnoldiana.10 (316).png,train/Guibourtia arnoldiana/3411. Guibourtia arnoldiana.10 (316).png
Dalbergia melanoxylon/sub_007/3352. Dalbergia melanoxylon.7.(196).png,train/Dalbergia melanoxylon/3352. Dalbergia melanoxylon.7.(196).png
Guibourtia ehie/sub_016/Guibourtia ehie_GHQN943_3_(86).png,train/Guibourtia ehie/Guibourtia ehie_GHQN943_3_(86).png
Afzelia bella/sub_053/Afzelia bella_QUAV174_(287).png,train/Afzelia bella/Afzelia bella_QUAV174_(287).png
Dalbergia oliveri/sub_041/Dalbergia oliveri_3237.6_ (6).png,train/Dalbergia oliveri/Dalbergia oliveri_3237.6_ (6).png
Dalbergia melanoxylon/sub_007/3352. Dalbergia melanoxylon.7.(185).png,train/Dalbergia melanoxylon/3352. Dalbergia melanoxylon.7.(185).png
Pterocarpus erinaceus/sub_014/3403. Pterocarpus erinaceus.10 (306).png,train/Pterocarpus erinaceus/3403. Pterocarpus erinaceus.10 (306).png
Pterocarpus soyauxii/sub_087/152.png,train/Pterocarpus soyauxii/152.png
Afzelia quanzensis/sub_040/111_2.png,train/Afzelia quanzensis/111_2.png
Pterocarpus macrocarpus/sub_060/139.png,train/Pterocarpus macrocarpus/139__3f0d77df.png
Guibourtia ehie/sub_066/Guibourtia ehie_TLYO895_9_(337).png,train/Guibourtia ehie/Guibourtia ehie_TLYO895_9_(337).png
Dalbergia rimosa/sub_052/3414. Dalbergia rimosa.8 (221).png,train/Dalbergia rimosa/3414. Dalbergia rimosa.8 (221).png
Afzelia africana/sub_015/doussie71.png,train/Afzelia africana/doussie71.png
Sindora tonkinensis/sub_071/3381. Sindora tonkinensis.10 (326).png,train/Sindora tonkinensis/3381. Sindora tonkinensis.10 (326).png
Guibourtia coleosperma/sub_011/Guibourtia coleosperma_3253.6 (17).png,train/Guibourtia coleosperma/Guibourtia coleosperma_3253.6 (17).png
Afzelia quanzensis/sub_005/133_1.png,train/Afzelia quanzensis/133_1.png
Guibourtia arnoldiana/sub_002/3411. Guibourtia arnoldiana.4 (110).png,train/Guibourtia arnoldiana/3411. Guibourtia arnoldiana.4 (110).png
Sindora tonkinensis/sub_074/3381. Sindora tonkinensis.10 (324).png,train/Sindora tonkinensis/3381. Sindora tonkinensis.10 (324).png
Afzelia bella/sub_031/Afzelia bella_HYBT691_(157).png,train/Afzelia bella/Afzelia bella_HYBT691_(157).png
Guibourtia coleosperma/sub_039/Guibourtia coleosperma_3253.2 (36).png,train/Guibourtia coleosperma/Guibourtia coleosperma_3253.2 (36).png
Dalbergia cochinchinensis/sub_025/Dalbergia cochinchinensis.3280.6 (12).png,train/Dalbergia cochinchinensis/Dalbergia cochinchinensis.3280.6 (12).png
Pterocarpus soyauxii/sub_028/18.png,train/Pterocarpus soyauxii/18.png
Pterocarpus soyauxii/sub_032/142.png,train/Pterocarpus soyauxii/142__db397fc8.png
Sindora cochinchinensis/sub_078/gụ59.png,train/Sindora cochinchinensis/gụ59.png
Guibourtia coleosperma/sub_004/Guibourtia coleosperma_3253.1 (21).png,train/Guibourtia coleosperma/Guibourtia coleosperma_3253.1 (21).png
Guibourtia ehie/sub_018/Guibourtia ehie_KREW954_4_(140).png,train/Guibourtia ehie/Guibourtia ehie_KREW954_4_(140).png
Peltogyne pubescens/sub_060/3377. Peltogyne pubescens.7 (228).png,train/Peltogyne pubescens/3377. Peltogyne pubescens.7 (228).png
Pterocarpus erinaceus/sub_010/3403. Pterocarpus erinaceus.1(28).png,train/Pterocarpus erinaceus/3403. Pterocarpus erinaceus.1(28).png
Dalbergia melanoxylon/sub_044/3352. Dalbergia melanoxylon.3.(64).png,train/Dalbergia melanoxylon/3352. Dalbergia melanoxylon.3.(64).png
Afzelia quanzensis/sub_049/138_4.png,train/Afzelia quanzensis/138_4.png
Afzelia bella/sub_057/Afzelia bella_OGHV743_(232).png,train/Afzelia bella/Afzelia bella_OGHV743_(232).png
Pterocarpus soyauxii/sub_061/193.png,train/Pterocarpus soyauxii/193.png
Guibourtia coleosperma/sub_034/Guibourtia coleosperma_3253.6 (34).png,train/Guibourtia coleosperma/Guibourtia coleosperma_3253.6 (34).png
Guibourtia coleosperma/sub_002/Guibourtia coleosperma_3253.1 (5).png,train/Guibourtia coleosperma/Guibourtia coleosperma_3253.1 (5).png
Guibourtia ehie/sub_094/Guibourtia ehie_PRQC042_5_(197).png,train/Guibourtia ehie/Guibourtia ehie_PRQC042_5_(197).png
Guibourtia arnoldiana/sub_054/3411. Guibourtia arnoldiana.4 (117).png,train/Guibourtia arnoldiana/3411. Guibourtia arnoldiana.4 (117).png
Pterocarpus soyauxii/sub_070/132.png,train/Pterocarpus soyauxii/132.png
Afzelia quanzensis/sub_076/12_1.png,train/Afzelia quanzensis/12_1.png
Guibourtia coleosperma/sub_079/Guibourtia coleosperma_3253.9 (10).png,train/Guibourtia coleosperma/Guibourtia coleosperma_3253.9 (10).png
Pterocarpus indicus/sub_033/3395. Pterocarpus indicus.8 (228).png,train/Pterocarpus indicus/3395. Pterocarpus indicus.8 (228).png
Pterocarpus indicus/sub_010/3395. Pterocarpus indicus.4 (113).png,train/Pterocarpus indicus/3395. Pterocarpus indicus.4 (113).png
Afzelia pachyloba/sub_003/2.1_2.png,train/Afzelia pachyloba/2.1_2.png
Pterocarpus sp/sub_095/153_1_1.png,train/Pterocarpus sp/153_1_1.png
Dalbergia melanoxylon/sub_045/3352. Dalbergia melanoxylon.2 (44).png,train/Dalbergia melanoxylon/3352. Dalbergia melanoxylon.2 (44).png
Guibourtia ehie/sub_042/Guibourtia ehie_PRQC042_5_(193).png,train/Guibourtia ehie/Guibourtia ehie_PRQC042_5_(193).png
Afzelia quanzensis/sub_009/140_1.png,train/Afzelia quanzensis/140_1.png
Dalbergia rimosa/sub_066/3414. Dalbergia rimosa.8 (232).png,train/Dalbergia rimosa/3414. Dalbergia rimosa.8 (232).png
Dalbergia tonkinensis/sub_048/3353. Dalbergia tonkinensis.4.(97).png,train/Dalbergia tonkinensis/3353. Dalbergia tonkinensis.4.(97).png
Sindora tonkinensis/sub_007/3381. Sindora tonkinensis.3 (67).png,train/Sindora tonkinensis/3381. Sindora tonkinensis.3 (67).png
Sindora tonkinensis/sub_024/3381. Sindora tonkinensis.6 (169).png,train/Sindora tonkinensis/3381. Sindora tonkinensis.6 (169).png
Dalbergia melanoxylon/sub_048/3352. Dalbergia melanoxylon.8.(222).png,train/Dalbergia melanoxylon/3352. Dalbergia melanoxylon.8.(222).png
Dalbergia melanoxylon/sub_021/3352. Dalbergia melanoxylon.6.(154).png,train/Dalbergia melanoxylon/3352. Dalbergia melanoxylon.6.(154).png
Guibourtia arnoldiana/sub_019/3411. Guibourtia arnoldiana.10 (304).png,train/Guibourtia arnoldiana/3411. Guibourtia arnoldiana.10 (304).png
Pterocarpus indicus/sub_027/3395. Pterocarpus indicus.4 (121).png,train/Pterocarpus indicus/3395. Pterocarpus indicus.4 (121).png
Dalbergia melanoxylon/sub_010/3352. Dalbergia melanoxylon.6.(159).png,train/Dalbergia melanoxylon/3352. Dalbergia melanoxylon.6.(159).png
Pterocarpus indicus/sub_008/3395. Pterocarpus indicus.9 (276).png,train/Pterocarpus indicus/3395. Pterocarpus indicus.9 (276).png
Dalbergia cochinchinensis/sub_023/Dalbergia cochinchinensis.3280.3 (9).png,train/Dalbergia cochinchinensis/Dalbergia cochinchinensis.3280.3 (9).png
Dalbergia cochinchinensis/sub_068/Dalbergia cochinchinensis.3280.7 (21).png,train/Dalbergia cochinchinensis/Dalbergia cochinchinensis.3280.7 (21).png
Pterocarpus erinaceus/sub_006/3403. Pterocarpus erinaceus.6 (180).png,train/Pterocarpus erinaceus/3403. Pterocarpus erinaceus.6 (180).png
Pterocarpus sp/sub_012/16_2.png,train/Pterocarpus sp/16_2.png
Afzelia bella/sub_004/Afzelia bella_QCYD170_(278).png,train/Afzelia bella/Afzelia bella_QCYD170_(278).png
Pterocarpus macrocarpus/sub_001/155.png,train/Pterocarpus macrocarpus/155__f7bd3538.png
Dalbergia rimosa/sub_029/3414. Dalbergia rimosa.4 (107).png,train/Dalbergia rimosa/3414. Dalbergia rimosa.4 (107).png
Afzelia quanzensis/sub_016/132.png,train/Afzelia quanzensis/132.png
Guibourtia ehie/sub_031/Guibourtia ehie_FEHC134_2_(62).png,train/Guibourtia ehie/Guibourtia ehie_FEHC134_2_(62).png
Sindora cochinchinensis/sub_069/gụ27_2.png,train/Sindora cochinchinensis/gụ27_2.png
Sindora tonkinensis/sub_044/3381. Sindora tonkinensis.3 (76).png,train/Sindora tonkinensis/3381. Sindora tonkinensis.3 (76).png
Guibourtia ehie/sub_073/Guibourtia ehie_FEHC134_2_(57).png,train/Guibourtia ehie/Guibourtia ehie_FEHC134_2_(57).png
Sindora tonkinensis/sub_045/3381. Sindora tonkinensis.7 (215).png,train/Sindora tonkinensis/3381. Sindora tonkinensis.7 (215).png
Pterocarpus macrocarpus/sub_032/114.png,train/Pterocarpus macrocarpus/114.png
Dalbergia melanoxylon/sub_013/3352. Dalbergia melanoxylon.4.(104).png,train/Dalbergia melanoxylon/3352. Dalbergia melanoxylon.4.(104).png
Afzelia bella/sub_024/Afzelia bella_OGHV743_(220).png,train/Afzelia bella/Afzelia bella_OGHV743_(220).png
Pterocarpus macrocarpus/sub_019/115_3.png,train/Pterocarpus macrocarpus/115_3.png
Guibourtia coleosperma/sub_042/Guibourtia coleosperma_3253.3 (10).png,train/Guibourtia coleosperma/Guibourtia coleosperma_3253.3 (10).png
Dalbergia oliveri/sub_002/Dalbergia oliveri_3237.1_ (6).png,train/Dalbergia oliveri/Dalbergia oliveri_3237.1_ (6).png
Dalbergia tonkinensis/sub_035/3353. Dalbergia tonkinensis.2.(40).png,train/Dalbergia tonkinensis/3353. Dalbergia tonkinensis.2.(40).png
Guibourtia arnoldiana/sub_005/3411. Guibourtia arnoldiana.6 (186).png,train/Guibourtia arnoldiana/3411. Guibourtia arnoldiana.6 (186).png
Guibourtia ehie/sub_050/Guibourtia ehie_PRQC042_5_(192).png,train/Guibourtia ehie/Guibourtia ehie_PRQC042_5_(192).png
Dalbergia tonkinensis/sub_045/3353. Dalbergia tonkinensis.10.(305).png,train/Dalbergia tonkinensis/3353. Dalbergia tonkinensis.10.(305).png
Pterocarpus macrocarpus/sub_001/19_2.png,train/Pterocarpus macrocarpus/19_2.png
Afzelia africana/sub_037/doussie56.png,train/Afzelia africana/doussie56.png
Afzelia quanzensis/sub_004/136_2.png,train/Afzelia quanzensis/136_2.png
Dalbergia rimosa/sub_052/3414. Dalbergia rimosa.8 (220).png,train/Dalbergia rimosa/3414. Dalbergia rimosa.8 (220).png
Afzelia africana/sub_011/doussie41.png,train/Afzelia africana/doussie41.png
Pterocarpus erinaceus/sub_035/3403. Pterocarpus erinaceus.2 (38).png,train/Pterocarpus erinaceus/3403. Pterocarpus erinaceus.2 (38).png
Afzelia africana/sub_003/doussie2_1.png,train/Afzelia africana/doussie2_1.png
Peltogyne pubescens/sub_060/3377. Peltogyne pubescens.3 (114).png,train/Peltogyne pubescens/3377. Peltogyne pubescens.3 (114).png
Dalbergia melanoxylon/sub_037/3352. Dalbergia melanoxylon.4.(101).png,train/Dalbergia melanoxylon/3352. Dalbergia melanoxylon.4.(101).png
Dalbergia melanoxylon/sub_017/3352. Dalbergia melanoxylon.5.(140).png,train/Dalbergia melanoxylon/3352. Dalbergia melanoxylon.5.(140).png
Dalbergia oliveri/sub_005/Dalbergia oliveri_3237.1_ (26).png,train/Dalbergia oliveri/Dalbergia oliveri_3237.1_ (26).png
Pterocarpus sp/sub_012/17_4.png,train/Pterocarpus sp/17_4.png
Pterocarpus erinaceus/sub_047/3403. Pterocarpus erinaceus.4 (110).png,train/Pterocarpus erinaceus/3403. Pterocarpus erinaceus.4 (110).png
Pterocarpus soyauxii/sub_015/1106_1.png,train/Pterocarpus soyauxii/1106_1.png
Afzelia pachyloba/sub_004/6.3.png,train/Afzelia pachyloba/6.3.png
Sindora cochinchinensis/sub_057/gụ24.png,train/Sindora cochinchinensis/gụ24.png
Dalbergia melanoxylon/sub_021/3352. Dalbergia melanoxylon.6.(169).png,train/Dalbergia melanoxylon/3352. Dalbergia melanoxylon.6.(169).png
Sindora tonkinensis/sub_042/3381. Sindora tonkinensis.10 (298).png,train/Sindora tonkinensis/3381. Sindora tonkinensis.10 (298).png
Afzelia quanzensis/sub_019/137_1.png,train/Afzelia quanzensis/137_1.png
Pterocarpus sp/sub_041/138_3.png,train/Pterocarpus sp/138_3.png
Afzelia quanzensis/sub_021/131_1.png,train/Afzelia quanzensis/131_1.png
Afzelia pachyloba/sub_025/1.2_2.png,train/Afzelia pachyloba/1.2_2.png
Sindora tonkinensis/sub_001/3381. Sindora tonkinensis.2 (39).png,train/Sindora tonkinensis/3381. Sindora tonkinensis.2 (39).png
Pterocarpus sp/sub_035/141.png,train/Pterocarpus sp/141.png
Dalbergia rimosa/sub_026/3414. Dalbergia rimosa.10 (279).png,train/Dalbergia rimosa/3414. Dalbergia rimosa.10 (279).png
Peltogyne pubescens/sub_020/3377. Peltogyne pubescens.5 (151).png,train/Peltogyne pubescens/3377. Peltogyne pubescens.5 (151).png
Guibourtia ehie/sub_022/Guibourtia ehie_TLYO895_9_(339).png,train/Guibourtia ehie/Guibourtia ehie_TLYO895_9_(339).png
Pterocarpus macrocarpus/sub_004/122_3.png,train/Pterocarpus macrocarpus/122_3.png
Sindora tonkinensis/sub_059/3381. Sindora tonkinensis.8 (250).png,train/Sindora tonkinensis/3381. Sindora tonkinensis.8 (250).png
Afzelia africana/sub_017/doussie55_3.png,train/Afzelia africana/doussie55_3.png
Pterocarpus indicus/sub_018/3395. Pterocarpus indicus.8 (238).png,train/Pterocarpus indicus/3395. Pterocarpus indicus.8 (238).png
Pterocarpus sp/sub_003/156_2.png,train/Pterocarpus sp/156_2.png
Sindora cochinchinensis/sub_028/gụ65.png,train/Sindora cochinchinensis/gụ65.png
Pterocarpus sp/sub_038/151.png,train/Pterocarpus sp/151.png
Pterocarpus sp/sub_031/11.png,train/Pterocarpus sp/11.png
Afzelia pachyloba/sub_002/5.1_2.png,train/Afzelia pachyloba/5.1_2.png
Sindora tonkinensis/sub_030/3381. Sindora tonkinensis.7 (192).png,train/Sindora tonkinensis/3381. Sindora tonkinensis.7 (192).png
Pterocarpus indicus/sub_015/3395. Pterocarpus indicus.8 (246).png,train/Pterocarpus indicus/3395. Pterocarpus indicus.8 (246).png
Pterocarpus erinaceus/sub_012/3403. Pterocarpus erinaceus.9 (273).png,train/Pterocarpus erinaceus/3403. Pterocarpus erinaceus.9 (273).png
Pterocarpus macrocarpus/sub_025/121_1.png,train/Pterocarpus macrocarpus/121_1.png
Guibourtia coleosperma/sub_009/Guibourtia coleosperma_3253.6 (1).png,train/Guibourtia coleosperma/Guibourtia coleosperma_3253.6 (1).png
Afzelia bella/sub_028/Afzelia bella_HYBT691_(145).png,train/Afzelia bella/Afzelia bella_HYBT691_(145).png
Sindora cochinchinensis/sub_071/gụ52.png,train/Sindora cochinchinensis/gụ52.png
Guibourtia ehie/sub_010/Guibourtia ehie_QAMZ768_7_(271).png,train/Guibourtia ehie/Guibourtia ehie_QAMZ768_7_(271).png
Guibourtia ehie/sub_083/Guibourtia ehie_SXGM640_8_(289).png,train/Guibourtia ehie/Guibourtia ehie_SXGM640_8_(289).png
Pterocarpus soyauxii/sub_012/120.png,train/Pterocarpus soyauxii/120.png
Dalbergia oliveri/sub_014/Dalbergia oliveri_3237.2_ (26).png,train/Dalbergia oliveri/Dalbergia oliveri_3237.2_ (26).png
Afzelia bella/sub_024/Afzelia bella_WJSV740_10_36135.png,train/Afzelia bella/Afzelia bella_WJSV740_10_36135.png
Pterocarpus macrocarpus/sub_011/120_1_1.png,train/Pterocarpus macrocarpus/120_1_1.png
Pterocarpus macrocarpus/sub_045/113_4.png,train/Pterocarpus macrocarpus/113_4.png
Dalbergia cochinchinensis/sub_050/Dalbergia cochinchinensis.3280.7 (23).png,train/Dalbergia cochinchinensis/Dalbergia cochinchinensis.3280.7 (23).png
Pterocarpus indicus/sub_025/3395. Pterocarpus indicus.1 (23).png,train/Pterocarpus indicus/3395. Pterocarpus indicus.1 (23).png
Guibourtia ehie/sub_023/Guibourtia ehie_CHYX256_1_(32).png,train/Guibourtia ehie/Guibourtia ehie_CHYX256_1_(32).png
Dalbergia tonkinensis/sub_044/3353. Dalbergia tonkinensis.5.(148).png,train/Dalbergia tonkinensis/3353. Dalbergia tonkinensis.5.(148).png
Dalbergia rimosa/sub_051/3414. Dalbergia rimosa.5 (145).png,train/Dalbergia rimosa/3414. Dalbergia rimosa.5 (145).png
Dalbergia tonkinensis/sub_008/3353. Dalbergia tonkinensis.2.(48).png,train/Dalbergia tonkinensis/3353. Dalbergia tonkinensis.2.(48).png
Dalbergia cochinchinensis/sub_002/Dalbergia cochinchinensis.3280.5 (13).png,train/Dalbergia cochinchinensis/Dalbergia cochinchinensis.3280.5 (13).png
Pterocarpus sp/sub_002/15_1.png,train/Pterocarpus sp/15_1.png
Peltogyne pubescens/sub_008/3377. Peltogyne pubescens.7 (231).png,train/Peltogyne pubescens/3377. Peltogyne pubescens.7 (231).png
Sindora cochinchinensis/sub_062/gụ30_1.png,train/Sindora cochinchinensis/gụ30_1.png
Guibourtia ehie/sub_053/Guibourtia ehie_KREW954_4_(152).png,train/Guibourtia ehie/Guibourtia ehie_KREW954_4_(152).png
Dalbergia rimosa/sub_042/3414. Dalbergia rimosa.1(20).png,train/Dalbergia rimosa/3414. Dalbergia rimosa.1(20).png
Pterocarpus soyauxii/sub_023/142_1.png,train/Pterocarpus soyauxii/142_1__df7d0e79.png
Sindora cochinchinensis/sub_055/gụ17_1.png,train/Sindora cochinchinensis/gụ17_1.png
Pterocarpus soyauxii/sub_039/112.png,train/Pterocarpus soyauxii/112.png
Afzelia africana/sub_011/doussie37.png,train/Afzelia africana/doussie37.png
Dalbergia cochinchinensis/sub_006/Dalbergia cochinchinensis.3280.6 (4).png,train/Dalbergia cochinchinensis/Dalbergia cochinchinensis.3280.6 (4).png
Pterocarpus indicus/sub_042/3395. Pterocarpus indicus.6 (173).png,train/Pterocarpus indicus/3395. Pterocarpus indicus.6 (173).png
Sindora tonkinensis/sub_036/3381. Sindora tonkinensis.8 (246).png,train/Sindora tonkinensis/3381. Sindora tonkinensis.8 (246).png
Afzelia bella/sub_052/Afzelia bella_FFCA657_9_32110.png,train/Afzelia bella/Afzelia bella_FFCA657_9_32110.png
Guibourtia arnoldiana/sub_030/3411. Guibourtia arnoldiana.8 (254).png,train/Guibourtia arnoldiana/3411. Guibourtia arnoldiana.8 (254).png
Dalbergia cochinchinensis/sub_003/Dalbergia cochinchinensis.3280.6 (7).png,train/Dalbergia cochinchinensis/Dalbergia cochinchinensis.3280.6 (7).png
Pterocarpus soyauxii/sub_074/117.png,train/Pterocarpus soyauxii/117.png
Guibourtia coleosperma/sub_016/Guibourtia coleosperma_3253.6 (9).png,train/Guibourtia coleosperma/Guibourtia coleosperma_3253.6 (9).png
Guibourtia ehie/sub_020/Guibourtia ehie_TLYO895_9_(346).png,train/Guibourtia ehie/Guibourtia ehie_TLYO895_9_(346).png
Pterocarpus macrocarpus/sub_064/122_2.png,train/Pterocarpus macrocarpus/122_2__bf374d0d.png
Dalbergia oliveri/sub_014/Dalbergia oliveri_3237.7_ (22).png,train/Dalbergia oliveri/Dalbergia oliveri_3237.7_ (22).png
Dalbergia oliveri/sub_018/Dalbergia oliveri_3237.3_ (20).png,train/Dalbergia oliveri/Dalbergia oliveri_3237.3_ (20).png
Pterocarpus macrocarpus/sub_008/151_3.png,train/Pterocarpus macrocarpus/151_3.png
Pterocarpus soyauxii/sub_099/139.png,train/Pterocarpus soyauxii/139.png
Pterocarpus macrocarpus/sub_059/152.png,train/Pterocarpus macrocarpus/152.png
Pterocarpus soyauxii/sub_042/136_1_1.png,train/Pterocarpus soyauxii/136_1_1.png
Dalbergia oliveri/sub_031/Dalbergia oliveri_3237.5_ (15).png,train/Dalbergia oliveri/Dalbergia oliveri_3237.5_ (15).png
Sindora tonkinensis/sub_016/3381. Sindora tonkinensis.1 (20).png,train/Sindora tonkinensis/3381. Sindora tonkinensis.1 (20).png
Guibourtia ehie/sub_034/Guibourtia ehie_CHYX256_1_(19).png,train/Guibourtia ehie/Guibourtia ehie_CHYX256_1_(19).png
Pterocarpus soyauxii/sub_005/152_2.png,train/Pterocarpus soyauxii/152_2.png
Pterocarpus sp/sub_068/119_4.png,train/Pterocarpus sp/119_4.png
Dalbergia tonkinensis/sub_045/3353. Dalbergia tonkinensis.5.(134).png,train/Dalbergia tonkinensis/3353. Dalbergia tonkinensis.5.(134).png
Sindora cochinchinensis/sub_023/gụ61.png,train/Sindora cochinchinensis/gụ61.png
Dalbergia melanoxylon/sub_051/3352. Dalbergia melanoxylon.2 (45).png,train/Dalbergia melanoxylon/3352. Dalbergia melanoxylon.2 (45).png
Pterocarpus soyauxii/sub_049/191_1.png,train/Pterocarpus soyauxii/191_1.png
Guibourtia arnoldiana/sub_011/3411. Guibourtia arnoldiana.4 (106).png,train/Guibourtia arnoldiana/3411. Guibourtia arnoldiana.4 (106).png
Guibourtia ehie/sub_064/Guibourtia ehie_KREW954_4_(151).png,train/Guibourtia ehie/Guibourtia ehie_KREW954_4_(151).png
Afzelia africana/sub_050/doussie14.png,train/Afzelia africana/doussie14.png
Guibourtia coleosperma/sub_046/Guibourtia coleosperma_3253.3 (28).png,train/Guibourtia coleosperma/Guibourtia coleosperma_3253.3 (28).png
Pterocarpus soyauxii/sub_031/134_1_1.png,train/Pterocarpus soyauxii/134_1_1.png
Dalbergia oliveri/sub_072/Dalbergia oliveri_3237.10_ (25).png,train/Dalbergia oliveri/Dalbergia oliveri_3237.10_ (25).png
Dalbergia oliveri/sub_041/Dalbergia oliveri_3237.7_ (7).png,train/Dalbergia oliveri/Dalbergia oliveri_3237.7_ (7).png
Afzelia bella/sub_068/Afzelia bella_AMRX692_(45).png,train/Afzelia bella/Afzelia bella_AMRX692_(45).png
Afzelia africana/sub_001/doussie14.png,train/Afzelia africana/doussie14__091b46b8.png
Sindora tonkinensis/sub_045/3381. Sindora tonkinensis.8 (252).png,train/Sindora tonkinensis/3381. Sindora tonkinensis.8 (252).png
Pterocarpus macrocarpus/sub_007/147_2.png,train/Pterocarpus macrocarpus/147_2__b32ba639.png
Sindora cochinchinensis/sub_006/gụ28.png,train/Sindora cochinchinensis/gụ28.png
Guibourtia ehie/sub_024/Guibourtia ehie_GHQN943_3_(95).png,train/Guibourtia ehie/Guibourtia ehie_GHQN943_3_(95).png
Sindora cochinchinensis/sub_059/gụ66.png,train/Sindora cochinchinensis/gụ66.png
Afzelia africana/sub_022/doussie5.png,train/Afzelia africana/doussie5.png
Dalbergia cochinchinensis/sub_002/Dalbergia cochinchinensis.3280.4 (25).png,train/Dalbergia cochinchinensis/Dalbergia cochinchinensis.3280.4 (25).png
Dalbergia rimosa/sub_047/3414. Dalbergia rimosa.3 (67).png,train/Dalbergia rimosa/3414. Dalbergia rimosa.3 (67).png
Pterocarpus sp/sub_100/159.png,train/Pterocarpus sp/159.png
Pterocarpus sp/sub_040/120_5.png,train/Pterocarpus sp/120_5.png
Pterocarpus sp/sub_063/139_1.png,train/Pterocarpus sp/139_1.png
Guibourtia arnoldiana/sub_020/3411. Guibourtia arnoldiana.8 (235).png,train/Guibourtia arnoldiana/3411. Guibourtia arnoldiana.8 (235).png
Pterocarpus erinaceus/sub_029/3403. Pterocarpus erinaceus.8 (257).png,train/Pterocarpus erinaceus/3403. Pterocarpus erinaceus.8 (257).png
Pterocarpus soyauxii/sub_054/126_1.png,train/Pterocarpus soyauxii/126_1.png
Sindora tonkinensis/sub_001/3381. Sindora tonkinensis.1 (27).png,train/Sindora tonkinensis/3381. Sindora tonkinensis.1 (27).png
Afzelia africana/sub_030/doussie70.png,train/Afzelia africana/doussie70.png
Dalbergia oliveri/sub_065/Dalbergia oliveri_3237.3_ (30).png,train/Dalbergia oliveri/Dalbergia oliveri_3237.3_ (30).png
Guibourtia ehie/sub_052/Guibourtia ehie_CHYX256_1_(14).png,train/Guibourtia ehie/Guibourtia ehie_CHYX256_1_(14).png
Dalbergia melanoxylon/sub_038/3352. Dalbergia melanoxylon.4.(111).png,train/Dalbergia melanoxylon/3352. Dalbergia melanoxylon.4.(111).png
Pterocarpus soyauxii/sub_062/143_1_1.png,train/Pterocarpus soyauxii/143_1_1.png
Sindora cochinchinensis/sub_090/gụ50.png,train/Sindora cochinchinensis/gụ50.png
Pterocarpus sp/sub_047/17_2.png,train/Pterocarpus sp/17_2.png
Pterocarpus macrocarpus/sub_078/15.png,train/Pterocarpus macrocarpus/15.png
Dalbergia melanoxylon/sub_024/3352. Dalbergia melanoxylon.5.(127).png,train/Dalbergia melanoxylon/3352. Dalbergia melanoxylon.5.(127).png
Guibourtia arnoldiana/sub_061/3411. Guibourtia arnoldiana.5 (142).png,train/Guibourtia arnoldiana/3411. Guibourtia arnoldiana.5 (142).png
Sindora tonkinensis/sub_060/3381. Sindora tonkinensis.4 (100).png,train/Sindora tonkinensis/3381. Sindora tonkinensis.4 (100).png
Peltogyne pubescens/sub_004/3377. Peltogyne pubescens.2 (48).png,train/Peltogyne pubescens/3377. Peltogyne pubescens.2 (48).png
Dalbergia tonkinensis/sub_040/3353. Dalbergia tonkinensis.5.(158).png,train/Dalbergia tonkinensis/3353. Dalbergia tonkinensis.5.(158).png
Sindora tonkinensis/sub_019/3381. Sindora tonkinensis.7 (189).png,train/Sindora tonkinensis/3381. Sindora tonkinensis.7 (189).png
Dalbergia tonkinensis/sub_010/3353. Dalbergia tonkinensis.6.(177).png,train/Dalbergia tonkinensis/3353. Dalbergia tonkinensis.6.(177).png
Dalbergia oliveri/sub_040/Dalbergia oliveri_3237.6_ (20).png,train/Dalbergia oliveri/Dalbergia oliveri_3237.6_ (20).png
Afzelia africana/sub_027/doussie19.png,train/Afzelia africana/doussie19.png
Dalbergia tonkinensis/sub_045/3353. Dalbergia tonkinensis.1.(26).png,train/Dalbergia tonkinensis/3353. Dalbergia tonkinensis.1.(26).png
Dalbergia cochinchinensis/sub_025/Dalbergia cochinchinensis.3280.6 (3).png,train/Dalbergia cochinchinensis/Dalbergia cochinchinensis.3280.6 (3).png
Pterocarpus sp/sub_045/152_3.png,train/Pterocarpus sp/152_3.png
Peltogyne pubescens/sub_001/3377. Peltogyne pubescens.5 (153).png,train/Peltogyne pubescens/3377. Peltogyne pubescens.5 (153).png
Dalbergia tonkinensis/sub_008/3353. Dalbergia tonkinensis.2.(36).png,train/Dalbergia tonkinensis/3353. Dalbergia tonkinensis.2.(36).png
Dalbergia cochinchinensis/sub_064/Dalbergia cochinchinensis.3280.10 (19).png,train/Dalbergia cochinchinensis/Dalbergia cochinchinensis.3280.10 (19).png
Afzelia bella/sub_012/Afzelia bella_OGHV743_(217).png,train/Afzelia bella/Afzelia bella_OGHV743_(217).png
Guibourtia coleosperma/sub_074/Guibourtia coleosperma_3253.4 (35).png,train/Guibourtia coleosperma/Guibourtia coleosperma_3253.4 (35).png
Dalbergia oliveri/sub_005/Dalbergia oliveri_3237.5_ (20).png,train/Dalbergia oliveri/Dalbergia oliveri_3237.5_ (20).png
Pterocarpus sp/sub_059/138_4.png,train/Pterocarpus sp/138_4.png
Afzelia pachyloba/sub_008/2.3_3.png,train/Afzelia pachyloba/2.3_3.png
Guibourtia arnoldiana/sub_041/3411. Guibourtia arnoldiana.10 (310).png,train/Guibourtia arnoldiana/3411. Guibourtia arnoldiana.10 (310).png
Dalbergia melanoxylon/sub_024/3352. Dalbergia melanoxylon.2 (46).png,train/Dalbergia melanoxylon/3352. Dalbergia melanoxylon.2 (46).png
Guibourtia coleosperma/sub_016/Guibourtia coleosperma_3253.1 (10).png,train/Guibourtia coleosperma/Guibourtia coleosperma_3253.1 (10).png
Pterocarpus macrocarpus/sub_012/142_2.png,train/Pterocarpus macrocarpus/142_2__9faee787.png
Afzelia bella/sub_005/Afzelia bella_QUAV174_(302).png,train/Afzelia bella/Afzelia bella_QUAV174_(302).png
Afzelia pachyloba/sub_009/2.1_4.png,train/Afzelia pachyloba/2.1_4.png
Guibourtia coleosperma/sub_073/Guibourtia coleosperma_3253.6 (2).png,train/Guibourtia coleosperma/Guibourtia coleosperma_3253.6 (2).png
Afzelia bella/sub_002/Afzelia bella_HYBT691_(158).png,train/Afzelia bella/Afzelia bella_HYBT691_(158).png
Afzelia bella/sub_057/Afzelia bella_FFCA657_9_32116.png,train/Afzelia bella/Afzelia bella_FFCA657_9_32116.png
Afzelia bella/sub_017/Afzelia bella_QUAV174_(311).png,train/Afzelia bella/Afzelia bella_QUAV174_(311).png
Pterocarpus sp/sub_006/158_1.png,train/Pterocarpus sp/158_1.png
Guibourtia ehie/sub_001/Guibourtia ehie_SXGM640_8_(291).png,train/Guibourtia ehie/Guibourtia ehie_SXGM640_8_(291).png
Sindora cochinchinensis/sub_090/gụ70.png,train/Sindora cochinchinensis/gụ70.png
Guibourtia arnoldiana/sub_034/3411. Guibourtia arnoldiana.1 (11).png,train/Guibourtia arnoldiana/3411. Guibourtia arnoldiana.1 (11).png
Dalbergia oliveri/sub_007/Dalbergia oliveri_3237.6_ (31).png,train/Dalbergia oliveri/Dalbergia oliveri_3237.6_ (31).png
Afzelia bella/sub_022/Afzelia bella_OGHV743_(226).png,train/Afzelia bella/Afzelia bella_OGHV743_(226).png
Pterocarpus indicus/sub_011/3395. Pterocarpus indicus.2 (58).png,train/Pterocarpus indicus/3395. Pterocarpus indicus.2 (58).png
Guibourtia coleosperma/sub_062/Guibourtia coleosperma_3253.7 (32).png,train/Guibourtia coleosperma/Guibourtia coleosperma_3253.7 (32).png
Dalbergia rimosa/sub_004/3414. Dalbergia rimosa.5 (138).png,train/Dalbergia rimosa/3414. Dalbergia rimosa.5 (138).png
Afzelia africana/sub_046/doussie32_1.png,train/Afzelia africana/doussie32_1.png
Sindora tonkinensis/sub_014/3381. Sindora tonkinensis.2 (58).png,train/Sindora tonkinensis/3381. Sindora tonkinensis.2 (58).png
Dalbergia rimosa/sub_072/3414. Dalbergia rimosa.6 (168).png,train/Dalbergia rimosa/3414. Dalbergia rimosa.6 (168).png
Sindora tonkinensis/sub_065/3381. Sindora tonkinensis.10 (294).png,train/Sindora tonkinensis/3381. Sindora tonkinensis.10 (294).png
Pterocarpus sp/sub_075/131_1.png,train/Pterocarpus sp/131_1__0e69e007.png
Dalbergia cochinchinensis/sub_059/Dalbergia cochinchinensis.3280.8 (20).png,train/Dalbergia cochinchinensis/Dalbergia cochinchinensis.3280.8 (20).png
Pterocarpus soyauxii/sub_066/198.png,train/Pterocarpus soyauxii/198.png
Guibourtia ehie/sub_079/Guibourtia ehie_FEHC134_2_(72).png,train/Guibourtia ehie/Guibourtia ehie_FEHC134_2_(72).png
Dalbergia oliveri/sub_023/Dalbergia oliveri_3237.3_ (29).png,train/Dalbergia oliveri/Dalbergia oliveri_3237.3_ (29).png
Guibourtia coleosperma/sub_034/Guibourtia coleosperma_3253.3 (9).png,train/Guibourtia coleosperma/Guibourtia coleosperma_3253.3 (9).png
Guibourtia coleosperma/sub_071/Guibourtia coleosperma_3253.7 (26).png,train/Guibourtia coleosperma/Guibourtia coleosperma_3253.7 (26).png
Afzelia bella/sub_004/Afzelia bella_OGHV743_(215).png,train/Afzelia bella/Afzelia bella_OGHV743_(215).png
Pterocarpus erinaceus/sub_011/3403. Pterocarpus erinaceus.6 (169).png,train/Pterocarpus erinaceus/3403. Pterocarpus erinaceus.6 (169).png
Afzelia africana/sub_053/doussie11_1.png,train/Afzelia africana/doussie11_1.png
Guibourtia ehie/sub_017/Guibourtia ehie_SXGM640_8_(285).png,train/Guibourtia ehie/Guibourtia ehie_SXGM640_8_(285).png
Dalbergia cochinchinensis/sub_040/Dalbergia cochinchinensis.3280.9 (15).png,train/Dalbergia cochinchinensis/Dalbergia cochinchinensis.3280.9 (15).png
Sindora tonkinensis/sub_006/3381. Sindora tonkinensis.5 (145).png,train/Sindora tonkinensis/3381. Sindora tonkinensis.5 (145).png
Afzelia quanzensis/sub_041/138_2.png,train/Afzelia quanzensis/138_2.png
Peltogyne pubescens/sub_010/3377. Peltogyne pubescens.9 (299).png,train/Peltogyne pubescens/3377. Peltogyne pubescens.9 (299).png
Pterocarpus erinaceus/sub_007/3403. Pterocarpus erinaceus.8 (261).png,train/Pterocarpus erinaceus/3403. Pterocarpus erinaceus.8 (261).png
Pterocarpus sp/sub_074/131_3.png,train/Pterocarpus sp/131_3.png
Pterocarpus indicus/sub_060/3395. Pterocarpus indicus.10 (292).png,train/Pterocarpus indicus/3395. Pterocarpus indicus.10 (292).png
Afzelia quanzensis/sub_023/133_4.png,train/Afzelia quanzensis/133_4.png
Dalbergia cochinchinensis/sub_047/Dalbergia cochinchinensis.3280.4 (36).png,train/Dalbergia cochinchinensis/Dalbergia cochinchinensis.3280.4 (36).png
Sindora tonkinensis/sub_024/3381. Sindora tonkinensis.2 (45).png,train/Sindora tonkinensis/3381. Sindora tonkinensis.2 (45).png
Dalbergia rimosa/sub_023/3414. Dalbergia rimosa.3 (79).png,train/Dalbergia rimosa/3414. Dalbergia rimosa.3 (79).png
Pterocarpus macrocarpus/sub_002/111_1.png,train/Pterocarpus macrocarpus/111_1__b54ffb34.png
Afzelia quanzensis/sub_041/14_3.png,train/Afzelia quanzensis/14_3.png
Dalbergia cochinchinensis/sub_023/Dalbergia cochinchinensis.3280.8 (10).png,train/Dalbergia cochinchinensis/Dalbergia cochinchinensis.3280.8 (10).png
Sindora tonkinensis/sub_029/3381. Sindora tonkinensis.3 (87).png,train/Sindora tonkinensis/3381. Sindora tonkinensis.3 (87).png
Guibourtia ehie/sub_053/Guibourtia ehie_QAMZ768_7_(264).png,train/Guibourtia ehie/Guibourtia ehie_QAMZ768_7_(264).png
Sindora cochinchinensis/sub_037/gụ45.png,train/Sindora cochinchinensis/gụ45.png
Guibourtia coleosperma/sub_017/Guibourtia coleosperma_3253.9 (2).png,train/Guibourtia coleosperma/Guibourtia coleosperma_3253.9 (2).png
Pterocarpus sp/sub_044/134_3.png,train/Pterocarpus sp/134_3.png
Pterocarpus macrocarpus/sub_031/161.png,train/Pterocarpus macrocarpus/161.png
Pterocarpus soyauxii/sub_012/10_1.png,train/Pterocarpus soyauxii/10_1.png
Dalbergia melanoxylon/sub_001/3352. Dalbergia melanoxylon.4.(112).png,train/Dalbergia melanoxylon/3352. Dalbergia melanoxylon.4.(112).png
Afzelia bella/sub_002/Afzelia bella_QUAV174_(319).png,train/Afzelia bella/Afzelia bella_QUAV174_(319).png
Pterocarpus sp/sub_098/19_1_1.png,train/Pterocarpus sp/19_1_1.png
Afzelia bella/sub_054/Afzelia bella_OGHV743_(203).png,train/Afzelia bella/Afzelia bella_OGHV743_(203).png
Pterocarpus indicus/sub_010/3395. Pterocarpus indicus.2 (57).png,train/Pterocarpus indicus/3395. Pterocarpus indicus.2 (57).png
Afzelia bella/sub_014/Afzelia bella_LYSV052_(177).png,train/Afzelia bella/Afzelia bella_LYSV052_(177).png
Guibourtia ehie/sub_036/Guibourtia ehie_PRQC042_5_(189).png,train/Guibourtia ehie/Guibourtia ehie_PRQC042_5_(189).png
Pterocarpus sp/sub_013/117_3.png,train/Pterocarpus sp/117_3.png
Sindora tonkinensis/sub_017/3381. Sindora tonkinensis.8 (255).png,train/Sindora tonkinensis/3381. Sindora tonkinensis.8 (255).png
Afzelia quanzensis/sub_025/127_2.png,train/Afzelia quanzensis/127_2.png
Dalbergia rimosa/sub_043/3414. Dalbergia rimosa.8 (238).png,train/Dalbergia rimosa/3414. Dalbergia rimosa.8 (238).png
Afzelia bella/sub_010/Afzelia bella_QCYD170_(277).png,train/Afzelia bella/Afzelia bella_QCYD170_(277).png
Pterocarpus soyauxii/sub_002/199_1.png,train/Pterocarpus soyauxii/199_1.png
Pterocarpus soyauxii/sub_003/138_1.png,train/Pterocarpus soyauxii/138_1.png
Guibourtia coleosperma/sub_003/Guibourtia coleosperma_3253.3 (2).png,train/Guibourtia coleosperma/Guibourtia coleosperma_3253.3 (2).png
Afzelia bella/sub_062/Afzelia bella_LYSV052_(176).png,train/Afzelia bella/Afzelia bella_LYSV052_(176).png
Afzelia bella/sub_071/Afzelia bella_GCJA653_(102).png,train/Afzelia bella/Afzelia bella_GCJA653_(102).png
Pterocarpus soyauxii/sub_034/131_1.png,train/Pterocarpus soyauxii/131_1.png
Dalbergia cochinchinensis/sub_037/Dalbergia cochinchinensis.3280.8 (35).png,train/Dalbergia cochinchinensis/Dalbergia cochinchinensis.3280.8 (35).png
Pterocarpus sp/sub_081/151.png,train/Pterocarpus sp/151__b2e3067d.png
Afzelia bella/sub_006/Afzelia bella_AMRX692_(44).png,train/Afzelia bella/Afzelia bella_AMRX692_(44).png
Dalbergia cochinchinensis/sub_033/Dalbergia cochinchinensis.3280.1 (31).png,train/Dalbergia cochinchinensis/Dalbergia cochinchinensis.3280.1 (31).png
Dalbergia rimosa/sub_004/3414. Dalbergia rimosa.10 (288).png,train/Dalbergia rimosa/3414. Dalbergia rimosa.10 (288).png
Pterocarpus soyauxii/sub_065/123_2.png,train/Pterocarpus soyauxii/123_2.png
Pterocarpus macrocarpus/sub_038/124_1_1.png,train/Pterocarpus macrocarpus/124_1_1.png
Peltogyne pubescens/sub_035/3377. Peltogyne pubescens.3 (111).png,train/Peltogyne pubescens/3377. Peltogyne pubescens.3 (111).png
Guibourtia ehie/sub_008/Guibourtia ehie_CHYX256_1_(21).png,train/Guibourtia ehie/Guibourtia ehie_CHYX256_1_(21).png
Pterocarpus indicus/sub_003/3395. Pterocarpus indicus.3 (83).png,train/Pterocarpus indicus/3395. Pterocarpus indicus.3 (83).png
Pterocarpus macrocarpus/sub_037/128_4.png,train/Pterocarpus macrocarpus/128_4.png
Afzelia africana/sub_048/2.1.jpg,train/Afzelia africana/2.1.jpg
Dalbergia oliveri/sub_075/Dalbergia oliveri_3237.6_ (4).png,train/Dalbergia oliveri/Dalbergia oliveri_3237.6_ (4).png
Afzelia bella/sub_036/Afzelia bella_WJSV740_10_3616.png,train/Afzelia bella/Afzelia bella_WJSV740_10_3616.png
Pterocarpus sp/sub_007/131.png,train/Pterocarpus sp/131.png
Dalbergia oliveri/sub_018/Dalbergia oliveri_3237.1_ (24).png,train/Dalbergia oliveri/Dalbergia oliveri_3237.1_ (24).png
Afzelia bella/sub_059/Afzelia bella_GCJA653_(119).png,train/Afzelia bella/Afzelia bella_GCJA653_(119).png
Guibourtia coleosperma/sub_056/Guibourtia coleosperma_3253.9 (19).png,train/Guibourtia coleosperma/Guibourtia coleosperma_3253.9 (19).png
Afzelia quanzensis/sub_061/124_6.png,train/Afzelia quanzensis/124_6.png
Dalbergia melanoxylon/sub_027/3352. Dalbergia melanoxylon.8.(210).png,train/Dalbergia melanoxylon/3352. Dalbergia melanoxylon.8.(210).png
Dalbergia oliveri/sub_008/Dalbergia oliveri_3237.6_ (5).png,train/Dalbergia oliveri/Dalbergia oliveri_3237.6_ (5).png
Pterocarpus indicus/sub_043/3395. Pterocarpus indicus.4 (117).png,train/Pterocarpus indicus/3395. Pterocarpus indicus.4 (117).png
Guibourtia coleosperma/sub_007/Guibourtia coleosperma_3253.11 (17).png,train/Guibourtia coleosperma/Guibourtia coleosperma_3253.11 (17).png
Dalbergia cochinchinensis/sub_034/Dalbergia cochinchinensis.3280.3 (1).png,train/Dalbergia cochinchinensis/Dalbergia cochinchinensis.3280.3 (1).png
Dalbergia tonkinensis/sub_037/3353. Dalbergia tonkinensis.8.(243).png,train/Dalbergia tonkinensis/3353. Dalbergia tonkinensis.8.(243).png
Afzelia pachyloba/sub_052/6.1.png,train/Afzelia pachyloba/6.1__9ae0e8c8.png
Pterocarpus sp/sub_036/161.png,train/Pterocarpus sp/161.png
Guibourtia arnoldiana/sub_012/3411. Guibourtia arnoldiana.6 (190).png,train/Guibourtia arnoldiana/3411. Guibourtia arnoldiana.6 (190).png
Afzelia quanzensis/sub_024/15_1.png,train/Afzelia quanzensis/15_1.png
Peltogyne pubescens/sub_012/3377. Peltogyne pubescens.6 (219).png,train/Peltogyne pubescens/3377. Peltogyne pubescens.6 (219).png
Dalbergia melanoxylon/sub_010/3352. Dalbergia melanoxylon.10.(289).png,train/Dalbergia melanoxylon/3352. Dalbergia melanoxylon.10.(289).png
Sindora tonkinensis/sub_018/3381. Sindora tonkinensis.9 (269).png,train/Sindora tonkinensis/3381. Sindora tonkinensis.9 (269).png
Sindora cochinchinensis/sub_019/gụ48.png,train/Sindora cochinchinensis/gụ48.png
Afzelia bella/sub_015/Afzelia bella_WJSV740_10_36127.png,train/Afzelia bella/Afzelia bella_WJSV740_10_36127.png
Pterocarpus macrocarpus/sub_054/113_5.png,train/Pterocarpus macrocarpus/113_5.png
Sindora cochinchinensis/sub_054/gụ28.png,train/Sindora cochinchinensis/gụ28__7c9655fc.png
Afzelia bella/sub_044/Afzelia bella_FFCA657_9_32114.png,train/Afzelia bella/Afzelia bella_FFCA657_9_32114.png
Dalbergia melanoxylon/sub_042/3352. Dalbergia melanoxylon.8.(211).png,train/Dalbergia melanoxylon/3352. Dalbergia melanoxylon.8.(211).png
Peltogyne pubescens/sub_030/3377. Peltogyne pubescens.2 (56).png,train/Peltogyne pubescens/3377. Peltogyne pubescens.2 (56).png
Pterocarpus indicus/sub_003/3395. Pterocarpus indicus.5 (144).png,train/Pterocarpus indicus/3395. Pterocarpus indicus.5 (144).png
Sindora tonkinensis/sub_002/3381. Sindora tonkinensis.3 (86).png,train/Sindora tonkinensis/3381. Sindora tonkinensis.3 (86).png
Pterocarpus sp/sub_007/143_6.png,train/Pterocarpus sp/143_6.png
Dalbergia rimosa/sub_027/3414. Dalbergia rimosa.5 (149).png,train/Dalbergia rimosa/3414. Dalbergia rimosa.5 (149).png
Pterocarpus sp/sub_045/165_2.png,train/Pterocarpus sp/165_2.png
Afzelia quanzensis/sub_001/145_2.png,train/Afzelia quanzensis/145_2.png
Afzelia quanzensis/sub_020/16_3.png,train/Afzelia quanzensis/16_3.png
Dalbergia tonkinensis/sub_034/3353. Dalbergia tonkinensis.8.(242).png,train/Dalbergia tonkinensis/3353. Dalbergia tonkinensis.8.(242).png
Pterocarpus sp/sub_081/155_2.png,train/Pterocarpus sp/155_2.png
Guibourtia coleosperma/sub_054/Guibourtia coleosperma_3253.9 (17).png,train/Guibourtia coleosperma/Guibourtia coleosperma_3253.9 (17).png
Dalbergia tonkinensis/sub_020/3353. Dalbergia tonkinensis.7.(199).png,train/Dalbergia tonkinensis/3353. Dalbergia tonkinensis.7.(199).png
Afzelia bella/sub_001/Afzelia bella_QCYD170_(273).png,train/Afzelia bella/Afzelia bella_QCYD170_(273).png
Pterocarpus erinaceus/sub_024/3403. Pterocarpus erinaceus.7 (215).png,train/Pterocarpus erinaceus/3403. Pterocarpus erinaceus.7 (215).png
Afzelia africana/sub_016/doussie21.png,train/Afzelia africana/doussie21.png
Dalbergia cochinchinensis/sub_016/Dalbergia cochinchinensis.3280.7 (36).png,train/Dalbergia cochinchinensis/Dalbergia cochinchinensis.3280.7 (36).png
Peltogyne pubescens/sub_042/3377. Peltogyne pubescens.9 (311).png,train/Peltogyne pubescens/3377. Peltogyne pubescens.9 (311).png
Pterocarpus erinaceus/sub_008/3403. Pterocarpus erinaceus.8 (259).png,train/Pterocarpus erinaceus/3403. Pterocarpus erinaceus.8 (259).png
Sindora tonkinensis/sub_046/3381. Sindora tonkinensis.6 (182).png,train/Sindora tonkinensis/3381. Sindora tonkinensis.6 (182).png
Dalbergia oliveri/sub_018/Dalbergia oliveri_3237.5_ (25).png,train/Dalbergia oliveri/Dalbergia oliveri_3237.5_ (25).png
Pterocarpus macrocarpus/sub_001/129_2.png,train/Pterocarpus macrocarpus/129_2.png
Pterocarpus sp/sub_016/156.png,train/Pterocarpus sp/156.png
Sindora cochinchinensis/sub_015/gụ7_2.png,train/Sindora cochinchinensis/gụ7_2.png
Sindora cochinchinensis/sub_043/gụ2_1.png,train/Sindora cochinchinensis/gụ2_1.png
Guibourtia arnoldiana/sub_014/3411. Guibourtia arnoldiana.3 (78).png,train/Guibourtia arnoldiana/3411. Guibourtia arnoldiana.3 (78).png
Guibourtia coleosperma/sub_006/Guibourtia coleosperma_3253.6 (29).png,train/Guibourtia coleosperma/Guibourtia coleosperma_3253.6 (29).png
Pterocarpus soyauxii/sub_008/150_2.png,train/Pterocarpus soyauxii/150_2.png
Pterocarpus soyauxii/sub_097/166_2.png,train/Pterocarpus soyauxii/166_2.png
Pterocarpus soyauxii/sub_097/120_1.png,train/Pterocarpus soyauxii/120_1.png
Pterocarpus sp/sub_025/114_2.png,train/Pterocarpus sp/114_2.png
Pterocarpus soyauxii/sub_018/135_2.png,train/Pterocarpus soyauxii/135_2.png
Sindora cochinchinensis/sub_004/gụ94.png,train/Sindora cochinchinensis/gụ94.png
Sindora cochinchinensis/sub_036/gụ69_1.png,train/Sindora cochinchinensis/gụ69_1.png
Guibourtia ehie/sub_071/Guibourtia ehie_FEHC134_2_(64).png,train/Guibourtia ehie/Guibourtia ehie_FEHC134_2_(64).png
Pterocarpus soyauxii/sub_016/116_2.png,train/Pterocarpus soyauxii/116_2.png
Sindora cochinchinensis/sub_051/gụ14_1.png,train/Sindora cochinchinensis/gụ14_1.png
Pterocarpus macrocarpus/sub_062/126_3.png,train/Pterocarpus macrocarpus/126_3.png
Pterocarpus erinaceus/sub_011/3403. Pterocarpus erinaceus.2 (39).png,train/Pterocarpus erinaceus/3403. Pterocarpus erinaceus.2 (39).png
Afzelia quanzensis/sub_046/122_2.png,train/Afzelia quanzensis/122_2.png
Pterocarpus erinaceus/sub_047/3403. Pterocarpus erinaceus.9 (277).png,train/Pterocarpus erinaceus/3403. Pterocarpus erinaceus.9 (277).png
Peltogyne pubescens/sub_038/3377. Peltogyne pubescens.10 (346).png,train/Peltogyne pubescens/3377. Peltogyne pubescens.10 (346).png
Dalbergia oliveri/sub_011/Dalbergia oliveri_3237.8_ (24).png,train/Dalbergia oliveri/Dalbergia oliveri_3237.8_ (24).png
Dalbergia cochinchinensis/sub_032/Dalbergia cochinchinensis.3280.8 (28).png,train/Dalbergia cochinchinensis/Dalbergia cochinchinensis.3280.8 (28).png
Dalbergia rimosa/sub_019/3414. Dalbergia rimosa.9 (249).png,train/Dalbergia rimosa/3414. Dalbergia rimosa.9 (249).png
Pterocarpus sp/sub_083/143_3.png,train/Pterocarpus sp/143_3.png
Afzelia africana/sub_014/doussie4.png,train/Afzelia africana/doussie4.png
Dalbergia rimosa/sub_012/3414. Dalbergia rimosa.8 (236).png,train/Dalbergia rimosa/3414. Dalbergia rimosa.8 (236).png
Guibourtia coleosperma/sub_081/Guibourtia coleosperma_3253.3 (29).png,train/Guibourtia coleosperma/Guibourtia coleosperma_3253.3 (29).png
Dalbergia melanoxylon/sub_017/3352. Dalbergia melanoxylon.2 (56).png,train/Dalbergia melanoxylon/3352. Dalbergia melanoxylon.2 (56).png
Peltogyne pubescens/sub_038/3377. Peltogyne pubescens.3 (106).png,train/Peltogyne pubescens/3377. Peltogyne pubescens.3 (106).png
Dalbergia tonkinensis/sub_070/3353. Dalbergia tonkinensis.4.(120).png,train/Dalbergia tonkinensis/3353. Dalbergia tonkinensis.4.(120).png
Sindora cochinchinensis/sub_028/gụ73.png,train/Sindora cochinchinensis/gụ73.png
Pterocarpus sp/sub_062/11_4.png,train/Pterocarpus sp/11_4.png
Pterocarpus indicus/sub_001/3395. Pterocarpus indicus.8 (226).png,train/Pterocarpus indicus/3395. Pterocarpus indicus.8 (226).png
Pterocarpus soyauxii/sub_007/137_2.png,train/Pterocarpus soyauxii/137_2.png
Guibourtia arnoldiana/sub_034/3411. Guibourtia arnoldiana.7 (215).png,train/Guibourtia arnoldiana/3411. Guibourtia arnoldiana.7 (215).png
Afzelia pachyloba/sub_011/5.3_1.png,train/Afzelia pachyloba/5.3_1.png
Pterocarpus soyauxii/sub_039/166.png,train/Pterocarpus soyauxii/166.png
Guibourtia arnoldiana/sub_007/3411. Guibourtia arnoldiana.7 (198).png,train/Guibourtia arnoldiana/3411. Guibourtia arnoldiana.7 (198).png
Sindora cochinchinensis/sub_016/gụ24_2.png,train/Sindora cochinchinensis/gụ24_2.png
Sindora cochinchinensis/sub_007/gụ42_1.png,train/Sindora cochinchinensis/gụ42_1.png
Dalbergia rimosa/sub_014/3414. Dalbergia rimosa.5 (128).png,train/Dalbergia rimosa/3414. Dalbergia rimosa.5 (128).png
Peltogyne pubescens/sub_036/3377. Peltogyne pubescens.9 (332).png,train/Peltogyne pubescens/3377. Peltogyne pubescens.9 (332).png
Guibourtia arnoldiana/sub_038/3411. Guibourtia arnoldiana.4 (101).png,train/Guibourtia arnoldiana/3411. Guibourtia arnoldiana.4 (101).png
Pterocarpus macrocarpus/sub_074/141.png,train/Pterocarpus macrocarpus/141.png
Afzelia quanzensis/sub_055/132_2.png,train/Afzelia quanzensis/132_2.png
Sindora cochinchinensis/sub_025/gụ57_1.png,train/Sindora cochinchinensis/gụ57_1.png
Dalbergia rimosa/sub_042/3414. Dalbergia rimosa.7 (210).png,train/Dalbergia rimosa/3414. Dalbergia rimosa.7 (210).png
Sindora cochinchinensis/sub_083/gụ32.png,train/Sindora cochinchinensis/gụ32.png
Pterocarpus erinaceus/sub_020/3403. Pterocarpus erinaceus.7 (224).png,train/Pterocarpus erinaceus/3403. Pterocarpus erinaceus.7 (224).png
Dalbergia tonkinensis/sub_008/3353. Dalbergia tonkinensis.6.(171).png,train/Dalbergia tonkinensis/3353. Dalbergia tonkinensis.6.(171).png
Pterocarpus macrocarpus/sub_010/112_2.png,train/Pterocarpus macrocarpus/112_2.png
Dalbergia cochinchinensis/sub_019/Dalbergia cochinchinensis.3280.10 (11).png,train/Dalbergia cochinchinensis/Dalbergia cochinchinensis.3280.10 (11).png
Guibourtia ehie/sub_071/Guibourtia ehie_SXGM640_8_(307).png,train/Guibourtia ehie/Guibourtia ehie_SXGM640_8_(307).png
Dalbergia melanoxylon/sub_002/3352. Dalbergia melanoxylon.9.(258).png,train/Dalbergia melanoxylon/3352. Dalbergia melanoxylon.9.(258).png
Dalbergia rimosa/sub_015/3414. Dalbergia rimosa.1(4).png,train/Dalbergia rimosa/3414. Dalbergia rimosa.1(4).png
Afzelia bella/sub_072/Afzelia bella_GCJA653_(91).png,train/Afzelia bella/Afzelia bella_GCJA653_(91).png
Pterocarpus sp/sub_002/122_2.png,train/Pterocarpus sp/122_2.png
Dalbergia melanoxylon/sub_021/3352. Dalbergia melanoxylon.5.(132).png,train/Dalbergia melanoxylon/3352. Dalbergia melanoxylon.5.(132).png
Guibourtia arnoldiana/sub_012/3411. Guibourtia arnoldiana.3 (82).png,train/Guibourtia arnoldiana/3411. Guibourtia arnoldiana.3 (82).png
Pterocarpus sp/sub_069/119_1.png,train/Pterocarpus sp/119_1.png
Pterocarpus soyauxii/sub_005/1103.png,train/Pterocarpus soyauxii/1103.png
Guibourtia arnoldiana/sub_026/3411. Guibourtia arnoldiana.8 (243).png,train/Guibourtia arnoldiana/3411. Guibourtia arnoldiana.8 (243).png
Sindora cochinchinensis/sub_005/gụ70.png,train/Sindora cochinchinensis/gụ70__3d7566b6.png
Peltogyne pubescens/sub_015/3377. Peltogyne pubescens.10 (339).png,train/Peltogyne pubescens/3377. Peltogyne pubescens.10 (339).png
Afzelia bella/sub_041/Afzelia bella_QUAV174_(301).png,train/Afzelia bella/Afzelia bella_QUAV174_(301).png
Guibourtia arnoldiana/sub_004/3411. Guibourtia arnoldiana.4 (108).png,train/Guibourtia arnoldiana/3411. Guibourtia arnoldiana.4 (108).png
Pterocarpus soyauxii/sub_047/196.png,train/Pterocarpus soyauxii/196.png
Pterocarpus macrocarpus/sub_042/149_3.png,train/Pterocarpus macrocarpus/149_3.png
Dalbergia rimosa/sub_052/3414. Dalbergia rimosa.3 (66).png,train/Dalbergia rimosa/3414. Dalbergia rimosa.3 (66).png
Guibourtia arnoldiana/sub_013/3411. Guibourtia arnoldiana.2 (61).png,train/Guibourtia arnoldiana/3411. Guibourtia arnoldiana.2 (61).png
Pterocarpus indicus/sub_030/3395. Pterocarpus indicus.5 (156).png,train/Pterocarpus indicus/3395. Pterocarpus indicus.5 (156).png
Guibourtia coleosperma/sub_045/Guibourtia coleosperma_3253.9 (21).png,train/Guibourtia coleosperma/Guibourtia coleosperma_3253.9 (21).png
Pterocarpus macrocarpus/sub_030/116_3.png,train/Pterocarpus macrocarpus/116_3.png
Pterocarpus erinaceus/sub_007/3403. Pterocarpus erinaceus.9 (288).png,train/Pterocarpus erinaceus/3403. Pterocarpus erinaceus.9 (288).png
Afzelia bella/sub_050/Afzelia bella_QUAV174_(281).png,train/Afzelia bella/Afzelia bella_QUAV174_(281).png
Sindora cochinchinensis/sub_059/gụ55.png,train/Sindora cochinchinensis/gụ55.png
Afzelia pachyloba/sub_002/3.1_1_1.png,train/Afzelia pachyloba/3.1_1_1.png
Pterocarpus indicus/sub_022/3395. Pterocarpus indicus.8 (236).png,train/Pterocarpus indicus/3395. Pterocarpus indicus.8 (236).png
Peltogyne pubescens/sub_021/3377. Peltogyne pubescens.4 (117).png,train/Peltogyne pubescens/3377. Peltogyne pubescens.4 (117).png
Afzelia africana/sub_010/doussie17_2.png,train/Afzelia africana/doussie17_2.png
Guibourtia ehie/sub_033/Guibourtia ehie_QAMZ768_7_(243).png,train/Guibourtia ehie/Guibourtia ehie_QAMZ768_7_(243).png
Dalbergia cochinchinensis/sub_009/Dalbergia cochinchinensis.3280.4 (34).png,train/Dalbergia cochinchinensis/Dalbergia cochinchinensis.3280.4 (34).png
Sindora tonkinensis/sub_058/3381. Sindora tonkinensis.4 (128).png,train/Sindora tonkinensis/3381. Sindora tonkinensis.4 (128).png
Pterocarpus erinaceus/sub_061/3403. Pterocarpus erinaceus.2 (43).png,train/Pterocarpus erinaceus/3403. Pterocarpus erinaceus.2 (43).png
Afzelia bella/sub_063/Afzelia bella_QUAV174_(310).png,train/Afzelia bella/Afzelia bella_QUAV174_(310).png
Sindora cochinchinensis/sub_084/gụ94.png,train/Sindora cochinchinensis/gụ94__e903b567.png
Pterocarpus macrocarpus/sub_024/17_1.png,train/Pterocarpus macrocarpus/17_1.png
Guibourtia coleosperma/sub_032/Guibourtia coleosperma_3253.10 (16).png,train/Guibourtia coleosperma/Guibourtia coleosperma_3253.10 (16).png
Sindora cochinchinensis/sub_072/gụ39.png,train/Sindora cochinchinensis/gụ39.png
Pterocarpus erinaceus/sub_026/3403. Pterocarpus erinaceus.7 (201).png,train/Pterocarpus erinaceus/3403. Pterocarpus erinaceus.7 (201).png
Dalbergia rimosa/sub_053/3414. Dalbergia rimosa.4 (91).png,train/Dalbergia rimosa/3414. Dalbergia rimosa.4 (91).png
Sindora tonkinensis/sub_033/3381. Sindora tonkinensis.3 (66).png,train/Sindora tonkinensis/3381. Sindora tonkinensis.3 (66).png
Pterocarpus sp/sub_046/127.png,train/Pterocarpus sp/127.png
Sindora tonkinensis/sub_009/3381. Sindora tonkinensis.10 (300).png,train/Sindora tonkinensis/3381. Sindora tonkinensis.10 (300).png
Peltogyne pubescens/sub_004/3377. Peltogyne pubescens.2 (67).png,train/Peltogyne pubescens/3377. Peltogyne pubescens.2 (67).png
Afzelia pachyloba/sub_053/6.2.png,train/Afzelia pachyloba/6.2.png
Dalbergia cochinchinensis/sub_013/Dalbergia cochinchinensis.3280.8 (19).png,train/Dalbergia cochinchinensis/Dalbergia cochinchinensis.3280.8 (19).png
Pterocarpus indicus/sub_020/3395. Pterocarpus indicus.5 (132).png,train/Pterocarpus indicus/3395. Pterocarpus indicus.5 (132).png
Pterocarpus erinaceus/sub_046/3403. Pterocarpus erinaceus.10 (312).png,train/Pterocarpus erinaceus/3403. Pterocarpus erinaceus.10 (312).png
Sindora tonkinensis/sub_015/3381. Sindora tonkinensis.4 (112).png,train/Sindora tonkinensis/3381. Sindora tonkinensis.4 (112).png
Sindora cochinchinensis/sub_069/gụ20.png,train/Sindora cochinchinensis/gụ20.png
Guibourtia coleosperma/sub_024/Guibourtia coleosperma_3253.7 (3).png,train/Guibourtia coleosperma/Guibourtia coleosperma_3253.7 (3).png
Afzelia pachyloba/sub_007/7.1.png,train/Afzelia pachyloba/7.1.png
Sindora cochinchinensis/sub_066/gụ34.png,train/Sindora cochinchinensis/gụ34.png
Sindora cochinchinensis/sub_003/gụ84.png,train/Sindora cochinchinensis/gụ84.png
Dalbergia tonkinensis/sub_028/3353. Dalbergia tonkinensis.10.(302).png,train/Dalbergia tonkinensis/3353. Dalbergia tonkinensis.10.(302).png
Dalbergia melanoxylon/sub_021/3352. Dalbergia melanoxylon.8.(212).png,train/Dalbergia melanoxylon/3352. Dalbergia melanoxylon.8.(212).png
Dalbergia tonkinensis/sub_057/3353. Dalbergia tonkinensis.4.(132).png,train/Dalbergia tonkinensis/3353. Dalbergia tonkinensis.4.(132).png
Pterocarpus sp/sub_105/12_3.png,train/Pterocarpus sp/12_3.png
Dalbergia melanoxylon/sub_047/3352. Dalbergia melanoxylon.2 (48).png,train/Dalbergia melanoxylon/3352. Dalbergia melanoxylon.2 (48).png
Afzelia bella/sub_031/Afzelia bella_QUAV174_(305).png,train/Afzelia bella/Afzelia bella_QUAV174_(305).png
Guibourtia ehie/sub_053/Guibourtia ehie_TLYO895_9_(331).png,train/Guibourtia ehie/Guibourtia ehie_TLYO895_9_(331).png
Pterocarpus erinaceus/sub_004/3403. Pterocarpus erinaceus.9 (293).png,train/Pterocarpus erinaceus/3403. Pterocarpus erinaceus.9 (293).png
Peltogyne pubescens/sub_010/3377. Peltogyne pubescens.1 (29).png,train/Peltogyne pubescens/3377. Peltogyne pubescens.1 (29).png
Pterocarpus soyauxii/sub_018/155_1.png,train/Pterocarpus soyauxii/155_1.png
Pterocarpus sp/sub_007/153_2.png,train/Pterocarpus sp/153_2.png
Guibourtia arnoldiana/sub_057/3411. Guibourtia arnoldiana.7 (216).png,train/Guibourtia arnoldiana/3411. Guibourtia arnoldiana.7 (216).png
Pterocarpus soyauxii/sub_034/1114.png,train/Pterocarpus soyauxii/1114.png
Pterocarpus macrocarpus/sub_038/19_3.png,train/Pterocarpus macrocarpus/19_3.png
Dalbergia melanoxylon/sub_006/3352. Dalbergia melanoxylon.3.(67).png,train/Dalbergia melanoxylon/3352. Dalbergia melanoxylon.3.(67).png
Dalbergia tonkinensis/sub_051/3353. Dalbergia tonkinensis.7.(201).png,train/Dalbergia tonkinensis/3353. Dalbergia tonkinensis.7.(201).png
Pterocarpus sp/sub_045/149_1.png,train/Pterocarpus sp/149_1.png
Afzelia africana/sub_068/doussie38.png,train/Afzelia africana/doussie38.png
Peltogyne pubescens/sub_001/3377. Peltogyne pubescens.6 (187).png,train/Peltogyne pubescens/3377. Peltogyne pubescens.6 (187).png
Peltogyne pubescens/sub_011/3377. Peltogyne pubescens.8 (287).png,train/Peltogyne pubescens/3377. Peltogyne pubescens.8 (287).png
Pterocarpus soyauxii/sub_046/128_2.png,train/Pterocarpus soyauxii/128_2.png
Afzelia quanzensis/sub_012/17_1_1.png,train/Afzelia quanzensis/17_1_1.png
Sindora cochinchinensis/sub_051/gụ58_1.png,train/Sindora cochinchinensis/gụ58_1.png
Dalbergia melanoxylon/sub_004/3352. Dalbergia melanoxylon.9.(239).png,train/Dalbergia melanoxylon/3352. Dalbergia melanoxylon.9.(239).png
Pterocarpus erinaceus/sub_005/3403. Pterocarpus erinaceus.1(34).png,train/Pterocarpus erinaceus/3403. Pterocarpus erinaceus.1(34).png
Guibourtia ehie/sub_061/Guibourtia ehie_FEHC134_2_(67).png,train/Guibourtia ehie/Guibourtia ehie_FEHC134_2_(67).png
Pterocarpus sp/sub_049/142_1.png,train/Pterocarpus sp/142_1.png
Dalbergia oliveri/sub_012/Dalbergia oliveri_3237.8_ (25).png,train/Dalbergia oliveri/Dalbergia oliveri_3237.8_ (25).png
Afzelia bella/sub_041/Afzelia bella_GCJA653_(108).png,train/Afzelia bella/Afzelia bella_GCJA653_(108).png
Pterocarpus erinaceus/sub_011/3403. Pterocarpus erinaceus.7 (222).png,train/Pterocarpus erinaceus/3403. Pterocarpus erinaceus.7 (222).png
Pterocarpus indicus/sub_004/3395. Pterocarpus indicus.5 (153).png,train/Pterocarpus indicus/3395. Pterocarpus indicus.5 (153).png
Pterocarpus sp/sub_028/144_4.png,train/Pterocarpus sp/144_4.png
Afzelia quanzensis/sub_014/126_1.png,train/Afzelia quanzensis/126_1.png
Pterocarpus indicus/sub_023/3395. Pterocarpus indicus.10 (313).png,train/Pterocarpus indicus/3395. Pterocarpus indicus.10 (313).png
Pterocarpus macrocarpus/sub_042/148_4.png,train/Pterocarpus macrocarpus/148_4.png
Peltogyne pubescens/sub_013/3377. Peltogyne pubescens.4 (135).png,train/Peltogyne pubescens/3377. Peltogyne pubescens.4 (135).png
Sindora tonkinensis/sub_027/3381. Sindora tonkinensis.10 (305).png,train/Sindora tonkinensis/3381. Sindora tonkinensis.10 (305).png
Dalbergia oliveri/sub_040/Dalbergia oliveri_3237.6_ (2).png,train/Dalbergia oliveri/Dalbergia oliveri_3237.6_ (2).png
Sindora tonkinensis/sub_071/3381. Sindora tonkinensis.8 (242).png,train/Sindora tonkinensis/3381. Sindora tonkinensis.8 (242).png
Afzelia quanzensis/sub_045/112.png,train/Afzelia quanzensis/112.png
Afzelia pachyloba/sub_018/2.4_1.png,train/Afzelia pachyloba/2.4_1.png
Pterocarpus macrocarpus/sub_066/114_3.png,train/Pterocarpus macrocarpus/114_3.png
Afzelia africana/sub_027/doussie29.png,train/Afzelia africana/doussie29.png
Peltogyne pubescens/sub_033/3377. Peltogyne pubescens.6 (189).png,train/Peltogyne pubescens/3377. Peltogyne pubescens.6 (189).png
Dalbergia melanoxylon/sub_039/3352. Dalbergia melanoxylon.5.(142).png,train/Dalbergia melanoxylon/3352. Dalbergia melanoxylon.5.(142).png
Afzelia quanzensis/sub_040/123_2.png,train/Afzelia quanzensis/123_2.png
Guibourtia ehie/sub_088/Guibourtia ehie_PRQC042_5_(191).png,train/Guibourtia ehie/Guibourtia ehie_PRQC042_5_(191).png
Guibourtia coleosperma/sub_048/Guibourtia coleosperma_3253.8 (35).png,train/Guibourtia coleosperma/Guibourtia coleosperma_3253.8 (35).png
Dalbergia rimosa/sub_015/3414. Dalbergia rimosa.3 (74).png,train/Dalbergia rimosa/3414. Dalbergia rimosa.3 (74).png
Peltogyne pubescens/sub_060/3377. Peltogyne pubescens.5 (180).png,train/Peltogyne pubescens/3377. Peltogyne pubescens.5 (180).png
Afzelia quanzensis/sub_031/133.png,train/Afzelia quanzensis/133.png
Dalbergia tonkinensis/sub_042/3353. Dalbergia tonkinensis.3.(72).png,train/Dalbergia tonkinensis/3353. Dalbergia tonkinensis.3.(72).png
Guibourtia coleosperma/sub_046/Guibourtia coleosperma_3253.11 (7).png,train/Guibourtia coleosperma/Guibourtia coleosperma_3253.11 (7).png
Afzelia bella/sub_051/Afzelia bella_GCJA653_(92).png,train/Afzelia bella/Afzelia bella_GCJA653_(92).png
Dalbergia cochinchinensis/sub_070/Dalbergia cochinchinensis.3280.7 (24).png,train/Dalbergia cochinchinensis/Dalbergia cochinchinensis.3280.7 (24).png
Pterocarpus erinaceus/sub_039/3403. Pterocarpus erinaceus.5 (162).png,train/Pterocarpus erinaceus/3403. Pterocarpus erinaceus.5 (162).png
Afzelia bella/sub_017/Afzelia bella_OGHV743_(205).png,train/Afzelia bella/Afzelia bella_OGHV743_(205).png
Afzelia bella/sub_034/Afzelia bella_QUAV174_(283).png,train/Afzelia bella/Afzelia bella_QUAV174_(283).png
Afzelia quanzensis/sub_002/139_2.png,train/Afzelia quanzensis/139_2.png
Guibourtia arnoldiana/sub_029/3411. Guibourtia arnoldiana.8 (250).png,train/Guibourtia arnoldiana/3411. Guibourtia arnoldiana.8 (250).png
Pterocarpus sp/sub_011/151_4.png,train/Pterocarpus sp/151_4.png
Pterocarpus erinaceus/sub_018/3403. Pterocarpus erinaceus.6 (185).png,train/Pterocarpus erinaceus/3403. Pterocarpus erinaceus.6 (185).png
Pterocarpus erinaceus/sub_011/3403. Pterocarpus erinaceus.3 (77).png,train/Pterocarpus erinaceus/3403. Pterocarpus erinaceus.3 (77).png
Peltogyne pubescens/sub_050/3377. Peltogyne pubescens.2 (66).png,train/Peltogyne pubescens/3377. Peltogyne pubescens.2 (66).png
Pterocarpus sp/sub_063/110.png,train/Pterocarpus sp/110.png
Sindora cochinchinensis/sub_006/gụ78.png,train/Sindora cochinchinensis/gụ78.png
Dalbergia melanoxylon/sub_038/3352. Dalbergia melanoxylon.6.(152).png,train/Dalbergia melanoxylon/3352. Dalbergia melanoxylon.6.(152).png
Dalbergia tonkinensis/sub_003/3353. Dalbergia tonkinensis.6.(162).png,train/Dalbergia tonkinensis/3353. Dalbergia tonkinensis.6.(162).png
Guibourtia coleosperma/sub_061/Guibourtia coleosperma_3253.7 (36).png,train/Guibourtia coleosperma/Guibourtia coleosperma_3253.7 (36).png
Dalbergia rimosa/sub_020/3414. Dalbergia rimosa.5 (137).png,train/Dalbergia rimosa/3414. Dalbergia rimosa.5 (137).png
Pterocarpus erinaceus/sub_023/3403. Pterocarpus erinaceus.6 (188).png,train/Pterocarpus erinaceus/3403. Pterocarpus erinaceus.6 (188).png
Dalbergia oliveri/sub_062/Dalbergia oliveri_3237.8_ (2).png,train/Dalbergia oliveri/Dalbergia oliveri_3237.8_ (2).png
Guibourtia arnoldiana/sub_007/3411. Guibourtia arnoldiana.7 (205).png,train/Guibourtia arnoldiana/3411. Guibourtia arnoldiana.7 (205).png
Afzelia quanzensis/sub_023/13_1.png,train/Afzelia quanzensis/13_1.png
Pterocarpus indicus/sub_050/3395. Pterocarpus indicus.5 (143).png,train/Pterocarpus indicus/3395. Pterocarpus indicus.5 (143).png
Pterocarpus sp/sub_028/113_3.png,train/Pterocarpus sp/113_3.png
Guibourtia coleosperma/sub_015/Guibourtia coleosperma_3253.2 (7).png,train/Guibourtia coleosperma/Guibourtia coleosperma_3253.2 (7).png
Pterocarpus sp/sub_102/144_1.png,train/Pterocarpus sp/144_1.png
Guibourtia ehie/sub_074/Guibourtia ehie_PVFM153_6_(227).png,train/Guibourtia ehie/Guibourtia ehie_PVFM153_6_(227).png
Pterocarpus indicus/sub_041/3395. Pterocarpus indicus.2 (46).png,train/Pterocarpus indicus/3395. Pterocarpus indicus.2 (46).png
Sindora cochinchinensis/sub_076/gụ46_1.png,train/Sindora cochinchinensis/gụ46_1.png
Pterocarpus indicus/sub_002/3395. Pterocarpus indicus.3 (86).png,train/Pterocarpus indicus/3395. Pterocarpus indicus.3 (86).png
Peltogyne pubescens/sub_017/3377. Peltogyne pubescens.3 (98).png,train/Peltogyne pubescens/3377. Peltogyne pubescens.3 (98).png
Dalbergia oliveri/sub_002/Dalbergia oliveri_3237.10_ (18).png,train/Dalbergia oliveri/Dalbergia oliveri_3237.10_ (18).png
Dalbergia melanoxylon/sub_007/3352. Dalbergia melanoxylon.4.(99).png,train/Dalbergia melanoxylon/3352. Dalbergia melanoxylon.4.(99).png
Pterocarpus macrocarpus/sub_028/132_3.png,train/Pterocarpus macrocarpus/132_3.png
Afzelia bella/sub_009/Afzelia bella_WJSV740_10_3618.png,train/Afzelia bella/Afzelia bella_WJSV740_10_3618.png
Dalbergia melanoxylon/sub_043/3352. Dalbergia melanoxylon.10.(272).png,train/Dalbergia melanoxylon/3352. Dalbergia melanoxylon.10.(272).png
Peltogyne pubescens/sub_014/3377. Peltogyne pubescens.5 (158).png,train/Peltogyne pubescens/3377. Peltogyne pubescens.5 (158).png
Pterocarpus erinaceus/sub_040/3403. Pterocarpus erinaceus.4 (102).png,train/Pterocarpus erinaceus/3403. Pterocarpus erinaceus.4 (102).png
Dalbergia tonkinensis/sub_026/3353. Dalbergia tonkinensis.1.(19).png,train/Dalbergia tonkinensis/3353. Dalbergia tonkinensis.1.(19).png
Dalbergia oliveri/sub_065/Dalbergia oliveri_3237.4_ (17).png,train/Dalbergia oliveri/Dalbergia oliveri_3237.4_ (17).png
Dalbergia melanoxylon/sub_003/3352. Dalbergia melanoxylon.8.(214).png,train/Dalbergia melanoxylon/3352. Dalbergia melanoxylon.8.(214).png
Afzelia quanzensis/sub_014/117_2.png,train/Afzelia quanzensis/117_2.png
Pterocarpus sp/sub_068/169.png,train/Pterocarpus sp/169.png
Peltogyne pubescens/sub_051/3377. Peltogyne pubescens.7 (241).png,train/Peltogyne pubescens/3377. Peltogyne pubescens.7 (241).png
Dalbergia melanoxylon/sub_040/3352. Dalbergia melanoxylon.10.(290).png,train/Dalbergia melanoxylon/3352. Dalbergia melanoxylon.10.(290).png
Afzelia bella/sub_009/Afzelia bella_OGHV743_(239).png,train/Afzelia bella/Afzelia bella_OGHV743_(239).png
Afzelia quanzensis/sub_001/134_1.png,train/Afzelia quanzensis/134_1.png
Dalbergia cochinchinensis/sub_037/Dalbergia cochinchinensis.3280.7 (5).png,train/Dalbergia cochinchinensis/Dalbergia cochinchinensis.3280.7 (5).png
Pterocarpus indicus/sub_032/3395. Pterocarpus indicus.4 (97).png,train/Pterocarpus indicus/3395. Pterocarpus indicus.4 (97).png
Dalbergia melanoxylon/sub_053/3352. Dalbergia melanoxylon.8.(221).png,train/Dalbergia melanoxylon/3352. Dalbergia melanoxylon.8.(221).png
Pterocarpus indicus/sub_029/3395. Pterocarpus indicus.8 (229).png,train/Pterocarpus indicus/3395. Pterocarpus indicus.8 (229).png
Sindora cochinchinensis/sub_063/gụ61_1.png,train/Sindora cochinchinensis/gụ61_1.png
Dalbergia tonkinensis/sub_038/3353. Dalbergia tonkinensis.1.(16).png,train/Dalbergia tonkinensis/3353. Dalbergia tonkinensis.1.(16).png
Dalbergia oliveri/sub_052/Dalbergia oliveri_3237.5_ (23).png,train/Dalbergia oliveri/Dalbergia oliveri_3237.5_ (23).png
Dalbergia tonkinensis/sub_023/3353. Dalbergia tonkinensis.6.(179).png,train/Dalbergia tonkinensis/3353. Dalbergia tonkinensis.6.(179).png
Dalbergia oliveri/sub_029/Dalbergia oliveri_3237.8_ (13).png,train/Dalbergia oliveri/Dalbergia oliveri_3237.8_ (13).png
Guibourtia ehie/sub_032/Guibourtia ehie_CHYX256_1_(3).png,train/Guibourtia ehie/Guibourtia ehie_CHYX256_1_(3).png
Dalbergia cochinchinensis/sub_008/Dalbergia cochinchinensis.3280.8 (1).png,train/Dalbergia cochinchinensis/Dalbergia cochinchinensis.3280.8 (1).png
Pterocarpus erinaceus/sub_001/3403. Pterocarpus erinaceus.8 (260).png,train/Pterocarpus erinaceus/3403. Pterocarpus erinaceus.8 (260).png
Guibourtia coleosperma/sub_092/Guibourtia coleosperma_3253.9 (26).png,train/Guibourtia coleosperma/Guibourtia coleosperma_3253.9 (26).png
Pterocarpus erinaceus/sub_013/3403. Pterocarpus erinaceus.8 (265).png,train/Pterocarpus erinaceus/3403. Pterocarpus erinaceus.8 (265).png
Dalbergia oliveri/sub_022/Dalbergia oliveri_3237.5_ (29).png,train/Dalbergia oliveri/Dalbergia oliveri_3237.5_ (29).png
Dalbergia cochinchinensis/sub_010/Dalbergia cochinchinensis.3280.10 (10).png,train/Dalbergia cochinchinensis/Dalbergia cochinchinensis.3280.10 (10).png
Dalbergia cochinchinensis/sub_036/Dalbergia cochinchinensis.3280.8 (31).png,train/Dalbergia cochinchinensis/Dalbergia cochinchinensis.3280.8 (31).png
Dalbergia tonkinensis/sub_021/3353. Dalbergia tonkinensis.3.(71).png,train/Dalbergia tonkinensis/3353. Dalbergia tonkinensis.3.(71).png
Guibourtia ehie/sub_039/Guibourtia ehie_FEHC134_2_(73).png,train/Guibourtia ehie/Guibourtia ehie_FEHC134_2_(73).png
Dalbergia tonkinensis/sub_031/3353. Dalbergia tonkinensis.1.(17).png,train/Dalbergia tonkinensis/3353. Dalbergia tonkinensis.1.(17).png
Pterocarpus erinaceus/sub_024/3403. Pterocarpus erinaceus.10 (307).png,train/Pterocarpus erinaceus/3403. Pterocarpus erinaceus.10 (307).png
Guibourtia arnoldiana/sub_007/3411. Guibourtia arnoldiana.7 (200).png,train/Guibourtia arnoldiana/3411. Guibourtia arnoldiana.7 (200).png
Guibourtia coleosperma/sub_072/Guibourtia coleosperma_3253.7 (31).png,train/Guibourtia coleosperma/Guibourtia coleosperma_3253.7 (31).png
Pterocarpus sp/sub_016/112_4.png,train/Pterocarpus sp/112_4.png
Dalbergia rimosa/sub_029/3414. Dalbergia rimosa.3 (90).png,train/Dalbergia rimosa/3414. Dalbergia rimosa.3 (90).png
Guibourtia arnoldiana/sub_057/3411. Guibourtia arnoldiana.3 (74).png,train/Guibourtia arnoldiana/3411. Guibourtia arnoldiana.3 (74).png
Afzelia bella/sub_025/Afzelia bella_OGHV743_(229).png,train/Afzelia bella/Afzelia bella_OGHV743_(229).png
Guibourtia ehie/sub_043/Guibourtia ehie_QAMZ768_7_(265).png,train/Guibourtia ehie/Guibourtia ehie_QAMZ768_7_(265).png
Pterocarpus sp/sub_044/119.png,train/Pterocarpus sp/119.png
Sindora tonkinensis/sub_075/3381. Sindora tonkinensis.10 (321).png,train/Sindora tonkinensis/3381. Sindora tonkinensis.10 (321).png
Pterocarpus sp/sub_045/125_3.png,train/Pterocarpus sp/125_3.png
Afzelia bella/sub_004/Afzelia bella_FFCA657_9_32119.png,train/Afzelia bella/Afzelia bella_FFCA657_9_32119.png
Sindora tonkinensis/sub_055/3381. Sindora tonkinensis.7 (194).png,train/Sindora tonkinensis/3381. Sindora tonkinensis.7 (194).png
Pterocarpus macrocarpus/sub_053/17_2.png,train/Pterocarpus macrocarpus/17_2.png
Afzelia quanzensis/sub_048/139.png,train/Afzelia quanzensis/139.png
Guibourtia ehie/sub_019/Guibourtia ehie_CHYX256_1_(27).png,train/Guibourtia ehie/Guibourtia ehie_CHYX256_1_(27).png
Guibourtia arnoldiana/sub_017/3411. Guibourtia arnoldiana.3 (83).png,train/Guibourtia arnoldiana/3411. Guibourtia arnoldiana.3 (83).png
Guibourtia arnoldiana/sub_008/3411. Guibourtia arnoldiana.7 (193).png,train/Guibourtia arnoldiana/3411. Guibourtia arnoldiana.7 (193).png
Dalbergia melanoxylon/sub_037/3352. Dalbergia melanoxylon.6.(163).png,train/Dalbergia melanoxylon/3352. Dalbergia melanoxylon.6.(163).png
Pterocarpus erinaceus/sub_005/3403. Pterocarpus erinaceus.10 (313).png,train/Pterocarpus erinaceus/3403. Pterocarpus erinaceus.10 (313).png
Guibourtia coleosperma/sub_031/Guibourtia coleosperma_3253.11 (26).png,train/Guibourtia coleosperma/Guibourtia coleosperma_3253.11 (26).png
Peltogyne pubescens/sub_054/3377. Peltogyne pubescens.10 (340).png,train/Peltogyne pubescens/3377. Peltogyne pubescens.10 (340).png
Pterocarpus macrocarpus/sub_059/140.png,train/Pterocarpus macrocarpus/140.png
Pterocarpus erinaceus/sub_011/3403. Pterocarpus erinaceus.8 (263).png,train/Pterocarpus erinaceus/3403. Pterocarpus erinaceus.8 (263).png
Pterocarpus soyauxii/sub_078/151_2.png,train/Pterocarpus soyauxii/151_2.png
Afzelia quanzensis/sub_059/123_1.png,train/Afzelia quanzensis/123_1__8981941c.png
Pterocarpus erinaceus/sub_017/3403. Pterocarpus erinaceus.3 (85).png,train/Pterocarpus erinaceus/3403. Pterocarpus erinaceus.3 (85).png
Pterocarpus sp/sub_074/132.png,train/Pterocarpus sp/132.png
Dalbergia melanoxylon/sub_036/3352. Dalbergia melanoxylon.10.(264).png,train/Dalbergia melanoxylon/3352. Dalbergia melanoxylon.10.(264).png
Dalbergia cochinchinensis/sub_033/Dalbergia cochinchinensis.3280.3 (6).png,train/Dalbergia cochinchinensis/Dalbergia cochinchinensis.3280.3 (6).png
Sindora cochinchinensis/sub_037/gụ6_2.png,train/Sindora cochinchinensis/gụ6_2.png
Pterocarpus soyauxii/sub_010/16_1.png,train/Pterocarpus soyauxii/16_1.png
Pterocarpus soyauxii/sub_021/1113_1.png,train/Pterocarpus soyauxii/1113_1.png
Dalbergia cochinchinensis/sub_024/Dalbergia cochinchinensis.3280.10 (35).png,train/Dalbergia cochinchinensis/Dalbergia cochinchinensis.3280.10 (35).png
Sindora tonkinensis/sub_079/3381. Sindora tonkinensis.8 (227).png,train/Sindora tonkinensis/3381. Sindora tonkinensis.8 (227).png
Afzelia bella/sub_023/Afzelia bella_GCJA653_(105).png,train/Afzelia bella/Afzelia bella_GCJA653_(105).png
Afzelia bella/sub_021/Afzelia bella_LYSV052_(191).png,train/Afzelia bella/Afzelia bella_LYSV052_(191).png
Dalbergia melanoxylon/sub_021/3352. Dalbergia melanoxylon.1.(3).png,train/Dalbergia melanoxylon/3352. Dalbergia melanoxylon.1.(3).png
Guibourtia arnoldiana/sub_005/3411. Guibourtia arnoldiana.5 (126).png,train/Guibourtia arnoldiana/3411. Guibourtia arnoldiana.5 (126).png
Guibourtia coleosperma/sub_088/Guibourtia coleosperma_3253.4 (3).png,train/Guibourtia coleosperma/Guibourtia coleosperma_3253.4 (3).png
Dalbergia oliveri/sub_010/Dalbergia oliveri_3237.8_ (17).png,train/Dalbergia oliveri/Dalbergia oliveri_3237.8_ (17).png
Dalbergia cochinchinensis/sub_005/Dalbergia cochinchinensis.3280.1 (6).png,train/Dalbergia cochinchinensis/Dalbergia cochinchinensis.3280.1 (6).png
Pterocarpus sp/sub_010/113_2.png,train/Pterocarpus sp/113_2.png
Guibourtia ehie/sub_009/Guibourtia ehie_PVFM153_6_(225).png,train/Guibourtia ehie/Guibourtia ehie_PVFM153_6_(225).png
Afzelia bella/sub_020/Afzelia bella_HYBT691_(139).png,train/Afzelia bella/Afzelia bella_HYBT691_(139).png
Guibourtia ehie/sub_011/Guibourtia ehie_QAMZ768_7_(272).png,train/Guibourtia ehie/Guibourtia ehie_QAMZ768_7_(272).png
Peltogyne pubescens/sub_045/3377. Peltogyne pubescens.4 (141).png,train/Peltogyne pubescens/3377. Peltogyne pubescens.4 (141).png
Pterocarpus macrocarpus/sub_001/10.png,train/Pterocarpus macrocarpus/10.png
Pterocarpus sp/sub_023/113_1.png,train/Pterocarpus sp/113_1.png
Dalbergia melanoxylon/sub_030/3352. Dalbergia melanoxylon.10.(270).png,train/Dalbergia melanoxylon/3352. Dalbergia melanoxylon.10.(270).png
Afzelia bella/sub_032/Afzelia bella_AMRX692_(78).png,train/Afzelia bella/Afzelia bella_AMRX692_(78).png
Pterocarpus macrocarpus/sub_028/134_1.png,train/Pterocarpus macrocarpus/134_1.png
Dalbergia rimosa/sub_016/3414. Dalbergia rimosa.7 (200).png,train/Dalbergia rimosa/3414. Dalbergia rimosa.7 (200).png
Sindora cochinchinensis/sub_030/gụ63.png,train/Sindora cochinchinensis/gụ63.png
Pterocarpus sp/sub_069/18_1.png,train/Pterocarpus sp/18_1__5d7cb049.png
Pterocarpus indicus/sub_001/3395. Pterocarpus indicus.6 (168).png,train/Pterocarpus indicus/3395. Pterocarpus indicus.6 (168).png
Afzelia africana/sub_035/doussie60.png,train/Afzelia africana/doussie60.png
Dalbergia tonkinensis/sub_003/3353. Dalbergia tonkinensis.10.(316).png,train/Dalbergia tonkinensis/3353. Dalbergia tonkinensis.10.(316).png
Pterocarpus sp/sub_066/125_4.png,train/Pterocarpus sp/125_4.png
Pterocarpus macrocarpus/sub_030/112_1.png,train/Pterocarpus macrocarpus/112_1.png
Pterocarpus sp/sub_012/159_1_1.png,train/Pterocarpus sp/159_1_1.png
Pterocarpus macrocarpus/sub_014/14_4.png,train/Pterocarpus macrocarpus/14_4.png
Guibourtia coleosperma/sub_062/Guibourtia coleosperma_3253.4 (14).png,train/Guibourtia coleosperma/Guibourtia coleosperma_3253.4 (14).png
Dalbergia cochinchinensis/sub_031/Dalbergia cochinchinensis.3280.10 (30).png,train/Dalbergia cochinchinensis/Dalbergia cochinchinensis.3280.10 (30).png
Dalbergia melanoxylon/sub_032/3352. Dalbergia melanoxylon.1.(30).png,train/Dalbergia melanoxylon/3352. Dalbergia melanoxylon.1.(30).png
Afzelia quanzensis/sub_010/146.png,train/Afzelia quanzensis/146.png
Pterocarpus soyauxii/sub_031/117_2.png,train/Pterocarpus soyauxii/117_2.png
Dalbergia tonkinensis/sub_015/3353. Dalbergia tonkinensis.10.(300).png,train/Dalbergia tonkinensis/3353. Dalbergia tonkinensis.10.(300).png
Dalbergia rimosa/sub_036/3414. Dalbergia rimosa.1(10).png,train/Dalbergia rimosa/3414. Dalbergia rimosa.1(10).png
Afzelia africana/sub_027/doussie1.png,train/Afzelia africana/doussie1.png
Afzelia quanzensis/sub_029/116.png,train/Afzelia quanzensis/116.png
Guibourtia coleosperma/sub_066/Guibourtia coleosperma_3253.1 (20).png,train/Guibourtia coleosperma/Guibourtia coleosperma_3253.1 (20).png
Guibourtia arnoldiana/sub_024/3411. Guibourtia arnoldiana.2 (54).png,train/Guibourtia arnoldiana/3411. Guibourtia arnoldiana.2 (54).png
Pterocarpus soyauxii/sub_034/122_1.png,train/Pterocarpus soyauxii/122_1.png
Guibourtia coleosperma/sub_031/Guibourtia coleosperma_3253.7 (24).png,train/Guibourtia coleosperma/Guibourtia coleosperma_3253.7 (24).png
Afzelia bella/sub_031/Afzelia bella_QUAV174_(317).png,train/Afzelia bella/Afzelia bella_QUAV174_(317).png
Peltogyne pubescens/sub_026/3377. Peltogyne pubescens.6 (199).png,train/Peltogyne pubescens/3377. Peltogyne pubescens.6 (199).png
Dalbergia cochinchinensis/sub_021/Dalbergia cochinchinensis.3280.3 (20).png,train/Dalbergia cochinchinensis/Dalbergia cochinchinensis.3280.3 (20).png
Pterocarpus sp/sub_058/123_5.png,train/Pterocarpus sp/123_5.png
Sindora cochinchinensis/sub_031/gụ34.png,train/Sindora cochinchinensis/gụ34__a4e73076.png
Sindora cochinchinensis/sub_002/gụ68.png,train/Sindora cochinchinensis/gụ68.png
Pterocarpus erinaceus/sub_054/3403. Pterocarpus erinaceus.7 (204).png,train/Pterocarpus erinaceus/3403. Pterocarpus erinaceus.7 (204).png
Guibourtia coleosperma/sub_023/Guibourtia coleosperma_3253.11 (9).png,train/Guibourtia coleosperma/Guibourtia coleosperma_3253.11 (9).png
Pterocarpus sp/sub_006/159_3.png,train/Pterocarpus sp/159_3.png
Dalbergia melanoxylon/sub_054/3352. Dalbergia melanoxylon.8.(209).png,train/Dalbergia melanoxylon/3352. Dalbergia melanoxylon.8.(209).png
Dalbergia cochinchinensis/sub_014/Dalbergia cochinchinensis.3280.7 (12).png,train/Dalbergia cochinchinensis/Dalbergia cochinchinensis.3280.7 (12).png
Sindora cochinchinensis/sub_005/gụ100.png,train/Sindora cochinchinensis/gụ100.png
Dalbergia oliveri/sub_009/Dalbergia oliveri_3237.1_ (32).png,train/Dalbergia oliveri/Dalbergia oliveri_3237.1_ (32).png
Afzelia pachyloba/sub_036/5.3_1_1.png,train/Afzelia pachyloba/5.3_1_1.png
Pterocarpus erinaceus/sub_022/3403. Pterocarpus erinaceus.2 (57).png,train/Pterocarpus erinaceus/3403. Pterocarpus erinaceus.2 (57).png
Afzelia bella/sub_002/Afzelia bella_QUAV174_(315).png,train/Afzelia bella/Afzelia bella_QUAV174_(315).png
Guibourtia ehie/sub_003/Guibourtia ehie_SXGM640_8_(303).png,train/Guibourtia ehie/Guibourtia ehie_SXGM640_8_(303).png
Sindora cochinchinensis/sub_028/gụ73_1.png,train/Sindora cochinchinensis/gụ73_1.png
Afzelia bella/sub_011/Afzelia bella_OGHV743_(207).png,train/Afzelia bella/Afzelia bella_OGHV743_(207).png
Dalbergia tonkinensis/sub_020/3353. Dalbergia tonkinensis.6.(191).png,train/Dalbergia tonkinensis/3353. Dalbergia tonkinensis.6.(191).png
Guibourtia coleosperma/sub_011/Guibourtia coleosperma_3253.11 (21).png,train/Guibourtia coleosperma/Guibourtia coleosperma_3253.11 (21).png
Dalbergia rimosa/sub_020/3414. Dalbergia rimosa.5 (144).png,train/Dalbergia rimosa/3414. Dalbergia rimosa.5 (144).png
Guibourtia ehie/sub_015/Guibourtia ehie_SXGM640_8_(298).png,train/Guibourtia ehie/Guibourtia ehie_SXGM640_8_(298).png
Guibourtia arnoldiana/sub_026/3411. Guibourtia arnoldiana.1 (2).png,train/Guibourtia arnoldiana/3411. Guibourtia arnoldiana.1 (2).png
Pterocarpus sp/sub_074/120.png,train/Pterocarpus sp/120.png
Dalbergia melanoxylon/sub_001/3352. Dalbergia melanoxylon.1.(22).png,train/Dalbergia melanoxylon/3352. Dalbergia melanoxylon.1.(22).png
Dalbergia tonkinensis/sub_068/3353. Dalbergia tonkinensis.1.(20).png,train/Dalbergia tonkinensis/3353. Dalbergia tonkinensis.1.(20).png
Afzelia africana/sub_028/doussie4_1.png,train/Afzelia africana/doussie4_1.png
Guibourtia arnoldiana/sub_006/3411. Guibourtia arnoldiana.7 (206).png,train/Guibourtia arnoldiana/3411. Guibourtia arnoldiana.7 (206).png
Dalbergia rimosa/sub_016/3414. Dalbergia rimosa.2 (48).png,train/Dalbergia rimosa/3414. Dalbergia rimosa.2 (48).png
Guibourtia coleosperma/sub_018/Guibourtia coleosperma_3253.9 (15).png,train/Guibourtia coleosperma/Guibourtia coleosperma_3253.9 (15).png
Dalbergia rimosa/sub_009/3414. Dalbergia rimosa.5 (122).png,train/Dalbergia rimosa/3414. Dalbergia rimosa.5 (122).png
Afzelia bella/sub_017/Afzelia bella_QUAV174_(314).png,train/Afzelia bella/Afzelia bella_QUAV174_(314).png
Guibourtia arnoldiana/sub_009/3411. Guibourtia arnoldiana.10 (301).png,train/Guibourtia arnoldiana/3411. Guibourtia arnoldiana.10 (301).png
Dalbergia rimosa/sub_059/3414. Dalbergia rimosa.2 (33).png,train/Dalbergia rimosa/3414. Dalbergia rimosa.2 (33).png
Dalbergia cochinchinensis/sub_002/Dalbergia cochinchinensis.3280.9 (34).png,train/Dalbergia cochinchinensis/Dalbergia cochinchinensis.3280.9 (34).png
Dalbergia oliveri/sub_027/Dalbergia oliveri_3237.2_ (4).png,train/Dalbergia oliveri/Dalbergia oliveri_3237.2_ (4).png
Pterocarpus soyauxii/sub_066/157.png,train/Pterocarpus soyauxii/157.png
Guibourtia coleosperma/sub_086/Guibourtia coleosperma_3253.9 (35).png,train/Guibourtia coleosperma/Guibourtia coleosperma_3253.9 (35).png
Pterocarpus soyauxii/sub_025/150_1.png,train/Pterocarpus soyauxii/150_1.png
Pterocarpus macrocarpus/sub_015/138_4.png,train/Pterocarpus macrocarpus/138_4.png
Afzelia bella/sub_019/Afzelia bella_AMRX692_(53).png,train/Afzelia bella/Afzelia bella_AMRX692_(53).png
Dalbergia rimosa/sub_066/3414. Dalbergia rimosa.1(28).png,train/Dalbergia rimosa/3414. Dalbergia rimosa.1(28).png
Pterocarpus erinaceus/sub_004/3403. Pterocarpus erinaceus.1(10).png,train/Pterocarpus erinaceus/3403. Pterocarpus erinaceus.1(10).png
Dalbergia melanoxylon/sub_009/3352. Dalbergia melanoxylon.5.(135).png,train/Dalbergia melanoxylon/3352. Dalbergia melanoxylon.5.(135).png
Guibourtia coleosperma/sub_027/Guibourtia coleosperma_3253.1 (9).png,train/Guibourtia coleosperma/Guibourtia coleosperma_3253.1 (9).png
Afzelia quanzensis/sub_001/11.png,train/Afzelia quanzensis/11.png
Peltogyne pubescens/sub_035/3377. Peltogyne pubescens.6 (213).png,train/Peltogyne pubescens/3377. Peltogyne pubescens.6 (213).png
Pterocarpus soyauxii/sub_044/111.png,train/Pterocarpus soyauxii/111__71889068.png
Dalbergia tonkinensis/sub_010/3353. Dalbergia tonkinensis.8.(240).png,train/Dalbergia tonkinensis/3353. Dalbergia tonkinensis.8.(240).png
Pterocarpus macrocarpus/sub_048/137.png,train/Pterocarpus macrocarpus/137.png
Dalbergia oliveri/sub_019/Dalbergia oliveri_3237.7_ (25).png,train/Dalbergia oliveri/Dalbergia oliveri_3237.7_ (25).png
Dalbergia tonkinensis/sub_001/3353. Dalbergia tonkinensis.1.(1).png,train/Dalbergia tonkinensis/3353. Dalbergia tonkinensis.1.(1).png
Dalbergia tonkinensis/sub_006/3353. Dalbergia tonkinensis.10.(317).png,train/Dalbergia tonkinensis/3353. Dalbergia tonkinensis.10.(317).png
Pterocarpus erinaceus/sub_024/3403. Pterocarpus erinaceus.7 (230).png,train/Pterocarpus erinaceus/3403. Pterocarpus erinaceus.7 (230).png
Dalbergia rimosa/sub_019/3414. Dalbergia rimosa.2 (46).png,train/Dalbergia rimosa/3414. Dalbergia rimosa.2 (46).png
Peltogyne pubescens/sub_036/3377. Peltogyne pubescens.8 (288).png,train/Peltogyne pubescens/3377. Peltogyne pubescens.8 (288).png
Afzelia africana/sub_016/doussie30.png,train/Afzelia africana/doussie30.png
Pterocarpus erinaceus/sub_015/3403. Pterocarpus erinaceus.3 (95).png,train/Pterocarpus erinaceus/3403. Pterocarpus erinaceus.3 (95).png
Afzelia bella/sub_006/Afzelia bella_QUAV174_(289).png,train/Afzelia bella/Afzelia bella_QUAV174_(289).png
Dalbergia oliveri/sub_063/Dalbergia oliveri_3237.6_ (1).png,train/Dalbergia oliveri/Dalbergia oliveri_3237.6_ (1).png
Dalbergia tonkinensis/sub_010/3353. Dalbergia tonkinensis.2.(39).png,train/Dalbergia tonkinensis/3353. Dalbergia tonkinensis.2.(39).png
Dalbergia melanoxylon/sub_040/3352. Dalbergia melanoxylon.1.(29).png,train/Dalbergia melanoxylon/3352. Dalbergia melanoxylon.1.(29).png
Guibourtia coleosperma/sub_055/Guibourtia coleosperma_3253.3 (32).png,train/Guibourtia coleosperma/Guibourtia coleosperma_3253.3 (32).png
Afzelia africana/sub_019/doussie78.png,train/Afzelia africana/doussie78.png
Dalbergia oliveri/sub_042/Dalbergia oliveri_3237.5_ (17).png,train/Dalbergia oliveri/Dalbergia oliveri_3237.5_ (17).png
Afzelia quanzensis/sub_016/17_3.png,train/Afzelia quanzensis/17_3__3b73d655.png
Dalbergia tonkinensis/sub_032/3353. Dalbergia tonkinensis.7.(198).png,train/Dalbergia tonkinensis/3353. Dalbergia tonkinensis.7.(198).png
Peltogyne pubescens/sub_025/3377. Peltogyne pubescens.7 (247).png,train/Peltogyne pubescens/3377. Peltogyne pubescens.7 (247).png
Dalbergia rimosa/sub_007/3414. Dalbergia rimosa.2 (37).png,train/Dalbergia rimosa/3414. Dalbergia rimosa.2 (37).png
Pterocarpus erinaceus/sub_007/3403. Pterocarpus erinaceus.2 (50).png,train/Pterocarpus erinaceus/3403. Pterocarpus erinaceus.2 (50).png
Guibourtia arnoldiana/sub_001/3411. Guibourtia arnoldiana.10 (318).png,train/Guibourtia arnoldiana/3411. Guibourtia arnoldiana.10 (318).png
Guibourtia coleosperma/sub_023/Guibourtia coleosperma_3253.10 (1).png,train/Guibourtia coleosperma/Guibourtia coleosperma_3253.10 (1).png
Afzelia quanzensis/sub_039/126.png,train/Afzelia quanzensis/126.png
Guibourtia coleosperma/sub_070/Guibourtia coleosperma_3253.6 (10).png,train/Guibourtia coleosperma/Guibourtia coleosperma_3253.6 (10).png
Pterocarpus erinaceus/sub_021/3403. Pterocarpus erinaceus.4 (112).png,train/Pterocarpus erinaceus/3403. Pterocarpus erinaceus.4 (112).png
Dalbergia tonkinensis/sub_001/3353. Dalbergia tonkinensis.8.(232).png,train/Dalbergia tonkinensis/3353. Dalbergia tonkinensis.8.(232).png
Pterocarpus indicus/sub_007/3395. Pterocarpus indicus.9 (254).png,train/Pterocarpus indicus/3395. Pterocarpus indicus.9 (254).png
Sindora cochinchinensis/sub_063/gụ99.png,train/Sindora cochinchinensis/gụ99.png
Afzelia bella/sub_055/Afzelia bella_LYSV052_(194).png,train/Afzelia bella/Afzelia bella_LYSV052_(194).png
Dalbergia tonkinensis/sub_018/3353. Dalbergia tonkinensis.6.(184).png,train/Dalbergia tonkinensis/3353. Dalbergia tonkinensis.6.(184).png
Guibourtia coleosperma/sub_063/Guibourtia coleosperma_3253.2 (14).png,train/Guibourtia coleosperma/Guibourtia coleosperma_3253.2 (14).png
Pterocarpus macrocarpus/sub_020/11_3.png,train/Pterocarpus macrocarpus/11_3.png
Dalbergia rimosa/sub_006/3414. Dalbergia rimosa.5 (126).png,train/Dalbergia rimosa/3414. Dalbergia rimosa.5 (126).png
Pterocarpus indicus/sub_038/3395. Pterocarpus indicus.6 (163).png,train/Pterocarpus indicus/3395. Pterocarpus indicus.6 (163).png
Peltogyne pubescens/sub_015/3377. Peltogyne pubescens.5 (157).png,train/Peltogyne pubescens/3377. Peltogyne pubescens.5 (157).png
Pterocarpus sp/sub_015/137_1.png,train/Pterocarpus sp/137_1.png
Afzelia quanzensis/sub_005/12_3.png,train/Afzelia quanzensis/12_3.png
Dalbergia tonkinensis/sub_014/3353. Dalbergia tonkinensis.7.(223).png,train/Dalbergia tonkinensis/3353. Dalbergia tonkinensis.7.(223).png
Afzelia bella/sub_039/Afzelia bella_QUAV174_(320).png,train/Afzelia bella/Afzelia bella_QUAV174_(320).png
Pterocarpus soyauxii/sub_056/117.png,train/Pterocarpus soyauxii/117__99adbd50.png
Guibourtia ehie/sub_076/Guibourtia ehie_SXGM640_8_(306).png,train/Guibourtia ehie/Guibourtia ehie_SXGM640_8_(306).png
Peltogyne pubescens/sub_037/3377. Peltogyne pubescens.2 (73).png,train/Peltogyne pubescens/3377. Peltogyne pubescens.2 (73).png
Pterocarpus sp/sub_036/117.png,train/Pterocarpus sp/117.png
Dalbergia melanoxylon/sub_027/3352. Dalbergia melanoxylon.2 (32).png,train/Dalbergia melanoxylon/3352. Dalbergia melanoxylon.2 (32).png
Guibourtia coleosperma/sub_032/Guibourtia coleosperma_3253.7 (17).png,train/Guibourtia coleosperma/Guibourtia coleosperma_3253.7 (17).png
Pterocarpus soyauxii/sub_050/112_3.png,train/Pterocarpus soyauxii/112_3.png
Guibourtia coleosperma/sub_004/Guibourtia coleosperma_3253.11 (15).png,train/Guibourtia coleosperma/Guibourtia coleosperma_3253.11 (15).png
Dalbergia tonkinensis/sub_006/3353. Dalbergia tonkinensis.10.(322).png,train/Dalbergia tonkinensis/3353. Dalbergia tonkinensis.10.(322).png
Pterocarpus soyauxii/sub_020/146_1.png,train/Pterocarpus soyauxii/146_1.png
Pterocarpus soyauxii/sub_002/164_1.png,train/Pterocarpus soyauxii/164_1.png
Pterocarpus indicus/sub_023/3395. Pterocarpus indicus.2 (47).png,train/Pterocarpus indicus/3395. Pterocarpus indicus.2 (47).png
Afzelia pachyloba/sub_039/6.4_1.png,train/Afzelia pachyloba/6.4_1.png
Pterocarpus sp/sub_041/148_2.png,train/Pterocarpus sp/148_2.png
Dalbergia tonkinensis/sub_023/3353. Dalbergia tonkinensis.7.(203).png,train/Dalbergia tonkinensis/3353. Dalbergia tonkinensis.7.(203).png
Guibourtia ehie/sub_077/Guibourtia ehie_FEHC134_2_(59).png,train/Guibourtia ehie/Guibourtia ehie_FEHC134_2_(59).png
Pterocarpus sp/sub_027/110_1.png,train/Pterocarpus sp/110_1.png
Guibourtia arnoldiana/sub_002/3411. Guibourtia arnoldiana.3 (80).png,train/Guibourtia arnoldiana/3411. Guibourtia arnoldiana.3 (80).png
Peltogyne pubescens/sub_003/3377. Peltogyne pubescens.5 (184).png,train/Peltogyne pubescens/3377. Peltogyne pubescens.5 (184).png
Pterocarpus indicus/sub_016/3395. Pterocarpus indicus.9 (265).png,train/Pterocarpus indicus/3395. Pterocarpus indicus.9 (265).png
Pterocarpus erinaceus/sub_038/3403. Pterocarpus erinaceus.7 (220).png,train/Pterocarpus erinaceus/3403. Pterocarpus erinaceus.7 (220).png
Pterocarpus sp/sub_018/140.png,train/Pterocarpus sp/140.png
Guibourtia coleosperma/sub_021/Guibourtia coleosperma_3253.9 (8).png,train/Guibourtia coleosperma/Guibourtia coleosperma_3253.9 (8).png
Dalbergia cochinchinensis/sub_008/Dalbergia cochinchinensis.3280.7 (28).png,train/Dalbergia cochinchinensis/Dalbergia cochinchinensis.3280.7 (28).png
Pterocarpus erinaceus/sub_060/3403. Pterocarpus erinaceus.3 (90).png,train/Pterocarpus erinaceus/3403. Pterocarpus erinaceus.3 (90).png
Sindora tonkinensis/sub_078/3381. Sindora tonkinensis.8 (240).png,train/Sindora tonkinensis/3381. Sindora tonkinensis.8 (240).png
Dalbergia tonkinensis/sub_022/3353. Dalbergia tonkinensis.7.(215).png,train/Dalbergia tonkinensis/3353. Dalbergia tonkinensis.7.(215).png
Guibourtia arnoldiana/sub_013/3411. Guibourtia arnoldiana.5 (152).png,train/Guibourtia arnoldiana/3411. Guibourtia arnoldiana.5 (152).png
Sindora cochinchinensis/sub_052/gụ48.png,train/Sindora cochinchinensis/gụ48__35ff0536.png
Afzelia quanzensis/sub_009/156_1.png,train/Afzelia quanzensis/156_1.png
Pterocarpus soyauxii/sub_035/155.png,train/Pterocarpus soyauxii/155.png
Guibourtia ehie/sub_056/Guibourtia ehie_KREW954_4_(139).png,train/Guibourtia ehie/Guibourtia ehie_KREW954_4_(139).png
Dalbergia cochinchinensis/sub_047/Dalbergia cochinchinensis.3280.3 (12).png,train/Dalbergia cochinchinensis/Dalbergia cochinchinensis.3280.3 (12).png
Pterocarpus indicus/sub_008/3395. Pterocarpus indicus.2 (42).png,train/Pterocarpus indicus/3395. Pterocarpus indicus.2 (42).png
Guibourtia coleosperma/sub_039/Guibourtia coleosperma_3253.9 (28).png,train/Guibourtia coleosperma/Guibourtia coleosperma_3253.9 (28).png
Dalbergia melanoxylon/sub_018/3352. Dalbergia melanoxylon.10.(283).png,train/Dalbergia melanoxylon/3352. Dalbergia melanoxylon.10.(283).png
Guibourtia ehie/sub_048/Guibourtia ehie_TLYO895_9_(354).png,train/Guibourtia ehie/Guibourtia ehie_TLYO895_9_(354).png
Peltogyne pubescens/sub_009/3377. Peltogyne pubescens.10 (354).png,train/Peltogyne pubescens/3377. Peltogyne pubescens.10 (354).png
Guibourtia ehie/sub_037/Guibourtia ehie_SXGM640_8_(286).png,train/Guibourtia ehie/Guibourtia ehie_SXGM640_8_(286).png
Afzelia bella/sub_013/Afzelia bella_OGHV743_(216).png,train/Afzelia bella/Afzelia bella_OGHV743_(216).png
Dalbergia melanoxylon/sub_038/3352. Dalbergia melanoxylon.1.(6).png,train/Dalbergia melanoxylon/3352. Dalbergia melanoxylon.1.(6).png
Afzelia bella/sub_006/Afzelia bella_OGHV743_(214).png,train/Afzelia bella/Afzelia bella_OGHV743_(214).png
Guibourtia coleosperma/sub_061/Guibourtia coleosperma_3253.4 (19).png,train/Guibourtia coleosperma/Guibourtia coleosperma_3253.4 (19).png
Dalbergia melanoxylon/sub_021/3352. Dalbergia melanoxylon.5.(129).png,train/Dalbergia melanoxylon/3352. Dalbergia melanoxylon.5.(129).png
Afzelia africana/sub_006/doussie52.png,train/Afzelia africana/doussie52.png
Guibourtia ehie/sub_028/Guibourtia ehie_KREW954_4_(135).png,train/Guibourtia ehie/Guibourtia ehie_KREW954_4_(135).png
Guibourtia arnoldiana/sub_048/3411. Guibourtia arnoldiana.8 (237).png,train/Guibourtia arnoldiana/3411. Guibourtia arnoldiana.8 (237).png
Guibourtia ehie/sub_003/Guibourtia ehie_FEHC134_2_(50).png,train/Guibourtia ehie/Guibourtia ehie_FEHC134_2_(50).png
Pterocarpus erinaceus/sub_016/3403. Pterocarpus erinaceus.5 (158).png,train/Pterocarpus erinaceus/3403. Pterocarpus erinaceus.5 (158).png
Pterocarpus soyauxii/sub_018/123.png,train/Pterocarpus soyauxii/123.png
Dalbergia tonkinensis/sub_025/3353. Dalbergia tonkinensis.8.(254).png,train/Dalbergia tonkinensis/3353. Dalbergia tonkinensis.8.(254).png
Pterocarpus macrocarpus/sub_033/110_2.png,train/Pterocarpus macrocarpus/110_2.png
Sindora cochinchinensis/sub_038/gụ62_1_1.png,train/Sindora cochinchinensis/gụ62_1_1.png
Dalbergia tonkinensis/sub_045/3353. Dalbergia tonkinensis.2.(34).png,train/Dalbergia tonkinensis/3353. Dalbergia tonkinensis.2.(34).png
Dalbergia rimosa/sub_055/3414. Dalbergia rimosa.2 (57).png,train/Dalbergia rimosa/3414. Dalbergia rimosa.2 (57).png
Dalbergia melanoxylon/sub_008/3352. Dalbergia melanoxylon.3.(66).png,train/Dalbergia melanoxylon/3352. Dalbergia melanoxylon.3.(66).png
Afzelia africana/sub_009/doussie41_1.png,train/Afzelia africana/doussie41_1.png
Guibourtia ehie/sub_021/Guibourtia ehie_PVFM153_6_(226).png,train/Guibourtia ehie/Guibourtia ehie_PVFM153_6_(226).png
Pterocarpus sp/sub_039/123_2.png,train/Pterocarpus sp/123_2.png
Afzelia pachyloba/sub_036/3.4.png,train/Afzelia pachyloba/3.4.png
Guibourtia arnoldiana/sub_045/3411. Guibourtia arnoldiana.6 (183).png,train/Guibourtia arnoldiana/3411. Guibourtia arnoldiana.6 (183).png
Sindora tonkinensis/sub_074/3381. Sindora tonkinensis.10 (302).png,train/Sindora tonkinensis/3381. Sindora tonkinensis.10 (302).png
Dalbergia rimosa/sub_058/3414. Dalbergia rimosa.10 (296).png,train/Dalbergia rimosa/3414. Dalbergia rimosa.10 (296).png
Dalbergia cochinchinensis/sub_042/Dalbergia cochinchinensis.3280.8 (7).png,train/Dalbergia cochinchinensis/Dalbergia cochinchinensis.3280.8 (7).png
Guibourtia ehie/sub_056/Guibourtia ehie_CHYX256_1_(20).png,train/Guibourtia ehie/Guibourtia ehie_CHYX256_1_(20).png
Dalbergia cochinchinensis/sub_014/Dalbergia cochinchinensis.3280.7 (26).png,train/Dalbergia cochinchinensis/Dalbergia cochinchinensis.3280.7 (26).png
Guibourtia arnoldiana/sub_026/3411. Guibourtia arnoldiana.2 (51).png,train/Guibourtia arnoldiana/3411. Guibourtia arnoldiana.2 (51).png
Pterocarpus macrocarpus/sub_050/147.png,train/Pterocarpus macrocarpus/147.png
Pterocarpus indicus/sub_001/3395. Pterocarpus indicus.7 (200).png,train/Pterocarpus indicus/3395. Pterocarpus indicus.7 (200).png
Dalbergia cochinchinensis/sub_004/Dalbergia cochinchinensis.3280.9 (25).png,train/Dalbergia cochinchinensis/Dalbergia cochinchinensis.3280.9 (25).png
Afzelia bella/sub_063/Afzelia bella_HYBT691_(143).png,train/Afzelia bella/Afzelia bella_HYBT691_(143).png
Afzelia africana/sub_075/doussie26.png,train/Afzelia africana/doussie26.png
Afzelia bella/sub_061/Afzelia bella_QCYD170_(254).png,train/Afzelia bella/Afzelia bella_QCYD170_(254).png
Dalbergia cochinchinensis/sub_003/Dalbergia cochinchinensis.3280.5 (18).png,train/Dalbergia cochinchinensis/Dalbergia cochinchinensis.3280.5 (18).png
Afzelia bella/sub_005/Afzelia bella_LYSV052_(162).png,train/Afzelia bella/Afzelia bella_LYSV052_(162).png
Dalbergia cochinchinensis/sub_011/Dalbergia cochinchinensis.3280.4 (35).png,train/Dalbergia cochinchinensis/Dalbergia cochinchinensis.3280.4 (35).png
Dalbergia tonkinensis/sub_023/3353. Dalbergia tonkinensis.2.(43).png,train/Dalbergia tonkinensis/3353. Dalbergia tonkinensis.2.(43).png
Afzelia quanzensis/sub_017/112_2.png,train/Afzelia quanzensis/112_2.png
Dalbergia tonkinensis/sub_002/3353. Dalbergia tonkinensis.9.(283).png,train/Dalbergia tonkinensis/3353. Dalbergia tonkinensis.9.(283).png
Guibourtia ehie/sub_023/Guibourtia ehie_QAMZ768_7_(270).png,train/Guibourtia ehie/Guibourtia ehie_QAMZ768_7_(270).png
Guibourtia arnoldiana/sub_016/3411. Guibourtia arnoldiana.4 (107).png,train/Guibourtia arnoldiana/3411. Guibourtia arnoldiana.4 (107).png
Pterocarpus macrocarpus/sub_064/113_3.png,train/Pterocarpus macrocarpus/113_3.png
Pterocarpus soyauxii/sub_038/153_1.png,train/Pterocarpus soyauxii/153_1.png
Guibourtia ehie/sub_064/Guibourtia ehie_PVFM153_6_(239).png,train/Guibourtia ehie/Guibourtia ehie_PVFM153_6_(239).png
Dalbergia oliveri/sub_036/Dalbergia oliveri_3237.10_ (21).png,train/Dalbergia oliveri/Dalbergia oliveri_3237.10_ (21).png
Sindora tonkinensis/sub_014/3381. Sindora tonkinensis.4 (121).png,train/Sindora tonkinensis/3381. Sindora tonkinensis.4 (121).png
Pterocarpus macrocarpus/sub_079/110.png,train/Pterocarpus macrocarpus/110.png
Pterocarpus sp/sub_079/125_5.png,train/Pterocarpus sp/125_5.png
Pterocarpus indicus/sub_024/3395. Pterocarpus indicus.8 (225).png,train/Pterocarpus indicus/3395. Pterocarpus indicus.8 (225).png
Dalbergia rimosa/sub_027/3414. Dalbergia rimosa.1(6).png,train/Dalbergia rimosa/3414. Dalbergia rimosa.1(6).png
Dalbergia melanoxylon/sub_040/3352. Dalbergia melanoxylon.9.(253).png,train/Dalbergia melanoxylon/3352. Dalbergia melanoxylon.9.(253).png
Peltogyne pubescens/sub_011/3377. Peltogyne pubescens.7 (222).png,train/Peltogyne pubescens/3377. Peltogyne pubescens.7 (222).png
Dalbergia tonkinensis/sub_063/3353. Dalbergia tonkinensis.4.(96).png,train/Dalbergia tonkinensis/3353. Dalbergia tonkinensis.4.(96).png
Pterocarpus macrocarpus/sub_067/127_5.png,train/Pterocarpus macrocarpus/127_5.png
Pterocarpus indicus/sub_021/3395. Pterocarpus indicus.4 (120).png,train/Pterocarpus indicus/3395. Pterocarpus indicus.4 (120).png
Afzelia africana/sub_039/doussie50.png,train/Afzelia africana/doussie50.png
Guibourtia ehie/sub_029/Guibourtia ehie_TLYO895_9_(328).png,train/Guibourtia ehie/Guibourtia ehie_TLYO895_9_(328).png
Guibourtia coleosperma/sub_051/Guibourtia coleosperma_3253.1 (4).png,train/Guibourtia coleosperma/Guibourtia coleosperma_3253.1 (4).png
Pterocarpus soyauxii/sub_075/151_1.png,train/Pterocarpus soyauxii/151_1.png
Afzelia africana/sub_019/doussie22.png,train/Afzelia africana/doussie22__768ea500.png
Afzelia africana/sub_021/doussie55_1.png,train/Afzelia africana/doussie55_1.png
Dalbergia cochinchinensis/sub_025/Dalbergia cochinchinensis.3280.9 (19).png,train/Dalbergia cochinchinensis/Dalbergia cochinchinensis.3280.9 (19).png
Afzelia bella/sub_036/Afzelia bella_QUAV174_(288).png,train/Afzelia bella/Afzelia bella_QUAV174_(288).png
Pterocarpus soyauxii/sub_005/135.png,train/Pterocarpus soyauxii/135.png
Afzelia quanzensis/sub_031/119_2.png,train/Afzelia quanzensis/119_2.png
Guibourtia arnoldiana/sub_002/3411. Guibourtia arnoldiana.5 (160).png,train/Guibourtia arnoldiana/3411. Guibourtia arnoldiana.5 (160).png
Guibourtia ehie/sub_059/Guibourtia ehie_GHQN943_3_(118).png,train/Guibourtia ehie/Guibourtia ehie_GHQN943_3_(118).png
Dalbergia tonkinensis/sub_001/3353. Dalbergia tonkinensis.8.(241).png,train/Dalbergia tonkinensis/3353. Dalbergia tonkinensis.8.(241).png
Pterocarpus macrocarpus/sub_041/135_1.png,train/Pterocarpus macrocarpus/135_1.png
Sindora tonkinensis/sub_005/3381. Sindora tonkinensis.10 (315).png,train/Sindora tonkinensis/3381. Sindora tonkinensis.10 (315).png
Pterocarpus indicus/sub_001/3395. Pterocarpus indicus.7 (209).png,train/Pterocarpus indicus/3395. Pterocarpus indicus.7 (209).png
Afzelia africana/sub_007/doussie9.png,train/Afzelia africana/doussie9.png
Dalbergia rimosa/sub_050/3414. Dalbergia rimosa.4 (120).png,train/Dalbergia rimosa/3414. Dalbergia rimosa.4 (120).png
Pterocarpus soyauxii/sub_047/1103.png,train/Pterocarpus soyauxii/1103__c73110a1.png
Sindora cochinchinensis/sub_003/gụ57.png,train/Sindora cochinchinensis/gụ57__a8063cef.png
Dalbergia cochinchinensis/sub_014/Dalbergia cochinchinensis.3280.10 (31).png,train/Dalbergia cochinchinensis/Dalbergia cochinchinensis.3280.10 (31).png
Afzelia africana/sub_071/doussie12_1.png,train/Afzelia africana/doussie12_1.png
Pterocarpus sp/sub_006/132_1.png,train/Pterocarpus sp/132_1.png
Dalbergia oliveri/sub_002/Dalbergia oliveri_3237.7_ (19).png,train/Dalbergia oliveri/Dalbergia oliveri_3237.7_ (19).png
Pterocarpus indicus/sub_022/3395. Pterocarpus indicus.6 (189).png,train/Pterocarpus indicus/3395. Pterocarpus indicus.6 (189).png
Pterocarpus indicus/sub_041/3395. Pterocarpus indicus.3 (84).png,train/Pterocarpus indicus/3395. Pterocarpus indicus.3 (84).png
Pterocarpus indicus/sub_004/3395. Pterocarpus indicus.1 (14).png,train/Pterocarpus indicus/3395. Pterocarpus indicus.1 (14).png
Dalbergia melanoxylon/sub_036/3352. Dalbergia melanoxylon.3.(78).png,train/Dalbergia melanoxylon/3352. Dalbergia melanoxylon.3.(78).png
Pterocarpus macrocarpus/sub_054/122.png,train/Pterocarpus macrocarpus/122__d246d3fe.png
Pterocarpus sp/sub_008/117_4.png,train/Pterocarpus sp/117_4.png
Afzelia bella/sub_050/Afzelia bella_AMRX692_(50).png,train/Afzelia bella/Afzelia bella_AMRX692_(50).png
Sindora tonkinensis/sub_011/3381. Sindora tonkinensis.5 (144).png,train/Sindora tonkinensis/3381. Sindora tonkinensis.5 (144).png
Pterocarpus soyauxii/sub_049/128_1.png,train/Pterocarpus soyauxii/128_1.png
Dalbergia cochinchinensis/sub_053/Dalbergia cochinchinensis.3280.10 (22).png,train/Dalbergia cochinchinensis/Dalbergia cochinchinensis.3280.10 (22).png
Guibourtia coleosperma/sub_004/Guibourtia coleosperma_3253.11 (29).png,train/Guibourtia coleosperma/Guibourtia coleosperma_3253.11 (29).png
Pterocarpus sp/sub_016/141_1.png,train/Pterocarpus sp/141_1.png
Dalbergia oliveri/sub_082/Dalbergia oliveri_3237.5_ (24).png,train/Dalbergia oliveri/Dalbergia oliveri_3237.5_ (24).png
Pterocarpus indicus/sub_011/3395. Pterocarpus indicus.7 (221).png,train/Pterocarpus indicus/3395. Pterocarpus indicus.7 (221).png
Dalbergia rimosa/sub_012/3414. Dalbergia rimosa.4 (99).png,train/Dalbergia rimosa/3414. Dalbergia rimosa.4 (99).png
Guibourtia arnoldiana/sub_053/3411. Guibourtia arnoldiana.6 (176).png,train/Guibourtia arnoldiana/3411. Guibourtia arnoldiana.6 (176).png
Dalbergia melanoxylon/sub_030/3352. Dalbergia melanoxylon.7.(192).png,train/Dalbergia melanoxylon/3352. Dalbergia melanoxylon.7.(192).png
Pterocarpus macrocarpus/sub_024/19_2.png,train/Pterocarpus macrocarpus/19_2__adad87dc.png
Guibourtia arnoldiana/sub_001/3411. Guibourtia arnoldiana.3 (84).png,train/Guibourtia arnoldiana/3411. Guibourtia arnoldiana.3 (84).png
Pterocarpus erinaceus/sub_036/3403. Pterocarpus erinaceus.7 (207).png,train/Pterocarpus erinaceus/3403. Pterocarpus erinaceus.7 (207).png
Afzelia bella/sub_065/Afzelia bella_FFCA657_9_32121.png,train/Afzelia bella/Afzelia bella_FFCA657_9_32121.png
Pterocarpus sp/sub_052/135_1.png,train/Pterocarpus sp/135_1.png
Sindora cochinchinensis/sub_088/gụ18_1.png,train/Sindora cochinchinensis/gụ18_1.png
Dalbergia tonkinensis/sub_015/3353. Dalbergia tonkinensis.8.(229).png,train/Dalbergia tonkinensis/3353. Dalbergia tonkinensis.8.(229).png
Pterocarpus soyauxii/sub_022/167_1.png,train/Pterocarpus soyauxii/167_1.png
Pterocarpus soyauxii/sub_060/184.png,train/Pterocarpus soyauxii/184.png
Dalbergia rimosa/sub_004/3414. Dalbergia rimosa.2 (44).png,train/Dalbergia rimosa/3414. Dalbergia rimosa.2 (44).png
Dalbergia rimosa/sub_058/3414. Dalbergia rimosa.7 (198).png,train/Dalbergia rimosa/3414. Dalbergia rimosa.7 (198).png
Dalbergia cochinchinensis/sub_018/Dalbergia cochinchinensis.3280.6 (25).png,train/Dalbergia cochinchinensis/Dalbergia cochinchinensis.3280.6 (25).png
Guibourtia arnoldiana/sub_007/3411. Guibourtia arnoldiana.2 (63).png,train/Guibourtia arnoldiana/3411. Guibourtia arnoldiana.2 (63).png
Guibourtia ehie/sub_007/Guibourtia ehie_UORX694_10_(375).png,train/Guibourtia ehie/Guibourtia ehie_UORX694_10_(375).png
Pterocarpus soyauxii/sub_029/133_2.png,train/Pterocarpus soyauxii/133_2.png
Dalbergia rimosa/sub_034/3414. Dalbergia rimosa.5 (124).png,train/Dalbergia rimosa/3414. Dalbergia rimosa.5 (124).png
Dalbergia melanoxylon/sub_017/3352. Dalbergia melanoxylon.3.(83).png,train/Dalbergia melanoxylon/3352. Dalbergia melanoxylon.3.(83).png
Sindora cochinchinensis/sub_031/gụ73_1.png,train/Sindora cochinchinensis/gụ73_1__581b0c16.png
Sindora tonkinensis/sub_059/3381. Sindora tonkinensis.1 (6).png,train/Sindora tonkinensis/3381. Sindora tonkinensis.1 (6).png
Dalbergia melanoxylon/sub_017/3352. Dalbergia melanoxylon.3.(77).png,train/Dalbergia melanoxylon/3352. Dalbergia melanoxylon.3.(77).png
Pterocarpus soyauxii/sub_040/16.png,train/Pterocarpus soyauxii/16.png
Afzelia bella/sub_047/Afzelia bella_GCJA653_(120).png,train/Afzelia bella/Afzelia bella_GCJA653_(120).png
Pterocarpus indicus/sub_037/3395. Pterocarpus indicus.9 (258).png,train/Pterocarpus indicus/3395. Pterocarpus indicus.9 (258).png
Afzelia africana/sub_002/doussie17_1.png,train/Afzelia africana/doussie17_1__db5d362b.png
Dalbergia cochinchinensis/sub_001/Dalbergia cochinchinensis.3280.3 (15).png,train/Dalbergia cochinchinensis/Dalbergia cochinchinensis.3280.3 (15).png
Afzelia bella/sub_031/Afzelia bella_FFCA657_9_32111.png,train/Afzelia bella/Afzelia bella_FFCA657_9_32111.png
Dalbergia oliveri/sub_069/Dalbergia oliveri_3237.9_ (21).png,train/Dalbergia oliveri/Dalbergia oliveri_3237.9_ (21).png
Afzelia quanzensis/sub_041/135_1.png,train/Afzelia quanzensis/135_1.png
Dalbergia tonkinensis/sub_028/3353. Dalbergia tonkinensis.1.(21).png,train/Dalbergia tonkinensis/3353. Dalbergia tonkinensis.1.(21).png
Pterocarpus sp/sub_010/121_2.png,train/Pterocarpus sp/121_2.png
Pterocarpus sp/sub_038/152_4.png,train/Pterocarpus sp/152_4.png
Sindora cochinchinensis/sub_012/gụ59_1_1.png,train/Sindora cochinchinensis/gụ59_1_1.png
Pterocarpus macrocarpus/sub_023/12_2.png,train/Pterocarpus macrocarpus/12_2.png
Guibourtia ehie/sub_025/Guibourtia ehie_CHYX256_1_(7).png,train/Guibourtia ehie/Guibourtia ehie_CHYX256_1_(7).png
Pterocarpus macrocarpus/sub_045/116_4.png,train/Pterocarpus macrocarpus/116_4.png
Sindora cochinchinensis/sub_029/gụ98_1.png,train/Sindora cochinchinensis/gụ98_1.png
Pterocarpus soyauxii/sub_063/160_1.png,train/Pterocarpus soyauxii/160_1.png
Pterocarpus sp/sub_028/10_5.png,train/Pterocarpus sp/10_5.png
Peltogyne pubescens/sub_001/3377. Peltogyne pubescens.4 (131).png,train/Peltogyne pubescens/3377. Peltogyne pubescens.4 (131).png
Pterocarpus macrocarpus/sub_058/135_3.png,train/Pterocarpus macrocarpus/135_3.png
Afzelia bella/sub_024/Afzelia bella_OGHV743_(221).png,train/Afzelia bella/Afzelia bella_OGHV743_(221).png
Dalbergia rimosa/sub_043/3414. Dalbergia rimosa.6 (177).png,train/Dalbergia rimosa/3414. Dalbergia rimosa.6 (177).png
Pterocarpus erinaceus/sub_010/3403. Pterocarpus erinaceus.10 (337).png,train/Pterocarpus erinaceus/3403. Pterocarpus erinaceus.10 (337).png
Dalbergia melanoxylon/sub_045/3352. Dalbergia melanoxylon.6.(166).png,train/Dalbergia melanoxylon/3352. Dalbergia melanoxylon.6.(166).png
Guibourtia coleosperma/sub_081/Guibourtia coleosperma_3253.4 (30).png,train/Guibourtia coleosperma/Guibourtia coleosperma_3253.4 (30).png
Guibourtia ehie/sub_016/Guibourtia ehie_SXGM640_8_(297).png,train/Guibourtia ehie/Guibourtia ehie_SXGM640_8_(297).png
Peltogyne pubescens/sub_007/3377. Peltogyne pubescens.10 (360).png,train/Peltogyne pubescens/3377. Peltogyne pubescens.10 (360).png
Guibourtia ehie/sub_008/Guibourtia ehie_SXGM640_8_(293).png,train/Guibourtia ehie/Guibourtia ehie_SXGM640_8_(293).png
Guibourtia arnoldiana/sub_040/3411. Guibourtia arnoldiana.4 (98).png,train/Guibourtia arnoldiana/3411. Guibourtia arnoldiana.4 (98).png
Dalbergia rimosa/sub_050/3414. Dalbergia rimosa.6 (172).png,train/Dalbergia rimosa/3414. Dalbergia rimosa.6 (172).png
Dalbergia melanoxylon/sub_012/3352. Dalbergia melanoxylon.1.(7).png,train/Dalbergia melanoxylon/3352. Dalbergia melanoxylon.1.(7).png
Dalbergia oliveri/sub_050/Dalbergia oliveri_3237.9_ (19).png,train/Dalbergia oliveri/Dalbergia oliveri_3237.9_ (19).png
Afzelia bella/sub_033/Afzelia bella_QUAV174_(313).png,train/Afzelia bella/Afzelia bella_QUAV174_(313).png
Guibourtia arnoldiana/sub_003/3411. Guibourtia arnoldiana.10 (293).png,train/Guibourtia arnoldiana/3411. Guibourtia arnoldiana.10 (293).png
Guibourtia coleosperma/sub_032/Guibourtia coleosperma_3253.11 (34).png,train/Guibourtia coleosperma/Guibourtia coleosperma_3253.11 (34).png
Guibourtia coleosperma/sub_004/Guibourtia coleosperma_3253.8 (6).png,train/Guibourtia coleosperma/Guibourtia coleosperma_3253.8 (6).png
Dalbergia oliveri/sub_013/Dalbergia oliveri_3237.6_ (29).png,train/Dalbergia oliveri/Dalbergia oliveri_3237.6_ (29).png
Guibourtia ehie/sub_025/Guibourtia ehie_FEHC134_2_(49).png,train/Guibourtia ehie/Guibourtia ehie_FEHC134_2_(49).png
Afzelia bella/sub_027/Afzelia bella_FFCA657_9_32127.png,train/Afzelia bella/Afzelia bella_FFCA657_9_32127.png
Pterocarpus sp/sub_077/129.png,train/Pterocarpus sp/129.png
Dalbergia tonkinensis/sub_051/3353. Dalbergia tonkinensis.7.(202).png,train/Dalbergia tonkinensis/3353. Dalbergia tonkinensis.7.(202).png
Afzelia quanzensis/sub_004/112_2_1.png,train/Afzelia quanzensis/112_2_1.png
Dalbergia melanoxylon/sub_008/3352. Dalbergia melanoxylon.3.(69).png,train/Dalbergia melanoxylon/3352. Dalbergia melanoxylon.3.(69).png
Pterocarpus indicus/sub_018/3395. Pterocarpus indicus.8 (239).png,train/Pterocarpus indicus/3395. Pterocarpus indicus.8 (239).png
Guibourtia coleosperma/sub_020/Guibourtia coleosperma_3253.3 (11).png,train/Guibourtia coleosperma/Guibourtia coleosperma_3253.3 (11).png
Dalbergia oliveri/sub_014/Dalbergia oliveri_3237.4_ (19).png,train/Dalbergia oliveri/Dalbergia oliveri_3237.4_ (19).png
Pterocarpus soyauxii/sub_033/193.png,train/Pterocarpus soyauxii/193__97a86d7e.png
Afzelia bella/sub_030/Afzelia bella_OGHV743_(227).png,train/Afzelia bella/Afzelia bella_OGHV743_(227).png
Pterocarpus sp/sub_027/13.png,train/Pterocarpus sp/13.png
Dalbergia melanoxylon/sub_033/3352. Dalbergia melanoxylon.2 (59).png,train/Dalbergia melanoxylon/3352. Dalbergia melanoxylon.2 (59).png
Afzelia bella/sub_032/Afzelia bella_GCJA653_(118).png,train/Afzelia bella/Afzelia bella_GCJA653_(118).png
Afzelia bella/sub_021/Afzelia bella_QUAV174_(298).png,train/Afzelia bella/Afzelia bella_QUAV174_(298).png
Guibourtia coleosperma/sub_021/Guibourtia coleosperma_3253.8 (2).png,train/Guibourtia coleosperma/Guibourtia coleosperma_3253.8 (2).png
Afzelia bella/sub_005/Afzelia bella_OGHV743_(204).png,train/Afzelia bella/Afzelia bella_OGHV743_(204).png
Pterocarpus erinaceus/sub_034/3403. Pterocarpus erinaceus.2 (55).png,train/Pterocarpus erinaceus/3403. Pterocarpus erinaceus.2 (55).png
Pterocarpus macrocarpus/sub_036/134_3.png,train/Pterocarpus macrocarpus/134_3.png
Peltogyne pubescens/sub_055/3377. Peltogyne pubescens.9 (325).png,train/Peltogyne pubescens/3377. Peltogyne pubescens.9 (325).png
Pterocarpus sp/sub_011/140_5.png,train/Pterocarpus sp/140_5.png
Guibourtia coleosperma/sub_070/Guibourtia coleosperma_3253.2 (5).png,train/Guibourtia coleosperma/Guibourtia coleosperma_3253.2 (5).png
Pterocarpus sp/sub_020/11_1_1.png,train/Pterocarpus sp/11_1_1.png
Pterocarpus sp/sub_063/115.png,train/Pterocarpus sp/115.png
Dalbergia rimosa/sub_055/3414. Dalbergia rimosa.4 (104).png,train/Dalbergia rimosa/3414. Dalbergia rimosa.4 (104).png
Dalbergia tonkinensis/sub_051/3353. Dalbergia tonkinensis.1.(31).png,train/Dalbergia tonkinensis/3353. Dalbergia tonkinensis.1.(31).png
Pterocarpus indicus/sub_001/3395. Pterocarpus indicus.4 (118).png,train/Pterocarpus indicus/3395. Pterocarpus indicus.4 (118).png
Afzelia quanzensis/sub_079/133_3.png,train/Afzelia quanzensis/133_3.png
Guibourtia coleosperma/sub_037/Guibourtia coleosperma_3253.6 (25).png,train/Guibourtia coleosperma/Guibourtia coleosperma_3253.6 (25).png
Guibourtia ehie/sub_043/Guibourtia ehie_FEHC134_2_(78).png,train/Guibourtia ehie/Guibourtia ehie_FEHC134_2_(78).png
Guibourtia arnoldiana/sub_002/3411. Guibourtia arnoldiana.1 (4).png,train/Guibourtia arnoldiana/3411. Guibourtia arnoldiana.1 (4).png
Pterocarpus soyauxii/sub_015/147.png,train/Pterocarpus soyauxii/147.png
Dalbergia oliveri/sub_027/Dalbergia oliveri_3237.9_ (10).png,train/Dalbergia oliveri/Dalbergia oliveri_3237.9_ (10).png
Afzelia pachyloba/sub_025/6.4.png,train/Afzelia pachyloba/6.4.png
Pterocarpus soyauxii/sub_041/120_2.png,train/Pterocarpus soyauxii/120_2.png
Sindora tonkinensis/sub_045/3381. Sindora tonkinensis.8 (254).png,train/Sindora tonkinensis/3381. Sindora tonkinensis.8 (254).png
Dalbergia cochinchinensis/sub_048/Dalbergia cochinchinensis.3280.3 (22).png,train/Dalbergia cochinchinensis/Dalbergia cochinchinensis.3280.3 (22).png
Pterocarpus sp/sub_020/149_2.png,train/Pterocarpus sp/149_2.png
Afzelia quanzensis/sub_001/114_2.png,train/Afzelia quanzensis/114_2.png
Pterocarpus sp/sub_007/124_1.png,train/Pterocarpus sp/124_1.png
Guibourtia ehie/sub_034/Guibourtia ehie_SXGM640_8_(316).png,train/Guibourtia ehie/Guibourtia ehie_SXGM640_8_(316).png
Guibourtia coleosperma/sub_055/Guibourtia coleosperma_3253.4 (26).png,train/Guibourtia coleosperma/Guibourtia coleosperma_3253.4 (26).png
Guibourtia ehie/sub_082/Guibourtia ehie_PVFM153_6_(236).png,train/Guibourtia ehie/Guibourtia ehie_PVFM153_6_(236).png
Dalbergia tonkinensis/sub_005/3353. Dalbergia tonkinensis.6.(178).png,train/Dalbergia tonkinensis/3353. Dalbergia tonkinensis.6.(178).png
Afzelia bella/sub_017/Afzelia bella_LYSV052_(179).png,train/Afzelia bella/Afzelia bella_LYSV052_(179).png
Pterocarpus macrocarpus/sub_044/18_3.png,train/Pterocarpus macrocarpus/18_3.png
Pterocarpus macrocarpus/sub_007/142_1.png,train/Pterocarpus macrocarpus/142_1.png
Guibourtia ehie/sub_062/Guibourtia ehie_PRQC042_5_(170).png,train/Guibourtia ehie/Guibourtia ehie_PRQC042_5_(170).png
Pterocarpus sp/sub_022/114_1.png,train/Pterocarpus sp/114_1.png
Sindora cochinchinensis/sub_035/gụ6.png,train/Sindora cochinchinensis/gụ6.png
Dalbergia tonkinensis/sub_011/3353. Dalbergia tonkinensis.5.(152).png,train/Dalbergia tonkinensis/3353. Dalbergia tonkinensis.5.(152).png
Pterocarpus indicus/sub_047/3395. Pterocarpus indicus.1 (26).png,train/Pterocarpus indicus/3395. Pterocarpus indicus.1 (26).png
Pterocarpus indicus/sub_031/3395. Pterocarpus indicus.4 (102).png,train/Pterocarpus indicus/3395. Pterocarpus indicus.4 (102).png
Afzelia bella/sub_067/Afzelia bella_WJSV740_10_3619.png,train/Afzelia bella/Afzelia bella_WJSV740_10_3619.png
Peltogyne pubescens/sub_032/3377. Peltogyne pubescens.6 (218).png,train/Peltogyne pubescens/3377. Peltogyne pubescens.6 (218).png
Dalbergia oliveri/sub_009/Dalbergia oliveri_3237.7_ (24).png,train/Dalbergia oliveri/Dalbergia oliveri_3237.7_ (24).png
Peltogyne pubescens/sub_027/3377. Peltogyne pubescens.3 (87).png,train/Peltogyne pubescens/3377. Peltogyne pubescens.3 (87).png
Peltogyne pubescens/sub_023/3377. Peltogyne pubescens.3 (113).png,train/Peltogyne pubescens/3377. Peltogyne pubescens.3 (113).png
Dalbergia melanoxylon/sub_007/3352. Dalbergia melanoxylon.1.(19).png,train/Dalbergia melanoxylon/3352. Dalbergia melanoxylon.1.(19).png
Pterocarpus erinaceus/sub_031/3403. Pterocarpus erinaceus.8 (250).png,train/Pterocarpus erinaceus/3403. Pterocarpus erinaceus.8 (250).png
Dalbergia rimosa/sub_043/3414. Dalbergia rimosa.1(13).png,train/Dalbergia rimosa/3414. Dalbergia rimosa.1(13).png
Sindora cochinchinensis/sub_002/gụ12_2.png,train/Sindora cochinchinensis/gụ12_2.png
Pterocarpus erinaceus/sub_020/3403. Pterocarpus erinaceus.4 (107).png,train/Pterocarpus erinaceus/3403. Pterocarpus erinaceus.4 (107).png
Afzelia africana/sub_065/doussie13_1.png,train/Afzelia africana/doussie13_1.png
Dalbergia tonkinensis/sub_023/3353. Dalbergia tonkinensis.1.(9).png,train/Dalbergia tonkinensis/3353. Dalbergia tonkinensis.1.(9).png
Peltogyne pubescens/sub_032/3377. Peltogyne pubescens.5 (174).png,train/Peltogyne pubescens/3377. Peltogyne pubescens.5 (174).png
Dalbergia oliveri/sub_010/Dalbergia oliveri_3237.9_ (15).png,train/Dalbergia oliveri/Dalbergia oliveri_3237.9_ (15).png
Peltogyne pubescens/sub_026/3377. Peltogyne pubescens.3 (78).png,train/Peltogyne pubescens/3377. Peltogyne pubescens.3 (78).png
Pterocarpus macrocarpus/sub_040/111.png,train/Pterocarpus macrocarpus/111.png
Pterocarpus soyauxii/sub_044/140.png,train/Pterocarpus soyauxii/140.png
Peltogyne pubescens/sub_008/3377. Peltogyne pubescens.8 (285).png,train/Peltogyne pubescens/3377. Peltogyne pubescens.8 (285).png
Guibourtia ehie/sub_073/Guibourtia ehie_KREW954_4_(160).png,train/Guibourtia ehie/Guibourtia ehie_KREW954_4_(160).png
Pterocarpus erinaceus/sub_003/3403. Pterocarpus erinaceus.10 (323).png,train/Pterocarpus erinaceus/3403. Pterocarpus erinaceus.10 (323).png
Pterocarpus erinaceus/sub_049/3403. Pterocarpus erinaceus.6 (193).png,train/Pterocarpus erinaceus/3403. Pterocarpus erinaceus.6 (193).png
Peltogyne pubescens/sub_001/3377. Peltogyne pubescens.2 (72).png,train/Peltogyne pubescens/3377. Peltogyne pubescens.2 (72).png
Dalbergia rimosa/sub_003/3414. Dalbergia rimosa.3 (76).png,train/Dalbergia rimosa/3414. Dalbergia rimosa.3 (76).png
Pterocarpus sp/sub_059/126_1.png,train/Pterocarpus sp/126_1.png
Guibourtia arnoldiana/sub_004/3411. Guibourtia arnoldiana.1 (8).png,train/Guibourtia arnoldiana/3411. Guibourtia arnoldiana.1 (8).png
Dalbergia rimosa/sub_061/3414. Dalbergia rimosa.7 (205).png,train/Dalbergia rimosa/3414. Dalbergia rimosa.7 (205).png
Pterocarpus sp/sub_073/162_2.png,train/Pterocarpus sp/162_2.png
Pterocarpus soyauxii/sub_020/139_1.png,train/Pterocarpus soyauxii/139_1__87ff73c9.png
Dalbergia oliveri/sub_001/Dalbergia oliveri_3237.10_ (1).png,train/Dalbergia oliveri/Dalbergia oliveri_3237.10_ (1).png
Pterocarpus indicus/sub_027/3395. Pterocarpus indicus.6 (178).png,train/Pterocarpus indicus/3395. Pterocarpus indicus.6 (178).png
Guibourtia arnoldiana/sub_034/3411. Guibourtia arnoldiana.8 (249).png,train/Guibourtia arnoldiana/3411. Guibourtia arnoldiana.8 (249).png
Guibourtia arnoldiana/sub_017/3411. Guibourtia arnoldiana.10 (314).png,train/Guibourtia arnoldiana/3411. Guibourtia arnoldiana.10 (314).png
Guibourtia ehie/sub_013/Guibourtia ehie_CHYX256_1_(4).png,train/Guibourtia ehie/Guibourtia ehie_CHYX256_1_(4).png
Afzelia bella/sub_075/Afzelia bella_FFCA657_9_32138.png,train/Afzelia bella/Afzelia bella_FFCA657_9_32138.png
Pterocarpus macrocarpus/sub_067/154_1.png,train/Pterocarpus macrocarpus/154_1.png
Dalbergia melanoxylon/sub_004/3352. Dalbergia melanoxylon.1.(20).png,train/Dalbergia melanoxylon/3352. Dalbergia melanoxylon.1.(20).png
Sindora cochinchinensis/sub_014/gụ4_1.png,train/Sindora cochinchinensis/gụ4_1.png
Pterocarpus erinaceus/sub_010/3403. Pterocarpus erinaceus.7 (209).png,train/Pterocarpus erinaceus/3403. Pterocarpus erinaceus.7 (209).png
Dalbergia cochinchinensis/sub_024/Dalbergia cochinchinensis.3280.9 (11).png,train/Dalbergia cochinchinensis/Dalbergia cochinchinensis.3280.9 (11).png
Guibourtia arnoldiana/sub_016/3411. Guibourtia arnoldiana.5 (159).png,train/Guibourtia arnoldiana/3411. Guibourtia arnoldiana.5 (159).png
Dalbergia rimosa/sub_006/3414. Dalbergia rimosa.9 (269).png,train/Dalbergia rimosa/3414. Dalbergia rimosa.9 (269).png
Pterocarpus erinaceus/sub_024/3403. Pterocarpus erinaceus.2 (46).png,train/Pterocarpus erinaceus/3403. Pterocarpus erinaceus.2 (46).png
Dalbergia cochinchinensis/sub_052/Dalbergia cochinchinensis.3280.6 (28).png,train/Dalbergia cochinchinensis/Dalbergia cochinchinensis.3280.6 (28).png
Dalbergia rimosa/sub_014/3414. Dalbergia rimosa.4 (94).png,train/Dalbergia rimosa/3414. Dalbergia rimosa.4 (94).png
Pterocarpus soyauxii/sub_049/15.png,train/Pterocarpus soyauxii/15.png
Pterocarpus sp/sub_033/11_2_1.png,train/Pterocarpus sp/11_2_1.png
Afzelia bella/sub_005/Afzelia bella_FFCA657_9_3214.png,train/Afzelia bella/Afzelia bella_FFCA657_9_3214.png
Pterocarpus macrocarpus/sub_005/119_2.png,train/Pterocarpus macrocarpus/119_2.png
Pterocarpus macrocarpus/sub_068/171.png,train/Pterocarpus macrocarpus/171.png
Pterocarpus indicus/sub_020/3395. Pterocarpus indicus.7 (196).png,train/Pterocarpus indicus/3395. Pterocarpus indicus.7 (196).png
Guibourtia coleosperma/sub_026/Guibourtia coleosperma_3253.9 (9).png,train/Guibourtia coleosperma/Guibourtia coleosperma_3253.9 (9).png
Guibourtia ehie/sub_066/Guibourtia ehie_GHQN943_3_(99).png,train/Guibourtia ehie/Guibourtia ehie_GHQN943_3_(99).png
Peltogyne pubescens/sub_031/3377. Peltogyne pubescens.8 (265).png,train/Peltogyne pubescens/3377. Peltogyne pubescens.8 (265).png
Dalbergia cochinchinensis/sub_042/Dalbergia cochinchinensis.3280.6 (32).png,train/Dalbergia cochinchinensis/Dalbergia cochinchinensis.3280.6 (32).png
Peltogyne pubescens/sub_036/3377. Peltogyne pubescens.6 (214).png,train/Peltogyne pubescens/3377. Peltogyne pubescens.6 (214).png
Sindora cochinchinensis/sub_025/gụ91_1.png,train/Sindora cochinchinensis/gụ91_1.png
Afzelia quanzensis/sub_015/119_1.png,train/Afzelia quanzensis/119_1__40af2868.png
Dalbergia melanoxylon/sub_016/3352. Dalbergia melanoxylon.4.(102).png,train/Dalbergia melanoxylon/3352. Dalbergia melanoxylon.4.(102).png
Dalbergia melanoxylon/sub_017/3352. Dalbergia melanoxylon.9.(236).png,train/Dalbergia melanoxylon/3352. Dalbergia melanoxylon.9.(236).png
Dalbergia tonkinensis/sub_048/3353. Dalbergia tonkinensis.10.(309).png,train/Dalbergia tonkinensis/3353. Dalbergia tonkinensis.10.(309).png
Pterocarpus soyauxii/sub_084/130.png,train/Pterocarpus soyauxii/130.png
Afzelia africana/sub_013/doussie16.png,train/Afzelia africana/doussie16.png
Pterocarpus erinaceus/sub_054/3403. Pterocarpus erinaceus.10 (319).png,train/Pterocarpus erinaceus/3403. Pterocarpus erinaceus.10 (319).png
Guibourtia coleosperma/sub_078/Guibourtia coleosperma_3253.2 (18).png,train/Guibourtia coleosperma/Guibourtia coleosperma_3253.2 (18).png
Afzelia quanzensis/sub_001/134_2.png,train/Afzelia quanzensis/134_2.png
Pterocarpus erinaceus/sub_058/3403. Pterocarpus erinaceus.7 (223).png,train/Pterocarpus erinaceus/3403. Pterocarpus erinaceus.7 (223).png
Afzelia quanzensis/sub_003/127_3.png,train/Afzelia quanzensis/127_3.png
Dalbergia oliveri/sub_054/Dalbergia oliveri_3237.3_ (27).png,train/Dalbergia oliveri/Dalbergia oliveri_3237.3_ (27).png
Pterocarpus sp/sub_091/158_2.png,train/Pterocarpus sp/158_2.png
Pterocarpus sp/sub_002/132_6.png,train/Pterocarpus sp/132_6.png
Sindora tonkinensis/sub_004/3381. Sindora tonkinensis.7 (218).png,train/Sindora tonkinensis/3381. Sindora tonkinensis.7 (218).png
Dalbergia cochinchinensis/sub_042/Dalbergia cochinchinensis.3280.10 (29).png,train/Dalbergia cochinchinensis/Dalbergia cochinchinensis.3280.10 (29).png
Afzelia quanzensis/sub_018/130_1.png,train/Afzelia quanzensis/130_1.png
Dalbergia rimosa/sub_003/3414. Dalbergia rimosa.6 (180).png,train/Dalbergia rimosa/3414. Dalbergia rimosa.6 (180).png
Afzelia africana/sub_001/1.2.jpg,train/Afzelia africana/1.2.jpg
Sindora tonkinensis/sub_053/3381. Sindora tonkinensis.1 (9).png,train/Sindora tonkinensis/3381. Sindora tonkinensis.1 (9).png
Pterocarpus sp/sub_087/142_2.png,train/Pterocarpus sp/142_2.png
Pterocarpus soyauxii/sub_034/126_1.png,train/Pterocarpus soyauxii/126_1__3915824b.png
Sindora cochinchinensis/sub_006/gụ22.png,train/Sindora cochinchinensis/gụ22.png
Dalbergia rimosa/sub_057/3414. Dalbergia rimosa.10 (298).png,train/Dalbergia rimosa/3414. Dalbergia rimosa.10 (298).png
Peltogyne pubescens/sub_013/3377. Peltogyne pubescens.7 (235).png,train/Peltogyne pubescens/3377. Peltogyne pubescens.7 (235).png
Sindora cochinchinensis/sub_046/gụ80.png,train/Sindora cochinchinensis/gụ80.png
Afzelia quanzensis/sub_029/15.png,train/Afzelia quanzensis/15.png
Guibourtia ehie/sub_007/Guibourtia ehie_SXGM640_8_(305).png,train/Guibourtia ehie/Guibourtia ehie_SXGM640_8_(305).png
Guibourtia coleosperma/sub_017/Guibourtia coleosperma_3253.7 (35).png,train/Guibourtia coleosperma/Guibourtia coleosperma_3253.7 (35).png
Guibourtia arnoldiana/sub_031/3411. Guibourtia arnoldiana.5 (143).png,train/Guibourtia arnoldiana/3411. Guibourtia arnoldiana.5 (143).png
Dalbergia tonkinensis/sub_026/3353. Dalbergia tonkinensis.6.(181).png,train/Dalbergia tonkinensis/3353. Dalbergia tonkinensis.6.(181).png
Peltogyne pubescens/sub_026/3377. Peltogyne pubescens.8 (262).png,train/Peltogyne pubescens/3377. Peltogyne pubescens.8 (262).png
Pterocarpus soyauxii/sub_038/136_1.png,train/Pterocarpus soyauxii/136_1.png
Sindora cochinchinensis/sub_041/gụ4_1.png,train/Sindora cochinchinensis/gụ4_1__3953ace8.png
Dalbergia melanoxylon/sub_014/3352. Dalbergia melanoxylon.6.(151).png,train/Dalbergia melanoxylon/3352. Dalbergia melanoxylon.6.(151).png
Pterocarpus erinaceus/sub_046/3403. Pterocarpus erinaceus.6 (177).png,train/Pterocarpus erinaceus/3403. Pterocarpus erinaceus.6 (177).png
Pterocarpus sp/sub_030/133.png,train/Pterocarpus sp/133.png
Pterocarpus soyauxii/sub_044/121_1.png,train/Pterocarpus soyauxii/121_1.png
Afzelia bella/sub_016/Afzelia bella_HYBT691_(160).png,train/Afzelia bella/Afzelia bella_HYBT691_(160).png
Pterocarpus erinaceus/sub_002/3403. Pterocarpus erinaceus.2 (58).png,train/Pterocarpus erinaceus/3403. Pterocarpus erinaceus.2 (58).png
Pterocarpus soyauxii/sub_019/134_3.png,train/Pterocarpus soyauxii/134_3.png
Dalbergia rimosa/sub_027/3414. Dalbergia rimosa.9 (266).png,train/Dalbergia rimosa/3414. Dalbergia rimosa.9 (266).png
Sindora cochinchinensis/sub_020/gụ55.png,train/Sindora cochinchinensis/gụ55__a2a33fdb.png
Afzelia quanzensis/sub_080/14_2.png,train/Afzelia quanzensis/14_2__1857335e.png
Afzelia africana/sub_014/doussie27.png,train/Afzelia africana/doussie27.png
Dalbergia oliveri/sub_003/Dalbergia oliveri_3237.2_ (24).png,train/Dalbergia oliveri/Dalbergia oliveri_3237.2_ (24).png
Pterocarpus macrocarpus/sub_010/134_1.png,train/Pterocarpus macrocarpus/134_1__b3da8e4a.png
Pterocarpus sp/sub_005/118.png,train/Pterocarpus sp/118.png
Guibourtia ehie/sub_040/Guibourtia ehie_UORX694_10_(377).png,train/Guibourtia ehie/Guibourtia ehie_UORX694_10_(377).png
Sindora tonkinensis/sub_003/3381. Sindora tonkinensis.6 (171).png,train/Sindora tonkinensis/3381. Sindora tonkinensis.6 (171).png
Pterocarpus sp/sub_002/15_2.png,train/Pterocarpus sp/15_2.png
Afzelia bella/sub_002/Afzelia bella_OGHV743_(213).png,train/Afzelia bella/Afzelia bella_OGHV743_(213).png
Sindora tonkinensis/sub_007/3381. Sindora tonkinensis.7 (222).png,train/Sindora tonkinensis/3381. Sindora tonkinensis.7 (222).png
Pterocarpus sp/sub_044/169.png,train/Pterocarpus sp/169__cf596496.png
Guibourtia ehie/sub_022/Guibourtia ehie_KREW954_4_(145).png,train/Guibourtia ehie/Guibourtia ehie_KREW954_4_(145).png
Pterocarpus indicus/sub_044/3395. Pterocarpus indicus.4 (105).png,train/Pterocarpus indicus/3395. Pterocarpus indicus.4 (105).png
Guibourtia ehie/sub_052/Guibourtia ehie_SXGM640_8_(309).png,train/Guibourtia ehie/Guibourtia ehie_SXGM640_8_(309).png
Guibourtia coleosperma/sub_012/Guibourtia coleosperma_3253.11 (28).png,train/Guibourtia coleosperma/Guibourtia coleosperma_3253.11 (28).png
Afzelia quanzensis/sub_006/119_2_1.png,train/Afzelia quanzensis/119_2_1.png
Pterocarpus soyauxii/sub_044/1108.png,train/Pterocarpus soyauxii/1108.png
Afzelia africana/sub_004/doussie12_2.png,train/Afzelia africana/doussie12_2.png
Afzelia quanzensis/sub_001/134.png,train/Afzelia quanzensis/134.png
Pterocarpus erinaceus/sub_047/3403. Pterocarpus erinaceus.7 (229).png,train/Pterocarpus erinaceus/3403. Pterocarpus erinaceus.7 (229).png
Guibourtia arnoldiana/sub_020/3411. Guibourtia arnoldiana.10 (313).png,train/Guibourtia arnoldiana/3411. Guibourtia arnoldiana.10 (313).png
Afzelia bella/sub_025/Afzelia bella_GCJA653_(101).png,train/Afzelia bella/Afzelia bella_GCJA653_(101).png
Dalbergia rimosa/sub_016/3414. Dalbergia rimosa.7 (199).png,train/Dalbergia rimosa/3414. Dalbergia rimosa.7 (199).png
Afzelia bella/sub_031/Afzelia bella_HYBT691_(153).png,train/Afzelia bella/Afzelia bella_HYBT691_(153).png
Afzelia bella/sub_041/Afzelia bella_QUAV174_(292).png,train/Afzelia bella/Afzelia bella_QUAV174_(292).png
Pterocarpus erinaceus/sub_002/3403. Pterocarpus erinaceus.7 (200).png,train/Pterocarpus erinaceus/3403. Pterocarpus erinaceus.7 (200).png
Dalbergia oliveri/sub_067/Dalbergia oliveri_3237.1_ (7).png,train/Dalbergia oliveri/Dalbergia oliveri_3237.1_ (7).png
Afzelia bella/sub_048/Afzelia bella_FFCA657_9_32118.png,train/Afzelia bella/Afzelia bella_FFCA657_9_32118.png
Pterocarpus erinaceus/sub_056/3403. Pterocarpus erinaceus.5 (134).png,train/Pterocarpus erinaceus/3403. Pterocarpus erinaceus.5 (134).png
Guibourtia ehie/sub_015/Guibourtia ehie_UORX694_10_(371).png,train/Guibourtia ehie/Guibourtia ehie_UORX694_10_(371).png
Dalbergia melanoxylon/sub_035/3352. Dalbergia melanoxylon.7.(205).png,train/Dalbergia melanoxylon/3352. Dalbergia melanoxylon.7.(205).png
Afzelia pachyloba/sub_033/2.3_1.png,train/Afzelia pachyloba/2.3_1.png
Afzelia quanzensis/sub_029/144.png,train/Afzelia quanzensis/144.png
Pterocarpus soyauxii/sub_012/161.png,train/Pterocarpus soyauxii/161.png
Dalbergia cochinchinensis/sub_007/Dalbergia cochinchinensis.3280.3 (8).png,train/Dalbergia cochinchinensis/Dalbergia cochinchinensis.3280.3 (8).png
Pterocarpus erinaceus/sub_016/3403. Pterocarpus erinaceus.9 (295).png,train/Pterocarpus erinaceus/3403. Pterocarpus erinaceus.9 (295).png
Sindora cochinchinensis/sub_032/gụ82_2.png,train/Sindora cochinchinensis/gụ82_2.png
Dalbergia rimosa/sub_034/3414. Dalbergia rimosa.3 (85).png,train/Dalbergia rimosa/3414. Dalbergia rimosa.3 (85).png
Dalbergia melanoxylon/sub_017/3352. Dalbergia melanoxylon.2 (53).png,train/Dalbergia melanoxylon/3352. Dalbergia melanoxylon.2 (53).png
Sindora tonkinensis/sub_004/3381. Sindora tonkinensis.1 (33).png,train/Sindora tonkinensis/3381. Sindora tonkinensis.1 (33).png
Sindora tonkinensis/sub_006/3381. Sindora tonkinensis.3 (93).png,train/Sindora tonkinensis/3381. Sindora tonkinensis.3 (93).png
Dalbergia oliveri/sub_028/Dalbergia oliveri_3237.3_ (6).png,train/Dalbergia oliveri/Dalbergia oliveri_3237.3_ (6).png
Pterocarpus indicus/sub_039/3395. Pterocarpus indicus.4 (104).png,train/Pterocarpus indicus/3395. Pterocarpus indicus.4 (104).png
Sindora cochinchinensis/sub_032/gụ36_1.png,train/Sindora cochinchinensis/gụ36_1__bd8cfb69.png
Afzelia quanzensis/sub_011/115_1.png,train/Afzelia quanzensis/115_1.png
Pterocarpus soyauxii/sub_026/155_1.png,train/Pterocarpus soyauxii/155_1__108e516a.png
Pterocarpus sp/sub_052/144_3.png,train/Pterocarpus sp/144_3.png
Guibourtia ehie/sub_068/Guibourtia ehie_TLYO895_9_(348).png,train/Guibourtia ehie/Guibourtia ehie_TLYO895_9_(348).png
Peltogyne pubescens/sub_001/3377. Peltogyne pubescens.2 (65).png,train/Peltogyne pubescens/3377. Peltogyne pubescens.2 (65).png
Pterocarpus macrocarpus/sub_074/149_4.png,train/Pterocarpus macrocarpus/149_4.png
Guibourtia arnoldiana/sub_007/3411. Guibourtia arnoldiana.3 (67).png,train/Guibourtia arnoldiana/3411. Guibourtia arnoldiana.3 (67).png
Peltogyne pubescens/sub_017/3377. Peltogyne pubescens.1 (32).png,train/Peltogyne pubescens/3377. Peltogyne pubescens.1 (32).png
Afzelia bella/sub_006/Afzelia bella_HYBT691_(154).png,train/Afzelia bella/Afzelia bella_HYBT691_(154).png
Sindora tonkinensis/sub_003/3381. Sindora tonkinensis.5 (157).png,train/Sindora tonkinensis/3381. Sindora tonkinensis.5 (157).png
Guibourtia coleosperma/sub_021/Guibourtia coleosperma_3253.9 (34).png,train/Guibourtia coleosperma/Guibourtia coleosperma_3253.9 (34).png
Guibourtia arnoldiana/sub_007/3411. Guibourtia arnoldiana.5 (158).png,train/Guibourtia arnoldiana/3411. Guibourtia arnoldiana.5 (158).png
Pterocarpus macrocarpus/sub_043/110_3.png,train/Pterocarpus macrocarpus/110_3.png
Sindora cochinchinensis/sub_030/gụ39.png,train/Sindora cochinchinensis/gụ39__4185f92d.png
Pterocarpus sp/sub_042/154_1.png,train/Pterocarpus sp/154_1.png
Pterocarpus indicus/sub_036/3395. Pterocarpus indicus.6 (166).png,train/Pterocarpus indicus/3395. Pterocarpus indicus.6 (166).png
Dalbergia oliveri/sub_023/Dalbergia oliveri_3237.8_ (6).png,train/Dalbergia oliveri/Dalbergia oliveri_3237.8_ (6).png
Sindora cochinchinensis/sub_011/gụ9_1.png,train/Sindora cochinchinensis/gụ9_1.png
Peltogyne pubescens/sub_031/3377. Peltogyne pubescens.4 (128).png,train/Peltogyne pubescens/3377. Peltogyne pubescens.4 (128).png
Dalbergia rimosa/sub_007/3414. Dalbergia rimosa.8 (222).png,train/Dalbergia rimosa/3414. Dalbergia rimosa.8 (222).png
Dalbergia tonkinensis/sub_068/3353. Dalbergia tonkinensis.2.(55).png,train/Dalbergia tonkinensis/3353. Dalbergia tonkinensis.2.(55).png
Peltogyne pubescens/sub_004/3377. Peltogyne pubescens.5 (154).png,train/Peltogyne pubescens/3377. Peltogyne pubescens.5 (154).png
Pterocarpus soyauxii/sub_002/114_1.png,train/Pterocarpus soyauxii/114_1.png
Peltogyne pubescens/sub_020/3377. Peltogyne pubescens.3 (93).png,train/Peltogyne pubescens/3377. Peltogyne pubescens.3 (93).png
Sindora cochinchinensis/sub_027/gụ64_1.png,train/Sindora cochinchinensis/gụ64_1__da69fb6e.png
Afzelia africana/sub_037/doussie61.png,train/Afzelia africana/doussie61.png
Guibourtia ehie/sub_027/Guibourtia ehie_FEHC134_2_(47).png,train/Guibourtia ehie/Guibourtia ehie_FEHC134_2_(47).png
Pterocarpus erinaceus/sub_011/3403. Pterocarpus erinaceus.10 (305).png,train/Pterocarpus erinaceus/3403. Pterocarpus erinaceus.10 (305).png
Afzelia bella/sub_027/Afzelia bella_FFCA657_9_3217.png,train/Afzelia bella/Afzelia bella_FFCA657_9_3217.png
Pterocarpus sp/sub_015/12_2.png,train/Pterocarpus sp/12_2.png
Peltogyne pubescens/sub_001/3377. Peltogyne pubescens.1 (18).png,train/Peltogyne pubescens/3377. Peltogyne pubescens.1 (18).png
Pterocarpus macrocarpus/sub_007/133_2.png,train/Pterocarpus macrocarpus/133_2.png
Pterocarpus soyauxii/sub_008/123.png,train/Pterocarpus soyauxii/123__fe5f1d6d.png
Dalbergia melanoxylon/sub_030/3352. Dalbergia melanoxylon.4.(95).png,train/Dalbergia melanoxylon/3352. Dalbergia melanoxylon.4.(95).png
Pterocarpus indicus/sub_018/3395. Pterocarpus indicus.9 (263).png,train/Pterocarpus indicus/3395. Pterocarpus indicus.9 (263).png
Afzelia africana/sub_012/doussie34_3.png,train/Afzelia africana/doussie34_3.png
Guibourtia ehie/sub_037/Guibourtia ehie_KREW954_4_(154).png,train/Guibourtia ehie/Guibourtia ehie_KREW954_4_(154).png
Peltogyne pubescens/sub_045/3377. Peltogyne pubescens.8 (280).png,train/Peltogyne pubescens/3377. Peltogyne pubescens.8 (280).png
Peltogyne pubescens/sub_010/3377. Peltogyne pubescens.2 (68).png,train/Peltogyne pubescens/3377. Peltogyne pubescens.2 (68).png
Afzelia bella/sub_011/Afzelia bella_GCJA653_(84).png,train/Afzelia bella/Afzelia bella_GCJA653_(84).png
Guibourtia ehie/sub_013/Guibourtia ehie_KREW954_4_(127).png,train/Guibourtia ehie/Guibourtia ehie_KREW954_4_(127).png
Guibourtia ehie/sub_005/Guibourtia ehie_FEHC134_2_(51).png,train/Guibourtia ehie/Guibourtia ehie_FEHC134_2_(51).png
Sindora cochinchinensis/sub_036/gụ95.png,train/Sindora cochinchinensis/gụ95.png
Sindora cochinchinensis/sub_006/gụ9.png,train/Sindora cochinchinensis/gụ9.png
Sindora cochinchinensis/sub_027/gụ25_1.png,train/Sindora cochinchinensis/gụ25_1.png
Pterocarpus sp/sub_045/155_1.png,train/Pterocarpus sp/155_1.png
Sindora cochinchinensis/sub_023/gụ26_1.png,train/Sindora cochinchinensis/gụ26_1.png
Pterocarpus indicus/sub_010/3395. Pterocarpus indicus.10 (312).png,train/Pterocarpus indicus/3395. Pterocarpus indicus.10 (312).png
Dalbergia melanoxylon/sub_001/3352. Dalbergia melanoxylon.1.(1).png,train/Dalbergia melanoxylon/3352. Dalbergia melanoxylon.1.(1).png
Afzelia bella/sub_003/Afzelia bella_AMRX692_(71).png,train/Afzelia bella/Afzelia bella_AMRX692_(71).png
Pterocarpus indicus/sub_056/3395. Pterocarpus indicus.5 (159).png,train/Pterocarpus indicus/3395. Pterocarpus indicus.5 (159).png
Pterocarpus sp/sub_063/153_3.png,train/Pterocarpus sp/153_3.png
Peltogyne pubescens/sub_035/3377. Peltogyne pubescens.7 (250).png,train/Peltogyne pubescens/3377. Peltogyne pubescens.7 (250).png
Pterocarpus sp/sub_021/130.png,train/Pterocarpus sp/130.png
Guibourtia ehie/sub_018/Guibourtia ehie_SXGM640_8_(302).png,train/Guibourtia ehie/Guibourtia ehie_SXGM640_8_(302).png
Dalbergia oliveri/sub_007/Dalbergia oliveri_3237.10_ (9).png,train/Dalbergia oliveri/Dalbergia oliveri_3237.10_ (9).png
Dalbergia rimosa/sub_008/3414. Dalbergia rimosa.10 (294).png,train/Dalbergia rimosa/3414. Dalbergia rimosa.10 (294).png
Pterocarpus indicus/sub_028/3395. Pterocarpus indicus.9 (268).png,train/Pterocarpus indicus/3395. Pterocarpus indicus.9 (268).png
Dalbergia melanoxylon/sub_019/3352. Dalbergia melanoxylon.8.(208).png,train/Dalbergia melanoxylon/3352. Dalbergia melanoxylon.8.(208).png
Pterocarpus soyauxii/sub_021/132_1.png,train/Pterocarpus soyauxii/132_1.png
Dalbergia tonkinensis/sub_051/3353. Dalbergia tonkinensis.6.(193).png,train/Dalbergia tonkinensis/3353. Dalbergia tonkinensis.6.(193).png
Dalbergia oliveri/sub_012/Dalbergia oliveri_3237.8_ (29).png,train/Dalbergia oliveri/Dalbergia oliveri_3237.8_ (29).png
Guibourtia ehie/sub_028/Guibourtia ehie_KREW954_4_(134).png,train/Guibourtia ehie/Guibourtia ehie_KREW954_4_(134).png
Dalbergia cochinchinensis/sub_036/Dalbergia cochinchinensis.3280.7 (4).png,train/Dalbergia cochinchinensis/Dalbergia cochinchinensis.3280.7 (4).png
Afzelia bella/sub_037/Afzelia bella_QCYD170_(267).png,train/Afzelia bella/Afzelia bella_QCYD170_(267).png
Dalbergia tonkinensis/sub_027/3353. Dalbergia tonkinensis.7.(212).png,train/Dalbergia tonkinensis/3353. Dalbergia tonkinensis.7.(212).png
Dalbergia oliveri/sub_070/Dalbergia oliveri_3237.3_ (4).png,train/Dalbergia oliveri/Dalbergia oliveri_3237.3_ (4).png
Guibourtia coleosperma/sub_010/Guibourtia coleosperma_3253.3 (16).png,train/Guibourtia coleosperma/Guibourtia coleosperma_3253.3 (16).png
Dalbergia cochinchinensis/sub_037/Dalbergia cochinchinensis.3280.6 (9).png,train/Dalbergia cochinchinensis/Dalbergia cochinchinensis.3280.6 (9).png
Pterocarpus soyauxii/sub_019/120_2.png,train/Pterocarpus soyauxii/120_2__15d6be6e.png
Pterocarpus soyauxii/sub_048/191.png,train/Pterocarpus soyauxii/191.png
Afzelia africana/sub_053/doussie10.png,train/Afzelia africana/doussie10.png
Guibourtia coleosperma/sub_003/Guibourtia coleosperma_3253.4 (18).png,train/Guibourtia coleosperma/Guibourtia coleosperma_3253.4 (18).png
Pterocarpus sp/sub_043/114.png,train/Pterocarpus sp/114.png
Afzelia quanzensis/sub_062/139.png,train/Afzelia quanzensis/139__fb5a1042.png
Pterocarpus macrocarpus/sub_020/141_2.png,train/Pterocarpus macrocarpus/141_2.png
Pterocarpus indicus/sub_052/3395. Pterocarpus indicus.10 (296).png,train/Pterocarpus indicus/3395. Pterocarpus indicus.10 (296).png
Pterocarpus soyauxii/sub_084/190.png,train/Pterocarpus soyauxii/190.png
Afzelia bella/sub_008/Afzelia bella_HYBT691_(133).png,train/Afzelia bella/Afzelia bella_HYBT691_(133).png
Pterocarpus sp/sub_009/163.png,train/Pterocarpus sp/163.png
Sindora cochinchinensis/sub_015/gụ51_1.png,train/Sindora cochinchinensis/gụ51_1.png
Pterocarpus indicus/sub_004/3395. Pterocarpus indicus.7 (198).png,train/Pterocarpus indicus/3395. Pterocarpus indicus.7 (198).png
Dalbergia tonkinensis/sub_003/3353. Dalbergia tonkinensis.7.(221).png,train/Dalbergia tonkinensis/3353. Dalbergia tonkinensis.7.(221).png
Dalbergia rimosa/sub_055/3414. Dalbergia rimosa.2 (56).png,train/Dalbergia rimosa/3414. Dalbergia rimosa.2 (56).png
Pterocarpus indicus/sub_043/3395. Pterocarpus indicus.5 (150).png,train/Pterocarpus indicus/3395. Pterocarpus indicus.5 (150).png
Pterocarpus sp/sub_098/147_2.png,train/Pterocarpus sp/147_2.png
Pterocarpus macrocarpus/sub_074/113_1.png,train/Pterocarpus macrocarpus/113_1.png
Dalbergia cochinchinensis/sub_004/Dalbergia cochinchinensis.3280.7 (6).png,train/Dalbergia cochinchinensis/Dalbergia cochinchinensis.3280.7 (6).png
Afzelia pachyloba/sub_016/5.1_1_1.png,train/Afzelia pachyloba/5.1_1_1.png
Afzelia quanzensis/sub_033/140_1.png,train/Afzelia quanzensis/140_1__44744b07.png
Afzelia africana/sub_003/doussie73.png,train/Afzelia africana/doussie73.png
Afzelia quanzensis/sub_024/144_1.png,train/Afzelia quanzensis/144_1.png
Afzelia quanzensis/sub_015/10_1_1.png,train/Afzelia quanzensis/10_1_1.png
Dalbergia cochinchinensis/sub_006/Dalbergia cochinchinensis.3280.6 (8).png,train/Dalbergia cochinchinensis/Dalbergia cochinchinensis.3280.6 (8).png
Dalbergia oliveri/sub_039/Dalbergia oliveri_3237.9_ (1).png,train/Dalbergia oliveri/Dalbergia oliveri_3237.9_ (1).png
Dalbergia rimosa/sub_036/3414. Dalbergia rimosa.8 (223).png,train/Dalbergia rimosa/3414. Dalbergia rimosa.8 (223).png
Pterocarpus macrocarpus/sub_037/164_1.png,train/Pterocarpus macrocarpus/164_1.png
Peltogyne pubescens/sub_032/3377. Peltogyne pubescens.1 (22).png,train/Peltogyne pubescens/3377. Peltogyne pubescens.1 (22).png
Afzelia bella/sub_004/Afzelia bella_OGHV743_(234).png,train/Afzelia bella/Afzelia bella_OGHV743_(234).png
Peltogyne pubescens/sub_003/3377. Peltogyne pubescens.3 (96).png,train/Peltogyne pubescens/3377. Peltogyne pubescens.3 (96).png
Guibourtia arnoldiana/sub_022/3411. Guibourtia arnoldiana.7 (210).png,train/Guibourtia arnoldiana/3411. Guibourtia arnoldiana.7 (210).png
Dalbergia tonkinensis/sub_013/3353. Dalbergia tonkinensis.2.(56).png,train/Dalbergia tonkinensis/3353. Dalbergia tonkinensis.2.(56).png
Dalbergia melanoxylon/sub_001/3352. Dalbergia melanoxylon.5.(131).png,train/Dalbergia melanoxylon/3352. Dalbergia melanoxylon.5.(131).png
Afzelia bella/sub_077/Afzelia bella_QCYD170_(248).png,train/Afzelia bella/Afzelia bella_QCYD170_(248).png
Pterocarpus erinaceus/sub_017/3403. Pterocarpus erinaceus.2 (63).png,train/Pterocarpus erinaceus/3403. Pterocarpus erinaceus.2 (63).png
Guibourtia ehie/sub_015/Guibourtia ehie_FEHC134_2_(68).png,train/Guibourtia ehie/Guibourtia ehie_FEHC134_2_(68).png
Dalbergia tonkinensis/sub_014/3353. Dalbergia tonkinensis.4.(128).png,train/Dalbergia tonkinensis/3353. Dalbergia tonkinensis.4.(128).png
Pterocarpus macrocarpus/sub_046/12_1.png,train/Pterocarpus macrocarpus/12_1.png
Guibourtia ehie/sub_004/Guibourtia ehie_GHQN943_3_(93).png,train/Guibourtia ehie/Guibourtia ehie_GHQN943_3_(93).png
Afzelia quanzensis/sub_024/129_1.png,train/Afzelia quanzensis/129_1.png
Dalbergia oliveri/sub_040/Dalbergia oliveri_3237.2_ (31).png,train/Dalbergia oliveri/Dalbergia oliveri_3237.2_ (31).png
Pterocarpus indicus/sub_023/3395. Pterocarpus indicus.9 (278).png,train/Pterocarpus indicus/3395. Pterocarpus indicus.9 (278).png
Peltogyne pubescens/sub_009/3377. Peltogyne pubescens.3 (91).png,train/Peltogyne pubescens/3377. Peltogyne pubescens.3 (91).png
Pterocarpus macrocarpus/sub_052/120_1.png,train/Pterocarpus macrocarpus/120_1.png
Dalbergia cochinchinensis/sub_009/Dalbergia cochinchinensis.3280.10 (17).png,train/Dalbergia cochinchinensis/Dalbergia cochinchinensis.3280.10 (17).png
Dalbergia rimosa/sub_017/3414. Dalbergia rimosa.5 (123).png,train/Dalbergia rimosa/3414. Dalbergia rimosa.5 (123).png
Guibourtia coleosperma/sub_091/Guibourtia coleosperma_3253.4 (22).png,train/Guibourtia coleosperma/Guibourtia coleosperma_3253.4 (22).png
Guibourtia arnoldiana/sub_012/3411. Guibourtia arnoldiana.6 (167).png,train/Guibourtia arnoldiana/3411. Guibourtia arnoldiana.6 (167).png
Afzelia quanzensis/sub_034/121_1_1.png,train/Afzelia quanzensis/121_1_1.png
Pterocarpus sp/sub_044/150.png,train/Pterocarpus sp/150__61a6b924.png
Pterocarpus soyauxii/sub_025/110_3.png,train/Pterocarpus soyauxii/110_3.png
Dalbergia tonkinensis/sub_039/3353. Dalbergia tonkinensis.7.(204).png,train/Dalbergia tonkinensis/3353. Dalbergia tonkinensis.7.(204).png
Pterocarpus macrocarpus/sub_031/135.png,train/Pterocarpus macrocarpus/135.png
Pterocarpus macrocarpus/sub_008/13.png,train/Pterocarpus macrocarpus/13.png
Pterocarpus erinaceus/sub_051/3403. Pterocarpus erinaceus.2 (67).png,train/Pterocarpus erinaceus/3403. Pterocarpus erinaceus.2 (67).png
Dalbergia rimosa/sub_009/3414. Dalbergia rimosa.3 (86).png,train/Dalbergia rimosa/3414. Dalbergia rimosa.3 (86).png
Pterocarpus indicus/sub_009/3395. Pterocarpus indicus.3 (62).png,train/Pterocarpus indicus/3395. Pterocarpus indicus.3 (62).png
Afzelia quanzensis/sub_053/15_2.png,train/Afzelia quanzensis/15_2.png
Sindora tonkinensis/sub_033/3381. Sindora tonkinensis.2 (38).png,train/Sindora tonkinensis/3381. Sindora tonkinensis.2 (38).png
Dalbergia tonkinensis/sub_062/3353. Dalbergia tonkinensis.10.(325).png,train/Dalbergia tonkinensis/3353. Dalbergia tonkinensis.10.(325).png
Dalbergia cochinchinensis/sub_020/Dalbergia cochinchinensis.3280.6 (29).png,train/Dalbergia cochinchinensis/Dalbergia cochinchinensis.3280.6 (29).png
Afzelia africana/sub_034/doussie32.png,train/Afzelia africana/doussie32.png
Sindora cochinchinensis/sub_017/gụ93.png,train/Sindora cochinchinensis/gụ93.png
Pterocarpus soyauxii/sub_086/175.png,train/Pterocarpus soyauxii/175.png
Sindora tonkinensis/sub_072/3381. Sindora tonkinensis.8 (251).png,train/Sindora tonkinensis/3381. Sindora tonkinensis.8 (251).png
Pterocarpus sp/sub_073/115_3.png,train/Pterocarpus sp/115_3.png
Guibourtia coleosperma/sub_033/Guibourtia coleosperma_3253.3 (25).png,train/Guibourtia coleosperma/Guibourtia coleosperma_3253.3 (25).png
Guibourtia arnoldiana/sub_062/3411. Guibourtia arnoldiana.4 (115).png,train/Guibourtia arnoldiana/3411. Guibourtia arnoldiana.4 (115).png
Afzelia bella/sub_035/Afzelia bella_GCJA653_(103).png,train/Afzelia bella/Afzelia bella_GCJA653_(103).png
Guibourtia coleosperma/sub_064/Guibourtia coleosperma_3253.11 (24).png,train/Guibourtia coleosperma/Guibourtia coleosperma_3253.11 (24).png
Peltogyne pubescens/sub_043/3377. Peltogyne pubescens.4 (137).png,train/Peltogyne pubescens/3377. Peltogyne pubescens.4 (137).png
Dalbergia melanoxylon/sub_035/3352. Dalbergia melanoxylon.2 (38).png,train/Dalbergia melanoxylon/3352. Dalbergia melanoxylon.2 (38).png
Guibourtia ehie/sub_022/Guibourtia ehie_CHYX256_1_(34).png,train/Guibourtia ehie/Guibourtia ehie_CHYX256_1_(34).png
Pterocarpus macrocarpus/sub_051/12.png,train/Pterocarpus macrocarpus/12.png
Pterocarpus macrocarpus/sub_044/116_2.png,train/Pterocarpus macrocarpus/116_2.png
Pterocarpus sp/sub_070/138_1.png,train/Pterocarpus sp/138_1.png
Afzelia bella/sub_055/Afzelia bella_WJSV740_10_36132.png,train/Afzelia bella/Afzelia bella_WJSV740_10_36132.png
Dalbergia cochinchinensis/sub_001/Dalbergia cochinchinensis.3280.3 (28).png,train/Dalbergia cochinchinensis/Dalbergia cochinchinensis.3280.3 (28).png
Guibourtia coleosperma/sub_031/Guibourtia coleosperma_3253.10 (3).png,train/Guibourtia coleosperma/Guibourtia coleosperma_3253.10 (3).png
Sindora cochinchinensis/sub_007/gụ92.png,train/Sindora cochinchinensis/gụ92.png
Peltogyne pubescens/sub_046/3377. Peltogyne pubescens.3 (110).png,train/Peltogyne pubescens/3377. Peltogyne pubescens.3 (110).png
Pterocarpus indicus/sub_001/3395. Pterocarpus indicus.9 (272).png,train/Pterocarpus indicus/3395. Pterocarpus indicus.9 (272).png
Peltogyne pubescens/sub_008/3377. Peltogyne pubescens.3 (89).png,train/Peltogyne pubescens/3377. Peltogyne pubescens.3 (89).png
Guibourtia coleosperma/sub_032/Guibourtia coleosperma_3253.9 (20).png,train/Guibourtia coleosperma/Guibourtia coleosperma_3253.9 (20).png
Afzelia bella/sub_033/Afzelia bella_WJSV740_10_3615.png,train/Afzelia bella/Afzelia bella_WJSV740_10_3615.png
Sindora tonkinensis/sub_054/3381. Sindora tonkinensis.10 (323).png,train/Sindora tonkinensis/3381. Sindora tonkinensis.10 (323).png
Guibourtia coleosperma/sub_010/Guibourtia coleosperma_3253.4 (17).png,train/Guibourtia coleosperma/Guibourtia coleosperma_3253.4 (17).png
Sindora cochinchinensis/sub_082/gụ79_1.png,train/Sindora cochinchinensis/gụ79_1.png
Afzelia bella/sub_062/Afzelia bella_LYSV052_(168).png,train/Afzelia bella/Afzelia bella_LYSV052_(168).png
Dalbergia cochinchinensis/sub_041/Dalbergia cochinchinensis.3280.5 (35).png,train/Dalbergia cochinchinensis/Dalbergia cochinchinensis.3280.5 (35).png
Pterocarpus indicus/sub_023/3395. Pterocarpus indicus.8 (223).png,train/Pterocarpus indicus/3395. Pterocarpus indicus.8 (223).png
Guibourtia ehie/sub_023/Guibourtia ehie_CHYX256_1_(23).png,train/Guibourtia ehie/Guibourtia ehie_CHYX256_1_(23).png
Pterocarpus erinaceus/sub_005/3403. Pterocarpus erinaceus.1(23).png,train/Pterocarpus erinaceus/3403. Pterocarpus erinaceus.1(23).png
Guibourtia ehie/sub_035/Guibourtia ehie_TLYO895_9_(347).png,train/Guibourtia ehie/Guibourtia ehie_TLYO895_9_(347).png
Guibourtia arnoldiana/sub_005/3411. Guibourtia arnoldiana.9 (286).png,train/Guibourtia arnoldiana/3411. Guibourtia arnoldiana.9 (286).png
Pterocarpus sp/sub_043/19.png,train/Pterocarpus sp/19__cc0d98aa.png
Pterocarpus sp/sub_018/146_4.png,train/Pterocarpus sp/146_4.png
Sindora tonkinensis/sub_007/3381. Sindora tonkinensis.1 (11).png,train/Sindora tonkinensis/3381. Sindora tonkinensis.1 (11).png
Dalbergia tonkinensis/sub_010/3353. Dalbergia tonkinensis.7.(218).png,train/Dalbergia tonkinensis/3353. Dalbergia tonkinensis.7.(218).png
Sindora cochinchinensis/sub_005/gụ59.png,train/Sindora cochinchinensis/gụ59__3923681f.png
Peltogyne pubescens/sub_022/3377. Peltogyne pubescens.7 (227).png,train/Peltogyne pubescens/3377. Peltogyne pubescens.7 (227).png
Guibourtia coleosperma/sub_046/Guibourtia coleosperma_3253.4 (13).png,train/Guibourtia coleosperma/Guibourtia coleosperma_3253.4 (13).png
Peltogyne pubescens/sub_034/3377. Peltogyne pubescens.10 (341).png,train/Peltogyne pubescens/3377. Peltogyne pubescens.10 (341).png
Pterocarpus macrocarpus/sub_048/152_1.png,train/Pterocarpus macrocarpus/152_1.png
Afzelia africana/sub_068/doussie47_1.png,train/Afzelia africana/doussie47_1.png
Pterocarpus soyauxii/sub_087/13_1.png,train/Pterocarpus soyauxii/13_1.png
Dalbergia cochinchinensis/sub_005/Dalbergia cochinchinensis.3280.8 (12).png,train/Dalbergia cochinchinensis/Dalbergia cochinchinensis.3280.8 (12).png
Guibourtia ehie/sub_030/Guibourtia ehie_CHYX256_1_(8).png,train/Guibourtia ehie/Guibourtia ehie_CHYX256_1_(8).png
Guibourtia ehie/sub_089/Guibourtia ehie_KREW954_4_(133).png,train/Guibourtia ehie/Guibourtia ehie_KREW954_4_(133).png
Pterocarpus indicus/sub_047/3395. Pterocarpus indicus.10 (294).png,train/Pterocarpus indicus/3395. Pterocarpus indicus.10 (294).png
Sindora tonkinensis/sub_023/3381. Sindora tonkinensis.10 (310).png,train/Sindora tonkinensis/3381. Sindora tonkinensis.10 (310).png
Dalbergia cochinchinensis/sub_036/Dalbergia cochinchinensis.3280.5 (16).png,train/Dalbergia cochinchinensis/Dalbergia cochinchinensis.3280.5 (16).png
Guibourtia coleosperma/sub_054/Guibourtia coleosperma_3253.2 (11).png,train/Guibourtia coleosperma/Guibourtia coleosperma_3253.2 (11).png
Dalbergia tonkinensis/sub_049/3353. Dalbergia tonkinensis.9.(287).png,train/Dalbergia tonkinensis/3353. Dalbergia tonkinensis.9.(287).png
Pterocarpus sp/sub_105/142_4.png,train/Pterocarpus sp/142_4.png
Peltogyne pubescens/sub_025/3377. Peltogyne pubescens.4 (147).png,train/Peltogyne pubescens/3377. Peltogyne pubescens.4 (147).png
Pterocarpus macrocarpus/sub_025/130_2.png,train/Pterocarpus macrocarpus/130_2.png
Pterocarpus erinaceus/sub_027/3403. Pterocarpus erinaceus.6 (178).png,train/Pterocarpus erinaceus/3403. Pterocarpus erinaceus.6 (178).png
Dalbergia cochinchinensis/sub_011/Dalbergia cochinchinensis.3280.8 (32).png,train/Dalbergia cochinchinensis/Dalbergia cochinchinensis.3280.8 (32).png
Pterocarpus indicus/sub_003/3395. Pterocarpus indicus.1 (28).png,train/Pterocarpus indicus/3395. Pterocarpus indicus.1 (28).png
Pterocarpus indicus/sub_003/3395. Pterocarpus indicus.2 (48).png,train/Pterocarpus indicus/3395. Pterocarpus indicus.2 (48).png
Dalbergia oliveri/sub_007/Dalbergia oliveri_3237.1_ (25).png,train/Dalbergia oliveri/Dalbergia oliveri_3237.1_ (25).png
Peltogyne pubescens/sub_021/3377. Peltogyne pubescens.6 (188).png,train/Peltogyne pubescens/3377. Peltogyne pubescens.6 (188).png
Dalbergia rimosa/sub_001/3414. Dalbergia rimosa.10 (278).png,train/Dalbergia rimosa/3414. Dalbergia rimosa.10 (278).png
Afzelia bella/sub_004/Afzelia bella_AMRX692_(54).png,train/Afzelia bella/Afzelia bella_AMRX692_(54).png
Pterocarpus macrocarpus/sub_044/144.png,train/Pterocarpus macrocarpus/144.png
Dalbergia oliveri/sub_031/Dalbergia oliveri_3237.6_ (24).png,train/Dalbergia oliveri/Dalbergia oliveri_3237.6_ (24).png
Dalbergia rimosa/sub_027/3414. Dalbergia rimosa.3 (88).png,train/Dalbergia rimosa/3414. Dalbergia rimosa.3 (88).png
Dalbergia oliveri/sub_007/Dalbergia oliveri_3237.1_ (20).png,train/Dalbergia oliveri/Dalbergia oliveri_3237.1_ (20).png
Afzelia bella/sub_006/Afzelia bella_LYSV052_(161).png,train/Afzelia bella/Afzelia bella_LYSV052_(161).png
Pterocarpus macrocarpus/sub_014/153_2.png,train/Pterocarpus macrocarpus/153_2.png
Dalbergia rimosa/sub_004/3414. Dalbergia rimosa.3 (82).png,train/Dalbergia rimosa/3414. Dalbergia rimosa.3 (82).png
Afzelia quanzensis/sub_038/14_1.png,train/Afzelia quanzensis/14_1.png
Pterocarpus macrocarpus/sub_010/129_1.png,train/Pterocarpus macrocarpus/129_1__936a9e70.png
Afzelia quanzensis/sub_012/18_1.png,train/Afzelia quanzensis/18_1.png
Sindora tonkinensis/sub_075/3381. Sindora tonkinensis.10 (304).png,train/Sindora tonkinensis/3381. Sindora tonkinensis.10 (304).png
Dalbergia oliveri/sub_066/Dalbergia oliveri_3237.8_ (11).png,train/Dalbergia oliveri/Dalbergia oliveri_3237.8_ (11).png
Sindora tonkinensis/sub_007/3381. Sindora tonkinensis.6 (183).png,train/Sindora tonkinensis/3381. Sindora tonkinensis.6 (183).png
Dalbergia cochinchinensis/sub_001/Dalbergia cochinchinensis.3280.7 (33).png,train/Dalbergia cochinchinensis/Dalbergia cochinchinensis.3280.7 (33).png
Pterocarpus macrocarpus/sub_008/17.png,train/Pterocarpus macrocarpus/17.png
Sindora cochinchinensis/sub_086/gụ84.png,train/Sindora cochinchinensis/gụ84__fe6b35b0.png
Afzelia bella/sub_024/Afzelia bella_LYSV052_(166).png,train/Afzelia bella/Afzelia bella_LYSV052_(166).png
Guibourtia ehie/sub_054/Guibourtia ehie_GHQN943_3_(88).png,train/Guibourtia ehie/Guibourtia ehie_GHQN943_3_(88).png
Pterocarpus macrocarpus/sub_006/146.png,train/Pterocarpus macrocarpus/146.png
Guibourtia ehie/sub_084/Guibourtia ehie_TLYO895_9_(326).png,train/Guibourtia ehie/Guibourtia ehie_TLYO895_9_(326).png
Dalbergia tonkinensis/sub_005/3353. Dalbergia tonkinensis.3.(65).png,train/Dalbergia tonkinensis/3353. Dalbergia tonkinensis.3.(65).png
Dalbergia tonkinensis/sub_011/3353. Dalbergia tonkinensis.1.(28).png,train/Dalbergia tonkinensis/3353. Dalbergia tonkinensis.1.(28).png
Sindora tonkinensis/sub_012/3381. Sindora tonkinensis.4 (101).png,train/Sindora tonkinensis/3381. Sindora tonkinensis.4 (101).png
Afzelia bella/sub_035/Afzelia bella_QCYD170_(243).png,train/Afzelia bella/Afzelia bella_QCYD170_(243).png
Pterocarpus macrocarpus/sub_091/18_1.png,train/Pterocarpus macrocarpus/18_1__8f34b723.png
Dalbergia tonkinensis/sub_028/3353. Dalbergia tonkinensis.9.(286).png,train/Dalbergia tonkinensis/3353. Dalbergia tonkinensis.9.(286).png
Sindora tonkinensis/sub_012/3381. Sindora tonkinensis.3 (92).png,train/Sindora tonkinensis/3381. Sindora tonkinensis.3 (92).png
Guibourtia ehie/sub_046/Guibourtia ehie_SXGM640_8_(314).png,train/Guibourtia ehie/Guibourtia ehie_SXGM640_8_(314).png
Dalbergia cochinchinensis/sub_022/Dalbergia cochinchinensis.3280.3 (14).png,train/Dalbergia cochinchinensis/Dalbergia cochinchinensis.3280.3 (14).png
Pterocarpus soyauxii/sub_012/142_2.png,train/Pterocarpus soyauxii/142_2.png
Dalbergia melanoxylon/sub_005/3352. Dalbergia melanoxylon.5.(128).png,train/Dalbergia melanoxylon/3352. Dalbergia melanoxylon.5.(128).png
Afzelia bella/sub_006/Afzelia bella_FFCA657_9_32122.png,train/Afzelia bella/Afzelia bella_FFCA657_9_32122.png
Afzelia quanzensis/sub_009/127_1_1.png,train/Afzelia quanzensis/127_1_1.png
Guibourtia ehie/sub_029/Guibourtia ehie_QAMZ768_7_(242).png,train/Guibourtia ehie/Guibourtia ehie_QAMZ768_7_(242).png
Guibourtia arnoldiana/sub_025/3411. Guibourtia arnoldiana.1 (3).png,train/Guibourtia arnoldiana/3411. Guibourtia arnoldiana.1 (3).png
Peltogyne pubescens/sub_011/3377. Peltogyne pubescens.10 (362).png,train/Peltogyne pubescens/3377. Peltogyne pubescens.10 (362).png
Dalbergia melanoxylon/sub_009/3352. Dalbergia melanoxylon.3.(89).png,train/Dalbergia melanoxylon/3352. Dalbergia melanoxylon.3.(89).png
Sindora tonkinensis/sub_042/3381. Sindora tonkinensis.10 (313).png,train/Sindora tonkinensis/3381. Sindora tonkinensis.10 (313).png
Sindora cochinchinensis/sub_051/gụ51_1.png,train/Sindora cochinchinensis/gụ51_1__46bf2b34.png
Pterocarpus sp/sub_103/114.png,train/Pterocarpus sp/114__0719634c.png
Pterocarpus macrocarpus/sub_067/151.png,train/Pterocarpus macrocarpus/151.png
Pterocarpus sp/sub_059/123.png,train/Pterocarpus sp/123.png
Peltogyne pubescens/sub_011/3377. Peltogyne pubescens.1 (14).png,train/Peltogyne pubescens/3377. Peltogyne pubescens.1 (14).png
Guibourtia arnoldiana/sub_002/3411. Guibourtia arnoldiana.3 (73).png,train/Guibourtia arnoldiana/3411. Guibourtia arnoldiana.3 (73).png
Afzelia quanzensis/sub_033/151_2.png,train/Afzelia quanzensis/151_2.png
Peltogyne pubescens/sub_013/3377. Peltogyne pubescens.7 (245).png,train/Peltogyne pubescens/3377. Peltogyne pubescens.7 (245).png
Pterocarpus indicus/sub_003/3395. Pterocarpus indicus.6 (188).png,train/Pterocarpus indicus/3395. Pterocarpus indicus.6 (188).png
Dalbergia tonkinensis/sub_067/3353. Dalbergia tonkinensis.8.(246).png,train/Dalbergia tonkinensis/3353. Dalbergia tonkinensis.8.(246).png
Dalbergia rimosa/sub_045/3414. Dalbergia rimosa.7 (194).png,train/Dalbergia rimosa/3414. Dalbergia rimosa.7 (194).png
Sindora cochinchinensis/sub_040/gụ30.png,train/Sindora cochinchinensis/gụ30.png
Afzelia bella/sub_032/Afzelia bella_GCJA653_(81).png,train/Afzelia bella/Afzelia bella_GCJA653_(81).png
Dalbergia cochinchinensis/sub_027/Dalbergia cochinchinensis.3280.10 (4).png,train/Dalbergia cochinchinensis/Dalbergia cochinchinensis.3280.10 (4).png
Pterocarpus sp/sub_035/130_1.png,train/Pterocarpus sp/130_1.png
Dalbergia melanoxylon/sub_008/3352. Dalbergia melanoxylon.1.(21).png,train/Dalbergia melanoxylon/3352. Dalbergia melanoxylon.1.(21).png
Dalbergia melanoxylon/sub_012/3352. Dalbergia melanoxylon.6.(158).png,train/Dalbergia melanoxylon/3352. Dalbergia melanoxylon.6.(158).png
Guibourtia arnoldiana/sub_049/3411. Guibourtia arnoldiana.3 (81).png,train/Guibourtia arnoldiana/3411. Guibourtia arnoldiana.3 (81).png
Afzelia quanzensis/sub_057/129.png,train/Afzelia quanzensis/129.png
Pterocarpus soyauxii/sub_036/135.png,train/Pterocarpus soyauxii/135__b4b05302.png
Afzelia pachyloba/sub_014/5.4.png,train/Afzelia pachyloba/5.4.png
Dalbergia oliveri/sub_033/Dalbergia oliveri_3237.7_ (18).png,train/Dalbergia oliveri/Dalbergia oliveri_3237.7_ (18).png
Guibourtia coleosperma/sub_055/Guibourtia coleosperma_3253.3 (5).png,train/Guibourtia coleosperma/Guibourtia coleosperma_3253.3 (5).png
Afzelia africana/sub_010/doussie52_1.png,train/Afzelia africana/doussie52_1.png
Pterocarpus erinaceus/sub_036/3403. Pterocarpus erinaceus.8 (238).png,train/Pterocarpus erinaceus/3403. Pterocarpus erinaceus.8 (238).png
Pterocarpus erinaceus/sub_032/3403. Pterocarpus erinaceus.4 (131).png,train/Pterocarpus erinaceus/3403. Pterocarpus erinaceus.4 (131).png
Dalbergia oliveri/sub_008/Dalbergia oliveri_3237.1_ (12).png,train/Dalbergia oliveri/Dalbergia oliveri_3237.1_ (12).png
Pterocarpus soyauxii/sub_070/13_1.png,train/Pterocarpus soyauxii/13_1__bb809350.png
Dalbergia tonkinensis/sub_011/3353. Dalbergia tonkinensis.5.(135).png,train/Dalbergia tonkinensis/3353. Dalbergia tonkinensis.5.(135).png
Afzelia quanzensis/sub_068/125_1.png,train/Afzelia quanzensis/125_1.png
Dalbergia cochinchinensis/sub_045/Dalbergia cochinchinensis.3280.4 (28).png,train/Dalbergia cochinchinensis/Dalbergia cochinchinensis.3280.4 (28).png
Peltogyne pubescens/sub_025/3377. Peltogyne pubescens.3 (103).png,train/Peltogyne pubescens/3377. Peltogyne pubescens.3 (103).png
Guibourtia coleosperma/sub_005/Guibourtia coleosperma_3253.6 (30).png,train/Guibourtia coleosperma/Guibourtia coleosperma_3253.6 (30).png
Guibourtia arnoldiana/sub_006/3411. Guibourtia arnoldiana.7 (208).png,train/Guibourtia arnoldiana/3411. Guibourtia arnoldiana.7 (208).png
Pterocarpus soyauxii/sub_044/169_1.png,train/Pterocarpus soyauxii/169_1.png
Dalbergia tonkinensis/sub_037/3353. Dalbergia tonkinensis.7.(216).png,train/Dalbergia tonkinensis/3353. Dalbergia tonkinensis.7.(216).png
Afzelia bella/sub_046/Afzelia bella_AMRX692_(49).png,train/Afzelia bella/Afzelia bella_AMRX692_(49).png
Dalbergia cochinchinensis/sub_006/Dalbergia cochinchinensis.3280.3 (27).png,train/Dalbergia cochinchinensis/Dalbergia cochinchinensis.3280.3 (27).png
Afzelia quanzensis/sub_054/19.png,train/Afzelia quanzensis/19.png
Dalbergia tonkinensis/sub_049/3353. Dalbergia tonkinensis.10.(303).png,train/Dalbergia tonkinensis/3353. Dalbergia tonkinensis.10.(303).png
Sindora tonkinensis/sub_009/3381. Sindora tonkinensis.4 (113).png,train/Sindora tonkinensis/3381. Sindora tonkinensis.4 (113).png
Dalbergia cochinchinensis/sub_006/Dalbergia cochinchinensis.3280.10 (21).png,train/Dalbergia cochinchinensis/Dalbergia cochinchinensis.3280.10 (21).png
Pterocarpus sp/sub_081/127_1.png,train/Pterocarpus sp/127_1.png
Dalbergia melanoxylon/sub_042/3352. Dalbergia melanoxylon.9.(237).png,train/Dalbergia melanoxylon/3352. Dalbergia melanoxylon.9.(237).png
Pterocarpus erinaceus/sub_030/3403. Pterocarpus erinaceus.2 (53).png,train/Pterocarpus erinaceus/3403. Pterocarpus erinaceus.2 (53).png
Afzelia quanzensis/sub_034/137_1.png,train/Afzelia quanzensis/137_1__527915c8.png
Pterocarpus soyauxii/sub_033/144.png,train/Pterocarpus soyauxii/144.png
Pterocarpus erinaceus/sub_064/3403. Pterocarpus erinaceus.7 (228).png,train/Pterocarpus erinaceus/3403. Pterocarpus erinaceus.7 (228).png
Pterocarpus soyauxii/sub_060/167_1.png,train/Pterocarpus soyauxii/167_1__a5a8c8be.png
Dalbergia tonkinensis/sub_023/3353. Dalbergia tonkinensis.5.(133).png,train/Dalbergia tonkinensis/3353. Dalbergia tonkinensis.5.(133).png
Afzelia quanzensis/sub_033/139_3.png,train/Afzelia quanzensis/139_3.png
Afzelia quanzensis/sub_004/134_5.png,train/Afzelia quanzensis/134_5.png
Guibourtia ehie/sub_001/Guibourtia ehie_PRQC042_5_(163).png,train/Guibourtia ehie/Guibourtia ehie_PRQC042_5_(163).png
Peltogyne pubescens/sub_040/3377. Peltogyne pubescens.6 (220).png,train/Peltogyne pubescens/3377. Peltogyne pubescens.6 (220).png
Afzelia bella/sub_048/Afzelia bella_OGHV743_(218).png,train/Afzelia bella/Afzelia bella_OGHV743_(218).png
Peltogyne pubescens/sub_048/3377. Peltogyne pubescens.4 (127).png,train/Peltogyne pubescens/3377. Peltogyne pubescens.4 (127).png
Pterocarpus erinaceus/sub_015/3403. Pterocarpus erinaceus.5 (151).png,train/Pterocarpus erinaceus/3403. Pterocarpus erinaceus.5 (151).png
Afzelia bella/sub_031/Afzelia bella_AMRX692_(59).png,train/Afzelia bella/Afzelia bella_AMRX692_(59).png
Dalbergia tonkinensis/sub_050/3353. Dalbergia tonkinensis.6.(187).png,train/Dalbergia tonkinensis/3353. Dalbergia tonkinensis.6.(187).png
Pterocarpus macrocarpus/sub_088/10_2.png,train/Pterocarpus macrocarpus/10_2.png
Pterocarpus macrocarpus/sub_005/120.png,train/Pterocarpus macrocarpus/120.png
Guibourtia arnoldiana/sub_020/3411. Guibourtia arnoldiana.5 (132).png,train/Guibourtia arnoldiana/3411. Guibourtia arnoldiana.5 (132).png
Dalbergia rimosa/sub_069/3414. Dalbergia rimosa.5 (130).png,train/Dalbergia rimosa/3414. Dalbergia rimosa.5 (130).png
Pterocarpus sp/sub_025/139_1.png,train/Pterocarpus sp/139_1__0d41967d.png
Guibourtia coleosperma/sub_062/Guibourtia coleosperma_3253.11 (8).png,train/Guibourtia coleosperma/Guibourtia coleosperma_3253.11 (8).png
Dalbergia rimosa/sub_027/3414. Dalbergia rimosa.2 (51).png,train/Dalbergia rimosa/3414. Dalbergia rimosa.2 (51).png
Dalbergia cochinchinensis/sub_020/Dalbergia cochinchinensis.3280.8 (17).png,train/Dalbergia cochinchinensis/Dalbergia cochinchinensis.3280.8 (17).png
Pterocarpus sp/sub_104/110_4.png,train/Pterocarpus sp/110_4.png
Afzelia pachyloba/sub_031/1.1.png,train/Afzelia pachyloba/1.1.png
Afzelia bella/sub_002/Afzelia bella_FFCA657_9_32130.png,train/Afzelia bella/Afzelia bella_FFCA657_9_32130.png
Pterocarpus indicus/sub_039/3395. Pterocarpus indicus.9 (262).png,train/Pterocarpus indicus/3395. Pterocarpus indicus.9 (262).png
Peltogyne pubescens/sub_032/3377. Peltogyne pubescens.7 (246).png,train/Peltogyne pubescens/3377. Peltogyne pubescens.7 (246).png
Pterocarpus sp/sub_055/155_1.png,train/Pterocarpus sp/155_1__acdd4ea2.png
Afzelia quanzensis/sub_004/110.png,train/Afzelia quanzensis/110.png
Pterocarpus soyauxii/sub_081/140_1.png,train/Pterocarpus soyauxii/140_1.png
Pterocarpus indicus/sub_007/3395. Pterocarpus indicus.2 (59).png,train/Pterocarpus indicus/3395. Pterocarpus indicus.2 (59).png
Guibourtia ehie/sub_022/Guibourtia ehie_PVFM153_6_(233).png,train/Guibourtia ehie/Guibourtia ehie_PVFM153_6_(233).png
Pterocarpus sp/sub_072/123_1.png,train/Pterocarpus sp/123_1.png
Peltogyne pubescens/sub_019/3377. Peltogyne pubescens.2 (49).png,train/Peltogyne pubescens/3377. Peltogyne pubescens.2 (49).png
Pterocarpus soyauxii/sub_019/145.png,train/Pterocarpus soyauxii/145.png
Sindora tonkinensis/sub_040/3381. Sindora tonkinensis.8 (238).png,train/Sindora tonkinensis/3381. Sindora tonkinensis.8 (238).png
Afzelia bella/sub_005/Afzelia bella_OGHV743_(233).png,train/Afzelia bella/Afzelia bella_OGHV743_(233).png
Dalbergia cochinchinensis/sub_051/Dalbergia cochinchinensis.3280.4 (32).png,train/Dalbergia cochinchinensis/Dalbergia cochinchinensis.3280.4 (32).png
Dalbergia tonkinensis/sub_044/3353. Dalbergia tonkinensis.10.(306).png,train/Dalbergia tonkinensis/3353. Dalbergia tonkinensis.10.(306).png
Afzelia bella/sub_066/Afzelia bella_GCJA653_(113).png,train/Afzelia bella/Afzelia bella_GCJA653_(113).png
Guibourtia coleosperma/sub_020/Guibourtia coleosperma_3253.2 (12).png,train/Guibourtia coleosperma/Guibourtia coleosperma_3253.2 (12).png
Pterocarpus sp/sub_012/125.png,train/Pterocarpus sp/125.png
Dalbergia melanoxylon/sub_037/3352. Dalbergia melanoxylon.4.(96).png,train/Dalbergia melanoxylon/3352. Dalbergia melanoxylon.4.(96).png
Guibourtia ehie/sub_058/Guibourtia ehie_PVFM153_6_(213).png,train/Guibourtia ehie/Guibourtia ehie_PVFM153_6_(213).png
Pterocarpus soyauxii/sub_023/119.png,train/Pterocarpus soyauxii/119.png
Dalbergia oliveri/sub_014/Dalbergia oliveri_3237.7_ (12).png,train/Dalbergia oliveri/Dalbergia oliveri_3237.7_ (12).png
Sindora cochinchinensis/sub_069/gụ29_1.png,train/Sindora cochinchinensis/gụ29_1.png
Peltogyne pubescens/sub_004/3377. Peltogyne pubescens.4 (132).png,train/Peltogyne pubescens/3377. Peltogyne pubescens.4 (132).png
Sindora cochinchinensis/sub_028/gụ19_1.png,train/Sindora cochinchinensis/gụ19_1.png
Sindora tonkinensis/sub_021/3381. Sindora tonkinensis.8 (248).png,train/Sindora tonkinensis/3381. Sindora tonkinensis.8 (248).png
Dalbergia melanoxylon/sub_007/3352. Dalbergia melanoxylon.10.(282).png,train/Dalbergia melanoxylon/3352. Dalbergia melanoxylon.10.(282).png
Guibourtia ehie/sub_028/Guibourtia ehie_PRQC042_5_(174).png,train/Guibourtia ehie/Guibourtia ehie_PRQC042_5_(174).png
Guibourtia ehie/sub_048/Guibourtia ehie_TLYO895_9_(344).png,train/Guibourtia ehie/Guibourtia ehie_TLYO895_9_(344).png
Dalbergia oliveri/sub_040/Dalbergia oliveri_3237.2_ (9).png,train/Dalbergia oliveri/Dalbergia oliveri_3237.2_ (9).png
Guibourtia coleosperma/sub_033/Guibourtia coleosperma_3253.1 (26).png,train/Guibourtia coleosperma/Guibourtia coleosperma_3253.1 (26).png
Sindora tonkinensis/sub_013/3381. Sindora tonkinensis.4 (118).png,train/Sindora tonkinensis/3381. Sindora tonkinensis.4 (118).png
Dalbergia oliveri/sub_046/Dalbergia oliveri_3237.6_ (8).png,train/Dalbergia oliveri/Dalbergia oliveri_3237.6_ (8).png
Dalbergia cochinchinensis/sub_032/Dalbergia cochinchinensis.3280.7 (3).png,train/Dalbergia cochinchinensis/Dalbergia cochinchinensis.3280.7 (3).png
Pterocarpus indicus/sub_061/3395. Pterocarpus indicus.8 (233).png,train/Pterocarpus indicus/3395. Pterocarpus indicus.8 (233).png
Pterocarpus sp/sub_009/143_5.png,train/Pterocarpus sp/143_5.png
Dalbergia oliveri/sub_025/Dalbergia oliveri_3237.10_ (23).png,train/Dalbergia oliveri/Dalbergia oliveri_3237.10_ (23).png
Guibourtia coleosperma/sub_037/Guibourtia coleosperma_3253.10 (17).png,train/Guibourtia coleosperma/Guibourtia coleosperma_3253.10 (17).png
Dalbergia cochinchinensis/sub_004/Dalbergia cochinchinensis.3280.1 (22).png,train/Dalbergia cochinchinensis/Dalbergia cochinchinensis.3280.1 (22).png
Peltogyne pubescens/sub_031/3377. Peltogyne pubescens.1 (21).png,train/Peltogyne pubescens/3377. Peltogyne pubescens.1 (21).png
Afzelia quanzensis/sub_049/116_1.png,train/Afzelia quanzensis/116_1.png
Afzelia bella/sub_057/Afzelia bella_QCYD170_(246).png,train/Afzelia bella/Afzelia bella_QCYD170_(246).png
Dalbergia rimosa/sub_003/3414. Dalbergia rimosa.4 (116).png,train/Dalbergia rimosa/3414. Dalbergia rimosa.4 (116).png
Guibourtia arnoldiana/sub_022/3411. Guibourtia arnoldiana.8 (257).png,train/Guibourtia arnoldiana/3411. Guibourtia arnoldiana.8 (257).png
Dalbergia cochinchinensis/sub_014/Dalbergia cochinchinensis.3280.3 (11).png,train/Dalbergia cochinchinensis/Dalbergia cochinchinensis.3280.3 (11).png
Afzelia quanzensis/sub_061/118_2.png,train/Afzelia quanzensis/118_2.png
Pterocarpus erinaceus/sub_034/3403. Pterocarpus erinaceus.3 (81).png,train/Pterocarpus erinaceus/3403. Pterocarpus erinaceus.3 (81).png
Guibourtia arnoldiana/sub_013/3411. Guibourtia arnoldiana.5 (150).png,train/Guibourtia arnoldiana/3411. Guibourtia arnoldiana.5 (150).png
Afzelia africana/sub_054/doussie48_1.png,train/Afzelia africana/doussie48_1.png
Pterocarpus erinaceus/sub_049/3403. Pterocarpus erinaceus.7 (211).png,train/Pterocarpus erinaceus/3403. Pterocarpus erinaceus.7 (211).png
Pterocarpus macrocarpus/sub_085/115_2.png,train/Pterocarpus macrocarpus/115_2.png
Pterocarpus sp/sub_031/120_2.png,train/Pterocarpus sp/120_2.png
Afzelia quanzensis/sub_055/121_3.png,train/Afzelia quanzensis/121_3.png
Pterocarpus soyauxii/sub_001/141_1_1.png,train/Pterocarpus soyauxii/141_1_1.png
Dalbergia oliveri/sub_003/Dalbergia oliveri_3237.9_ (17).png,train/Dalbergia oliveri/Dalbergia oliveri_3237.9_ (17).png
Afzelia quanzensis/sub_052/111_1.png,train/Afzelia quanzensis/111_1.png
Sindora tonkinensis/sub_043/3381. Sindora tonkinensis.2 (59).png,train/Sindora tonkinensis/3381. Sindora tonkinensis.2 (59).png
Sindora cochinchinensis/sub_004/gụ56.png,train/Sindora cochinchinensis/gụ56.png
Pterocarpus sp/sub_059/124.png,train/Pterocarpus sp/124.png
Guibourtia coleosperma/sub_009/Guibourtia coleosperma_3253.10 (34).png,train/Guibourtia coleosperma/Guibourtia coleosperma_3253.10 (34).png
Guibourtia ehie/sub_012/Guibourtia ehie_CHYX256_1_(15).png,train/Guibourtia ehie/Guibourtia ehie_CHYX256_1_(15).png
Peltogyne pubescens/sub_031/3377. Peltogyne pubescens.6 (215).png,train/Peltogyne pubescens/3377. Peltogyne pubescens.6 (215).png
Pterocarpus soyauxii/sub_001/134_1.png,train/Pterocarpus soyauxii/134_1.png
Dalbergia tonkinensis/sub_005/3353. Dalbergia tonkinensis.6.(165).png,train/Dalbergia tonkinensis/3353. Dalbergia tonkinensis.6.(165).png
Afzelia quanzensis/sub_053/146.png,train/Afzelia quanzensis/146__84c7fc12.png
Peltogyne pubescens/sub_011/3377. Peltogyne pubescens.4 (146).png,train/Peltogyne pubescens/3377. Peltogyne pubescens.4 (146).png
Afzelia quanzensis/sub_022/115.png,train/Afzelia quanzensis/115.png
Pterocarpus indicus/sub_005/3395. Pterocarpus indicus.1 (20).png,train/Pterocarpus indicus/3395. Pterocarpus indicus.1 (20).png
Pterocarpus sp/sub_004/10_4.png,train/Pterocarpus sp/10_4.png
Guibourtia arnoldiana/sub_029/3411. Guibourtia arnoldiana.4 (114).png,train/Guibourtia arnoldiana/3411. Guibourtia arnoldiana.4 (114).png
Guibourtia coleosperma/sub_068/Guibourtia coleosperma_3253.2 (17).png,train/Guibourtia coleosperma/Guibourtia coleosperma_3253.2 (17).png
Sindora tonkinensis/sub_080/3381. Sindora tonkinensis.10 (320).png,train/Sindora tonkinensis/3381. Sindora tonkinensis.10 (320).png
Sindora tonkinensis/sub_006/3381. Sindora tonkinensis.1 (25).png,train/Sindora tonkinensis/3381. Sindora tonkinensis.1 (25).png
Sindora tonkinensis/sub_048/3381. Sindora tonkinensis.3 (96).png,train/Sindora tonkinensis/3381. Sindora tonkinensis.3 (96).png
Dalbergia cochinchinensis/sub_022/Dalbergia cochinchinensis.3280.4 (5).png,train/Dalbergia cochinchinensis/Dalbergia cochinchinensis.3280.4 (5).png
Afzelia quanzensis/sub_043/148_1.png,train/Afzelia quanzensis/148_1.png
Pterocarpus macrocarpus/sub_042/167_1.png,train/Pterocarpus macrocarpus/167_1.png
Pterocarpus soyauxii/sub_096/129_1.png,train/Pterocarpus soyauxii/129_1.png
Guibourtia arnoldiana/sub_001/3411. Guibourtia arnoldiana.2 (52).png,train/Guibourtia arnoldiana/3411. Guibourtia arnoldiana.2 (52).png
Dalbergia tonkinensis/sub_030/3353. Dalbergia tonkinensis.6.(185).png,train/Dalbergia tonkinensis/3353. Dalbergia tonkinensis.6.(185).png
Dalbergia rimosa/sub_003/3414. Dalbergia rimosa.1(24).png,train/Dalbergia rimosa/3414. Dalbergia rimosa.1(24).png
Pterocarpus indicus/sub_036/3395. Pterocarpus indicus.8 (231).png,train/Pterocarpus indicus/3395. Pterocarpus indicus.8 (231).png
Sindora tonkinensis/sub_028/3381. Sindora tonkinensis.7 (216).png,train/Sindora tonkinensis/3381. Sindora tonkinensis.7 (216).png
Guibourtia arnoldiana/sub_029/3411. Guibourtia arnoldiana.5 (148).png,train/Guibourtia arnoldiana/3411. Guibourtia arnoldiana.5 (148).png
Pterocarpus sp/sub_093/132_5.png,train/Pterocarpus sp/132_5.png
Pterocarpus indicus/sub_008/3395. Pterocarpus indicus.1 (3).png,train/Pterocarpus indicus/3395. Pterocarpus indicus.1 (3).png
Pterocarpus sp/sub_054/13_1.png,train/Pterocarpus sp/13_1.png
Sindora tonkinensis/sub_044/3381. Sindora tonkinensis.5 (135).png,train/Sindora tonkinensis/3381. Sindora tonkinensis.5 (135).png
Dalbergia cochinchinensis/sub_004/Dalbergia cochinchinensis.3280.3 (17).png,train/Dalbergia cochinchinensis/Dalbergia cochinchinensis.3280.3 (17).png
Afzelia quanzensis/sub_032/141_3.png,train/Afzelia quanzensis/141_3.png
Guibourtia coleosperma/sub_027/Guibourtia coleosperma_3253.1 (22).png,train/Guibourtia coleosperma/Guibourtia coleosperma_3253.1 (22).png
Pterocarpus macrocarpus/sub_008/146_1.png,train/Pterocarpus macrocarpus/146_1__2b9d6781.png
Pterocarpus sp/sub_057/167.png,train/Pterocarpus sp/167.png
Pterocarpus sp/sub_061/132_4.png,train/Pterocarpus sp/132_4.png
Dalbergia rimosa/sub_061/3414. Dalbergia rimosa.3 (77).png,train/Dalbergia rimosa/3414. Dalbergia rimosa.3 (77).png
Pterocarpus sp/sub_069/128_1.png,train/Pterocarpus sp/128_1.png
Guibourtia ehie/sub_047/Guibourtia ehie_PVFM153_6_(234).png,train/Guibourtia ehie/Guibourtia ehie_PVFM153_6_(234).png
Guibourtia ehie/sub_090/Guibourtia ehie_TLYO895_9_(335).png,train/Guibourtia ehie/Guibourtia ehie_TLYO895_9_(335).png
Dalbergia melanoxylon/sub_027/3352. Dalbergia melanoxylon.8.(218).png,train/Dalbergia melanoxylon/3352. Dalbergia melanoxylon.8.(218).png
Dalbergia tonkinensis/sub_032/3353. Dalbergia tonkinensis.6.(190).png,train/Dalbergia tonkinensis/3353. Dalbergia tonkinensis.6.(190).png
Sindora tonkinensis/sub_028/3381. Sindora tonkinensis.3 (75).png,train/Sindora tonkinensis/3381. Sindora tonkinensis.3 (75).png
Dalbergia oliveri/sub_077/Dalbergia oliveri_3237.10_ (20).png,train/Dalbergia oliveri/Dalbergia oliveri_3237.10_ (20).png
Peltogyne pubescens/sub_017/3377. Peltogyne pubescens.1 (36).png,train/Peltogyne pubescens/3377. Peltogyne pubescens.1 (36).png
Sindora cochinchinensis/sub_031/gụ76_2.png,train/Sindora cochinchinensis/gụ76_2.png
Dalbergia tonkinensis/sub_048/3353. Dalbergia tonkinensis.9.(293).png,train/Dalbergia tonkinensis/3353. Dalbergia tonkinensis.9.(293).png
Pterocarpus soyauxii/sub_018/17_2.png,train/Pterocarpus soyauxii/17_2.png
Dalbergia cochinchinensis/sub_047/Dalbergia cochinchinensis.3280.1 (13).png,train/Dalbergia cochinchinensis/Dalbergia cochinchinensis.3280.1 (13).png
Pterocarpus erinaceus/sub_014/3403. Pterocarpus erinaceus.7 (231).png,train/Pterocarpus erinaceus/3403. Pterocarpus erinaceus.7 (231).png
Dalbergia oliveri/sub_037/Dalbergia oliveri_3237.1_ (2).png,train/Dalbergia oliveri/Dalbergia oliveri_3237.1_ (2).png
Afzelia pachyloba/sub_032/5.3.png,train/Afzelia pachyloba/5.3.png
Pterocarpus indicus/sub_053/3395. Pterocarpus indicus.5 (157).png,train/Pterocarpus indicus/3395. Pterocarpus indicus.5 (157).png
Dalbergia rimosa/sub_045/3414. Dalbergia rimosa.5 (148).png,train/Dalbergia rimosa/3414. Dalbergia rimosa.5 (148).png
Sindora tonkinensis/sub_002/3381. Sindora tonkinensis.9 (273).png,train/Sindora tonkinensis/3381. Sindora tonkinensis.9 (273).png
Pterocarpus sp/sub_006/119_2.png,train/Pterocarpus sp/119_2.png
Guibourtia ehie/sub_019/Guibourtia ehie_GHQN943_3_(84).png,train/Guibourtia ehie/Guibourtia ehie_GHQN943_3_(84).png
Guibourtia coleosperma/sub_047/Guibourtia coleosperma_3253.9 (5).png,train/Guibourtia coleosperma/Guibourtia coleosperma_3253.9 (5).png
Guibourtia ehie/sub_027/Guibourtia ehie_PRQC042_5_(172).png,train/Guibourtia ehie/Guibourtia ehie_PRQC042_5_(172).png
Dalbergia oliveri/sub_078/Dalbergia oliveri_3237.2_ (16).png,train/Dalbergia oliveri/Dalbergia oliveri_3237.2_ (16).png
Afzelia quanzensis/sub_005/154_1.png,train/Afzelia quanzensis/154_1.png
Pterocarpus macrocarpus/sub_023/147_3.png,train/Pterocarpus macrocarpus/147_3__6078a3b9.png
Guibourtia coleosperma/sub_029/Guibourtia coleosperma_3253.7 (21).png,train/Guibourtia coleosperma/Guibourtia coleosperma_3253.7 (21).png
Dalbergia cochinchinensis/sub_019/Dalbergia cochinchinensis.3280.1 (8).png,train/Dalbergia cochinchinensis/Dalbergia cochinchinensis.3280.1 (8).png
Dalbergia melanoxylon/sub_001/3352. Dalbergia melanoxylon.2 (40).png,train/Dalbergia melanoxylon/3352. Dalbergia melanoxylon.2 (40).png
Dalbergia cochinchinensis/sub_003/Dalbergia cochinchinensis.3280.3 (10).png,train/Dalbergia cochinchinensis/Dalbergia cochinchinensis.3280.3 (10).png
Dalbergia oliveri/sub_014/Dalbergia oliveri_3237.5_ (22).png,train/Dalbergia oliveri/Dalbergia oliveri_3237.5_ (22).png
Afzelia quanzensis/sub_002/154.png,train/Afzelia quanzensis/154.png
Dalbergia melanoxylon/sub_032/3352. Dalbergia melanoxylon.10.(291).png,train/Dalbergia melanoxylon/3352. Dalbergia melanoxylon.10.(291).png
Dalbergia melanoxylon/sub_001/3352. Dalbergia melanoxylon.4.(100).png,train/Dalbergia melanoxylon/3352. Dalbergia melanoxylon.4.(100).png
Pterocarpus soyauxii/sub_001/11_4.png,train/Pterocarpus soyauxii/11_4.png
Guibourtia ehie/sub_007/Guibourtia ehie_FEHC134_2_(63).png,train/Guibourtia ehie/Guibourtia ehie_FEHC134_2_(63).png
Pterocarpus soyauxii/sub_003/148_1.png,train/Pterocarpus soyauxii/148_1.png
Afzelia africana/sub_019/doussie43_2.png,train/Afzelia africana/doussie43_2.png
Sindora tonkinensis/sub_001/3381. Sindora tonkinensis.3 (94).png,train/Sindora tonkinensis/3381. Sindora tonkinensis.3 (94).png
Guibourtia arnoldiana/sub_015/3411. Guibourtia arnoldiana.8 (248).png,train/Guibourtia arnoldiana/3411. Guibourtia arnoldiana.8 (248).png
Guibourtia ehie/sub_059/Guibourtia ehie_QAMZ768_7_(244).png,train/Guibourtia ehie/Guibourtia ehie_QAMZ768_7_(244).png
Sindora tonkinensis/sub_074/3381. Sindora tonkinensis.10 (311).png,train/Sindora tonkinensis/3381. Sindora tonkinensis.10 (311).png
Dalbergia melanoxylon/sub_026/3352. Dalbergia melanoxylon.5.(149).png,train/Dalbergia melanoxylon/3352. Dalbergia melanoxylon.5.(149).png
Sindora cochinchinensis/sub_028/gụ27.png,train/Sindora cochinchinensis/gụ27.png
Pterocarpus erinaceus/sub_015/3403. Pterocarpus erinaceus.8 (253).png,train/Pterocarpus erinaceus/3403. Pterocarpus erinaceus.8 (253).png
Dalbergia cochinchinensis/sub_011/Dalbergia cochinchinensis.3280.10 (9).png,train/Dalbergia cochinchinensis/Dalbergia cochinchinensis.3280.10 (9).png
Dalbergia melanoxylon/sub_049/3352. Dalbergia melanoxylon.6.(168).png,train/Dalbergia melanoxylon/3352. Dalbergia melanoxylon.6.(168).png
Afzelia bella/sub_010/Afzelia bella_AMRX692_(51).png,train/Afzelia bella/Afzelia bella_AMRX692_(51).png
Sindora cochinchinensis/sub_003/gụ64.png,train/Sindora cochinchinensis/gụ64.png
Guibourtia arnoldiana/sub_007/3411. Guibourtia arnoldiana.8 (234).png,train/Guibourtia arnoldiana/3411. Guibourtia arnoldiana.8 (234).png
Guibourtia coleosperma/sub_022/Guibourtia coleosperma_3253.6 (31).png,train/Guibourtia coleosperma/Guibourtia coleosperma_3253.6 (31).png
Sindora tonkinensis/sub_041/3381. Sindora tonkinensis.7 (205).png,train/Sindora tonkinensis/3381. Sindora tonkinensis.7 (205).png
Guibourtia arnoldiana/sub_012/3411. Guibourtia arnoldiana.7 (201).png,train/Guibourtia arnoldiana/3411. Guibourtia arnoldiana.7 (201).png
Pterocarpus macrocarpus/sub_018/134_1.png,train/Pterocarpus macrocarpus/134_1__b4de3297.png
Pterocarpus soyauxii/sub_022/12_1_1.png,train/Pterocarpus soyauxii/12_1_1.png
Pterocarpus macrocarpus/sub_024/150.png,train/Pterocarpus macrocarpus/150.png
Afzelia bella/sub_051/Afzelia bella_FFCA657_9_32131.png,train/Afzelia bella/Afzelia bella_FFCA657_9_32131.png
Pterocarpus erinaceus/sub_044/3403. Pterocarpus erinaceus.10 (321).png,train/Pterocarpus erinaceus/3403. Pterocarpus erinaceus.10 (321).png
Guibourtia arnoldiana/sub_010/3411. Guibourtia arnoldiana.8 (239).png,train/Guibourtia arnoldiana/3411. Guibourtia arnoldiana.8 (239).png
Peltogyne pubescens/sub_046/3377. Peltogyne pubescens.9 (312).png,train/Peltogyne pubescens/3377. Peltogyne pubescens.9 (312).png
Pterocarpus sp/sub_094/15_5.png,train/Pterocarpus sp/15_5.png
Dalbergia oliveri/sub_036/Dalbergia oliveri_3237.1_ (11).png,train/Dalbergia oliveri/Dalbergia oliveri_3237.1_ (11).png
Guibourtia coleosperma/sub_004/Guibourtia coleosperma_3253.6 (13).png,train/Guibourtia coleosperma/Guibourtia coleosperma_3253.6 (13).png
Afzelia quanzensis/sub_016/152_1.png,train/Afzelia quanzensis/152_1.png
Dalbergia melanoxylon/sub_012/3352. Dalbergia melanoxylon.3.(63).png,train/Dalbergia melanoxylon/3352. Dalbergia melanoxylon.3.(63).png
Guibourtia ehie/sub_067/Guibourtia ehie_UORX694_10_(373).png,train/Guibourtia ehie/Guibourtia ehie_UORX694_10_(373).png
Peltogyne pubescens/sub_032/3377. Peltogyne pubescens.8 (273).png,train/Peltogyne pubescens/3377. Peltogyne pubescens.8 (273).png
Dalbergia tonkinensis/sub_006/3353. Dalbergia tonkinensis.2.(52).png,train/Dalbergia tonkinensis/3353. Dalbergia tonkinensis.2.(52).png
Peltogyne pubescens/sub_004/3377. Peltogyne pubescens.4 (143).png,train/Peltogyne pubescens/3377. Peltogyne pubescens.4 (143).png
Dalbergia cochinchinensis/sub_046/Dalbergia cochinchinensis.3280.1 (12).png,train/Dalbergia cochinchinensis/Dalbergia cochinchinensis.3280.1 (12).png
Pterocarpus sp/sub_006/120_1.png,train/Pterocarpus sp/120_1.png
Guibourtia coleosperma/sub_001/Guibourtia coleosperma_3253.2 (3).png,train/Guibourtia coleosperma/Guibourtia coleosperma_3253.2 (3).png
Afzelia bella/sub_001/Afzelia bella_HYBT691_(146).png,train/Afzelia bella/Afzelia bella_HYBT691_(146).png
Guibourtia coleosperma/sub_016/Guibourtia coleosperma_3253.4 (16).png,train/Guibourtia coleosperma/Guibourtia coleosperma_3253.4 (16).png
Dalbergia oliveri/sub_005/Dalbergia oliveri_3237.10_ (6).png,train/Dalbergia oliveri/Dalbergia oliveri_3237.10_ (6).png
Dalbergia cochinchinensis/sub_050/Dalbergia cochinchinensis.3280.5 (9).png,train/Dalbergia cochinchinensis/Dalbergia cochinchinensis.3280.5 (9).png
Guibourtia coleosperma/sub_015/Guibourtia coleosperma_3253.1 (25).png,train/Guibourtia coleosperma/Guibourtia coleosperma_3253.1 (25).png
Pterocarpus soyauxii/sub_017/158.png,train/Pterocarpus soyauxii/158.png
Dalbergia tonkinensis/sub_028/3353. Dalbergia tonkinensis.7.(207).png,train/Dalbergia tonkinensis/3353. Dalbergia tonkinensis.7.(207).png
Pterocarpus erinaceus/sub_010/3403. Pterocarpus erinaceus.9 (275).png,train/Pterocarpus erinaceus/3403. Pterocarpus erinaceus.9 (275).png
Sindora tonkinensis/sub_010/3381. Sindora tonkinensis.3 (71).png,train/Sindora tonkinensis/3381. Sindora tonkinensis.3 (71).png
Pterocarpus erinaceus/sub_014/3403. Pterocarpus erinaceus.9 (300).png,train/Pterocarpus erinaceus/3403. Pterocarpus erinaceus.9 (300).png
Pterocarpus indicus/sub_002/3395. Pterocarpus indicus.2 (54).png,train/Pterocarpus indicus/3395. Pterocarpus indicus.2 (54).png
Pterocarpus indicus/sub_014/3395. Pterocarpus indicus.2 (55).png,train/Pterocarpus indicus/3395. Pterocarpus indicus.2 (55).png
Dalbergia rimosa/sub_059/3414. Dalbergia rimosa.8 (237).png,train/Dalbergia rimosa/3414. Dalbergia rimosa.8 (237).png
Guibourtia arnoldiana/sub_002/3411. Guibourtia arnoldiana.9 (268).png,train/Guibourtia arnoldiana/3411. Guibourtia arnoldiana.9 (268).png
Afzelia bella/sub_046/Afzelia bella_AMRX692_(57).png,train/Afzelia bella/Afzelia bella_AMRX692_(57).png
Guibourtia coleosperma/sub_086/Guibourtia coleosperma_3253.6 (7).png,train/Guibourtia coleosperma/Guibourtia coleosperma_3253.6 (7).png
Pterocarpus sp/sub_042/118_3.png,train/Pterocarpus sp/118_3.png
Sindora tonkinensis/sub_017/3381. Sindora tonkinensis.9 (274).png,train/Sindora tonkinensis/3381. Sindora tonkinensis.9 (274).png
Pterocarpus sp/sub_003/142.png,train/Pterocarpus sp/142.png
Afzelia bella/sub_007/Afzelia bella_FFCA657_9_3213.png,train/Afzelia bella/Afzelia bella_FFCA657_9_3213.png
Guibourtia coleosperma/sub_027/Guibourtia coleosperma_3253.11 (23).png,train/Guibourtia coleosperma/Guibourtia coleosperma_3253.11 (23).png
Dalbergia melanoxylon/sub_001/3352. Dalbergia melanoxylon.1.(5).png,train/Dalbergia melanoxylon/3352. Dalbergia melanoxylon.1.(5).png
Pterocarpus macrocarpus/sub_094/151_2.png,train/Pterocarpus macrocarpus/151_2.png
Guibourtia coleosperma/sub_015/Guibourtia coleosperma_3253.1 (6).png,train/Guibourtia coleosperma/Guibourtia coleosperma_3253.1 (6).png
Dalbergia tonkinensis/sub_039/3353. Dalbergia tonkinensis.8.(231).png,train/Dalbergia tonkinensis/3353. Dalbergia tonkinensis.8.(231).png
Dalbergia melanoxylon/sub_052/3352. Dalbergia melanoxylon.5.(136).png,train/Dalbergia melanoxylon/3352. Dalbergia melanoxylon.5.(136).png
Afzelia africana/sub_004/doussie20_2.png,train/Afzelia africana/doussie20_2.png
Guibourtia arnoldiana/sub_016/3411. Guibourtia arnoldiana.10 (319).png,train/Guibourtia arnoldiana/3411. Guibourtia arnoldiana.10 (319).png
Dalbergia rimosa/sub_047/3414. Dalbergia rimosa.3 (71).png,train/Dalbergia rimosa/3414. Dalbergia rimosa.3 (71).png
Guibourtia ehie/sub_051/Guibourtia ehie_SXGM640_8_(296).png,train/Guibourtia ehie/Guibourtia ehie_SXGM640_8_(296).png
Pterocarpus erinaceus/sub_014/3403. Pterocarpus erinaceus.7 (216).png,train/Pterocarpus erinaceus/3403. Pterocarpus erinaceus.7 (216).png
Guibourtia ehie/sub_087/Guibourtia ehie_TLYO895_9_(329).png,train/Guibourtia ehie/Guibourtia ehie_TLYO895_9_(329).png
Pterocarpus soyauxii/sub_014/113.png,train/Pterocarpus soyauxii/113__f7d4b225.png
Afzelia pachyloba/sub_043/1.3_2.png,train/Afzelia pachyloba/1.3_2.png
Dalbergia melanoxylon/sub_004/3352. Dalbergia melanoxylon.10.(288).png,train/Dalbergia melanoxylon/3352. Dalbergia melanoxylon.10.(288).png
Afzelia africana/sub_012/doussie57.png,train/Afzelia africana/doussie57__49aa11be.png
Pterocarpus soyauxii/sub_016/1120.png,train/Pterocarpus soyauxii/1120.png
Pterocarpus sp/sub_008/121_1.png,train/Pterocarpus sp/121_1__14ed7621.png
Afzelia bella/sub_062/Afzelia bella_AMRX692_(55).png,train/Afzelia bella/Afzelia bella_AMRX692_(55).png
Afzelia pachyloba/sub_023/1.1_1.png,train/Afzelia pachyloba/1.1_1.png
Afzelia bella/sub_004/Afzelia bella_FFCA657_9_32135.png,train/Afzelia bella/Afzelia bella_FFCA657_9_32135.png
Pterocarpus macrocarpus/sub_077/128_1.png,train/Pterocarpus macrocarpus/128_1.png
Dalbergia oliveri/sub_009/Dalbergia oliveri_3237.10_ (17).png,train/Dalbergia oliveri/Dalbergia oliveri_3237.10_ (17).png
Afzelia bella/sub_026/Afzelia bella_LYSV052_(184).png,train/Afzelia bella/Afzelia bella_LYSV052_(184).png
Sindora tonkinensis/sub_061/3381. Sindora tonkinensis.8 (234).png,train/Sindora tonkinensis/3381. Sindora tonkinensis.8 (234).png
Afzelia quanzensis/sub_032/131.png,train/Afzelia quanzensis/131__591ffc66.png
Pterocarpus sp/sub_073/159_2.png,train/Pterocarpus sp/159_2.png
Guibourtia coleosperma/sub_053/Guibourtia coleosperma_3253.10 (22).png,train/Guibourtia coleosperma/Guibourtia coleosperma_3253.10 (22).png
Pterocarpus soyauxii/sub_055/144_2.png,train/Pterocarpus soyauxii/144_2.png
Guibourtia coleosperma/sub_016/Guibourtia coleosperma_3253.10 (14).png,train/Guibourtia coleosperma/Guibourtia coleosperma_3253.10 (14).png
Afzelia quanzensis/sub_011/111.png,train/Afzelia quanzensis/111.png
Sindora tonkinensis/sub_045/3381. Sindora tonkinensis.10 (312).png,train/Sindora tonkinensis/3381. Sindora tonkinensis.10 (312).png
Guibourtia coleosperma/sub_016/Guibourtia coleosperma_3253.6 (19).png,train/Guibourtia coleosperma/Guibourtia coleosperma_3253.6 (19).png
Sindora cochinchinensis/sub_040/gụ75_1.png,train/Sindora cochinchinensis/gụ75_1.png
Pterocarpus erinaceus/sub_006/3403. Pterocarpus erinaceus.1(26).png,train/Pterocarpus erinaceus/3403. Pterocarpus erinaceus.1(26).png
Sindora cochinchinensis/sub_058/gụ29.png,train/Sindora cochinchinensis/gụ29__3e25798a.png
Pterocarpus indicus/sub_014/3395. Pterocarpus indicus.5 (134).png,train/Pterocarpus indicus/3395. Pterocarpus indicus.5 (134).png
Afzelia quanzensis/sub_054/114.png,train/Afzelia quanzensis/114.png
Pterocarpus indicus/sub_023/3395. Pterocarpus indicus.3 (60).png,train/Pterocarpus indicus/3395. Pterocarpus indicus.3 (60).png
Pterocarpus indicus/sub_040/3395. Pterocarpus indicus.9 (273).png,train/Pterocarpus indicus/3395. Pterocarpus indicus.9 (273).png
Pterocarpus erinaceus/sub_005/3403. Pterocarpus erinaceus.3 (99).png,train/Pterocarpus erinaceus/3403. Pterocarpus erinaceus.3 (99).png
Pterocarpus sp/sub_060/160_4.png,train/Pterocarpus sp/160_4.png
Sindora tonkinensis/sub_062/3381. Sindora tonkinensis.7 (196).png,train/Sindora tonkinensis/3381. Sindora tonkinensis.7 (196).png
Afzelia quanzensis/sub_060/133_1.png,train/Afzelia quanzensis/133_1__5d7f046c.png
Pterocarpus erinaceus/sub_026/3403. Pterocarpus erinaceus.7 (227).png,train/Pterocarpus erinaceus/3403. Pterocarpus erinaceus.7 (227).png
Peltogyne pubescens/sub_004/3377. Peltogyne pubescens.4 (142).png,train/Peltogyne pubescens/3377. Peltogyne pubescens.4 (142).png
Guibourtia coleosperma/sub_004/Guibourtia coleosperma_3253.4 (21).png,train/Guibourtia coleosperma/Guibourtia coleosperma_3253.4 (21).png
Guibourtia ehie/sub_012/Guibourtia ehie_PRQC042_5_(166).png,train/Guibourtia ehie/Guibourtia ehie_PRQC042_5_(166).png
Dalbergia tonkinensis/sub_071/3353. Dalbergia tonkinensis.1.(24).png,train/Dalbergia tonkinensis/3353. Dalbergia tonkinensis.1.(24).png
Afzelia pachyloba/sub_021/3.2.png,train/Afzelia pachyloba/3.2.png
Dalbergia tonkinensis/sub_002/3353. Dalbergia tonkinensis.5.(143).png,train/Dalbergia tonkinensis/3353. Dalbergia tonkinensis.5.(143).png
Guibourtia coleosperma/sub_056/Guibourtia coleosperma_3253.3 (33).png,train/Guibourtia coleosperma/Guibourtia coleosperma_3253.3 (33).png
Sindora cochinchinensis/sub_062/gụ104_1.png,train/Sindora cochinchinensis/gụ104_1.png
Guibourtia coleosperma/sub_073/Guibourtia coleosperma_3253.4 (11).png,train/Guibourtia coleosperma/Guibourtia coleosperma_3253.4 (11).png
Afzelia quanzensis/sub_031/122_3.png,train/Afzelia quanzensis/122_3.png
Afzelia pachyloba/sub_044/1.2_1.png,train/Afzelia pachyloba/1.2_1.png
Afzelia pachyloba/sub_017/6.4.png,train/Afzelia pachyloba/6.4__ecebe6c1.png
Pterocarpus soyauxii/sub_011/130_4.png,train/Pterocarpus soyauxii/130_4.png
Pterocarpus soyauxii/sub_004/111_4.png,train/Pterocarpus soyauxii/111_4.png
Guibourtia coleosperma/sub_042/Guibourtia coleosperma_3253.3 (35).png,train/Guibourtia coleosperma/Guibourtia coleosperma_3253.3 (35).png
Pterocarpus indicus/sub_041/3395. Pterocarpus indicus.9 (261).png,train/Pterocarpus indicus/3395. Pterocarpus indicus.9 (261).png
Pterocarpus indicus/sub_030/3395. Pterocarpus indicus.4 (115).png,train/Pterocarpus indicus/3395. Pterocarpus indicus.4 (115).png
Peltogyne pubescens/sub_002/3377. Peltogyne pubescens.1 (28).png,train/Peltogyne pubescens/3377. Peltogyne pubescens.1 (28).png
Dalbergia rimosa/sub_027/3414. Dalbergia rimosa.4 (109).png,train/Dalbergia rimosa/3414. Dalbergia rimosa.4 (109).png
Dalbergia tonkinensis/sub_017/3353. Dalbergia tonkinensis.10.(318).png,train/Dalbergia tonkinensis/3353. Dalbergia tonkinensis.10.(318).png
Afzelia quanzensis/sub_001/141_4.png,train/Afzelia quanzensis/141_4.png
Guibourtia ehie/sub_008/Guibourtia ehie_KREW954_4_(158).png,train/Guibourtia ehie/Guibourtia ehie_KREW954_4_(158).png
Sindora cochinchinensis/sub_036/gụ15_1.png,train/Sindora cochinchinensis/gụ15_1.png
Afzelia bella/sub_085/Afzelia bella_WJSV740_10_36134.png,train/Afzelia bella/Afzelia bella_WJSV740_10_36134.png
Guibourtia ehie/sub_056/Guibourtia ehie_SXGM640_8_(311).png,train/Guibourtia ehie/Guibourtia ehie_SXGM640_8_(311).png
Afzelia africana/sub_020/doussie51_1.png,train/Afzelia africana/doussie51_1.png
Pterocarpus sp/sub_067/16.png,train/Pterocarpus sp/16.png
Pterocarpus sp/sub_029/153_1.png,train/Pterocarpus sp/153_1.png
Guibourtia coleosperma/sub_032/Guibourtia coleosperma_3253.4 (4).png,train/Guibourtia coleosperma/Guibourtia coleosperma_3253.4 (4).png
Pterocarpus indicus/sub_003/3395. Pterocarpus indicus.8 (241).png,train/Pterocarpus indicus/3395. Pterocarpus indicus.8 (241).png
Dalbergia rimosa/sub_016/3414. Dalbergia rimosa.8 (239).png,train/Dalbergia rimosa/3414. Dalbergia rimosa.8 (239).png
Peltogyne pubescens/sub_019/3377. Peltogyne pubescens.5 (166).png,train/Peltogyne pubescens/3377. Peltogyne pubescens.5 (166).png
Dalbergia cochinchinensis/sub_038/Dalbergia cochinchinensis.3280.3 (35).png,train/Dalbergia cochinchinensis/Dalbergia cochinchinensis.3280.3 (35).png
Pterocarpus indicus/sub_045/3395. Pterocarpus indicus.4 (109).png,train/Pterocarpus indicus/3395. Pterocarpus indicus.4 (109).png
Pterocarpus soyauxii/sub_005/125_1.png,train/Pterocarpus soyauxii/125_1.png
Pterocarpus indicus/sub_022/3395. Pterocarpus indicus.8 (230).png,train/Pterocarpus indicus/3395. Pterocarpus indicus.8 (230).png
Sindora tonkinensis/sub_034/3381. Sindora tonkinensis.5 (155).png,train/Sindora tonkinensis/3381. Sindora tonkinensis.5 (155).png
Sindora cochinchinensis/sub_039/gụ44.png,train/Sindora cochinchinensis/gụ44.png
Pterocarpus sp/sub_049/117_5.png,train/Pterocarpus sp/117_5.png
Guibourtia coleosperma/sub_027/Guibourtia coleosperma_3253.7 (20).png,train/Guibourtia coleosperma/Guibourtia coleosperma_3253.7 (20).png
Peltogyne pubescens/sub_002/3377. Peltogyne pubescens.10 (359).png,train/Peltogyne pubescens/3377. Peltogyne pubescens.10 (359).png
Guibourtia arnoldiana/sub_001/3411. Guibourtia arnoldiana.4 (121).png,train/Guibourtia arnoldiana/3411. Guibourtia arnoldiana.4 (121).png
Afzelia quanzensis/sub_068/120.png,train/Afzelia quanzensis/120.png
Dalbergia oliveri/sub_004/Dalbergia oliveri_3237.7_ (15).png,train/Dalbergia oliveri/Dalbergia oliveri_3237.7_ (15).png
Sindora cochinchinensis/sub_076/gụ47_1.png,train/Sindora cochinchinensis/gụ47_1.png
Dalbergia oliveri/sub_005/Dalbergia oliveri_3237.5_ (16).png,train/Dalbergia oliveri/Dalbergia oliveri_3237.5_ (16).png
Dalbergia melanoxylon/sub_008/3352. Dalbergia melanoxylon.6.(153).png,train/Dalbergia melanoxylon/3352. Dalbergia melanoxylon.6.(153).png
Peltogyne pubescens/sub_008/3377. Peltogyne pubescens.4 (134).png,train/Peltogyne pubescens/3377. Peltogyne pubescens.4 (134).png
Afzelia bella/sub_031/Afzelia bella_QUAV174_(295).png,train/Afzelia bella/Afzelia bella_QUAV174_(295).png
Dalbergia rimosa/sub_046/3414. Dalbergia rimosa.10 (285).png,train/Dalbergia rimosa/3414. Dalbergia rimosa.10 (285).png
Afzelia bella/sub_007/Afzelia bella_GCJA653_(95).png,train/Afzelia bella/Afzelia bella_GCJA653_(95).png
Guibourtia ehie/sub_022/Guibourtia ehie_GHQN943_3_(98).png,train/Guibourtia ehie/Guibourtia ehie_GHQN943_3_(98).png
Afzelia bella/sub_051/Afzelia bella_AMRX692_(70).png,train/Afzelia bella/Afzelia bella_AMRX692_(70).png
Pterocarpus sp/sub_069/114_2.png,train/Pterocarpus sp/114_2__34c5c355.png
Pterocarpus soyauxii/sub_021/13.png,train/Pterocarpus soyauxii/13.png
Pterocarpus sp/sub_071/11_3.png,train/Pterocarpus sp/11_3.png
Afzelia bella/sub_044/Afzelia bella_LYSV052_(190).png,train/Afzelia bella/Afzelia bella_LYSV052_(190).png
Guibourtia arnoldiana/sub_007/3411. Guibourtia arnoldiana.10 (315).png,train/Guibourtia arnoldiana/3411. Guibourtia arnoldiana.10 (315).png
Afzelia africana/sub_012/doussie35_1_1.png,train/Afzelia africana/doussie35_1_1.png
Dalbergia cochinchinensis/sub_027/Dalbergia cochinchinensis.3280.8 (25).png,train/Dalbergia cochinchinensis/Dalbergia cochinchinensis.3280.8 (25).png
Dalbergia cochinchinensis/sub_031/Dalbergia cochinchinensis.3280.9 (18).png,train/Dalbergia cochinchinensis/Dalbergia cochinchinensis.3280.9 (18).png
Sindora cochinchinensis/sub_060/gụ18_2.png,train/Sindora cochinchinensis/gụ18_2.png
Pterocarpus macrocarpus/sub_006/129.png,train/Pterocarpus macrocarpus/129__bd9b80a9.png
Pterocarpus soyauxii/sub_063/115_1.png,train/Pterocarpus soyauxii/115_1.png
Dalbergia cochinchinensis/sub_049/Dalbergia cochinchinensis.3280.3 (3).png,train/Dalbergia cochinchinensis/Dalbergia cochinchinensis.3280.3 (3).png
Afzelia africana/sub_022/doussie51.png,train/Afzelia africana/doussie51.png
Guibourtia coleosperma/sub_061/Guibourtia coleosperma_3253.9 (29).png,train/Guibourtia coleosperma/Guibourtia coleosperma_3253.9 (29).png
Sindora cochinchinensis/sub_070/gụ27_1.png,train/Sindora cochinchinensis/gụ27_1.png
Sindora tonkinensis/sub_014/3381. Sindora tonkinensis.7 (193).png,train/Sindora tonkinensis/3381. Sindora tonkinensis.7 (193).png
Peltogyne pubescens/sub_042/3377. Peltogyne pubescens.5 (152).png,train/Peltogyne pubescens/3377. Peltogyne pubescens.5 (152).png
Peltogyne pubescens/sub_035/3377. Peltogyne pubescens.4 (148).png,train/Peltogyne pubescens/3377. Peltogyne pubescens.4 (148).png
Guibourtia coleosperma/sub_048/Guibourtia coleosperma_3253.8 (36).png,train/Guibourtia coleosperma/Guibourtia coleosperma_3253.8 (36).png
Pterocarpus indicus/sub_021/3395. Pterocarpus indicus.6 (193).png,train/Pterocarpus indicus/3395. Pterocarpus indicus.6 (193).png
Pterocarpus sp/sub_020/111_1.png,train/Pterocarpus sp/111_1.png
Pterocarpus macrocarpus/sub_008/133_4.png,train/Pterocarpus macrocarpus/133_4.png
Sindora tonkinensis/sub_040/3381. Sindora tonkinensis.2 (44).png,train/Sindora tonkinensis/3381. Sindora tonkinensis.2 (44).png
Guibourtia coleosperma/sub_004/Guibourtia coleosperma_3253.10 (9).png,train/Guibourtia coleosperma/Guibourtia coleosperma_3253.10 (9).png
Afzelia bella/sub_008/Afzelia bella_HYBT691_(126).png,train/Afzelia bella/Afzelia bella_HYBT691_(126).png
Afzelia bella/sub_040/Afzelia bella_LYSV052_(195).png,train/Afzelia bella/Afzelia bella_LYSV052_(195).png
Sindora cochinchinensis/sub_003/gụ54.png,train/Sindora cochinchinensis/gụ54.png
Pterocarpus soyauxii/sub_027/138.png,train/Pterocarpus soyauxii/138__4e083b56.png
Afzelia africana/sub_041/doussie53_1.png,train/Afzelia africana/doussie53_1__c5e8fcec.png
Sindora cochinchinensis/sub_059/gụ75_1.png,train/Sindora cochinchinensis/gụ75_1__2ce62470.png
Guibourtia arnoldiana/sub_023/3411. Guibourtia arnoldiana.10 (297).png,train/Guibourtia arnoldiana/3411. Guibourtia arnoldiana.10 (297).png
Dalbergia oliveri/sub_050/Dalbergia oliveri_3237.6_ (13).png,train/Dalbergia oliveri/Dalbergia oliveri_3237.6_ (13).png
Pterocarpus erinaceus/sub_048/3403. Pterocarpus erinaceus.10 (328).png,train/Pterocarpus erinaceus/3403. Pterocarpus erinaceus.10 (328).png
Guibourtia ehie/sub_031/Guibourtia ehie_GHQN943_3_(113).png,train/Guibourtia ehie/Guibourtia ehie_GHQN943_3_(113).png
Sindora cochinchinensis/sub_075/gụ45.png,train/Sindora cochinchinensis/gụ45__9c44732a.png
Sindora tonkinensis/sub_004/3381. Sindora tonkinensis.1 (30).png,train/Sindora tonkinensis/3381. Sindora tonkinensis.1 (30).png
Dalbergia rimosa/sub_012/3414. Dalbergia rimosa.2 (59).png,train/Dalbergia rimosa/3414. Dalbergia rimosa.2 (59).png
Pterocarpus macrocarpus/sub_013/131_3.png,train/Pterocarpus macrocarpus/131_3.png
Dalbergia tonkinensis/sub_023/3353. Dalbergia tonkinensis.1.(18).png,train/Dalbergia tonkinensis/3353. Dalbergia tonkinensis.1.(18).png
Pterocarpus macrocarpus/sub_061/155_1.png,train/Pterocarpus macrocarpus/155_1.png
Pterocarpus macrocarpus/sub_006/134_2.png,train/Pterocarpus macrocarpus/134_2.png
Dalbergia tonkinensis/sub_022/3353. Dalbergia tonkinensis.9.(284).png,train/Dalbergia tonkinensis/3353. Dalbergia tonkinensis.9.(284).png
Guibourtia coleosperma/sub_068/Guibourtia coleosperma_3253.4 (8).png,train/Guibourtia coleosperma/Guibourtia coleosperma_3253.4 (8).png
Guibourtia arnoldiana/sub_015/3411. Guibourtia arnoldiana.2 (42).png,train/Guibourtia arnoldiana/3411. Guibourtia arnoldiana.2 (42).png
Afzelia quanzensis/sub_038/12_2.png,train/Afzelia quanzensis/12_2.png
Guibourtia ehie/sub_059/Guibourtia ehie_TLYO895_9_(356).png,train/Guibourtia ehie/Guibourtia ehie_TLYO895_9_(356).png
Peltogyne pubescens/sub_032/3377. Peltogyne pubescens.4 (133).png,train/Peltogyne pubescens/3377. Peltogyne pubescens.4 (133).png
Afzelia pachyloba/sub_009/4.3_3.png,train/Afzelia pachyloba/4.3_3.png
Afzelia pachyloba/sub_027/7.4.png,train/Afzelia pachyloba/7.4.png
Guibourtia ehie/sub_041/Guibourtia ehie_SXGM640_8_(313).png,train/Guibourtia ehie/Guibourtia ehie_SXGM640_8_(313).png
Pterocarpus sp/sub_001/18_4.png,train/Pterocarpus sp/18_4.png
Afzelia bella/sub_034/Afzelia bella_HYBT691_(121).png,train/Afzelia bella/Afzelia bella_HYBT691_(121).png
Sindora tonkinensis/sub_055/3381. Sindora tonkinensis.4 (119).png,train/Sindora tonkinensis/3381. Sindora tonkinensis.4 (119).png
Sindora tonkinensis/sub_058/3381. Sindora tonkinensis.6 (184).png,train/Sindora tonkinensis/3381. Sindora tonkinensis.6 (184).png
Pterocarpus erinaceus/sub_038/3403. Pterocarpus erinaceus.8 (239).png,train/Pterocarpus erinaceus/3403. Pterocarpus erinaceus.8 (239).png
Sindora tonkinensis/sub_009/3381. Sindora tonkinensis.8 (229).png,train/Sindora tonkinensis/3381. Sindora tonkinensis.8 (229).png
Guibourtia coleosperma/sub_065/Guibourtia coleosperma_3253.6 (36).png,train/Guibourtia coleosperma/Guibourtia coleosperma_3253.6 (36).png
Guibourtia arnoldiana/sub_045/3411. Guibourtia arnoldiana.3 (93).png,train/Guibourtia arnoldiana/3411. Guibourtia arnoldiana.3 (93).png
Dalbergia cochinchinensis/sub_055/Dalbergia cochinchinensis.3280.9 (9).png,train/Dalbergia cochinchinensis/Dalbergia cochinchinensis.3280.9 (9).png
Dalbergia oliveri/sub_008/Dalbergia oliveri_3237.3_ (1).png,train/Dalbergia oliveri/Dalbergia oliveri_3237.3_ (1).png
Pterocarpus macrocarpus/sub_034/130_4.png,train/Pterocarpus macrocarpus/130_4.png
Afzelia quanzensis/sub_074/124_3.png,train/Afzelia quanzensis/124_3.png
Guibourtia coleosperma/sub_063/Guibourtia coleosperma_3253.11 (18).png,train/Guibourtia coleosperma/Guibourtia coleosperma_3253.11 (18).png
Guibourtia ehie/sub_026/Guibourtia ehie_UORX694_10_(398).png,train/Guibourtia ehie/Guibourtia ehie_UORX694_10_(398).png
Pterocarpus soyauxii/sub_056/154_3.png,train/Pterocarpus soyauxii/154_3.png
Sindora cochinchinensis/sub_093/gụ40_1.png,train/Sindora cochinchinensis/gụ40_1.png
Dalbergia melanoxylon/sub_018/3352. Dalbergia melanoxylon.6.(175).png,train/Dalbergia melanoxylon/3352. Dalbergia melanoxylon.6.(175).png
Afzelia pachyloba/sub_036/5.4_1.png,train/Afzelia pachyloba/5.4_1.png
Guibourtia ehie/sub_006/Guibourtia ehie_TLYO895_9_(334).png,train/Guibourtia ehie/Guibourtia ehie_TLYO895_9_(334).png
Guibourtia ehie/sub_031/Guibourtia ehie_FEHC134_2_(43).png,train/Guibourtia ehie/Guibourtia ehie_FEHC134_2_(43).png
Dalbergia rimosa/sub_032/3414. Dalbergia rimosa.10 (291).png,train/Dalbergia rimosa/3414. Dalbergia rimosa.10 (291).png
Pterocarpus soyauxii/sub_006/123_1.png,train/Pterocarpus soyauxii/123_1.png
Guibourtia coleosperma/sub_035/Guibourtia coleosperma_3253.9 (27).png,train/Guibourtia coleosperma/Guibourtia coleosperma_3253.9 (27).png
Guibourtia arnoldiana/sub_011/3411. Guibourtia arnoldiana.10 (302).png,train/Guibourtia arnoldiana/3411. Guibourtia arnoldiana.10 (302).png
Afzelia quanzensis/sub_030/110_2.png,train/Afzelia quanzensis/110_2.png
Sindora tonkinensis/sub_001/3381. Sindora tonkinensis.9 (264).png,train/Sindora tonkinensis/3381. Sindora tonkinensis.9 (264).png
Pterocarpus sp/sub_024/13_2.png,train/Pterocarpus sp/13_2__31c74a37.png
Afzelia bella/sub_047/Afzelia bella_QUAV174_(306).png,train/Afzelia bella/Afzelia bella_QUAV174_(306).png
Afzelia africana/sub_007/doussie1_1_1.png,train/Afzelia africana/doussie1_1_1.png
Pterocarpus soyauxii/sub_017/154.png,train/Pterocarpus soyauxii/154.png
Guibourtia ehie/sub_037/Guibourtia ehie_FEHC134_2_(80).png,train/Guibourtia ehie/Guibourtia ehie_FEHC134_2_(80).png
Dalbergia cochinchinensis/sub_015/Dalbergia cochinchinensis.3280.9 (8).png,train/Dalbergia cochinchinensis/Dalbergia cochinchinensis.3280.9 (8).png
Dalbergia oliveri/sub_036/Dalbergia oliveri_3237.2_ (18).png,train/Dalbergia oliveri/Dalbergia oliveri_3237.2_ (18).png
Dalbergia oliveri/sub_048/Dalbergia oliveri_3237.8_ (27).png,train/Dalbergia oliveri/Dalbergia oliveri_3237.8_ (27).png
Guibourtia coleosperma/sub_010/Guibourtia coleosperma_3253.2 (8).png,train/Guibourtia coleosperma/Guibourtia coleosperma_3253.2 (8).png
Dalbergia rimosa/sub_021/3414. Dalbergia rimosa.2 (40).png,train/Dalbergia rimosa/3414. Dalbergia rimosa.2 (40).png
Dalbergia rimosa/sub_003/3414. Dalbergia rimosa.3 (81).png,train/Dalbergia rimosa/3414. Dalbergia rimosa.3 (81).png
Dalbergia tonkinensis/sub_022/3353. Dalbergia tonkinensis.2.(61).png,train/Dalbergia tonkinensis/3353. Dalbergia tonkinensis.2.(61).png
Sindora tonkinensis/sub_042/3381. Sindora tonkinensis.8 (241).png,train/Sindora tonkinensis/3381. Sindora tonkinensis.8 (241).png
Afzelia bella/sub_018/Afzelia bella_FFCA657_9_32123.png,train/Afzelia bella/Afzelia bella_FFCA657_9_32123.png
Guibourtia coleosperma/sub_066/Guibourtia coleosperma_3253.2 (30).png,train/Guibourtia coleosperma/Guibourtia coleosperma_3253.2 (30).png
Dalbergia cochinchinensis/sub_006/Dalbergia cochinchinensis.3280.10 (2).png,train/Dalbergia cochinchinensis/Dalbergia cochinchinensis.3280.10 (2).png
Sindora tonkinensis/sub_017/3381. Sindora tonkinensis.9 (272).png,train/Sindora tonkinensis/3381. Sindora tonkinensis.9 (272).png
Peltogyne pubescens/sub_013/3377. Peltogyne pubescens.1 (13).png,train/Peltogyne pubescens/3377. Peltogyne pubescens.1 (13).png
Dalbergia oliveri/sub_001/Dalbergia oliveri_3237.1_ (10).png,train/Dalbergia oliveri/Dalbergia oliveri_3237.1_ (10).png
Guibourtia ehie/sub_046/Guibourtia ehie_PVFM153_6_(224).png,train/Guibourtia ehie/Guibourtia ehie_PVFM153_6_(224).png
Sindora cochinchinensis/sub_004/gụ10.png,train/Sindora cochinchinensis/gụ10.png
Guibourtia arnoldiana/sub_046/3411. Guibourtia arnoldiana.9 (276).png,train/Guibourtia arnoldiana/3411. Guibourtia arnoldiana.9 (276).png
Dalbergia cochinchinensis/sub_036/Dalbergia cochinchinensis.3280.6 (15).png,train/Dalbergia cochinchinensis/Dalbergia cochinchinensis.3280.6 (15).png
Afzelia pachyloba/sub_002/2.1_3.png,train/Afzelia pachyloba/2.1_3.png
Pterocarpus indicus/sub_003/3395. Pterocarpus indicus.1 (19).png,train/Pterocarpus indicus/3395. Pterocarpus indicus.1 (19).png
Dalbergia melanoxylon/sub_049/3352. Dalbergia melanoxylon.7.(199).png,train/Dalbergia melanoxylon/3352. Dalbergia melanoxylon.7.(199).png
Guibourtia arnoldiana/sub_004/3411. Guibourtia arnoldiana.6 (177).png,train/Guibourtia arnoldiana/3411. Guibourtia arnoldiana.6 (177).png
Pterocarpus sp/sub_053/124_2.png,train/Pterocarpus sp/124_2.png
Pterocarpus sp/sub_051/135_1.png,train/Pterocarpus sp/135_1__06eb1b45.png
Guibourtia ehie/sub_004/Guibourtia ehie_KREW954_4_(147).png,train/Guibourtia ehie/Guibourtia ehie_KREW954_4_(147).png
Afzelia quanzensis/sub_012/142.png,train/Afzelia quanzensis/142.png
Guibourtia ehie/sub_002/Guibourtia ehie_TLYO895_9_(360).png,train/Guibourtia ehie/Guibourtia ehie_TLYO895_9_(360).png
Guibourtia arnoldiana/sub_004/3411. Guibourtia arnoldiana.2 (56).png,train/Guibourtia arnoldiana/3411. Guibourtia arnoldiana.2 (56).png
Guibourtia ehie/sub_074/Guibourtia ehie_FEHC134_2_(45).png,train/Guibourtia ehie/Guibourtia ehie_FEHC134_2_(45).png
Guibourtia ehie/sub_044/Guibourtia ehie_GHQN943_3_(108).png,train/Guibourtia ehie/Guibourtia ehie_GHQN943_3_(108).png
Pterocarpus indicus/sub_021/3395. Pterocarpus indicus.8 (249).png,train/Pterocarpus indicus/3395. Pterocarpus indicus.8 (249).png
Pterocarpus soyauxii/sub_017/129.png,train/Pterocarpus soyauxii/129.png
Sindora tonkinensis/sub_043/3381. Sindora tonkinensis.3 (88).png,train/Sindora tonkinensis/3381. Sindora tonkinensis.3 (88).png
Peltogyne pubescens/sub_006/3377. Peltogyne pubescens.2 (41).png,train/Peltogyne pubescens/3377. Peltogyne pubescens.2 (41).png
Dalbergia tonkinensis/sub_030/3353. Dalbergia tonkinensis.6.(189).png,train/Dalbergia tonkinensis/3353. Dalbergia tonkinensis.6.(189).png
Afzelia bella/sub_040/Afzelia bella_HYBT691_(125).png,train/Afzelia bella/Afzelia bella_HYBT691_(125).png
Guibourtia ehie/sub_037/Guibourtia ehie_CHYX256_1_(33).png,train/Guibourtia ehie/Guibourtia ehie_CHYX256_1_(33).png
Pterocarpus erinaceus/sub_052/3403. Pterocarpus erinaceus.2 (47).png,train/Pterocarpus erinaceus/3403. Pterocarpus erinaceus.2 (47).png
Pterocarpus soyauxii/sub_016/118_2.png,train/Pterocarpus soyauxii/118_2.png
Dalbergia cochinchinensis/sub_027/Dalbergia cochinchinensis.3280.6 (34).png,train/Dalbergia cochinchinensis/Dalbergia cochinchinensis.3280.6 (34).png
Afzelia quanzensis/sub_002/118_1.png,train/Afzelia quanzensis/118_1.png
Afzelia africana/sub_001/doussie1.png,train/Afzelia africana/doussie1__6abd0147.png
Sindora cochinchinensis/sub_012/gụ17.png,train/Sindora cochinchinensis/gụ17__0f9e7235.png
Guibourtia arnoldiana/sub_042/3411. Guibourtia arnoldiana.9 (291).png,train/Guibourtia arnoldiana/3411. Guibourtia arnoldiana.9 (291).png
Peltogyne pubescens/sub_034/3377. Peltogyne pubescens.4 (119).png,train/Peltogyne pubescens/3377. Peltogyne pubescens.4 (119).png
Pterocarpus soyauxii/sub_009/1113.png,train/Pterocarpus soyauxii/1113.png
Pterocarpus soyauxii/sub_031/135_3.png,train/Pterocarpus soyauxii/135_3.png
Guibourtia ehie/sub_001/Guibourtia ehie_CHYX256_1_(9).png,train/Guibourtia ehie/Guibourtia ehie_CHYX256_1_(9).png
Dalbergia tonkinensis/sub_034/3353. Dalbergia tonkinensis.6.(188).png,train/Dalbergia tonkinensis/3353. Dalbergia tonkinensis.6.(188).png
Dalbergia melanoxylon/sub_010/3352. Dalbergia melanoxylon.8.(220).png,train/Dalbergia melanoxylon/3352. Dalbergia melanoxylon.8.(220).png
Guibourtia arnoldiana/sub_051/3411. Guibourtia arnoldiana.8 (256).png,train/Guibourtia arnoldiana/3411. Guibourtia arnoldiana.8 (256).png
Guibourtia ehie/sub_001/Guibourtia ehie_GHQN943_3_(115).png,train/Guibourtia ehie/Guibourtia ehie_GHQN943_3_(115).png
Pterocarpus macrocarpus/sub_021/123_1_1.png,train/Pterocarpus macrocarpus/123_1_1.png
Afzelia bella/sub_049/Afzelia bella_LYSV052_(180).png,train/Afzelia bella/Afzelia bella_LYSV052_(180).png
Peltogyne pubescens/sub_053/3377. Peltogyne pubescens.10 (338).png,train/Peltogyne pubescens/3377. Peltogyne pubescens.10 (338).png
Pterocarpus indicus/sub_016/3395. Pterocarpus indicus.6 (171).png,train/Pterocarpus indicus/3395. Pterocarpus indicus.6 (171).png
Dalbergia melanoxylon/sub_001/3352. Dalbergia melanoxylon.1.(2).png,train/Dalbergia melanoxylon/3352. Dalbergia melanoxylon.1.(2).png
Dalbergia tonkinensis/sub_001/3353. Dalbergia tonkinensis.9.(281).png,train/Dalbergia tonkinensis/3353. Dalbergia tonkinensis.9.(281).png
Pterocarpus soyauxii/sub_074/14_1.png,train/Pterocarpus soyauxii/14_1__e8205a5f.png
Afzelia africana/sub_031/doussie20.png,train/Afzelia africana/doussie20.png
Sindora tonkinensis/sub_012/3381. Sindora tonkinensis.9 (262).png,train/Sindora tonkinensis/3381. Sindora tonkinensis.9 (262).png
Sindora cochinchinensis/sub_005/gụ83.png,train/Sindora cochinchinensis/gụ83.png
Pterocarpus indicus/sub_002/3395. Pterocarpus indicus.9 (274).png,train/Pterocarpus indicus/3395. Pterocarpus indicus.9 (274).png
Pterocarpus indicus/sub_001/3395. Pterocarpus indicus.8 (248).png,train/Pterocarpus indicus/3395. Pterocarpus indicus.8 (248).png
Pterocarpus macrocarpus/sub_022/125_3.png,train/Pterocarpus macrocarpus/125_3.png
Pterocarpus macrocarpus/sub_027/117_3.png,train/Pterocarpus macrocarpus/117_3.png
Pterocarpus soyauxii/sub_024/115.png,train/Pterocarpus soyauxii/115.png
Dalbergia tonkinensis/sub_001/3353. Dalbergia tonkinensis.10.(295).png,train/Dalbergia tonkinensis/3353. Dalbergia tonkinensis.10.(295).png
Pterocarpus erinaceus/sub_010/3403. Pterocarpus erinaceus.3 (83).png,train/Pterocarpus erinaceus/3403. Pterocarpus erinaceus.3 (83).png
Dalbergia oliveri/sub_003/Dalbergia oliveri_3237.9_ (18).png,train/Dalbergia oliveri/Dalbergia oliveri_3237.9_ (18).png
Pterocarpus soyauxii/sub_048/14_2.png,train/Pterocarpus soyauxii/14_2.png
Peltogyne pubescens/sub_022/3377. Peltogyne pubescens.2 (77).png,train/Peltogyne pubescens/3377. Peltogyne pubescens.2 (77).png
Pterocarpus macrocarpus/sub_015/122_3.png,train/Pterocarpus macrocarpus/122_3__f8a11b63.png
Pterocarpus sp/sub_045/120_4.png,train/Pterocarpus sp/120_4.png
Sindora cochinchinensis/sub_092/gụ61_1.png,train/Sindora cochinchinensis/gụ61_1__235d117f.png
Peltogyne pubescens/sub_025/3377. Peltogyne pubescens.5 (171).png,train/Peltogyne pubescens/3377. Peltogyne pubescens.5 (171).png
Dalbergia oliveri/sub_008/Dalbergia oliveri_3237.2_ (27).png,train/Dalbergia oliveri/Dalbergia oliveri_3237.2_ (27).png
Afzelia quanzensis/sub_019/149_1.png,train/Afzelia quanzensis/149_1.png
Afzelia africana/sub_049/doussie44.png,train/Afzelia africana/doussie44.png
Afzelia quanzensis/sub_057/117_3.png,train/Afzelia quanzensis/117_3__e826ae0b.png
Pterocarpus erinaceus/sub_051/3403. Pterocarpus erinaceus.5 (164).png,train/Pterocarpus erinaceus/3403. Pterocarpus erinaceus.5 (164).png
Pterocarpus sp/sub_012/138_2.png,train/Pterocarpus sp/138_2.png
Afzelia bella/sub_013/Afzelia bella_AMRX692_(77).png,train/Afzelia bella/Afzelia bella_AMRX692_(77).png
Dalbergia oliveri/sub_021/Dalbergia oliveri_3237.1_ (23).png,train/Dalbergia oliveri/Dalbergia oliveri_3237.1_ (23).png
Guibourtia ehie/sub_068/Guibourtia ehie_SXGM640_8_(315).png,train/Guibourtia ehie/Guibourtia ehie_SXGM640_8_(315).png
Pterocarpus macrocarpus/sub_025/118_3.png,train/Pterocarpus macrocarpus/118_3.png
Pterocarpus macrocarpus/sub_036/136_4.png,train/Pterocarpus macrocarpus/136_4.png
Dalbergia oliveri/sub_030/Dalbergia oliveri_3237.9_ (26).png,train/Dalbergia oliveri/Dalbergia oliveri_3237.9_ (26).png
Afzelia bella/sub_032/Afzelia bella_QUAV174_(300).png,train/Afzelia bella/Afzelia bella_QUAV174_(300).png
Guibourtia ehie/sub_045/Guibourtia ehie_KREW954_4_(129).png,train/Guibourtia ehie/Guibourtia ehie_KREW954_4_(129).png
Dalbergia tonkinensis/sub_002/3353. Dalbergia tonkinensis.8.(251).png,train/Dalbergia tonkinensis/3353. Dalbergia tonkinensis.8.(251).png
Dalbergia tonkinensis/sub_023/3353. Dalbergia tonkinensis.1.(27).png,train/Dalbergia tonkinensis/3353. Dalbergia tonkinensis.1.(27).png
Pterocarpus soyauxii/sub_012/154.png,train/Pterocarpus soyauxii/154__e3c6559e.png
Dalbergia cochinchinensis/sub_004/Dalbergia cochinchinensis.3280.5 (24).png,train/Dalbergia cochinchinensis/Dalbergia cochinchinensis.3280.5 (24).png
Dalbergia tonkinensis/sub_005/3353. Dalbergia tonkinensis.2.(49).png,train/Dalbergia tonkinensis/3353. Dalbergia tonkinensis.2.(49).png
Guibourtia ehie/sub_037/Guibourtia ehie_TLYO895_9_(355).png,train/Guibourtia ehie/Guibourtia ehie_TLYO895_9_(355).png
Guibourtia arnoldiana/sub_021/3411. Guibourtia arnoldiana.4 (103).png,train/Guibourtia arnoldiana/3411. Guibourtia arnoldiana.4 (103).png
Afzelia bella/sub_060/Afzelia bella_OGHV743_(219).png,train/Afzelia bella/Afzelia bella_OGHV743_(219).png
Pterocarpus sp/sub_023/113.png,train/Pterocarpus sp/113.png
Dalbergia rimosa/sub_009/3414. Dalbergia rimosa.3 (72).png,train/Dalbergia rimosa/3414. Dalbergia rimosa.3 (72).png
Peltogyne pubescens/sub_048/3377. Peltogyne pubescens.3 (99).png,train/Peltogyne pubescens/3377. Peltogyne pubescens.3 (99).png
Sindora cochinchinensis/sub_088/gụ53_1.png,train/Sindora cochinchinensis/gụ53_1.png
Afzelia pachyloba/sub_033/5.4.png,train/Afzelia pachyloba/5.4__4fa46821.png
Sindora tonkinensis/sub_004/3381. Sindora tonkinensis.2 (40).png,train/Sindora tonkinensis/3381. Sindora tonkinensis.2 (40).png
Pterocarpus macrocarpus/sub_046/113.png,train/Pterocarpus macrocarpus/113.png
Pterocarpus indicus/sub_026/3395. Pterocarpus indicus.4 (106).png,train/Pterocarpus indicus/3395. Pterocarpus indicus.4 (106).png
Sindora cochinchinensis/sub_001/gụ86_1.png,train/Sindora cochinchinensis/gụ86_1.png
Peltogyne pubescens/sub_045/3377. Peltogyne pubescens.1 (37).png,train/Peltogyne pubescens/3377. Peltogyne pubescens.1 (37).png
Pterocarpus soyauxii/sub_035/1115.png,train/Pterocarpus soyauxii/1115.png
Dalbergia tonkinensis/sub_035/3353. Dalbergia tonkinensis.8.(245).png,train/Dalbergia tonkinensis/3353. Dalbergia tonkinensis.8.(245).png
Sindora cochinchinensis/sub_002/gụ33_1_1.png,train/Sindora cochinchinensis/gụ33_1_1.png
Guibourtia ehie/sub_026/Guibourtia ehie_FEHC134_2_(56).png,train/Guibourtia ehie/Guibourtia ehie_FEHC134_2_(56).png
Pterocarpus macrocarpus/sub_073/114_1.png,train/Pterocarpus macrocarpus/114_1.png
Pterocarpus sp/sub_068/146.png,train/Pterocarpus sp/146.png
Pterocarpus soyauxii/sub_006/15_2.png,train/Pterocarpus soyauxii/15_2.png
Sindora cochinchinensis/sub_079/gụ40.png,train/Sindora cochinchinensis/gụ40.png
Pterocarpus macrocarpus/sub_006/14_5.png,train/Pterocarpus macrocarpus/14_5.png
Dalbergia oliveri/sub_052/Dalbergia oliveri_3237.10_ (30).png,train/Dalbergia oliveri/Dalbergia oliveri_3237.10_ (30).png
Pterocarpus macrocarpus/sub_030/121_2.png,train/Pterocarpus macrocarpus/121_2.png
Pterocarpus sp/sub_050/110.png,train/Pterocarpus sp/110__0122bbe1.png
Pterocarpus sp/sub_028/10_3.png,train/Pterocarpus sp/10_3.png
Afzelia bella/sub_038/Afzelia bella_QUAV174_(316).png,train/Afzelia bella/Afzelia bella_QUAV174_(316).png
Pterocarpus macrocarpus/sub_087/127_1.png,train/Pterocarpus macrocarpus/127_1.png
Sindora cochinchinensis/sub_014/gụ49.png,train/Sindora cochinchinensis/gụ49.png
Guibourtia ehie/sub_016/Guibourtia ehie_CHYX256_1_(16).png,train/Guibourtia ehie/Guibourtia ehie_CHYX256_1_(16).png
Sindora cochinchinensis/sub_042/gụ20_1.png,train/Sindora cochinchinensis/gụ20_1.png
Dalbergia oliveri/sub_040/Dalbergia oliveri_3237.10_ (7).png,train/Dalbergia oliveri/Dalbergia oliveri_3237.10_ (7).png
Afzelia quanzensis/sub_001/123_3.png,train/Afzelia quanzensis/123_3.png
Guibourtia arnoldiana/sub_005/3411. Guibourtia arnoldiana.1 (12).png,train/Guibourtia arnoldiana/3411. Guibourtia arnoldiana.1 (12).png
Afzelia quanzensis/sub_061/17.png,train/Afzelia quanzensis/17.png
Guibourtia ehie/sub_037/Guibourtia ehie_PVFM153_6_(235).png,train/Guibourtia ehie/Guibourtia ehie_PVFM153_6_(235).png
Sindora cochinchinensis/sub_026/gụ72.png,train/Sindora cochinchinensis/gụ72.png
Pterocarpus macrocarpus/sub_083/19_1.png,train/Pterocarpus macrocarpus/19_1.png
Pterocarpus erinaceus/sub_017/3403. Pterocarpus erinaceus.8 (264).png,train/Pterocarpus erinaceus/3403. Pterocarpus erinaceus.8 (264).png
Pterocarpus erinaceus/sub_025/3403. Pterocarpus erinaceus.4 (109).png,train/Pterocarpus erinaceus/3403. Pterocarpus erinaceus.4 (109).png
Pterocarpus macrocarpus/sub_043/15_5.png,train/Pterocarpus macrocarpus/15_5.png
Guibourtia ehie/sub_055/Guibourtia ehie_FEHC134_2_(54).png,train/Guibourtia ehie/Guibourtia ehie_FEHC134_2_(54).png
Dalbergia rimosa/sub_034/3414. Dalbergia rimosa.1(18).png,train/Dalbergia rimosa/3414. Dalbergia rimosa.1(18).png
Peltogyne pubescens/sub_010/3377. Peltogyne pubescens.3 (105).png,train/Peltogyne pubescens/3377. Peltogyne pubescens.3 (105).png
Afzelia africana/sub_020/doussie8_2.png,train/Afzelia africana/doussie8_2.png
Dalbergia tonkinensis/sub_009/3353. Dalbergia tonkinensis.2.(57).png,train/Dalbergia tonkinensis/3353. Dalbergia tonkinensis.2.(57).png
Dalbergia rimosa/sub_004/3414. Dalbergia rimosa.2 (52).png,train/Dalbergia rimosa/3414. Dalbergia rimosa.2 (52).png
Guibourtia ehie/sub_043/Guibourtia ehie_CHYX256_1_(10).png,train/Guibourtia ehie/Guibourtia ehie_CHYX256_1_(10).png
Dalbergia melanoxylon/sub_047/3352. Dalbergia melanoxylon.3.(71).png,train/Dalbergia melanoxylon/3352. Dalbergia melanoxylon.3.(71).png
Peltogyne pubescens/sub_027/3377. Peltogyne pubescens.5 (169).png,train/Peltogyne pubescens/3377. Peltogyne pubescens.5 (169).png
Dalbergia melanoxylon/sub_041/3352. Dalbergia melanoxylon.2 (57).png,train/Dalbergia melanoxylon/3352. Dalbergia melanoxylon.2 (57).png
Pterocarpus macrocarpus/sub_017/161_1.png,train/Pterocarpus macrocarpus/161_1.png
Afzelia africana/sub_019/doussie8_3.png,train/Afzelia africana/doussie8_3.png
Pterocarpus indicus/sub_026/3395. Pterocarpus indicus.10 (298).png,train/Pterocarpus indicus/3395. Pterocarpus indicus.10 (298).png
Pterocarpus sp/sub_033/123.png,train/Pterocarpus sp/123__5e4c8064.png
Sindora tonkinensis/sub_075/3381. Sindora tonkinensis.8 (228).png,train/Sindora tonkinensis/3381. Sindora tonkinensis.8 (228).png
Dalbergia tonkinensis/sub_059/3353. Dalbergia tonkinensis.1.(2).png,train/Dalbergia tonkinensis/3353. Dalbergia tonkinensis.1.(2).png
Guibourtia coleosperma/sub_028/Guibourtia coleosperma_3253.3 (7).png,train/Guibourtia coleosperma/Guibourtia coleosperma_3253.3 (7).png
Pterocarpus indicus/sub_030/3395. Pterocarpus indicus.4 (116).png,train/Pterocarpus indicus/3395. Pterocarpus indicus.4 (116).png
Guibourtia ehie/sub_019/Guibourtia ehie_GHQN943_3_(91).png,train/Guibourtia ehie/Guibourtia ehie_GHQN943_3_(91).png
Guibourtia ehie/sub_038/Guibourtia ehie_PRQC042_5_(199).png,train/Guibourtia ehie/Guibourtia ehie_PRQC042_5_(199).png
Pterocarpus soyauxii/sub_034/130.png,train/Pterocarpus soyauxii/130__56608a96.png
Pterocarpus sp/sub_019/18_3.png,train/Pterocarpus sp/18_3.png
Pterocarpus macrocarpus/sub_013/147_1.png,train/Pterocarpus macrocarpus/147_1.png
Afzelia quanzensis/sub_020/12.png,train/Afzelia quanzensis/12.png
Pterocarpus sp/sub_012/145_2.png,train/Pterocarpus sp/145_2.png
Dalbergia melanoxylon/sub_019/3352. Dalbergia melanoxylon.6.(170).png,train/Dalbergia melanoxylon/3352. Dalbergia melanoxylon.6.(170).png
Sindora tonkinensis/sub_004/3381. Sindora tonkinensis.1 (22).png,train/Sindora tonkinensis/3381. Sindora tonkinensis.1 (22).png
Dalbergia oliveri/sub_039/Dalbergia oliveri_3237.3_ (19).png,train/Dalbergia oliveri/Dalbergia oliveri_3237.3_ (19).png
Afzelia africana/sub_014/doussie5_1.png,train/Afzelia africana/doussie5_1.png
Guibourtia arnoldiana/sub_002/3411. Guibourtia arnoldiana.5 (128).png,train/Guibourtia arnoldiana/3411. Guibourtia arnoldiana.5 (128).png
Pterocarpus erinaceus/sub_028/3403. Pterocarpus erinaceus.4 (105).png,train/Pterocarpus erinaceus/3403. Pterocarpus erinaceus.4 (105).png
Dalbergia tonkinensis/sub_013/3353. Dalbergia tonkinensis.8.(257).png,train/Dalbergia tonkinensis/3353. Dalbergia tonkinensis.8.(257).png
Afzelia quanzensis/sub_040/146_2.png,train/Afzelia quanzensis/146_2.png
Pterocarpus sp/sub_007/135.png,train/Pterocarpus sp/135.png
Dalbergia cochinchinensis/sub_018/Dalbergia cochinchinensis.3280.9 (30).png,train/Dalbergia cochinchinensis/Dalbergia cochinchinensis.3280.9 (30).png
Dalbergia melanoxylon/sub_003/3352. Dalbergia melanoxylon.8.(232).png,train/Dalbergia melanoxylon/3352. Dalbergia melanoxylon.8.(232).png
Pterocarpus sp/sub_074/12_1_1.png,train/Pterocarpus sp/12_1_1.png
Pterocarpus soyauxii/sub_047/1109.png,train/Pterocarpus soyauxii/1109.png
Dalbergia melanoxylon/sub_012/3352. Dalbergia melanoxylon.9.(249).png,train/Dalbergia melanoxylon/3352. Dalbergia melanoxylon.9.(249).png
Dalbergia melanoxylon/sub_046/3352. Dalbergia melanoxylon.2 (55).png,train/Dalbergia melanoxylon/3352. Dalbergia melanoxylon.2 (55).png
Peltogyne pubescens/sub_057/3377. Peltogyne pubescens.3 (112).png,train/Peltogyne pubescens/3377. Peltogyne pubescens.3 (112).png
Pterocarpus sp/sub_066/132_1.png,train/Pterocarpus sp/132_1__83c7ac7b.png
Sindora tonkinensis/sub_032/3381. Sindora tonkinensis.7 (202).png,train/Sindora tonkinensis/3381. Sindora tonkinensis.7 (202).png
Dalbergia cochinchinensis/sub_003/Dalbergia cochinchinensis.3280.3 (21).png,train/Dalbergia cochinchinensis/Dalbergia cochinchinensis.3280.3 (21).png
Pterocarpus indicus/sub_004/3395. Pterocarpus indicus.6 (172).png,train/Pterocarpus indicus/3395. Pterocarpus indicus.6 (172).png
Dalbergia rimosa/sub_021/3414. Dalbergia rimosa.5 (140).png,train/Dalbergia rimosa/3414. Dalbergia rimosa.5 (140).png
Sindora tonkinensis/sub_004/3381. Sindora tonkinensis.5 (131).png,train/Sindora tonkinensis/3381. Sindora tonkinensis.5 (131).png
Dalbergia tonkinensis/sub_041/3353. Dalbergia tonkinensis.10.(320).png,train/Dalbergia tonkinensis/3353. Dalbergia tonkinensis.10.(320).png
Pterocarpus erinaceus/sub_040/3403. Pterocarpus erinaceus.3 (74).png,train/Pterocarpus erinaceus/3403. Pterocarpus erinaceus.3 (74).png
Sindora tonkinensis/sub_067/3381. Sindora tonkinensis.3 (82).png,train/Sindora tonkinensis/3381. Sindora tonkinensis.3 (82).png
Pterocarpus sp/sub_021/13_1_1.png,train/Pterocarpus sp/13_1_1.png
Afzelia bella/sub_031/Afzelia bella_AMRX692_(79).png,train/Afzelia bella/Afzelia bella_AMRX692_(79).png
Sindora tonkinensis/sub_003/3381. Sindora tonkinensis.2 (57).png,train/Sindora tonkinensis/3381. Sindora tonkinensis.2 (57).png
Dalbergia melanoxylon/sub_032/3352. Dalbergia melanoxylon.5.(137).png,train/Dalbergia melanoxylon/3352. Dalbergia melanoxylon.5.(137).png
Pterocarpus soyauxii/sub_032/157_1.png,train/Pterocarpus soyauxii/157_1.png
Peltogyne pubescens/sub_008/3377. Peltogyne pubescens.10 (336).png,train/Peltogyne pubescens/3377. Peltogyne pubescens.10 (336).png
Afzelia quanzensis/sub_001/147.png,train/Afzelia quanzensis/147.png
Dalbergia rimosa/sub_019/3414. Dalbergia rimosa.3 (61).png,train/Dalbergia rimosa/3414. Dalbergia rimosa.3 (61).png
Pterocarpus indicus/sub_003/3395. Pterocarpus indicus.9 (282).png,train/Pterocarpus indicus/3395. Pterocarpus indicus.9 (282).png
Sindora tonkinensis/sub_044/3381. Sindora tonkinensis.9 (286).png,train/Sindora tonkinensis/3381. Sindora tonkinensis.9 (286).png
Pterocarpus erinaceus/sub_042/3403. Pterocarpus erinaceus.1(33).png,train/Pterocarpus erinaceus/3403. Pterocarpus erinaceus.1(33).png
Afzelia quanzensis/sub_061/121.png,train/Afzelia quanzensis/121__9f6877f6.png
Afzelia quanzensis/sub_009/134_3.png,train/Afzelia quanzensis/134_3.png
Dalbergia oliveri/sub_034/Dalbergia oliveri_3237.4_ (29).png,train/Dalbergia oliveri/Dalbergia oliveri_3237.4_ (29).png
Afzelia pachyloba/sub_014/1.4_2.png,train/Afzelia pachyloba/1.4_2.png
Dalbergia rimosa/sub_022/3414. Dalbergia rimosa.8 (218).png,train/Dalbergia rimosa/3414. Dalbergia rimosa.8 (218).png
Sindora cochinchinensis/sub_021/gụ74_1.png,train/Sindora cochinchinensis/gụ74_1.png
Peltogyne pubescens/sub_003/3377. Peltogyne pubescens.1 (23).png,train/Peltogyne pubescens/3377. Peltogyne pubescens.1 (23).png
Dalbergia oliveri/sub_046/Dalbergia oliveri_3237.8_ (28).png,train/Dalbergia oliveri/Dalbergia oliveri_3237.8_ (28).png
Pterocarpus soyauxii/sub_043/147.png,train/Pterocarpus soyauxii/147__7a1e8bc7.png
Pterocarpus macrocarpus/sub_023/158.png,train/Pterocarpus macrocarpus/158.png
Guibourtia ehie/sub_071/Guibourtia ehie_PVFM153_6_(222).png,train/Guibourtia ehie/Guibourtia ehie_PVFM153_6_(222).png
Afzelia africana/sub_035/doussie2.png,train/Afzelia africana/doussie2.png
Pterocarpus sp/sub_033/141_2.png,train/Pterocarpus sp/141_2.png
Peltogyne pubescens/sub_047/3377. Peltogyne pubescens.2 (38).png,train/Peltogyne pubescens/3377. Peltogyne pubescens.2 (38).png
Dalbergia cochinchinensis/sub_070/Dalbergia cochinchinensis.3280.9 (10).png,train/Dalbergia cochinchinensis/Dalbergia cochinchinensis.3280.9 (10).png
Dalbergia melanoxylon/sub_027/3352. Dalbergia melanoxylon.1.(17).png,train/Dalbergia melanoxylon/3352. Dalbergia melanoxylon.1.(17).png
Afzelia quanzensis/sub_036/10_3.png,train/Afzelia quanzensis/10_3.png
Pterocarpus erinaceus/sub_058/3403. Pterocarpus erinaceus.9 (290).png,train/Pterocarpus erinaceus/3403. Pterocarpus erinaceus.9 (290).png
Guibourtia ehie/sub_047/Guibourtia ehie_TLYO895_9_(343).png,train/Guibourtia ehie/Guibourtia ehie_TLYO895_9_(343).png
Dalbergia rimosa/sub_008/3414. Dalbergia rimosa.10 (280).png,train/Dalbergia rimosa/3414. Dalbergia rimosa.10 (280).png
Dalbergia rimosa/sub_047/3414. Dalbergia rimosa.10 (287).png,train/Dalbergia rimosa/3414. Dalbergia rimosa.10 (287).png
Guibourtia ehie/sub_004/Guibourtia ehie_KREW954_4_(128).png,train/Guibourtia ehie/Guibourtia ehie_KREW954_4_(128).png
Pterocarpus indicus/sub_040/3395. Pterocarpus indicus.3 (79).png,train/Pterocarpus indicus/3395. Pterocarpus indicus.3 (79).png
Pterocarpus sp/sub_080/121_2_1.png,train/Pterocarpus sp/121_2_1.png
Sindora tonkinensis/sub_017/3381. Sindora tonkinensis.10 (296).png,train/Sindora tonkinensis/3381. Sindora tonkinensis.10 (296).png
Pterocarpus erinaceus/sub_017/3403. Pterocarpus erinaceus.1(31).png,train/Pterocarpus erinaceus/3403. Pterocarpus erinaceus.1(31).png
Pterocarpus sp/sub_068/166_1.png,train/Pterocarpus sp/166_1.png
Sindora cochinchinensis/sub_031/gụ0_1_1.png,train/Sindora cochinchinensis/gụ0_1_1.png
Pterocarpus soyauxii/sub_090/133_1.png,train/Pterocarpus soyauxii/133_1.png
Guibourtia ehie/sub_074/Guibourtia ehie_CHYX256_1_(35).png,train/Guibourtia ehie/Guibourtia ehie_CHYX256_1_(35).png
Dalbergia oliveri/sub_038/Dalbergia oliveri_3237.4_ (24).png,train/Dalbergia oliveri/Dalbergia oliveri_3237.4_ (24).png
Pterocarpus macrocarpus/sub_003/114.png,train/Pterocarpus macrocarpus/114__cc12a1eb.png
Dalbergia oliveri/sub_007/Dalbergia oliveri_3237.1_ (27).png,train/Dalbergia oliveri/Dalbergia oliveri_3237.1_ (27).png
Dalbergia melanoxylon/sub_003/3352. Dalbergia melanoxylon.3.(61).png,train/Dalbergia melanoxylon/3352. Dalbergia melanoxylon.3.(61).png
Dalbergia oliveri/sub_029/Dalbergia oliveri_3237.2_ (25).png,train/Dalbergia oliveri/Dalbergia oliveri_3237.2_ (25).png
Pterocarpus macrocarpus/sub_005/120_3.png,train/Pterocarpus macrocarpus/120_3.png
Dalbergia tonkinensis/sub_053/3353. Dalbergia tonkinensis.5.(151).png,train/Dalbergia tonkinensis/3353. Dalbergia tonkinensis.5.(151).png
Dalbergia rimosa/sub_043/3414. Dalbergia rimosa.10 (276).png,train/Dalbergia rimosa/3414. Dalbergia rimosa.10 (276).png
Pterocarpus macrocarpus/sub_033/121_3.png,train/Pterocarpus macrocarpus/121_3.png
Afzelia africana/sub_026/doussie68.png,train/Afzelia africana/doussie68.png
Pterocarpus indicus/sub_003/3395. Pterocarpus indicus.8 (245).png,train/Pterocarpus indicus/3395. Pterocarpus indicus.8 (245).png
Guibourtia coleosperma/sub_017/Guibourtia coleosperma_3253.4 (24).png,train/Guibourtia coleosperma/Guibourtia coleosperma_3253.4 (24).png
Pterocarpus erinaceus/sub_013/3403. Pterocarpus erinaceus.7 (221).png,train/Pterocarpus erinaceus/3403. Pterocarpus erinaceus.7 (221).png
Guibourtia coleosperma/sub_008/Guibourtia coleosperma_3253.1 (15).png,train/Guibourtia coleosperma/Guibourtia coleosperma_3253.1 (15).png
Guibourtia coleosperma/sub_042/Guibourtia coleosperma_3253.11 (27).png,train/Guibourtia coleosperma/Guibourtia coleosperma_3253.11 (27).png
Sindora tonkinensis/sub_044/3381. Sindora tonkinensis.5 (138).png,train/Sindora tonkinensis/3381. Sindora tonkinensis.5 (138).png
Dalbergia oliveri/sub_059/Dalbergia oliveri_3237.1_ (31).png,train/Dalbergia oliveri/Dalbergia oliveri_3237.1_ (31).png
Afzelia bella/sub_020/Afzelia bella_HYBT691_(152).png,train/Afzelia bella/Afzelia bella_HYBT691_(152).png
Guibourtia coleosperma/sub_034/Guibourtia coleosperma_3253.2 (24).png,train/Guibourtia coleosperma/Guibourtia coleosperma_3253.2 (24).png
Peltogyne pubescens/sub_024/3377. Peltogyne pubescens.9 (316).png,train/Peltogyne pubescens/3377. Peltogyne pubescens.9 (316).png
Peltogyne pubescens/sub_001/3377. Peltogyne pubescens.2 (40).png,train/Peltogyne pubescens/3377. Peltogyne pubescens.2 (40).png
Pterocarpus macrocarpus/sub_019/111_3.png,train/Pterocarpus macrocarpus/111_3.png
Dalbergia tonkinensis/sub_034/3353. Dalbergia tonkinensis.4.(116).png,train/Dalbergia tonkinensis/3353. Dalbergia tonkinensis.4.(116).png
Pterocarpus soyauxii/sub_033/168.png,train/Pterocarpus soyauxii/168.png
Dalbergia oliveri/sub_047/Dalbergia oliveri_3237.7_ (31).png,train/Dalbergia oliveri/Dalbergia oliveri_3237.7_ (31).png
Pterocarpus soyauxii/sub_017/135_1_1.png,train/Pterocarpus soyauxii/135_1_1.png
Dalbergia rimosa/sub_050/3414. Dalbergia rimosa.5 (141).png,train/Dalbergia rimosa/3414. Dalbergia rimosa.5 (141).png
Peltogyne pubescens/sub_036/3377. Peltogyne pubescens.7 (224).png,train/Peltogyne pubescens/3377. Peltogyne pubescens.7 (224).png
Dalbergia melanoxylon/sub_036/3352. Dalbergia melanoxylon.5.(122).png,train/Dalbergia melanoxylon/3352. Dalbergia melanoxylon.5.(122).png
Sindora tonkinensis/sub_024/3381. Sindora tonkinensis.8 (258).png,train/Sindora tonkinensis/3381. Sindora tonkinensis.8 (258).png
Pterocarpus macrocarpus/sub_064/152_1.png,train/Pterocarpus macrocarpus/152_1__306d8b1c.png
Afzelia bella/sub_081/Afzelia bella_WJSV740_10_36130.png,train/Afzelia bella/Afzelia bella_WJSV740_10_36130.png
Pterocarpus macrocarpus/sub_015/144_4.png,train/Pterocarpus macrocarpus/144_4.png
Guibourtia arnoldiana/sub_002/3411. Guibourtia arnoldiana.5 (151).png,train/Guibourtia arnoldiana/3411. Guibourtia arnoldiana.5 (151).png
Dalbergia oliveri/sub_011/Dalbergia oliveri_3237.10_ (2).png,train/Dalbergia oliveri/Dalbergia oliveri_3237.10_ (2).png
Dalbergia tonkinensis/sub_041/3353. Dalbergia tonkinensis.1.(6).png,train/Dalbergia tonkinensis/3353. Dalbergia tonkinensis.1.(6).png
Afzelia quanzensis/sub_050/129_3.png,train/Afzelia quanzensis/129_3.png
Afzelia pachyloba/sub_028/5.4_1.png,train/Afzelia pachyloba/5.4_1__16d3d684.png
Afzelia africana/sub_003/doussie38.png,train/Afzelia africana/doussie38__e5de0b79.png
Afzelia quanzensis/sub_050/13_3.png,train/Afzelia quanzensis/13_3.png
Afzelia bella/sub_065/Afzelia bella_FFCA657_9_32125.png,train/Afzelia bella/Afzelia bella_FFCA657_9_32125.png
Pterocarpus soyauxii/sub_038/1105.png,train/Pterocarpus soyauxii/1105.png
Afzelia quanzensis/sub_007/15_3.png,train/Afzelia quanzensis/15_3.png
Pterocarpus sp/sub_067/138_1.png,train/Pterocarpus sp/138_1__a5fcfde0.png
Guibourtia ehie/sub_027/Guibourtia ehie_UORX694_10_(376).png,train/Guibourtia ehie/Guibourtia ehie_UORX694_10_(376).png
Sindora tonkinensis/sub_035/3381. Sindora tonkinensis.4 (111).png,train/Sindora tonkinensis/3381. Sindora tonkinensis.4 (111).png
Sindora cochinchinensis/sub_040/gụ61.png,train/Sindora cochinchinensis/gụ61__df5f0885.png
Sindora cochinchinensis/sub_019/gụ38_1_1.png,train/Sindora cochinchinensis/gụ38_1_1.png
Pterocarpus erinaceus/sub_051/3403. Pterocarpus erinaceus.10 (326).png,train/Pterocarpus erinaceus/3403. Pterocarpus erinaceus.10 (326).png
Peltogyne pubescens/sub_025/3377. Peltogyne pubescens.3 (86).png,train/Peltogyne pubescens/3377. Peltogyne pubescens.3 (86).png
Afzelia bella/sub_044/Afzelia bella_WJSV740_10_3613.png,train/Afzelia bella/Afzelia bella_WJSV740_10_3613.png
Pterocarpus soyauxii/sub_020/129_2.png,train/Pterocarpus soyauxii/129_2.png
Dalbergia cochinchinensis/sub_018/Dalbergia cochinchinensis.3280.9 (31).png,train/Dalbergia cochinchinensis/Dalbergia cochinchinensis.3280.9 (31).png
Peltogyne pubescens/sub_016/3377. Peltogyne pubescens.6 (198).png,train/Peltogyne pubescens/3377. Peltogyne pubescens.6 (198).png
Dalbergia cochinchinensis/sub_033/Dalbergia cochinchinensis.3280.10 (20).png,train/Dalbergia cochinchinensis/Dalbergia cochinchinensis.3280.10 (20).png
Guibourtia ehie/sub_015/Guibourtia ehie_CHYX256_1_(30).png,train/Guibourtia ehie/Guibourtia ehie_CHYX256_1_(30).png
Guibourtia ehie/sub_078/Guibourtia ehie_GHQN943_3_(90).png,train/Guibourtia ehie/Guibourtia ehie_GHQN943_3_(90).png
Pterocarpus indicus/sub_021/3395. Pterocarpus indicus.10 (299).png,train/Pterocarpus indicus/3395. Pterocarpus indicus.10 (299).png
Guibourtia ehie/sub_002/Guibourtia ehie_GHQN943_3_(97).png,train/Guibourtia ehie/Guibourtia ehie_GHQN943_3_(97).png
Pterocarpus soyauxii/sub_024/156_1_1.png,train/Pterocarpus soyauxii/156_1_1.png
Afzelia africana/sub_070/doussie6_2.png,train/Afzelia africana/doussie6_2.png
Pterocarpus erinaceus/sub_017/3403. Pterocarpus erinaceus.8 (235).png,train/Pterocarpus erinaceus/3403. Pterocarpus erinaceus.8 (235).png
Afzelia bella/sub_061/Afzelia bella_GCJA653_(98).png,train/Afzelia bella/Afzelia bella_GCJA653_(98).png
Sindora cochinchinensis/sub_002/gụ104.png,train/Sindora cochinchinensis/gụ104.png
Pterocarpus sp/sub_110/113_2.png,train/Pterocarpus sp/113_2__fbdc42e8.png
Afzelia quanzensis/sub_009/19_2.png,train/Afzelia quanzensis/19_2__b6e49315.png
Dalbergia melanoxylon/sub_036/3352. Dalbergia melanoxylon.4.(118).png,train/Dalbergia melanoxylon/3352. Dalbergia melanoxylon.4.(118).png
Peltogyne pubescens/sub_002/3377. Peltogyne pubescens.4 (139).png,train/Peltogyne pubescens/3377. Peltogyne pubescens.4 (139).png
Guibourtia arnoldiana/sub_057/3411. Guibourtia arnoldiana.4 (105).png,train/Guibourtia arnoldiana/3411. Guibourtia arnoldiana.4 (105).png
Guibourtia ehie/sub_014/Guibourtia ehie_FEHC134_2_(48).png,train/Guibourtia ehie/Guibourtia ehie_FEHC134_2_(48).png
Dalbergia rimosa/sub_043/3414. Dalbergia rimosa.8 (217).png,train/Dalbergia rimosa/3414. Dalbergia rimosa.8 (217).png
Pterocarpus indicus/sub_040/3395. Pterocarpus indicus.4 (110).png,train/Pterocarpus indicus/3395. Pterocarpus indicus.4 (110).png
Guibourtia coleosperma/sub_034/Guibourtia coleosperma_3253.7 (30).png,train/Guibourtia coleosperma/Guibourtia coleosperma_3253.7 (30).png
Dalbergia cochinchinensis/sub_067/Dalbergia cochinchinensis.3280.8 (6).png,train/Dalbergia cochinchinensis/Dalbergia cochinchinensis.3280.8 (6).png
Dalbergia cochinchinensis/sub_038/Dalbergia cochinchinensis.3280.3 (33).png,train/Dalbergia cochinchinensis/Dalbergia cochinchinensis.3280.3 (33).png
Guibourtia arnoldiana/sub_021/3411. Guibourtia arnoldiana.9 (272).png,train/Guibourtia arnoldiana/3411. Guibourtia arnoldiana.9 (272).png
Guibourtia coleosperma/sub_010/Guibourtia coleosperma_3253.4 (28).png,train/Guibourtia coleosperma/Guibourtia coleosperma_3253.4 (28).png
Pterocarpus erinaceus/sub_008/3403. Pterocarpus erinaceus.8 (252).png,train/Pterocarpus erinaceus/3403. Pterocarpus erinaceus.8 (252).png
Guibourtia coleosperma/sub_018/Guibourtia coleosperma_3253.10 (33).png,train/Guibourtia coleosperma/Guibourtia coleosperma_3253.10 (33).png
Pterocarpus macrocarpus/sub_031/146_1.png,train/Pterocarpus macrocarpus/146_1__3c6e96d0.png
Afzelia bella/sub_022/Afzelia bella_QUAV174_(294).png,train/Afzelia bella/Afzelia bella_QUAV174_(294).png
Dalbergia oliveri/sub_017/Dalbergia oliveri_3237.1_ (14).png,train/Dalbergia oliveri/Dalbergia oliveri_3237.1_ (14).png
Dalbergia rimosa/sub_004/3414. Dalbergia rimosa.3 (89).png,train/Dalbergia rimosa/3414. Dalbergia rimosa.3 (89).png
Guibourtia ehie/sub_087/Guibourtia ehie_SXGM640_8_(294).png,train/Guibourtia ehie/Guibourtia ehie_SXGM640_8_(294).png
Dalbergia cochinchinensis/sub_061/Dalbergia cochinchinensis.3280.6 (21).png,train/Dalbergia cochinchinensis/Dalbergia cochinchinensis.3280.6 (21).png
Sindora cochinchinensis/sub_045/gụ60_1.png,train/Sindora cochinchinensis/gụ60_1.png
Pterocarpus macrocarpus/sub_053/17_1.png,train/Pterocarpus macrocarpus/17_1__073463dc.png
Peltogyne pubescens/sub_032/3377. Peltogyne pubescens.3 (102).png,train/Peltogyne pubescens/3377. Peltogyne pubescens.3 (102).png
Dalbergia rimosa/sub_036/3414. Dalbergia rimosa.10 (274).png,train/Dalbergia rimosa/3414. Dalbergia rimosa.10 (274).png
Pterocarpus macrocarpus/sub_096/141_1.png,train/Pterocarpus macrocarpus/141_1.png
Dalbergia cochinchinensis/sub_057/Dalbergia cochinchinensis.3280.6 (10).png,train/Dalbergia cochinchinensis/Dalbergia cochinchinensis.3280.6 (10).png
Pterocarpus soyauxii/sub_027/122_2.png,train/Pterocarpus soyauxii/122_2.png
Dalbergia oliveri/sub_001/Dalbergia oliveri_3237.7_ (13).png,train/Dalbergia oliveri/Dalbergia oliveri_3237.7_ (13).png
Pterocarpus sp/sub_031/15_3.png,train/Pterocarpus sp/15_3.png
Dalbergia cochinchinensis/sub_051/Dalbergia cochinchinensis.3280.3 (7).png,train/Dalbergia cochinchinensis/Dalbergia cochinchinensis.3280.3 (7).png
Dalbergia cochinchinensis/sub_003/Dalbergia cochinchinensis.3280.1 (10).png,train/Dalbergia cochinchinensis/Dalbergia cochinchinensis.3280.1 (10).png
Pterocarpus indicus/sub_023/3395. Pterocarpus indicus.5 (158).png,train/Pterocarpus indicus/3395. Pterocarpus indicus.5 (158).png
Afzelia africana/sub_024/doussie46_1.png,train/Afzelia africana/doussie46_1.png
Dalbergia rimosa/sub_003/3414. Dalbergia rimosa.6 (179).png,train/Dalbergia rimosa/3414. Dalbergia rimosa.6 (179).png
Dalbergia rimosa/sub_031/3414. Dalbergia rimosa.4 (113).png,train/Dalbergia rimosa/3414. Dalbergia rimosa.4 (113).png
Afzelia pachyloba/sub_011/3.3.png,train/Afzelia pachyloba/3.3.png
Pterocarpus soyauxii/sub_072/114_2.png,train/Pterocarpus soyauxii/114_2.png
Pterocarpus sp/sub_068/134_2.png,train/Pterocarpus sp/134_2__adec4b7f.png
Pterocarpus erinaceus/sub_048/3403. Pterocarpus erinaceus.6 (192).png,train/Pterocarpus erinaceus/3403. Pterocarpus erinaceus.6 (192).png
Pterocarpus macrocarpus/sub_057/148_2.png,train/Pterocarpus macrocarpus/148_2.png
Afzelia quanzensis/sub_060/143_3.png,train/Afzelia quanzensis/143_3.png
Pterocarpus macrocarpus/sub_012/148_1.png,train/Pterocarpus macrocarpus/148_1.png
Dalbergia rimosa/sub_016/3414. Dalbergia rimosa.9 (263).png,train/Dalbergia rimosa/3414. Dalbergia rimosa.9 (263).png
Pterocarpus soyauxii/sub_009/132.png,train/Pterocarpus soyauxii/132__5e21de74.png
Pterocarpus macrocarpus/sub_068/136.png,train/Pterocarpus macrocarpus/136.png
Dalbergia cochinchinensis/sub_018/Dalbergia cochinchinensis.3280.6 (13).png,train/Dalbergia cochinchinensis/Dalbergia cochinchinensis.3280.6 (13).png
Guibourtia ehie/sub_015/Guibourtia ehie_KREW954_4_(155).png,train/Guibourtia ehie/Guibourtia ehie_KREW954_4_(155).png
Dalbergia melanoxylon/sub_019/3352. Dalbergia melanoxylon.6.(171).png,train/Dalbergia melanoxylon/3352. Dalbergia melanoxylon.6.(171).png
Dalbergia oliveri/sub_037/Dalbergia oliveri_3237.8_ (1).png,train/Dalbergia oliveri/Dalbergia oliveri_3237.8_ (1).png
Dalbergia tonkinensis/sub_034/3353. Dalbergia tonkinensis.10.(308).png,train/Dalbergia tonkinensis/3353. Dalbergia tonkinensis.10.(308).png
Guibourtia arnoldiana/sub_037/3411. Guibourtia arnoldiana.8 (228).png,train/Guibourtia arnoldiana/3411. Guibourtia arnoldiana.8 (228).png
Dalbergia oliveri/sub_042/Dalbergia oliveri_3237.3_ (26).png,train/Dalbergia oliveri/Dalbergia oliveri_3237.3_ (26).png
Guibourtia arnoldiana/sub_032/3411. Guibourtia arnoldiana.7 (194).png,train/Guibourtia arnoldiana/3411. Guibourtia arnoldiana.7 (194).png
Pterocarpus sp/sub_002/10_1_1.png,train/Pterocarpus sp/10_1_1.png
Afzelia bella/sub_048/Afzelia bella_QUAV174_(307).png,train/Afzelia bella/Afzelia bella_QUAV174_(307).png
Pterocarpus soyauxii/sub_020/158_3.png,train/Pterocarpus soyauxii/158_3.png
Dalbergia cochinchinensis/sub_005/Dalbergia cochinchinensis.3280.3 (26).png,train/Dalbergia cochinchinensis/Dalbergia cochinchinensis.3280.3 (26).png
Pterocarpus macrocarpus/sub_017/112.png,train/Pterocarpus macrocarpus/112.png
Pterocarpus sp/sub_084/116_3.png,train/Pterocarpus sp/116_3.png
Pterocarpus sp/sub_053/118_3.png,train/Pterocarpus sp/118_3__8004163a.png
Pterocarpus soyauxii/sub_019/170_2.png,train/Pterocarpus soyauxii/170_2.png
Pterocarpus erinaceus/sub_034/3403. Pterocarpus erinaceus.8 (233).png,train/Pterocarpus erinaceus/3403. Pterocarpus erinaceus.8 (233).png
Peltogyne pubescens/sub_040/3377. Peltogyne pubescens.9 (309).png,train/Peltogyne pubescens/3377. Peltogyne pubescens.9 (309).png
Dalbergia melanoxylon/sub_001/3352. Dalbergia melanoxylon.3.(90).png,train/Dalbergia melanoxylon/3352. Dalbergia melanoxylon.3.(90).png
Guibourtia coleosperma/sub_008/Guibourtia coleosperma_3253.3 (23).png,train/Guibourtia coleosperma/Guibourtia coleosperma_3253.3 (23).png
Dalbergia melanoxylon/sub_018/3352. Dalbergia melanoxylon.8.(233).png,train/Dalbergia melanoxylon/3352. Dalbergia melanoxylon.8.(233).png
Afzelia africana/sub_053/doussie45.png,train/Afzelia africana/doussie45__cb5f26b8.png
Dalbergia rimosa/sub_051/3414. Dalbergia rimosa.7 (197).png,train/Dalbergia rimosa/3414. Dalbergia rimosa.7 (197).png
Pterocarpus soyauxii/sub_045/174.png,train/Pterocarpus soyauxii/174.png
Dalbergia oliveri/sub_048/Dalbergia oliveri_3237.8_ (9).png,train/Dalbergia oliveri/Dalbergia oliveri_3237.8_ (9).png
Peltogyne pubescens/sub_059/3377. Peltogyne pubescens.3 (108).png,train/Peltogyne pubescens/3377. Peltogyne pubescens.3 (108).png
Pterocarpus erinaceus/sub_039/3403. Pterocarpus erinaceus.2 (41).png,train/Pterocarpus erinaceus/3403. Pterocarpus erinaceus.2 (41).png
Dalbergia cochinchinensis/sub_017/Dalbergia cochinchinensis.3280.8 (16).png,train/Dalbergia cochinchinensis/Dalbergia cochinchinensis.3280.8 (16).png
Afzelia africana/sub_029/doussie16_2.png,train/Afzelia africana/doussie16_2.png
Dalbergia oliveri/sub_065/Dalbergia oliveri_3237.9_ (7).png,train/Dalbergia oliveri/Dalbergia oliveri_3237.9_ (7).png
Pterocarpus macrocarpus/sub_004/10_1.png,train/Pterocarpus macrocarpus/10_1.png
Pterocarpus erinaceus/sub_024/3403. Pterocarpus erinaceus.2 (40).png,train/Pterocarpus erinaceus/3403. Pterocarpus erinaceus.2 (40).png
Dalbergia cochinchinensis/sub_033/Dalbergia cochinchinensis.3280.9 (21).png,train/Dalbergia cochinchinensis/Dalbergia cochinchinensis.3280.9 (21).png
Peltogyne pubescens/sub_021/3377. Peltogyne pubescens.9 (313).png,train/Peltogyne pubescens/3377. Peltogyne pubescens.9 (313).png
Pterocarpus sp/sub_015/156_2.png,train/Pterocarpus sp/156_2__aa4450f3.png
Dalbergia oliveri/sub_011/Dalbergia oliveri_3237.8_ (8).png,train/Dalbergia oliveri/Dalbergia oliveri_3237.8_ (8).png
Afzelia bella/sub_022/Afzelia bella_HYBT691_(156).png,train/Afzelia bella/Afzelia bella_HYBT691_(156).png
Dalbergia rimosa/sub_064/3414. Dalbergia rimosa.10 (290).png,train/Dalbergia rimosa/3414. Dalbergia rimosa.10 (290).png
Guibourtia ehie/sub_004/Guibourtia ehie_TLYO895_9_(325).png,train/Guibourtia ehie/Guibourtia ehie_TLYO895_9_(325).png
Pterocarpus soyauxii/sub_024/19_2.png,train/Pterocarpus soyauxii/19_2.png
Dalbergia oliveri/sub_032/Dalbergia oliveri_3237.3_ (16).png,train/Dalbergia oliveri/Dalbergia oliveri_3237.3_ (16).png
Pterocarpus sp/sub_021/15_4.png,train/Pterocarpus sp/15_4.png
Guibourtia ehie/sub_019/Guibourtia ehie_GHQN943_3_(104).png,train/Guibourtia ehie/Guibourtia ehie_GHQN943_3_(104).png
Guibourtia ehie/sub_009/Guibourtia ehie_FEHC134_2_(58).png,train/Guibourtia ehie/Guibourtia ehie_FEHC134_2_(58).png
Dalbergia oliveri/sub_034/Dalbergia oliveri_3237.9_ (22).png,train/Dalbergia oliveri/Dalbergia oliveri_3237.9_ (22).png
Dalbergia melanoxylon/sub_045/3352. Dalbergia melanoxylon.5.(141).png,train/Dalbergia melanoxylon/3352. Dalbergia melanoxylon.5.(141).png
Afzelia bella/sub_004/Afzelia bella_LYSV052_(171).png,train/Afzelia bella/Afzelia bella_LYSV052_(171).png
Pterocarpus sp/sub_062/129_2_1.png,train/Pterocarpus sp/129_2_1.png
Pterocarpus sp/sub_002/16_1_1.png,train/Pterocarpus sp/16_1_1.png
Dalbergia melanoxylon/sub_031/3352. Dalbergia melanoxylon.3.(81).png,train/Dalbergia melanoxylon/3352. Dalbergia melanoxylon.3.(81).png
Guibourtia coleosperma/sub_020/Guibourtia coleosperma_3253.11 (14).png,train/Guibourtia coleosperma/Guibourtia coleosperma_3253.11 (14).png
Peltogyne pubescens/sub_028/3377. Peltogyne pubescens.8 (263).png,train/Peltogyne pubescens/3377. Peltogyne pubescens.8 (263).png
Afzelia bella/sub_033/Afzelia bella_AMRX692_(61).png,train/Afzelia bella/Afzelia bella_AMRX692_(61).png
Afzelia pachyloba/sub_022/4.1_1.png,train/Afzelia pachyloba/4.1_1__d49e4d85.png
Dalbergia cochinchinensis/sub_050/Dalbergia cochinchinensis.3280.7 (10).png,train/Dalbergia cochinchinensis/Dalbergia cochinchinensis.3280.7 (10).png
Dalbergia melanoxylon/sub_030/3352. Dalbergia melanoxylon.10.(271).png,train/Dalbergia melanoxylon/3352. Dalbergia melanoxylon.10.(271).png
Sindora cochinchinensis/sub_095/gụ49_3.png,train/Sindora cochinchinensis/gụ49_3.png
Dalbergia cochinchinensis/sub_018/Dalbergia cochinchinensis.3280.5 (22).png,train/Dalbergia cochinchinensis/Dalbergia cochinchinensis.3280.5 (22).png
Pterocarpus soyauxii/sub_012/116.png,train/Pterocarpus soyauxii/116.png
Pterocarpus erinaceus/sub_035/3403. Pterocarpus erinaceus.3 (101).png,train/Pterocarpus erinaceus/3403. Pterocarpus erinaceus.3 (101).png
Guibourtia ehie/sub_001/Guibourtia ehie_GHQN943_3_(100).png,train/Guibourtia ehie/Guibourtia ehie_GHQN943_3_(100).png
Pterocarpus sp/sub_098/142_2.png,train/Pterocarpus sp/142_2__64648524.png
Dalbergia melanoxylon/sub_015/3352. Dalbergia melanoxylon.1.(4).png,train/Dalbergia melanoxylon/3352. Dalbergia melanoxylon.1.(4).png
Guibourtia coleosperma/sub_023/Guibourtia coleosperma_3253.1 (12).png,train/Guibourtia coleosperma/Guibourtia coleosperma_3253.1 (12).png
Pterocarpus sp/sub_059/165_1.png,train/Pterocarpus sp/165_1.png
Afzelia bella/sub_062/Afzelia bella_FFCA657_9_32120.png,train/Afzelia bella/Afzelia bella_FFCA657_9_32120.png
Sindora tonkinensis/sub_002/3381. Sindora tonkinensis.1 (13).png,train/Sindora tonkinensis/3381. Sindora tonkinensis.1 (13).png
Dalbergia oliveri/sub_019/Dalbergia oliveri_3237.2_ (30).png,train/Dalbergia oliveri/Dalbergia oliveri_3237.2_ (30).png
Sindora tonkinensis/sub_030/3381. Sindora tonkinensis.1 (31).png,train/Sindora tonkinensis/3381. Sindora tonkinensis.1 (31).png
Dalbergia cochinchinensis/sub_020/Dalbergia cochinchinensis.3280.7 (31).png,train/Dalbergia cochinchinensis/Dalbergia cochinchinensis.3280.7 (31).png
Pterocarpus erinaceus/sub_024/3403. Pterocarpus erinaceus.7 (206).png,train/Pterocarpus erinaceus/3403. Pterocarpus erinaceus.7 (206).png
Pterocarpus soyauxii/sub_002/1116_1.png,train/Pterocarpus soyauxii/1116_1.png
Pterocarpus soyauxii/sub_003/134.png,train/Pterocarpus soyauxii/134.png
Pterocarpus indicus/sub_040/3395. Pterocarpus indicus.10 (297).png,train/Pterocarpus indicus/3395. Pterocarpus indicus.10 (297).png
Afzelia quanzensis/sub_055/124_4.png,train/Afzelia quanzensis/124_4.png
Sindora cochinchinensis/sub_037/gụ44_1.png,train/Sindora cochinchinensis/gụ44_1.png
Dalbergia tonkinensis/sub_051/3353. Dalbergia tonkinensis.5.(154).png,train/Dalbergia tonkinensis/3353. Dalbergia tonkinensis.5.(154).png
Dalbergia oliveri/sub_020/Dalbergia oliveri_3237.9_ (11).png,train/Dalbergia oliveri/Dalbergia oliveri_3237.9_ (11).png
Pterocarpus soyauxii/sub_022/118.png,train/Pterocarpus soyauxii/118.png
Dalbergia tonkinensis/sub_007/3353. Dalbergia tonkinensis.6.(175).png,train/Dalbergia tonkinensis/3353. Dalbergia tonkinensis.6.(175).png
Dalbergia rimosa/sub_021/3414. Dalbergia rimosa.10 (273).png,train/Dalbergia rimosa/3414. Dalbergia rimosa.10 (273).png
Dalbergia rimosa/sub_047/3414. Dalbergia rimosa.4 (103).png,train/Dalbergia rimosa/3414. Dalbergia rimosa.4 (103).png
Guibourtia coleosperma/sub_047/Guibourtia coleosperma_3253.1 (34).png,train/Guibourtia coleosperma/Guibourtia coleosperma_3253.1 (34).png
Guibourtia coleosperma/sub_032/Guibourtia coleosperma_3253.9 (4).png,train/Guibourtia coleosperma/Guibourtia coleosperma_3253.9 (4).png
Guibourtia arnoldiana/sub_012/3411. Guibourtia arnoldiana.6 (179).png,train/Guibourtia arnoldiana/3411. Guibourtia arnoldiana.6 (179).png
Sindora tonkinensis/sub_017/3381. Sindora tonkinensis.6 (168).png,train/Sindora tonkinensis/3381. Sindora tonkinensis.6 (168).png
Guibourtia arnoldiana/sub_058/3411. Guibourtia arnoldiana.3 (72).png,train/Guibourtia arnoldiana/3411. Guibourtia arnoldiana.3 (72).png
Dalbergia oliveri/sub_035/Dalbergia oliveri_3237.4_ (16).png,train/Dalbergia oliveri/Dalbergia oliveri_3237.4_ (16).png
Guibourtia arnoldiana/sub_014/3411. Guibourtia arnoldiana.8 (255).png,train/Guibourtia arnoldiana/3411. Guibourtia arnoldiana.8 (255).png
Afzelia quanzensis/sub_058/16.png,train/Afzelia quanzensis/16.png
Sindora cochinchinensis/sub_081/gụ6.png,train/Sindora cochinchinensis/gụ6__725336b1.png
Pterocarpus sp/sub_052/111_2.png,train/Pterocarpus sp/111_2.png
Dalbergia tonkinensis/sub_010/3353. Dalbergia tonkinensis.6.(186).png,train/Dalbergia tonkinensis/3353. Dalbergia tonkinensis.6.(186).png
Pterocarpus macrocarpus/sub_011/140_1.png,train/Pterocarpus macrocarpus/140_1.png
Pterocarpus soyauxii/sub_089/18_2.png,train/Pterocarpus soyauxii/18_2__569d7cf5.png
Dalbergia oliveri/sub_023/Dalbergia oliveri_3237.8_ (16).png,train/Dalbergia oliveri/Dalbergia oliveri_3237.8_ (16).png
Dalbergia cochinchinensis/sub_013/Dalbergia cochinchinensis.3280.6 (33).png,train/Dalbergia cochinchinensis/Dalbergia cochinchinensis.3280.6 (33).png
Pterocarpus soyauxii/sub_100/138_1.png,train/Pterocarpus soyauxii/138_1__220e2ab3.png
Dalbergia tonkinensis/sub_053/3353. Dalbergia tonkinensis.6.(180).png,train/Dalbergia tonkinensis/3353. Dalbergia tonkinensis.6.(180).png
Dalbergia rimosa/sub_066/3414. Dalbergia rimosa.8 (227).png,train/Dalbergia rimosa/3414. Dalbergia rimosa.8 (227).png
Guibourtia arnoldiana/sub_006/3411. Guibourtia arnoldiana.9 (274).png,train/Guibourtia arnoldiana/3411. Guibourtia arnoldiana.9 (274).png
Guibourtia ehie/sub_068/Guibourtia ehie_PRQC042_5_(169).png,train/Guibourtia ehie/Guibourtia ehie_PRQC042_5_(169).png
Afzelia bella/sub_006/Afzelia bella_AMRX692_(80).png,train/Afzelia bella/Afzelia bella_AMRX692_(80).png
Afzelia quanzensis/sub_061/128_2.png,train/Afzelia quanzensis/128_2.png
Guibourtia coleosperma/sub_003/Guibourtia coleosperma_3253.1 (7).png,train/Guibourtia coleosperma/Guibourtia coleosperma_3253.1 (7).png
Afzelia bella/sub_061/Afzelia bella_FFCA657_9_3210.png,train/Afzelia bella/Afzelia bella_FFCA657_9_3210.png
Afzelia pachyloba/sub_010/4.2_3.png,train/Afzelia pachyloba/4.2_3.png
Dalbergia oliveri/sub_008/Dalbergia oliveri_3237.4_ (23).png,train/Dalbergia oliveri/Dalbergia oliveri_3237.4_ (23).png
Dalbergia rimosa/sub_043/3414. Dalbergia rimosa.4 (95).png,train/Dalbergia rimosa/3414. Dalbergia rimosa.4 (95).png
Guibourtia arnoldiana/sub_009/3411. Guibourtia arnoldiana.7 (213).png,train/Guibourtia arnoldiana/3411. Guibourtia arnoldiana.7 (213).png
Pterocarpus sp/sub_080/117_2.png,train/Pterocarpus sp/117_2.png
Pterocarpus macrocarpus/sub_048/133.png,train/Pterocarpus macrocarpus/133.png
Guibourtia arnoldiana/sub_044/3411. Guibourtia arnoldiana.2 (55).png,train/Guibourtia arnoldiana/3411. Guibourtia arnoldiana.2 (55).png
Afzelia africana/sub_058/doussie30_1.png,train/Afzelia africana/doussie30_1.png
Pterocarpus macrocarpus/sub_018/150_4.png,train/Pterocarpus macrocarpus/150_4.png
Sindora cochinchinensis/sub_010/gụ76.png,train/Sindora cochinchinensis/gụ76.png
Dalbergia cochinchinensis/sub_004/Dalbergia cochinchinensis.3280.5 (6).png,train/Dalbergia cochinchinensis/Dalbergia cochinchinensis.3280.5 (6).png
Pterocarpus macrocarpus/sub_074/144_1.png,train/Pterocarpus macrocarpus/144_1.png
Guibourtia arnoldiana/sub_021/3411. Guibourtia arnoldiana.8 (238).png,train/Guibourtia arnoldiana/3411. Guibourtia arnoldiana.8 (238).png
Sindora tonkinensis/sub_079/3381. Sindora tonkinensis.6 (179).png,train/Sindora tonkinensis/3381. Sindora tonkinensis.6 (179).png
Afzelia pachyloba/sub_038/2.3.png,train/Afzelia pachyloba/2.3.png
Pterocarpus macrocarpus/sub_006/129_2.png,train/Pterocarpus macrocarpus/129_2__8b0c378e.png
Pterocarpus soyauxii/sub_047/148.png,train/Pterocarpus soyauxii/148.png
Afzelia bella/sub_005/Afzelia bella_HYBT691_(131).png,train/Afzelia bella/Afzelia bella_HYBT691_(131).png
Pterocarpus sp/sub_010/122_2.png,train/Pterocarpus sp/122_2__1aeb6c00.png
Dalbergia rimosa/sub_026/3414. Dalbergia rimosa.4 (92).png,train/Dalbergia rimosa/3414. Dalbergia rimosa.4 (92).png
Sindora cochinchinensis/sub_050/gụ9_1.png,train/Sindora cochinchinensis/gụ9_1__feb46d15.png
Pterocarpus soyauxii/sub_059/148_3.png,train/Pterocarpus soyauxii/148_3.png
Peltogyne pubescens/sub_045/3377. Peltogyne pubescens.4 (121).png,train/Peltogyne pubescens/3377. Peltogyne pubescens.4 (121).png
Guibourtia coleosperma/sub_018/Guibourtia coleosperma_3253.1 (27).png,train/Guibourtia coleosperma/Guibourtia coleosperma_3253.1 (27).png
Afzelia bella/sub_029/Afzelia bella_OGHV743_(231).png,train/Afzelia bella/Afzelia bella_OGHV743_(231).png
Pterocarpus erinaceus/sub_016/3403. Pterocarpus erinaceus.10 (320).png,train/Pterocarpus erinaceus/3403. Pterocarpus erinaceus.10 (320).png
Guibourtia coleosperma/sub_046/Guibourtia coleosperma_3253.7 (23).png,train/Guibourtia coleosperma/Guibourtia coleosperma_3253.7 (23).png
Sindora cochinchinensis/sub_098/gụ69.png,train/Sindora cochinchinensis/gụ69.png
Dalbergia cochinchinensis/sub_011/Dalbergia cochinchinensis.3280.4 (31).png,train/Dalbergia cochinchinensis/Dalbergia cochinchinensis.3280.4 (31).png
Pterocarpus macrocarpus/sub_017/147.png,train/Pterocarpus macrocarpus/147__6ac3d4d9.png
Pterocarpus soyauxii/sub_076/192.png,train/Pterocarpus soyauxii/192.png
Peltogyne pubescens/sub_022/3377. Peltogyne pubescens.8 (279).png,train/Peltogyne pubescens/3377. Peltogyne pubescens.8 (279).png
Guibourtia coleosperma/sub_010/Guibourtia coleosperma_3253.6 (6).png,train/Guibourtia coleosperma/Guibourtia coleosperma_3253.6 (6).png
Pterocarpus macrocarpus/sub_005/131_5.png,train/Pterocarpus macrocarpus/131_5.png
Sindora cochinchinensis/sub_057/gụ63.png,train/Sindora cochinchinensis/gụ63__910cedbb.png
Pterocarpus sp/sub_077/137_2.png,train/Pterocarpus sp/137_2.png
Guibourtia arnoldiana/sub_038/3411. Guibourtia arnoldiana.7 (219).png,train/Guibourtia arnoldiana/3411. Guibourtia arnoldiana.7 (219).png
Afzelia pachyloba/sub_050/4.3_4.png,train/Afzelia pachyloba/4.3_4.png
Pterocarpus macrocarpus/sub_012/10_3.png,train/Pterocarpus macrocarpus/10_3.png
Afzelia quanzensis/sub_022/123_1_1.png,train/Afzelia quanzensis/123_1_1.png
Dalbergia oliveri/sub_052/Dalbergia oliveri_3237.10_ (24).png,train/Dalbergia oliveri/Dalbergia oliveri_3237.10_ (24).png
Afzelia bella/sub_010/Afzelia bella_OGHV743_(208).png,train/Afzelia bella/Afzelia bella_OGHV743_(208).png
Pterocarpus macrocarpus/sub_005/11_1.png,train/Pterocarpus macrocarpus/11_1.png
Pterocarpus erinaceus/sub_013/3403. Pterocarpus erinaceus.8 (267).png,train/Pterocarpus erinaceus/3403. Pterocarpus erinaceus.8 (267).png
Pterocarpus sp/sub_065/127.png,train/Pterocarpus sp/127__d90fc690.png
Dalbergia tonkinensis/sub_022/3353. Dalbergia tonkinensis.8.(228).png,train/Dalbergia tonkinensis/3353. Dalbergia tonkinensis.8.(228).png
Dalbergia oliveri/sub_076/Dalbergia oliveri_3237.6_ (28).png,train/Dalbergia oliveri/Dalbergia oliveri_3237.6_ (28).png
Pterocarpus indicus/sub_056/3395. Pterocarpus indicus.8 (242).png,train/Pterocarpus indicus/3395. Pterocarpus indicus.8 (242).png
Sindora tonkinensis/sub_001/3381. Sindora tonkinensis.1 (1).png,train/Sindora tonkinensis/3381. Sindora tonkinensis.1 (1).png
Dalbergia rimosa/sub_042/3414. Dalbergia rimosa.8 (235).png,train/Dalbergia rimosa/3414. Dalbergia rimosa.8 (235).png
Pterocarpus indicus/sub_022/3395. Pterocarpus indicus.9 (259).png,train/Pterocarpus indicus/3395. Pterocarpus indicus.9 (259).png
Dalbergia oliveri/sub_015/Dalbergia oliveri_3237.5_ (9).png,train/Dalbergia oliveri/Dalbergia oliveri_3237.5_ (9).png
Pterocarpus soyauxii/sub_048/153.png,train/Pterocarpus soyauxii/153.png
Afzelia quanzensis/sub_006/129_1.png,train/Afzelia quanzensis/129_1__84c48213.png
Dalbergia tonkinensis/sub_015/3353. Dalbergia tonkinensis.9.(288).png,train/Dalbergia tonkinensis/3353. Dalbergia tonkinensis.9.(288).png
Guibourtia coleosperma/sub_013/Guibourtia coleosperma_3253.2 (10).png,train/Guibourtia coleosperma/Guibourtia coleosperma_3253.2 (10).png
Dalbergia cochinchinensis/sub_060/Dalbergia cochinchinensis.3280.10 (36).png,train/Dalbergia cochinchinensis/Dalbergia cochinchinensis.3280.10 (36).png
Guibourtia ehie/sub_071/Guibourtia ehie_CHYX256_1_(31).png,train/Guibourtia ehie/Guibourtia ehie_CHYX256_1_(31).png
Pterocarpus macrocarpus/sub_050/158.png,train/Pterocarpus macrocarpus/158__e3eb46ca.png
Sindora tonkinensis/sub_014/3381. Sindora tonkinensis.4 (126).png,train/Sindora tonkinensis/3381. Sindora tonkinensis.4 (126).png
Pterocarpus indicus/sub_004/3395. Pterocarpus indicus.2 (30).png,train/Pterocarpus indicus/3395. Pterocarpus indicus.2 (30).png
Pterocarpus macrocarpus/sub_006/159.png,train/Pterocarpus macrocarpus/159.png
Afzelia bella/sub_044/Afzelia bella_LYSV052_(174).png,train/Afzelia bella/Afzelia bella_LYSV052_(174).png
Guibourtia arnoldiana/sub_020/3411. Guibourtia arnoldiana.2 (57).png,train/Guibourtia arnoldiana/3411. Guibourtia arnoldiana.2 (57).png
Sindora cochinchinensis/sub_050/gụ47.png,train/Sindora cochinchinensis/gụ47.png
Guibourtia arnoldiana/sub_035/3411. Guibourtia arnoldiana.6 (170).png,train/Guibourtia arnoldiana/3411. Guibourtia arnoldiana.6 (170).png
Afzelia africana/sub_008/doussie34_2.png,train/Afzelia africana/doussie34_2.png
Dalbergia tonkinensis/sub_026/3353. Dalbergia tonkinensis.1.(8).png,train/Dalbergia tonkinensis/3353. Dalbergia tonkinensis.1.(8).png
Peltogyne pubescens/sub_031/3377. Peltogyne pubescens.3 (97).png,train/Peltogyne pubescens/3377. Peltogyne pubescens.3 (97).png
Sindora cochinchinensis/sub_053/gụ69.png,train/Sindora cochinchinensis/gụ69__4bdd72b2.png
Dalbergia cochinchinensis/sub_055/Dalbergia cochinchinensis.3280.5 (27).png,train/Dalbergia cochinchinensis/Dalbergia cochinchinensis.3280.5 (27).png
Afzelia bella/sub_020/Afzelia bella_LYSV052_(189).png,train/Afzelia bella/Afzelia bella_LYSV052_(189).png
Dalbergia melanoxylon/sub_047/3352. Dalbergia melanoxylon.5.(126).png,train/Dalbergia melanoxylon/3352. Dalbergia melanoxylon.5.(126).png
Sindora cochinchinensis/sub_020/gụ66_1.png,train/Sindora cochinchinensis/gụ66_1.png
Guibourtia coleosperma/sub_002/Guibourtia coleosperma_3253.10 (15).png,train/Guibourtia coleosperma/Guibourtia coleosperma_3253.10 (15).png
Afzelia bella/sub_050/Afzelia bella_LYSV052_(172).png,train/Afzelia bella/Afzelia bella_LYSV052_(172).png
Sindora tonkinensis/sub_003/3381. Sindora tonkinensis.6 (162).png,train/Sindora tonkinensis/3381. Sindora tonkinensis.6 (162).png
Afzelia quanzensis/sub_018/13_1.png,train/Afzelia quanzensis/13_1__fa529e16.png
Dalbergia tonkinensis/sub_027/3353. Dalbergia tonkinensis.1.(5).png,train/Dalbergia tonkinensis/3353. Dalbergia tonkinensis.1.(5).png
Pterocarpus erinaceus/sub_015/3403. Pterocarpus erinaceus.3 (69).png,train/Pterocarpus erinaceus/3403. Pterocarpus erinaceus.3 (69).png
Sindora tonkinensis/sub_030/3381. Sindora tonkinensis.2 (46).png,train/Sindora tonkinensis/3381. Sindora tonkinensis.2 (46).png
Peltogyne pubescens/sub_046/3377. Peltogyne pubescens.2 (51).png,train/Peltogyne pubescens/3377. Peltogyne pubescens.2 (51).png
Afzelia bella/sub_012/Afzelia bella_LYSV052_(178).png,train/Afzelia bella/Afzelia bella_LYSV052_(178).png
Afzelia quanzensis/sub_052/139_1.png,train/Afzelia quanzensis/139_1.png
Pterocarpus soyauxii/sub_053/1102.png,train/Pterocarpus soyauxii/1102.png
Sindora tonkinensis/sub_002/3381. Sindora tonkinensis.4 (120).png,train/Sindora tonkinensis/3381. Sindora tonkinensis.4 (120).png
Guibourtia arnoldiana/sub_006/3411. Guibourtia arnoldiana.1 (10).png,train/Guibourtia arnoldiana/3411. Guibourtia arnoldiana.1 (10).png
Afzelia bella/sub_022/Afzelia bella_QCYD170_(276).png,train/Afzelia bella/Afzelia bella_QCYD170_(276).png
Guibourtia coleosperma/sub_003/Guibourtia coleosperma_3253.6 (16).png,train/Guibourtia coleosperma/Guibourtia coleosperma_3253.6 (16).png
Afzelia quanzensis/sub_016/144_1.png,train/Afzelia quanzensis/144_1__1a4a4887.png
Guibourtia coleosperma/sub_068/Guibourtia coleosperma_3253.2 (4).png,train/Guibourtia coleosperma/Guibourtia coleosperma_3253.2 (4).png
Guibourtia arnoldiana/sub_010/3411. Guibourtia arnoldiana.10 (323).png,train/Guibourtia arnoldiana/3411. Guibourtia arnoldiana.10 (323).png
Afzelia quanzensis/sub_039/143.png,train/Afzelia quanzensis/143.png
Afzelia quanzensis/sub_003/130_3.png,train/Afzelia quanzensis/130_3.png
Pterocarpus erinaceus/sub_041/3403. Pterocarpus erinaceus.8 (268).png,train/Pterocarpus erinaceus/3403. Pterocarpus erinaceus.8 (268).png
Dalbergia oliveri/sub_010/Dalbergia oliveri_3237.5_ (19).png,train/Dalbergia oliveri/Dalbergia oliveri_3237.5_ (19).png
Pterocarpus erinaceus/sub_005/3403. Pterocarpus erinaceus.7 (203).png,train/Pterocarpus erinaceus/3403. Pterocarpus erinaceus.7 (203).png
Pterocarpus indicus/sub_003/3395. Pterocarpus indicus.7 (222).png,train/Pterocarpus indicus/3395. Pterocarpus indicus.7 (222).png
Pterocarpus sp/sub_073/140_3.png,train/Pterocarpus sp/140_3.png
Pterocarpus soyauxii/sub_028/131.png,train/Pterocarpus soyauxii/131.png
Pterocarpus erinaceus/sub_037/3403. Pterocarpus erinaceus.5 (140).png,train/Pterocarpus erinaceus/3403. Pterocarpus erinaceus.5 (140).png
Dalbergia cochinchinensis/sub_063/Dalbergia cochinchinensis.3280.7 (15).png,train/Dalbergia cochinchinensis/Dalbergia cochinchinensis.3280.7 (15).png
Afzelia africana/sub_010/doussie29_2.png,train/Afzelia africana/doussie29_2.png
Dalbergia cochinchinensis/sub_032/Dalbergia cochinchinensis.3280.7 (30).png,train/Dalbergia cochinchinensis/Dalbergia cochinchinensis.3280.7 (30).png
Dalbergia cochinchinensis/sub_002/Dalbergia cochinchinensis.3280.1 (7).png,train/Dalbergia cochinchinensis/Dalbergia cochinchinensis.3280.1 (7).png
Afzelia pachyloba/sub_005/6.2_1.png,train/Afzelia pachyloba/6.2_1.png
Pterocarpus sp/sub_030/154_3.png,train/Pterocarpus sp/154_3.png
Afzelia bella/sub_017/Afzelia bella_AMRX692_(72).png,train/Afzelia bella/Afzelia bella_AMRX692_(72).png
Sindora cochinchinensis/sub_091/gụ77_2.png,train/Sindora cochinchinensis/gụ77_2.png
Pterocarpus sp/sub_078/137_4.png,train/Pterocarpus sp/137_4.png
Afzelia bella/sub_023/Afzelia bella_OGHV743_(222).png,train/Afzelia bella/Afzelia bella_OGHV743_(222).png
Pterocarpus erinaceus/sub_053/3403. Pterocarpus erinaceus.10 (324).png,train/Pterocarpus erinaceus/3403. Pterocarpus erinaceus.10 (324).png
Afzelia pachyloba/sub_010/6.2.png,train/Afzelia pachyloba/6.2__390ba5cc.png
Pterocarpus indicus/sub_011/3395. Pterocarpus indicus.7 (208).png,train/Pterocarpus indicus/3395. Pterocarpus indicus.7 (208).png
Guibourtia ehie/sub_004/Guibourtia ehie_TLYO895_9_(323).png,train/Guibourtia ehie/Guibourtia ehie_TLYO895_9_(323).png
Pterocarpus macrocarpus/sub_013/141_1.png,train/Pterocarpus macrocarpus/141_1__2ceb7cf8.png
Afzelia africana/sub_048/2.2.jpg,train/Afzelia africana/2.2.jpg
Pterocarpus macrocarpus/sub_009/125_2.png,train/Pterocarpus macrocarpus/125_2.png
Pterocarpus soyauxii/sub_061/12_3.png,train/Pterocarpus soyauxii/12_3.png
Dalbergia tonkinensis/sub_030/3353. Dalbergia tonkinensis.2.(45).png,train/Dalbergia tonkinensis/3353. Dalbergia tonkinensis.2.(45).png
Dalbergia tonkinensis/sub_015/3353. Dalbergia tonkinensis.9.(280).png,train/Dalbergia tonkinensis/3353. Dalbergia tonkinensis.9.(280).png
Pterocarpus soyauxii/sub_059/121.png,train/Pterocarpus soyauxii/121.png
Pterocarpus indicus/sub_028/3395. Pterocarpus indicus.9 (284).png,train/Pterocarpus indicus/3395. Pterocarpus indicus.9 (284).png
Afzelia quanzensis/sub_024/131_3.png,train/Afzelia quanzensis/131_3.png
Dalbergia oliveri/sub_017/Dalbergia oliveri_3237.5_ (11).png,train/Dalbergia oliveri/Dalbergia oliveri_3237.5_ (11).png
Guibourtia coleosperma/sub_041/Guibourtia coleosperma_3253.9 (18).png,train/Guibourtia coleosperma/Guibourtia coleosperma_3253.9 (18).png
Peltogyne pubescens/sub_011/3377. Peltogyne pubescens.7 (237).png,train/Peltogyne pubescens/3377. Peltogyne pubescens.7 (237).png
Sindora tonkinensis/sub_023/3381. Sindora tonkinensis.8 (225).png,train/Sindora tonkinensis/3381. Sindora tonkinensis.8 (225).png
Guibourtia arnoldiana/sub_010/3411. Guibourtia arnoldiana.8 (244).png,train/Guibourtia arnoldiana/3411. Guibourtia arnoldiana.8 (244).png
Afzelia quanzensis/sub_022/16_2.png,train/Afzelia quanzensis/16_2.png
Sindora tonkinensis/sub_051/3381. Sindora tonkinensis.3 (91).png,train/Sindora tonkinensis/3381. Sindora tonkinensis.3 (91).png
Afzelia bella/sub_001/Afzelia bella_AMRX692_(64).png,train/Afzelia bella/Afzelia bella_AMRX692_(64).png
Pterocarpus sp/sub_004/110_2.png,train/Pterocarpus sp/110_2.png
Sindora tonkinensis/sub_005/3381. Sindora tonkinensis.5 (129).png,train/Sindora tonkinensis/3381. Sindora tonkinensis.5 (129).png
Dalbergia oliveri/sub_037/Dalbergia oliveri_3237.7_ (9).png,train/Dalbergia oliveri/Dalbergia oliveri_3237.7_ (9).png
Afzelia bella/sub_064/Afzelia bella_GCJA653_(107).png,train/Afzelia bella/Afzelia bella_GCJA653_(107).png
Pterocarpus indicus/sub_035/3395. Pterocarpus indicus.1 (17).png,train/Pterocarpus indicus/3395. Pterocarpus indicus.1 (17).png
Afzelia africana/sub_039/doussie9_2.png,train/Afzelia africana/doussie9_2.png
Pterocarpus erinaceus/sub_021/3403. Pterocarpus erinaceus.5 (139).png,train/Pterocarpus erinaceus/3403. Pterocarpus erinaceus.5 (139).png
Afzelia africana/sub_003/doussie35.png,train/Afzelia africana/doussie35.png
Guibourtia coleosperma/sub_077/Guibourtia coleosperma_3253.3 (1).png,train/Guibourtia coleosperma/Guibourtia coleosperma_3253.3 (1).png
Pterocarpus erinaceus/sub_054/3403. Pterocarpus erinaceus.4 (103).png,train/Pterocarpus erinaceus/3403. Pterocarpus erinaceus.4 (103).png
Afzelia africana/sub_001/doussie0_2.png,train/Afzelia africana/doussie0_2.png
Peltogyne pubescens/sub_050/3377. Peltogyne pubescens.8 (272).png,train/Peltogyne pubescens/3377. Peltogyne pubescens.8 (272).png
Guibourtia coleosperma/sub_021/Guibourtia coleosperma_3253.7 (18).png,train/Guibourtia coleosperma/Guibourtia coleosperma_3253.7 (18).png
Pterocarpus indicus/sub_019/3395. Pterocarpus indicus.9 (269).png,train/Pterocarpus indicus/3395. Pterocarpus indicus.9 (269).png
Guibourtia coleosperma/sub_057/Guibourtia coleosperma_3253.9 (23).png,train/Guibourtia coleosperma/Guibourtia coleosperma_3253.9 (23).png
Guibourtia ehie/sub_068/Guibourtia ehie_FEHC134_2_(60).png,train/Guibourtia ehie/Guibourtia ehie_FEHC134_2_(60).png
Guibourtia arnoldiana/sub_004/3411. Guibourtia arnoldiana.7 (218).png,train/Guibourtia arnoldiana/3411. Guibourtia arnoldiana.7 (218).png
Dalbergia tonkinensis/sub_042/3353. Dalbergia tonkinensis.1.(10).png,train/Dalbergia tonkinensis/3353. Dalbergia tonkinensis.1.(10).png
Pterocarpus erinaceus/sub_029/3403. Pterocarpus erinaceus.3 (87).png,train/Pterocarpus erinaceus/3403. Pterocarpus erinaceus.3 (87).png
Guibourtia coleosperma/sub_039/Guibourtia coleosperma_3253.7 (6).png,train/Guibourtia coleosperma/Guibourtia coleosperma_3253.7 (6).png
Afzelia africana/sub_034/doussie14_1.png,train/Afzelia africana/doussie14_1.png
Pterocarpus soyauxii/sub_088/125_1.png,train/Pterocarpus soyauxii/125_1__8f403a19.png
Sindora tonkinensis/sub_018/3381. Sindora tonkinensis.9 (289).png,train/Sindora tonkinensis/3381. Sindora tonkinensis.9 (289).png
Guibourtia arnoldiana/sub_004/3411. Guibourtia arnoldiana.8 (251).png,train/Guibourtia arnoldiana/3411. Guibourtia arnoldiana.8 (251).png
Pterocarpus soyauxii/sub_084/132.png,train/Pterocarpus soyauxii/132__a6fdcf44.png
Pterocarpus sp/sub_066/159.png,train/Pterocarpus sp/159__4c9f73ef.png
Peltogyne pubescens/sub_027/3377. Peltogyne pubescens.10 (372).png,train/Peltogyne pubescens/3377. Peltogyne pubescens.10 (372).png
Pterocarpus indicus/sub_060/3395. Pterocarpus indicus.3 (93).png,train/Pterocarpus indicus/3395. Pterocarpus indicus.3 (93).png
Dalbergia melanoxylon/sub_055/3352. Dalbergia melanoxylon.4.(115).png,train/Dalbergia melanoxylon/3352. Dalbergia melanoxylon.4.(115).png
Pterocarpus macrocarpus/sub_002/118.png,train/Pterocarpus macrocarpus/118__df0a64aa.png
Afzelia quanzensis/sub_069/135.png,train/Afzelia quanzensis/135__b7328b3a.png
Dalbergia tonkinensis/sub_002/3353. Dalbergia tonkinensis.5.(156).png,train/Dalbergia tonkinensis/3353. Dalbergia tonkinensis.5.(156).png
Pterocarpus erinaceus/sub_010/3403. Pterocarpus erinaceus.8 (234).png,train/Pterocarpus erinaceus/3403. Pterocarpus erinaceus.8 (234).png
Sindora cochinchinensis/sub_090/gụ42_2.png,train/Sindora cochinchinensis/gụ42_2.png
Pterocarpus indicus/sub_019/3395. Pterocarpus indicus.3 (77).png,train/Pterocarpus indicus/3395. Pterocarpus indicus.3 (77).png
Dalbergia rimosa/sub_021/3414. Dalbergia rimosa.3 (75).png,train/Dalbergia rimosa/3414. Dalbergia rimosa.3 (75).png
Pterocarpus sp/sub_022/134_1.png,train/Pterocarpus sp/134_1.png
Afzelia bella/sub_004/Afzelia bella_OGHV743_(223).png,train/Afzelia bella/Afzelia bella_OGHV743_(223).png
Afzelia quanzensis/sub_067/116.png,train/Afzelia quanzensis/116__ff3abc77.png
Dalbergia oliveri/sub_005/Dalbergia oliveri_3237.6_ (12).png,train/Dalbergia oliveri/Dalbergia oliveri_3237.6_ (12).png
Pterocarpus macrocarpus/sub_084/125_4.png,train/Pterocarpus macrocarpus/125_4.png
Guibourtia arnoldiana/sub_011/3411. Guibourtia arnoldiana.2 (43).png,train/Guibourtia arnoldiana/3411. Guibourtia arnoldiana.2 (43).png
Peltogyne pubescens/sub_020/3377. Peltogyne pubescens.2 (55).png,train/Peltogyne pubescens/3377. Peltogyne pubescens.2 (55).png
Sindora cochinchinensis/sub_015/gụ30.png,train/Sindora cochinchinensis/gụ30__22b9ef12.png
Pterocarpus macrocarpus/sub_050/16_1.png,train/Pterocarpus macrocarpus/16_1.png
Pterocarpus soyauxii/sub_011/156_2.png,train/Pterocarpus soyauxii/156_2.png
Dalbergia rimosa/sub_014/3414. Dalbergia rimosa.8 (215).png,train/Dalbergia rimosa/3414. Dalbergia rimosa.8 (215).png
Afzelia africana/sub_050/doussie10.png,train/Afzelia africana/doussie10__277be1be.png
Sindora cochinchinensis/sub_074/gụ8_2.png,train/Sindora cochinchinensis/gụ8_2.png
Pterocarpus macrocarpus/sub_052/124_2.png,train/Pterocarpus macrocarpus/124_2.png
Sindora tonkinensis/sub_073/3381. Sindora tonkinensis.10 (309).png,train/Sindora tonkinensis/3381. Sindora tonkinensis.10 (309).png
Dalbergia oliveri/sub_022/Dalbergia oliveri_3237.1_ (21).png,train/Dalbergia oliveri/Dalbergia oliveri_3237.1_ (21).png
Guibourtia arnoldiana/sub_022/3411. Guibourtia arnoldiana.1 (7).png,train/Guibourtia arnoldiana/3411. Guibourtia arnoldiana.1 (7).png
Afzelia bella/sub_033/Afzelia bella_LYSV052_(175).png,train/Afzelia bella/Afzelia bella_LYSV052_(175).png
Afzelia africana/sub_055/doussie36.png,train/Afzelia africana/doussie36.png
Pterocarpus macrocarpus/sub_054/131_1.png,train/Pterocarpus macrocarpus/131_1.png
Dalbergia melanoxylon/sub_013/3352. Dalbergia melanoxylon.3.(86).png,train/Dalbergia melanoxylon/3352. Dalbergia melanoxylon.3.(86).png
Afzelia bella/sub_040/Afzelia bella_LYSV052_(165).png,train/Afzelia bella/Afzelia bella_LYSV052_(165).png
Afzelia quanzensis/sub_028/147_1.png,train/Afzelia quanzensis/147_1.png
Dalbergia oliveri/sub_009/Dalbergia oliveri_3237.3_ (25).png,train/Dalbergia oliveri/Dalbergia oliveri_3237.3_ (25).png
Sindora tonkinensis/sub_068/3381. Sindora tonkinensis.10 (316).png,train/Sindora tonkinensis/3381. Sindora tonkinensis.10 (316).png
Pterocarpus soyauxii/sub_092/132_1.png,train/Pterocarpus soyauxii/132_1__21cac607.png
Guibourtia ehie/sub_039/Guibourtia ehie_QAMZ768_7_(260).png,train/Guibourtia ehie/Guibourtia ehie_QAMZ768_7_(260).png
Pterocarpus soyauxii/sub_038/117_1.png,train/Pterocarpus soyauxii/117_1.png
Sindora tonkinensis/sub_016/3381. Sindora tonkinensis.8 (249).png,train/Sindora tonkinensis/3381. Sindora tonkinensis.8 (249).png
Pterocarpus erinaceus/sub_028/3403. Pterocarpus erinaceus.9 (272).png,train/Pterocarpus erinaceus/3403. Pterocarpus erinaceus.9 (272).png
Sindora tonkinensis/sub_065/3381. Sindora tonkinensis.8 (230).png,train/Sindora tonkinensis/3381. Sindora tonkinensis.8 (230).png
Pterocarpus soyauxii/sub_019/171.png,train/Pterocarpus soyauxii/171.png
Pterocarpus indicus/sub_003/3395. Pterocarpus indicus.6 (184).png,train/Pterocarpus indicus/3395. Pterocarpus indicus.6 (184).png
Dalbergia tonkinensis/sub_013/3353. Dalbergia tonkinensis.4.(121).png,train/Dalbergia tonkinensis/3353. Dalbergia tonkinensis.4.(121).png
Dalbergia tonkinensis/sub_045/3353. Dalbergia tonkinensis.9.(289).png,train/Dalbergia tonkinensis/3353. Dalbergia tonkinensis.9.(289).png
Dalbergia oliveri/sub_002/Dalbergia oliveri_3237.8_ (10).png,train/Dalbergia oliveri/Dalbergia oliveri_3237.8_ (10).png
Sindora cochinchinensis/sub_052/gụ77_1.png,train/Sindora cochinchinensis/gụ77_1.png
Guibourtia coleosperma/sub_012/Guibourtia coleosperma_3253.2 (6).png,train/Guibourtia coleosperma/Guibourtia coleosperma_3253.2 (6).png
Peltogyne pubescens/sub_062/3377. Peltogyne pubescens.7 (229).png,train/Peltogyne pubescens/3377. Peltogyne pubescens.7 (229).png
Afzelia pachyloba/sub_047/5.3_1.png,train/Afzelia pachyloba/5.3_1__48f3ad4a.png
Sindora cochinchinensis/sub_046/gụ74_1.png,train/Sindora cochinchinensis/gụ74_1__02925b6a.png
Pterocarpus erinaceus/sub_043/3403. Pterocarpus erinaceus.6 (195).png,train/Pterocarpus erinaceus/3403. Pterocarpus erinaceus.6 (195).png
Afzelia bella/sub_082/Afzelia bella_QUAV174_(291).png,train/Afzelia bella/Afzelia bella_QUAV174_(291).png
Dalbergia rimosa/sub_033/3414. Dalbergia rimosa.3 (64).png,train/Dalbergia rimosa/3414. Dalbergia rimosa.3 (64).png
Pterocarpus macrocarpus/sub_005/10_2.png,train/Pterocarpus macrocarpus/10_2__103984f2.png
Guibourtia arnoldiana/sub_026/3411. Guibourtia arnoldiana.4 (118).png,train/Guibourtia arnoldiana/3411. Guibourtia arnoldiana.4 (118).png
Sindora cochinchinensis/sub_017/gụ23_1.png,train/Sindora cochinchinensis/gụ23_1.png
Afzelia bella/sub_038/Afzelia bella_WJSV740_10_36126.png,train/Afzelia bella/Afzelia bella_WJSV740_10_36126.png
Guibourtia ehie/sub_058/Guibourtia ehie_UORX694_10_(378).png,train/Guibourtia ehie/Guibourtia ehie_UORX694_10_(378).png
Guibourtia coleosperma/sub_061/Guibourtia coleosperma_3253.9 (31).png,train/Guibourtia coleosperma/Guibourtia coleosperma_3253.9 (31).png
Pterocarpus soyauxii/sub_076/139_1_1.png,train/Pterocarpus soyauxii/139_1_1.png
Dalbergia tonkinensis/sub_052/3353. Dalbergia tonkinensis.8.(239).png,train/Dalbergia tonkinensis/3353. Dalbergia tonkinensis.8.(239).png
Dalbergia melanoxylon/sub_010/3352. Dalbergia melanoxylon.1.(28).png,train/Dalbergia melanoxylon/3352. Dalbergia melanoxylon.1.(28).png
Afzelia quanzensis/sub_069/130_1.png,train/Afzelia quanzensis/130_1__1b366fb9.png
Afzelia pachyloba/sub_018/4.1.png,train/Afzelia pachyloba/4.1.png
Pterocarpus sp/sub_054/157_3.png,train/Pterocarpus sp/157_3.png
Pterocarpus soyauxii/sub_007/111_2.png,train/Pterocarpus soyauxii/111_2.png
Guibourtia ehie/sub_032/Guibourtia ehie_GHQN943_3_(85).png,train/Guibourtia ehie/Guibourtia ehie_GHQN943_3_(85).png
Dalbergia melanoxylon/sub_013/3352. Dalbergia melanoxylon.4.(110).png,train/Dalbergia melanoxylon/3352. Dalbergia melanoxylon.4.(110).png
Sindora cochinchinensis/sub_082/gụ74.png,train/Sindora cochinchinensis/gụ74.png
Sindora tonkinensis/sub_023/3381. Sindora tonkinensis.10 (327).png,train/Sindora tonkinensis/3381. Sindora tonkinensis.10 (327).png
Sindora cochinchinensis/sub_002/gụ32.png,train/Sindora cochinchinensis/gụ32__04eb64d1.png
Dalbergia oliveri/sub_026/Dalbergia oliveri_3237.5_ (21).png,train/Dalbergia oliveri/Dalbergia oliveri_3237.5_ (21).png
Dalbergia tonkinensis/sub_001/3353. Dalbergia tonkinensis.10.(315).png,train/Dalbergia tonkinensis/3353. Dalbergia tonkinensis.10.(315).png
Dalbergia cochinchinensis/sub_034/Dalbergia cochinchinensis.3280.5 (21).png,train/Dalbergia cochinchinensis/Dalbergia cochinchinensis.3280.5 (21).png
Dalbergia cochinchinensis/sub_034/Dalbergia cochinchinensis.3280.8 (14).png,train/Dalbergia cochinchinensis/Dalbergia cochinchinensis.3280.8 (14).png
Pterocarpus sp/sub_001/139_3.png,train/Pterocarpus sp/139_3.png
Pterocarpus sp/sub_043/128_3.png,train/Pterocarpus sp/128_3.png
Guibourtia arnoldiana/sub_042/3411. Guibourtia arnoldiana.3 (75).png,train/Guibourtia arnoldiana/3411. Guibourtia arnoldiana.3 (75).png
Pterocarpus soyauxii/sub_034/127.png,train/Pterocarpus soyauxii/127.png
Pterocarpus indicus/sub_004/3395. Pterocarpus indicus.1 (18).png,train/Pterocarpus indicus/3395. Pterocarpus indicus.1 (18).png
Dalbergia rimosa/sub_013/3414. Dalbergia rimosa.9 (258).png,train/Dalbergia rimosa/3414. Dalbergia rimosa.9 (258).png
Dalbergia oliveri/sub_073/Dalbergia oliveri_3237.6_ (15).png,train/Dalbergia oliveri/Dalbergia oliveri_3237.6_ (15).png
Pterocarpus sp/sub_001/121.png,train/Pterocarpus sp/121.png
Sindora cochinchinensis/sub_009/gụ47.png,train/Sindora cochinchinensis/gụ47__f488ab94.png
Afzelia africana/sub_053/doussie31_1.png,train/Afzelia africana/doussie31_1.png
Dalbergia cochinchinensis/sub_019/Dalbergia cochinchinensis.3280.6 (30).png,train/Dalbergia cochinchinensis/Dalbergia cochinchinensis.3280.6 (30).png
Guibourtia coleosperma/sub_047/Guibourtia coleosperma_3253.11 (11).png,train/Guibourtia coleosperma/Guibourtia coleosperma_3253.11 (11).png
Afzelia africana/sub_057/doussie26_2.png,train/Afzelia africana/doussie26_2.png
Pterocarpus indicus/sub_037/3395. Pterocarpus indicus.6 (183).png,train/Pterocarpus indicus/3395. Pterocarpus indicus.6 (183).png
Peltogyne pubescens/sub_061/3377. Peltogyne pubescens.9 (315).png,train/Peltogyne pubescens/3377. Peltogyne pubescens.9 (315).png
Sindora cochinchinensis/sub_028/gụ102.png,train/Sindora cochinchinensis/gụ102.png
Dalbergia rimosa/sub_037/3414. Dalbergia rimosa.7 (203).png,train/Dalbergia rimosa/3414. Dalbergia rimosa.7 (203).png
Pterocarpus erinaceus/sub_020/3403. Pterocarpus erinaceus.1(15).png,train/Pterocarpus erinaceus/3403. Pterocarpus erinaceus.1(15).png
Pterocarpus erinaceus/sub_050/3403. Pterocarpus erinaceus.1(19).png,train/Pterocarpus erinaceus/3403. Pterocarpus erinaceus.1(19).png
Dalbergia cochinchinensis/sub_007/Dalbergia cochinchinensis.3280.3 (18).png,train/Dalbergia cochinchinensis/Dalbergia cochinchinensis.3280.3 (18).png
Dalbergia tonkinensis/sub_052/3353. Dalbergia tonkinensis.8.(244).png,train/Dalbergia tonkinensis/3353. Dalbergia tonkinensis.8.(244).png
Pterocarpus soyauxii/sub_070/140_2.png,train/Pterocarpus soyauxii/140_2.png
Sindora tonkinensis/sub_042/3381. Sindora tonkinensis.10 (308).png,train/Sindora tonkinensis/3381. Sindora tonkinensis.10 (308).png
Dalbergia melanoxylon/sub_032/3352. Dalbergia melanoxylon.5.(148).png,train/Dalbergia melanoxylon/3352. Dalbergia melanoxylon.5.(148).png
Pterocarpus soyauxii/sub_017/11_1.png,train/Pterocarpus soyauxii/11_1.png
Peltogyne pubescens/sub_038/3377. Peltogyne pubescens.10 (349).png,train/Peltogyne pubescens/3377. Peltogyne pubescens.10 (349).png
Dalbergia cochinchinensis/sub_006/Dalbergia cochinchinensis.3280.3 (2).png,train/Dalbergia cochinchinensis/Dalbergia cochinchinensis.3280.3 (2).png
Pterocarpus soyauxii/sub_048/141_1.png,train/Pterocarpus soyauxii/141_1.png
Sindora cochinchinensis/sub_013/gụ53_2.png,train/Sindora cochinchinensis/gụ53_2.png
Pterocarpus sp/sub_020/14_1_1.png,train/Pterocarpus sp/14_1_1.png
Pterocarpus sp/sub_036/113.png,train/Pterocarpus sp/113__dfacd2bd.png
Afzelia pachyloba/sub_040/4.4_3.png,train/Afzelia pachyloba/4.4_3.png
Afzelia quanzensis/sub_005/142_4.png,train/Afzelia quanzensis/142_4.png
Dalbergia oliveri/sub_064/Dalbergia oliveri_3237.7_ (3).png,train/Dalbergia oliveri/Dalbergia oliveri_3237.7_ (3).png
Pterocarpus soyauxii/sub_026/129_1.png,train/Pterocarpus soyauxii/129_1__81be51a3.png
Sindora cochinchinensis/sub_029/gụ2.png,train/Sindora cochinchinensis/gụ2.png
Guibourtia ehie/sub_061/Guibourtia ehie_SXGM640_8_(310).png,train/Guibourtia ehie/Guibourtia ehie_SXGM640_8_(310).png
Pterocarpus erinaceus/sub_051/3403. Pterocarpus erinaceus.1(27).png,train/Pterocarpus erinaceus/3403. Pterocarpus erinaceus.1(27).png
Guibourtia arnoldiana/sub_054/3411. Guibourtia arnoldiana.3 (89).png,train/Guibourtia arnoldiana/3411. Guibourtia arnoldiana.3 (89).png
Pterocarpus erinaceus/sub_034/3403. Pterocarpus erinaceus.2 (52).png,train/Pterocarpus erinaceus/3403. Pterocarpus erinaceus.2 (52).png
Sindora cochinchinensis/sub_054/gụ52.png,train/Sindora cochinchinensis/gụ52__9da0395a.png
Dalbergia cochinchinensis/sub_014/Dalbergia cochinchinensis.3280.9 (29).png,train/Dalbergia cochinchinensis/Dalbergia cochinchinensis.3280.9 (29).png
Pterocarpus soyauxii/sub_038/113_1.png,train/Pterocarpus soyauxii/113_1.png
Dalbergia cochinchinensis/sub_031/Dalbergia cochinchinensis.3280.1 (15).png,train/Dalbergia cochinchinensis/Dalbergia cochinchinensis.3280.1 (15).png
Guibourtia ehie/sub_061/Guibourtia ehie_PRQC042_5_(198).png,train/Guibourtia ehie/Guibourtia ehie_PRQC042_5_(198).png
Guibourtia ehie/sub_004/Guibourtia ehie_PRQC042_5_(173).png,train/Guibourtia ehie/Guibourtia ehie_PRQC042_5_(173).png
Dalbergia cochinchinensis/sub_009/Dalbergia cochinchinensis.3280.7 (8).png,train/Dalbergia cochinchinensis/Dalbergia cochinchinensis.3280.7 (8).png
Pterocarpus soyauxii/sub_044/124_2_1.png,train/Pterocarpus soyauxii/124_2_1.png
Pterocarpus soyauxii/sub_001/150.png,train/Pterocarpus soyauxii/150__447a0492.png
Afzelia quanzensis/sub_007/143.png,train/Afzelia quanzensis/143__ca5ffb3d.png
Pterocarpus soyauxii/sub_012/119.png,train/Pterocarpus soyauxii/119__f597839c.png
Afzelia quanzensis/sub_060/144_2.png,train/Afzelia quanzensis/144_2.png
Afzelia quanzensis/sub_038/157.png,train/Afzelia quanzensis/157.png
Guibourtia coleosperma/sub_047/Guibourtia coleosperma_3253.1 (19).png,train/Guibourtia coleosperma/Guibourtia coleosperma_3253.1 (19).png
Guibourtia coleosperma/sub_001/Guibourtia coleosperma_3253.8 (4).png,train/Guibourtia coleosperma/Guibourtia coleosperma_3253.8 (4).png
Pterocarpus macrocarpus/sub_012/11_2.png,train/Pterocarpus macrocarpus/11_2.png
Afzelia pachyloba/sub_019/3.2_1.png,train/Afzelia pachyloba/3.2_1.png
Afzelia africana/sub_057/doussie24_1_1.png,train/Afzelia africana/doussie24_1_1.png
Peltogyne pubescens/sub_035/3377. Peltogyne pubescens.1 (11).png,train/Peltogyne pubescens/3377. Peltogyne pubescens.1 (11).png
Dalbergia cochinchinensis/sub_006/Dalbergia cochinchinensis.3280.7 (14).png,train/Dalbergia cochinchinensis/Dalbergia cochinchinensis.3280.7 (14).png
Guibourtia ehie/sub_080/Guibourtia ehie_PRQC042_5_(194).png,train/Guibourtia ehie/Guibourtia ehie_PRQC042_5_(194).png
Dalbergia cochinchinensis/sub_022/Dalbergia cochinchinensis.3280.5 (2).png,train/Dalbergia cochinchinensis/Dalbergia cochinchinensis.3280.5 (2).png
Pterocarpus macrocarpus/sub_040/15_4.png,train/Pterocarpus macrocarpus/15_4.png
Pterocarpus macrocarpus/sub_078/135.png,train/Pterocarpus macrocarpus/135__0a6252fc.png
Guibourtia coleosperma/sub_021/Guibourtia coleosperma_3253.7 (7).png,train/Guibourtia coleosperma/Guibourtia coleosperma_3253.7 (7).png
Pterocarpus macrocarpus/sub_045/110_5.png,train/Pterocarpus macrocarpus/110_5.png
Dalbergia oliveri/sub_010/Dalbergia oliveri_3237.6_ (7).png,train/Dalbergia oliveri/Dalbergia oliveri_3237.6_ (7).png
Afzelia pachyloba/sub_014/4.2_2.png,train/Afzelia pachyloba/4.2_2.png
Pterocarpus sp/sub_089/135_2.png,train/Pterocarpus sp/135_2.png
Pterocarpus erinaceus/sub_015/3403. Pterocarpus erinaceus.2 (51).png,train/Pterocarpus erinaceus/3403. Pterocarpus erinaceus.2 (51).png
Dalbergia melanoxylon/sub_017/3352. Dalbergia melanoxylon.10.(281).png,train/Dalbergia melanoxylon/3352. Dalbergia melanoxylon.10.(281).png
Afzelia bella/sub_033/Afzelia bella_QUAV174_(297).png,train/Afzelia bella/Afzelia bella_QUAV174_(297).png
Dalbergia cochinchinensis/sub_005/Dalbergia cochinchinensis.3280.10 (33).png,train/Dalbergia cochinchinensis/Dalbergia cochinchinensis.3280.10 (33).png
Guibourtia arnoldiana/sub_007/3411. Guibourtia arnoldiana.10 (322).png,train/Guibourtia arnoldiana/3411. Guibourtia arnoldiana.10 (322).png
Dalbergia oliveri/sub_034/Dalbergia oliveri_3237.2_ (13).png,train/Dalbergia oliveri/Dalbergia oliveri_3237.2_ (13).png
Guibourtia coleosperma/sub_046/Guibourtia coleosperma_3253.3 (15).png,train/Guibourtia coleosperma/Guibourtia coleosperma_3253.3 (15).png
Afzelia quanzensis/sub_004/141_2.png,train/Afzelia quanzensis/141_2.png
Dalbergia oliveri/sub_045/Dalbergia oliveri_3237.7_ (32).png,train/Dalbergia oliveri/Dalbergia oliveri_3237.7_ (32).png
Dalbergia cochinchinensis/sub_005/Dalbergia cochinchinensis.3280.9 (2).png,train/Dalbergia cochinchinensis/Dalbergia cochinchinensis.3280.9 (2).png
Pterocarpus indicus/sub_001/3395. Pterocarpus indicus.8 (235).png,train/Pterocarpus indicus/3395. Pterocarpus indicus.8 (235).png
Pterocarpus indicus/sub_022/3395. Pterocarpus indicus.8 (247).png,train/Pterocarpus indicus/3395. Pterocarpus indicus.8 (247).png
Afzelia quanzensis/sub_013/14_4.png,train/Afzelia quanzensis/14_4.png
Pterocarpus macrocarpus/sub_013/148_1.png,train/Pterocarpus macrocarpus/148_1__c8963884.png
Guibourtia ehie/sub_022/Guibourtia ehie_KREW954_4_(138).png,train/Guibourtia ehie/Guibourtia ehie_KREW954_4_(138).png
Dalbergia oliveri/sub_012/Dalbergia oliveri_3237.9_ (12).png,train/Dalbergia oliveri/Dalbergia oliveri_3237.9_ (12).png
Dalbergia cochinchinensis/sub_018/Dalbergia cochinchinensis.3280.5 (30).png,train/Dalbergia cochinchinensis/Dalbergia cochinchinensis.3280.5 (30).png
Afzelia quanzensis/sub_009/124_1.png,train/Afzelia quanzensis/124_1.png
Guibourtia ehie/sub_015/Guibourtia ehie_QAMZ768_7_(253).png,train/Guibourtia ehie/Guibourtia ehie_QAMZ768_7_(253).png
Peltogyne pubescens/sub_054/3377. Peltogyne pubescens.1 (24).png,train/Peltogyne pubescens/3377. Peltogyne pubescens.1 (24).png
Afzelia bella/sub_046/Afzelia bella_LYSV052_(167).png,train/Afzelia bella/Afzelia bella_LYSV052_(167).png
Pterocarpus sp/sub_062/163.png,train/Pterocarpus sp/163__b36c6e67.png
Pterocarpus macrocarpus/sub_039/128_2.png,train/Pterocarpus macrocarpus/128_2.png
Afzelia bella/sub_063/Afzelia bella_GCJA653_(114).png,train/Afzelia bella/Afzelia bella_GCJA653_(114).png
Guibourtia arnoldiana/sub_016/3411. Guibourtia arnoldiana.9 (273).png,train/Guibourtia arnoldiana/3411. Guibourtia arnoldiana.9 (273).png
Pterocarpus sp/sub_096/19_2.png,train/Pterocarpus sp/19_2.png
Pterocarpus soyauxii/sub_050/124_1.png,train/Pterocarpus soyauxii/124_1.png
Dalbergia tonkinensis/sub_002/3353. Dalbergia tonkinensis.8.(256).png,train/Dalbergia tonkinensis/3353. Dalbergia tonkinensis.8.(256).png
Pterocarpus sp/sub_001/150_3.png,train/Pterocarpus sp/150_3.png
Dalbergia rimosa/sub_032/3414. Dalbergia rimosa.4 (119).png,train/Dalbergia rimosa/3414. Dalbergia rimosa.4 (119).png
Dalbergia oliveri/sub_034/Dalbergia oliveri_3237.7_ (33).png,train/Dalbergia oliveri/Dalbergia oliveri_3237.7_ (33).png
Guibourtia arnoldiana/sub_019/3411. Guibourtia arnoldiana.5 (154).png,train/Guibourtia arnoldiana/3411. Guibourtia arnoldiana.5 (154).png
Afzelia bella/sub_021/Afzelia bella_FFCA657_9_32134.png,train/Afzelia bella/Afzelia bella_FFCA657_9_32134.png
Dalbergia rimosa/sub_032/3414. Dalbergia rimosa.5 (146).png,train/Dalbergia rimosa/3414. Dalbergia rimosa.5 (146).png
Guibourtia arnoldiana/sub_022/3411. Guibourtia arnoldiana.10 (298).png,train/Guibourtia arnoldiana/3411. Guibourtia arnoldiana.10 (298).png
Afzelia quanzensis/sub_083/149_1.png,train/Afzelia quanzensis/149_1__ac9f84d3.png
Guibourtia ehie/sub_052/Guibourtia ehie_PRQC042_5_(168).png,train/Guibourtia ehie/Guibourtia ehie_PRQC042_5_(168).png
Guibourtia arnoldiana/sub_046/3411. Guibourtia arnoldiana.9 (269).png,train/Guibourtia arnoldiana/3411. Guibourtia arnoldiana.9 (269).png
Pterocarpus sp/sub_007/111_4.png,train/Pterocarpus sp/111_4.png
Guibourtia ehie/sub_015/Guibourtia ehie_CHYX256_1_(29).png,train/Guibourtia ehie/Guibourtia ehie_CHYX256_1_(29).png
Peltogyne pubescens/sub_027/3377. Peltogyne pubescens.3 (88).png,train/Peltogyne pubescens/3377. Peltogyne pubescens.3 (88).png
Afzelia bella/sub_008/Afzelia bella_GCJA653_(87).png,train/Afzelia bella/Afzelia bella_GCJA653_(87).png
Guibourtia ehie/sub_036/Guibourtia ehie_PRQC042_5_(165).png,train/Guibourtia ehie/Guibourtia ehie_PRQC042_5_(165).png
Dalbergia melanoxylon/sub_024/3352. Dalbergia melanoxylon.7.(204).png,train/Dalbergia melanoxylon/3352. Dalbergia melanoxylon.7.(204).png
Sindora cochinchinensis/sub_042/gụ47_1.png,train/Sindora cochinchinensis/gụ47_1__a1ea1023.png
Sindora cochinchinensis/sub_051/gụ19.png,train/Sindora cochinchinensis/gụ19.png
Afzelia quanzensis/sub_015/153_1.png,train/Afzelia quanzensis/153_1.png
Sindora tonkinensis/sub_019/3381. Sindora tonkinensis.9 (290).png,train/Sindora tonkinensis/3381. Sindora tonkinensis.9 (290).png
Pterocarpus soyauxii/sub_003/120_1.png,train/Pterocarpus soyauxii/120_1__763f8b04.png
Sindora cochinchinensis/sub_074/gụ38_2.png,train/Sindora cochinchinensis/gụ38_2.png
Pterocarpus soyauxii/sub_031/1121_1.png,train/Pterocarpus soyauxii/1121_1.png
Sindora cochinchinensis/sub_005/gụ105.png,train/Sindora cochinchinensis/gụ105.png
Pterocarpus soyauxii/sub_063/179.png,train/Pterocarpus soyauxii/179.png
Dalbergia melanoxylon/sub_003/3352. Dalbergia melanoxylon.5.(138).png,train/Dalbergia melanoxylon/3352. Dalbergia melanoxylon.5.(138).png
Dalbergia tonkinensis/sub_015/3353. Dalbergia tonkinensis.7.(205).png,train/Dalbergia tonkinensis/3353. Dalbergia tonkinensis.7.(205).png
Guibourtia ehie/sub_005/Guibourtia ehie_TLYO895_9_(341).png,train/Guibourtia ehie/Guibourtia ehie_TLYO895_9_(341).png
Pterocarpus soyauxii/sub_090/15_1.png,train/Pterocarpus soyauxii/15_1.png
Peltogyne pubescens/sub_011/3377. Peltogyne pubescens.3 (82).png,train/Peltogyne pubescens/3377. Peltogyne pubescens.3 (82).png
Dalbergia tonkinensis/sub_010/3353. Dalbergia tonkinensis.6.(170).png,train/Dalbergia tonkinensis/3353. Dalbergia tonkinensis.6.(170).png
Peltogyne pubescens/sub_005/3377. Peltogyne pubescens.2 (74).png,train/Peltogyne pubescens/3377. Peltogyne pubescens.2 (74).png
Guibourtia ehie/sub_018/Guibourtia ehie_PVFM153_6_(218).png,train/Guibourtia ehie/Guibourtia ehie_PVFM153_6_(218).png
Guibourtia ehie/sub_043/Guibourtia ehie_GHQN943_3_(101).png,train/Guibourtia ehie/Guibourtia ehie_GHQN943_3_(101).png
Guibourtia coleosperma/sub_025/Guibourtia coleosperma_3253.4 (27).png,train/Guibourtia coleosperma/Guibourtia coleosperma_3253.4 (27).png
Pterocarpus indicus/sub_056/3395. Pterocarpus indicus.6 (187).png,train/Pterocarpus indicus/3395. Pterocarpus indicus.6 (187).png
Guibourtia ehie/sub_034/Guibourtia ehie_PRQC042_5_(188).png,train/Guibourtia ehie/Guibourtia ehie_PRQC042_5_(188).png
Pterocarpus indicus/sub_013/3395. Pterocarpus indicus.7 (216).png,train/Pterocarpus indicus/3395. Pterocarpus indicus.7 (216).png
Pterocarpus macrocarpus/sub_089/12_1.png,train/Pterocarpus macrocarpus/12_1__b740437f.png
Dalbergia oliveri/sub_058/Dalbergia oliveri_3237.8_ (20).png,train/Dalbergia oliveri/Dalbergia oliveri_3237.8_ (20).png
Pterocarpus macrocarpus/sub_073/111_2.png,train/Pterocarpus macrocarpus/111_2.png
Pterocarpus macrocarpus/sub_045/126_5.png,train/Pterocarpus macrocarpus/126_5.png
Pterocarpus sp/sub_044/114_3.png,train/Pterocarpus sp/114_3.png
Guibourtia arnoldiana/sub_007/3411. Guibourtia arnoldiana.10 (307).png,train/Guibourtia arnoldiana/3411. Guibourtia arnoldiana.10 (307).png
Dalbergia tonkinensis/sub_047/3353. Dalbergia tonkinensis.9.(291).png,train/Dalbergia tonkinensis/3353. Dalbergia tonkinensis.9.(291).png
Pterocarpus indicus/sub_007/3395. Pterocarpus indicus.5 (140).png,train/Pterocarpus indicus/3395. Pterocarpus indicus.5 (140).png
Dalbergia rimosa/sub_012/3414. Dalbergia rimosa.1(12).png,train/Dalbergia rimosa/3414. Dalbergia rimosa.1(12).png
Dalbergia oliveri/sub_012/Dalbergia oliveri_3237.5_ (12).png,train/Dalbergia oliveri/Dalbergia oliveri_3237.5_ (12).png
Pterocarpus sp/sub_005/141_3.png,train/Pterocarpus sp/141_3.png
Guibourtia coleosperma/sub_057/Guibourtia coleosperma_3253.2 (19).png,train/Guibourtia coleosperma/Guibourtia coleosperma_3253.2 (19).png
Guibourtia ehie/sub_010/Guibourtia ehie_CHYX256_1_(36).png,train/Guibourtia ehie/Guibourtia ehie_CHYX256_1_(36).png
Pterocarpus sp/sub_078/11_2.png,train/Pterocarpus sp/11_2.png
Guibourtia coleosperma/sub_041/Guibourtia coleosperma_3253.2 (23).png,train/Guibourtia coleosperma/Guibourtia coleosperma_3253.2 (23).png
Pterocarpus sp/sub_087/130_1.png,train/Pterocarpus sp/130_1__18737068.png
Pterocarpus erinaceus/sub_005/3403. Pterocarpus erinaceus.9 (302).png,train/Pterocarpus erinaceus/3403. Pterocarpus erinaceus.9 (302).png
Dalbergia melanoxylon/sub_001/3352. Dalbergia melanoxylon.10.(263).png,train/Dalbergia melanoxylon/3352. Dalbergia melanoxylon.10.(263).png
Pterocarpus sp/sub_023/126_3.png,train/Pterocarpus sp/126_3.png
Dalbergia cochinchinensis/sub_007/Dalbergia cochinchinensis.3280.7 (9).png,train/Dalbergia cochinchinensis/Dalbergia cochinchinensis.3280.7 (9).png
Dalbergia cochinchinensis/sub_025/Dalbergia cochinchinensis.3280.10 (27).png,train/Dalbergia cochinchinensis/Dalbergia cochinchinensis.3280.10 (27).png
Pterocarpus erinaceus/sub_006/3403. Pterocarpus erinaceus.6 (198).png,train/Pterocarpus erinaceus/3403. Pterocarpus erinaceus.6 (198).png
Dalbergia tonkinensis/sub_024/3353. Dalbergia tonkinensis.1.(7).png,train/Dalbergia tonkinensis/3353. Dalbergia tonkinensis.1.(7).png
Afzelia africana/sub_026/doussie15_1.png,train/Afzelia africana/doussie15_1.png
Afzelia pachyloba/sub_002/4.4_2.png,train/Afzelia pachyloba/4.4_2.png
Dalbergia cochinchinensis/sub_021/Dalbergia cochinchinensis.3280.3 (29).png,train/Dalbergia cochinchinensis/Dalbergia cochinchinensis.3280.3 (29).png
Pterocarpus soyauxii/sub_009/133_1.png,train/Pterocarpus soyauxii/133_1__38a5c8c7.png
Dalbergia melanoxylon/sub_018/3352. Dalbergia melanoxylon.10.(266).png,train/Dalbergia melanoxylon/3352. Dalbergia melanoxylon.10.(266).png
Dalbergia oliveri/sub_015/Dalbergia oliveri_3237.2_ (32).png,train/Dalbergia oliveri/Dalbergia oliveri_3237.2_ (32).png
Guibourtia coleosperma/sub_050/Guibourtia coleosperma_3253.1 (14).png,train/Guibourtia coleosperma/Guibourtia coleosperma_3253.1 (14).png
Afzelia africana/sub_026/doussie40_1_1.png,train/Afzelia africana/doussie40_1_1.png
Dalbergia cochinchinensis/sub_007/Dalbergia cochinchinensis.3280.10 (26).png,train/Dalbergia cochinchinensis/Dalbergia cochinchinensis.3280.10 (26).png
Pterocarpus indicus/sub_004/3395. Pterocarpus indicus.6 (164).png,train/Pterocarpus indicus/3395. Pterocarpus indicus.6 (164).png
Dalbergia cochinchinensis/sub_066/Dalbergia cochinchinensis.3280.1 (5).png,train/Dalbergia cochinchinensis/Dalbergia cochinchinensis.3280.1 (5).png
Pterocarpus soyauxii/sub_034/118_3.png,train/Pterocarpus soyauxii/118_3.png
Pterocarpus soyauxii/sub_001/195.png,train/Pterocarpus soyauxii/195__365b8563.png
Dalbergia oliveri/sub_005/Dalbergia oliveri_3237.7_ (16).png,train/Dalbergia oliveri/Dalbergia oliveri_3237.7_ (16).png
Pterocarpus soyauxii/sub_003/116_1_1.png,train/Pterocarpus soyauxii/116_1_1.png
Dalbergia rimosa/sub_062/3414. Dalbergia rimosa.10 (292).png,train/Dalbergia rimosa/3414. Dalbergia rimosa.10 (292).png
Afzelia africana/sub_026/doussie45_1.png,train/Afzelia africana/doussie45_1.png
Dalbergia rimosa/sub_015/3414. Dalbergia rimosa.1(30).png,train/Dalbergia rimosa/3414. Dalbergia rimosa.1(30).png
Pterocarpus macrocarpus/sub_054/112_1.png,train/Pterocarpus macrocarpus/112_1__6ed264cb.png
Afzelia bella/sub_034/Afzelia bella_OGHV743_(235).png,train/Afzelia bella/Afzelia bella_OGHV743_(235).png
Dalbergia oliveri/sub_001/Dalbergia oliveri_3237.3_ (17).png,train/Dalbergia oliveri/Dalbergia oliveri_3237.3_ (17).png
Peltogyne pubescens/sub_056/3377. Peltogyne pubescens.3 (104).png,train/Peltogyne pubescens/3377. Peltogyne pubescens.3 (104).png
Pterocarpus macrocarpus/sub_027/137_2.png,train/Pterocarpus macrocarpus/137_2.png
Sindora tonkinensis/sub_072/3381. Sindora tonkinensis.10 (325).png,train/Sindora tonkinensis/3381. Sindora tonkinensis.10 (325).png
Pterocarpus soyauxii/sub_019/137.png,train/Pterocarpus soyauxii/137__3d4bed51.png
Peltogyne pubescens/sub_010/3377. Peltogyne pubescens.9 (297).png,train/Peltogyne pubescens/3377. Peltogyne pubescens.9 (297).png
Pterocarpus soyauxii/sub_037/122_1.png,train/Pterocarpus soyauxii/122_1__d8febaed.png
Dalbergia rimosa/sub_003/3414. Dalbergia rimosa.1(21).png,train/Dalbergia rimosa/3414. Dalbergia rimosa.1(21).png
Dalbergia oliveri/sub_027/Dalbergia oliveri_3237.10_ (4).png,train/Dalbergia oliveri/Dalbergia oliveri_3237.10_ (4).png
Dalbergia oliveri/sub_060/Dalbergia oliveri_3237.8_ (12).png,train/Dalbergia oliveri/Dalbergia oliveri_3237.8_ (12).png
Guibourtia arnoldiana/sub_043/3411. Guibourtia arnoldiana.8 (242).png,train/Guibourtia arnoldiana/3411. Guibourtia arnoldiana.8 (242).png
Afzelia quanzensis/sub_026/139_2.png,train/Afzelia quanzensis/139_2__1d7fccdc.png
Pterocarpus sp/sub_004/133_3.png,train/Pterocarpus sp/133_3.png
Pterocarpus indicus/sub_025/3395. Pterocarpus indicus.5 (138).png,train/Pterocarpus indicus/3395. Pterocarpus indicus.5 (138).png
Guibourtia arnoldiana/sub_001/3411. Guibourtia arnoldiana.8 (232).png,train/Guibourtia arnoldiana/3411. Guibourtia arnoldiana.8 (232).png
Dalbergia cochinchinensis/sub_033/Dalbergia cochinchinensis.3280.1 (20).png,train/Dalbergia cochinchinensis/Dalbergia cochinchinensis.3280.1 (20).png
Pterocarpus soyauxii/sub_004/161_1.png,train/Pterocarpus soyauxii/161_1.png
Afzelia quanzensis/sub_054/145_3.png,train/Afzelia quanzensis/145_3.png
Afzelia africana/sub_064/doussie7.png,train/Afzelia africana/doussie7.png
Afzelia africana/sub_025/doussie43.png,train/Afzelia africana/doussie43.png
Pterocarpus soyauxii/sub_096/126.png,train/Pterocarpus soyauxii/126__19b3c016.png
Pterocarpus indicus/sub_013/3395. Pterocarpus indicus.1 (2).png,train/Pterocarpus indicus/3395. Pterocarpus indicus.1 (2).png
Guibourtia arnoldiana/sub_018/3411. Guibourtia arnoldiana.5 (156).png,train/Guibourtia arnoldiana/3411. Guibourtia arnoldiana.5 (156).png
Dalbergia cochinchinensis/sub_051/Dalbergia cochinchinensis.3280.9 (13).png,train/Dalbergia cochinchinensis/Dalbergia cochinchinensis.3280.9 (13).png
Peltogyne pubescens/sub_028/3377. Peltogyne pubescens.2 (71).png,train/Peltogyne pubescens/3377. Peltogyne pubescens.2 (71).png
Guibourtia ehie/sub_069/Guibourtia ehie_GHQN943_3_(112).png,train/Guibourtia ehie/Guibourtia ehie_GHQN943_3_(112).png
Pterocarpus soyauxii/sub_043/112.png,train/Pterocarpus soyauxii/112__29cab2e7.png
Dalbergia rimosa/sub_001/3414. Dalbergia rimosa.10 (289).png,train/Dalbergia rimosa/3414. Dalbergia rimosa.10 (289).png
Dalbergia tonkinensis/sub_032/3353. Dalbergia tonkinensis.2.(51).png,train/Dalbergia tonkinensis/3353. Dalbergia tonkinensis.2.(51).png
Guibourtia arnoldiana/sub_002/3411. Guibourtia arnoldiana.5 (155).png,train/Guibourtia arnoldiana/3411. Guibourtia arnoldiana.5 (155).png
Dalbergia melanoxylon/sub_002/3352. Dalbergia melanoxylon.7.(183).png,train/Dalbergia melanoxylon/3352. Dalbergia melanoxylon.7.(183).png
Sindora cochinchinensis/sub_047/gụ5_1.png,train/Sindora cochinchinensis/gụ5_1.png
Dalbergia rimosa/sub_019/3414. Dalbergia rimosa.6 (162).png,train/Dalbergia rimosa/3414. Dalbergia rimosa.6 (162).png
Peltogyne pubescens/sub_028/3377. Peltogyne pubescens.6 (201).png,train/Peltogyne pubescens/3377. Peltogyne pubescens.6 (201).png
Pterocarpus soyauxii/sub_039/17.png,train/Pterocarpus soyauxii/17.png
Sindora cochinchinensis/sub_056/gụ37_1.png,train/Sindora cochinchinensis/gụ37_1.png
Afzelia africana/sub_042/doussie6.png,train/Afzelia africana/doussie6.png
Dalbergia tonkinensis/sub_022/3353. Dalbergia tonkinensis.7.(206).png,train/Dalbergia tonkinensis/3353. Dalbergia tonkinensis.7.(206).png
Guibourtia arnoldiana/sub_002/3411. Guibourtia arnoldiana.4 (99).png,train/Guibourtia arnoldiana/3411. Guibourtia arnoldiana.4 (99).png
Guibourtia coleosperma/sub_036/Guibourtia coleosperma_3253.10 (13).png,train/Guibourtia coleosperma/Guibourtia coleosperma_3253.10 (13).png
Guibourtia ehie/sub_048/Guibourtia ehie_KREW954_4_(148).png,train/Guibourtia ehie/Guibourtia ehie_KREW954_4_(148).png
Peltogyne pubescens/sub_022/3377. Peltogyne pubescens.2 (58).png,train/Peltogyne pubescens/3377. Peltogyne pubescens.2 (58).png
Pterocarpus soyauxii/sub_009/1109_1.png,train/Pterocarpus soyauxii/1109_1.png
Pterocarpus soyauxii/sub_090/116.png,train/Pterocarpus soyauxii/116__1266a279.png
Dalbergia cochinchinensis/sub_057/Dalbergia cochinchinensis.3280.5 (36).png,train/Dalbergia cochinchinensis/Dalbergia cochinchinensis.3280.5 (36).png
Sindora cochinchinensis/sub_017/gụ41.png,train/Sindora cochinchinensis/gụ41.png
Pterocarpus indicus/sub_024/3395. Pterocarpus indicus.4 (101).png,train/Pterocarpus indicus/3395. Pterocarpus indicus.4 (101).png
Dalbergia oliveri/sub_020/Dalbergia oliveri_3237.4_ (21).png,train/Dalbergia oliveri/Dalbergia oliveri_3237.4_ (21).png
Sindora tonkinensis/sub_011/3381. Sindora tonkinensis.3 (78).png,train/Sindora tonkinensis/3381. Sindora tonkinensis.3 (78).png
Dalbergia cochinchinensis/sub_006/Dalbergia cochinchinensis.3280.6 (27).png,train/Dalbergia cochinchinensis/Dalbergia cochinchinensis.3280.6 (27).png
Pterocarpus macrocarpus/sub_088/153_4.png,train/Pterocarpus macrocarpus/153_4.png
Dalbergia rimosa/sub_048/3414. Dalbergia rimosa.5 (127).png,train/Dalbergia rimosa/3414. Dalbergia rimosa.5 (127).png
Dalbergia rimosa/sub_001/3414. Dalbergia rimosa.1(1).png,train/Dalbergia rimosa/3414. Dalbergia rimosa.1(1).png
Afzelia quanzensis/sub_068/124.png,train/Afzelia quanzensis/124.png
Guibourtia ehie/sub_040/Guibourtia ehie_SXGM640_8_(320).png,train/Guibourtia ehie/Guibourtia ehie_SXGM640_8_(320).png
Pterocarpus macrocarpus/sub_076/144.png,train/Pterocarpus macrocarpus/144__6efb1513.png
Guibourtia coleosperma/sub_039/Guibourtia coleosperma_3253.1 (3).png,train/Guibourtia coleosperma/Guibourtia coleosperma_3253.1 (3).png
Dalbergia tonkinensis/sub_003/3353. Dalbergia tonkinensis.2.(46).png,train/Dalbergia tonkinensis/3353. Dalbergia tonkinensis.2.(46).png
Dalbergia melanoxylon/sub_013/3352. Dalbergia melanoxylon.5.(139).png,train/Dalbergia melanoxylon/3352. Dalbergia melanoxylon.5.(139).png
Pterocarpus soyauxii/sub_029/163_1.png,train/Pterocarpus soyauxii/163_1.png
Dalbergia oliveri/sub_037/Dalbergia oliveri_3237.10_ (19).png,train/Dalbergia oliveri/Dalbergia oliveri_3237.10_ (19).png
Pterocarpus macrocarpus/sub_002/133_3.png,train/Pterocarpus macrocarpus/133_3.png
Dalbergia oliveri/sub_046/Dalbergia oliveri_3237.8_ (18).png,train/Dalbergia oliveri/Dalbergia oliveri_3237.8_ (18).png
Dalbergia cochinchinensis/sub_002/Dalbergia cochinchinensis.3280.6 (2).png,train/Dalbergia cochinchinensis/Dalbergia cochinchinensis.3280.6 (2).png
Pterocarpus macrocarpus/sub_001/147_1.png,train/Pterocarpus macrocarpus/147_1__e826c9c5.png
Pterocarpus macrocarpus/sub_048/114_1.png,train/Pterocarpus macrocarpus/114_1__ab8bd0f9.png
Guibourtia arnoldiana/sub_018/3411. Guibourtia arnoldiana.9 (275).png,train/Guibourtia arnoldiana/3411. Guibourtia arnoldiana.9 (275).png
Pterocarpus sp/sub_049/15_1.png,train/Pterocarpus sp/15_1__027c3eb4.png
Sindora tonkinensis/sub_018/3381. Sindora tonkinensis.7 (210).png,train/Sindora tonkinensis/3381. Sindora tonkinensis.7 (210).png
Guibourtia coleosperma/sub_014/Guibourtia coleosperma_3253.10 (8).png,train/Guibourtia coleosperma/Guibourtia coleosperma_3253.10 (8).png
Pterocarpus indicus/sub_026/3395. Pterocarpus indicus.9 (257).png,train/Pterocarpus indicus/3395. Pterocarpus indicus.9 (257).png
Dalbergia cochinchinensis/sub_038/Dalbergia cochinchinensis.3280.8 (11).png,train/Dalbergia cochinchinensis/Dalbergia cochinchinensis.3280.8 (11).png
Pterocarpus macrocarpus/sub_015/127_6.png,train/Pterocarpus macrocarpus/127_6.png
Pterocarpus macrocarpus/sub_041/124_3.png,train/Pterocarpus macrocarpus/124_3.png
Afzelia bella/sub_018/Afzelia bella_WJSV740_10_36139.png,train/Afzelia bella/Afzelia bella_WJSV740_10_36139.png
Guibourtia ehie/sub_047/Guibourtia ehie_KREW954_4_(130).png,train/Guibourtia ehie/Guibourtia ehie_KREW954_4_(130).png
Sindora tonkinensis/sub_022/3381. Sindora tonkinensis.10 (318).png,train/Sindora tonkinensis/3381. Sindora tonkinensis.10 (318).png
Pterocarpus erinaceus/sub_026/3403. Pterocarpus erinaceus.10 (329).png,train/Pterocarpus erinaceus/3403. Pterocarpus erinaceus.10 (329).png
Afzelia quanzensis/sub_038/15_4.png,train/Afzelia quanzensis/15_4.png
Afzelia bella/sub_054/Afzelia bella_WJSV740_10_36114.png,train/Afzelia bella/Afzelia bella_WJSV740_10_36114.png
Afzelia bella/sub_014/Afzelia bella_HYBT691_(150).png,train/Afzelia bella/Afzelia bella_HYBT691_(150).png
Sindora tonkinensis/sub_001/3381. Sindora tonkinensis.1 (26).png,train/Sindora tonkinensis/3381. Sindora tonkinensis.1 (26).png
Afzelia africana/sub_018/doussie13_1.png,train/Afzelia africana/doussie13_1__87b0f37e.png
Pterocarpus soyauxii/sub_075/147.png,train/Pterocarpus soyauxii/147__12e81c53.png
Guibourtia arnoldiana/sub_001/3411. Guibourtia arnoldiana.7 (217).png,train/Guibourtia arnoldiana/3411. Guibourtia arnoldiana.7 (217).png
Sindora tonkinensis/sub_004/3381. Sindora tonkinensis.4 (102).png,train/Sindora tonkinensis/3381. Sindora tonkinensis.4 (102).png
Dalbergia melanoxylon/sub_020/3352. Dalbergia melanoxylon.4.(116).png,train/Dalbergia melanoxylon/3352. Dalbergia melanoxylon.4.(116).png
Guibourtia arnoldiana/sub_041/3411. Guibourtia arnoldiana.7 (196).png,train/Guibourtia arnoldiana/3411. Guibourtia arnoldiana.7 (196).png
Guibourtia ehie/sub_017/Guibourtia ehie_TLYO895_9_(353).png,train/Guibourtia ehie/Guibourtia ehie_TLYO895_9_(353).png
Pterocarpus sp/sub_072/114_1_1.png,train/Pterocarpus sp/114_1_1.png
Afzelia bella/sub_060/Afzelia bella_OGHV743_(224).png,train/Afzelia bella/Afzelia bella_OGHV743_(224).png
Pterocarpus macrocarpus/sub_094/119.png,train/Pterocarpus macrocarpus/119.png
Pterocarpus macrocarpus/sub_075/142.png,train/Pterocarpus macrocarpus/142.png
Pterocarpus erinaceus/sub_015/3403. Pterocarpus erinaceus.6 (197).png,train/Pterocarpus erinaceus/3403. Pterocarpus erinaceus.6 (197).png
Afzelia bella/sub_006/Afzelia bella_WJSV740_10_36116.png,train/Afzelia bella/Afzelia bella_WJSV740_10_36116.png
Guibourtia ehie/sub_004/Guibourtia ehie_SXGM640_8_(308).png,train/Guibourtia ehie/Guibourtia ehie_SXGM640_8_(308).png
Dalbergia oliveri/sub_010/Dalbergia oliveri_3237.8_ (7).png,train/Dalbergia oliveri/Dalbergia oliveri_3237.8_ (7).png
Dalbergia tonkinensis/sub_042/3353. Dalbergia tonkinensis.10.(323).png,train/Dalbergia tonkinensis/3353. Dalbergia tonkinensis.10.(323).png
Afzelia bella/sub_033/Afzelia bella_LYSV052_(170).png,train/Afzelia bella/Afzelia bella_LYSV052_(170).png
Afzelia quanzensis/sub_016/10_3.png,train/Afzelia quanzensis/10_3__9f93ce83.png
Afzelia quanzensis/sub_075/142.png,train/Afzelia quanzensis/142__b0f4e31e.png
Afzelia bella/sub_013/Afzelia bella_AMRX692_(46).png,train/Afzelia bella/Afzelia bella_AMRX692_(46).png
Afzelia bella/sub_001/Afzelia bella_WJSV740_10_36131.png,train/Afzelia bella/Afzelia bella_WJSV740_10_36131.png
Afzelia pachyloba/sub_006/3.2_2.png,train/Afzelia pachyloba/3.2_2.png
Guibourtia arnoldiana/sub_001/3411. Guibourtia arnoldiana.7 (211).png,train/Guibourtia arnoldiana/3411. Guibourtia arnoldiana.7 (211).png
Dalbergia cochinchinensis/sub_048/Dalbergia cochinchinensis.3280.6 (1).png,train/Dalbergia cochinchinensis/Dalbergia cochinchinensis.3280.6 (1).png
Pterocarpus macrocarpus/sub_005/111_3.png,train/Pterocarpus macrocarpus/111_3__cd2f6808.png
Dalbergia cochinchinensis/sub_043/Dalbergia cochinchinensis.3280.4 (6).png,train/Dalbergia cochinchinensis/Dalbergia cochinchinensis.3280.4 (6).png
Pterocarpus soyauxii/sub_008/122_1.png,train/Pterocarpus soyauxii/122_1__bcbce145.png
Guibourtia arnoldiana/sub_002/3411. Guibourtia arnoldiana.9 (282).png,train/Guibourtia arnoldiana/3411. Guibourtia arnoldiana.9 (282).png
Sindora cochinchinensis/sub_006/gụ68_1.png,train/Sindora cochinchinensis/gụ68_1.png
Dalbergia oliveri/sub_070/Dalbergia oliveri_3237.9_ (5).png,train/Dalbergia oliveri/Dalbergia oliveri_3237.9_ (5).png
Pterocarpus soyauxii/sub_056/146.png,train/Pterocarpus soyauxii/146__8bf2baf6.png
Dalbergia tonkinensis/sub_001/3353. Dalbergia tonkinensis.5.(153).png,train/Dalbergia tonkinensis/3353. Dalbergia tonkinensis.5.(153).png
Afzelia quanzensis/sub_044/127_1.png,train/Afzelia quanzensis/127_1.png
Afzelia bella/sub_042/Afzelia bella_OGHV743_(238).png,train/Afzelia bella/Afzelia bella_OGHV743_(238).png
Guibourtia ehie/sub_013/Guibourtia ehie_GHQN943_3_(102).png,train/Guibourtia ehie/Guibourtia ehie_GHQN943_3_(102).png
Afzelia quanzensis/sub_043/116_3.png,train/Afzelia quanzensis/116_3.png
Pterocarpus indicus/sub_056/3395. Pterocarpus indicus.4 (122).png,train/Pterocarpus indicus/3395. Pterocarpus indicus.4 (122).png
Afzelia quanzensis/sub_005/141_3.png,train/Afzelia quanzensis/141_3__2fc85026.png
Afzelia bella/sub_012/Afzelia bella_GCJA653_(96).png,train/Afzelia bella/Afzelia bella_GCJA653_(96).png
Pterocarpus erinaceus/sub_010/3403. Pterocarpus erinaceus.1(24).png,train/Pterocarpus erinaceus/3403. Pterocarpus erinaceus.1(24).png
Dalbergia melanoxylon/sub_001/3352. Dalbergia melanoxylon.1.(26).png,train/Dalbergia melanoxylon/3352. Dalbergia melanoxylon.1.(26).png
Dalbergia oliveri/sub_008/Dalbergia oliveri_3237.10_ (27).png,train/Dalbergia oliveri/Dalbergia oliveri_3237.10_ (27).png
Sindora tonkinensis/sub_029/3381. Sindora tonkinensis.5 (153).png,train/Sindora tonkinensis/3381. Sindora tonkinensis.5 (153).png
Afzelia africana/sub_043/doussie15_2.png,train/Afzelia africana/doussie15_2.png
Pterocarpus indicus/sub_033/3395. Pterocarpus indicus.10 (289).png,train/Pterocarpus indicus/3395. Pterocarpus indicus.10 (289).png
Peltogyne pubescens/sub_032/3377. Peltogyne pubescens.7 (257).png,train/Peltogyne pubescens/3377. Peltogyne pubescens.7 (257).png
Pterocarpus macrocarpus/sub_042/139_1.png,train/Pterocarpus macrocarpus/139_1.png
Dalbergia cochinchinensis/sub_022/Dalbergia cochinchinensis.3280.6 (5).png,train/Dalbergia cochinchinensis/Dalbergia cochinchinensis.3280.6 (5).png
Pterocarpus erinaceus/sub_055/3403. Pterocarpus erinaceus.2 (49).png,train/Pterocarpus erinaceus/3403. Pterocarpus erinaceus.2 (49).png
Pterocarpus sp/sub_043/130_5.png,train/Pterocarpus sp/130_5.png
Guibourtia ehie/sub_009/Guibourtia ehie_FEHC134_2_(44).png,train/Guibourtia ehie/Guibourtia ehie_FEHC134_2_(44).png
Afzelia africana/sub_026/doussie54.png,train/Afzelia africana/doussie54.png
Afzelia bella/sub_007/Afzelia bella_LYSV052_(183).png,train/Afzelia bella/Afzelia bella_LYSV052_(183).png
Pterocarpus soyauxii/sub_060/131_2.png,train/Pterocarpus soyauxii/131_2.png
Afzelia bella/sub_002/Afzelia bella_QCYD170_(241).png,train/Afzelia bella/Afzelia bella_QCYD170_(241).png
Pterocarpus erinaceus/sub_014/3403. Pterocarpus erinaceus.8 (245).png,train/Pterocarpus erinaceus/3403. Pterocarpus erinaceus.8 (245).png
Pterocarpus erinaceus/sub_004/3403. Pterocarpus erinaceus.3 (86).png,train/Pterocarpus erinaceus/3403. Pterocarpus erinaceus.3 (86).png
Dalbergia melanoxylon/sub_003/3352. Dalbergia melanoxylon.2 (47).png,train/Dalbergia melanoxylon/3352. Dalbergia melanoxylon.2 (47).png
Peltogyne pubescens/sub_020/3377. Peltogyne pubescens.5 (165).png,train/Peltogyne pubescens/3377. Peltogyne pubescens.5 (165).png
Pterocarpus macrocarpus/sub_048/164.png,train/Pterocarpus macrocarpus/164.png
Dalbergia melanoxylon/sub_022/3352. Dalbergia melanoxylon.10.(277).png,train/Dalbergia melanoxylon/3352. Dalbergia melanoxylon.10.(277).png
Guibourtia coleosperma/sub_014/Guibourtia coleosperma_3253.9 (6).png,train/Guibourtia coleosperma/Guibourtia coleosperma_3253.9 (6).png
Peltogyne pubescens/sub_025/3377. Peltogyne pubescens.9 (310).png,train/Peltogyne pubescens/3377. Peltogyne pubescens.9 (310).png
Pterocarpus soyauxii/sub_006/1107.png,train/Pterocarpus soyauxii/1107.png
Pterocarpus indicus/sub_019/3395. Pterocarpus indicus.6 (165).png,train/Pterocarpus indicus/3395. Pterocarpus indicus.6 (165).png
Dalbergia melanoxylon/sub_029/3352. Dalbergia melanoxylon.8.(225).png,train/Dalbergia melanoxylon/3352. Dalbergia melanoxylon.8.(225).png
Pterocarpus sp/sub_037/159_1.png,train/Pterocarpus sp/159_1.png
Afzelia quanzensis/sub_037/150_1.png,train/Afzelia quanzensis/150_1.png
Dalbergia rimosa/sub_034/3414. Dalbergia rimosa.6 (178).png,train/Dalbergia rimosa/3414. Dalbergia rimosa.6 (178).png
Afzelia bella/sub_018/Afzelia bella_QUAV174_(309).png,train/Afzelia bella/Afzelia bella_QUAV174_(309).png
Pterocarpus erinaceus/sub_021/3403. Pterocarpus erinaceus.2 (65).png,train/Pterocarpus erinaceus/3403. Pterocarpus erinaceus.2 (65).png
Dalbergia cochinchinensis/sub_001/Dalbergia cochinchinensis.3280.5 (4).png,train/Dalbergia cochinchinensis/Dalbergia cochinchinensis.3280.5 (4).png
Guibourtia ehie/sub_023/Guibourtia ehie_CHYX256_1_(25).png,train/Guibourtia ehie/Guibourtia ehie_CHYX256_1_(25).png
Pterocarpus soyauxii/sub_056/152_1.png,train/Pterocarpus soyauxii/152_1.png
Sindora cochinchinensis/sub_002/gụ54_1.png,train/Sindora cochinchinensis/gụ54_1.png
Guibourtia ehie/sub_008/Guibourtia ehie_GHQN943_3_(94).png,train/Guibourtia ehie/Guibourtia ehie_GHQN943_3_(94).png
Pterocarpus soyauxii/sub_006/115_1.png,train/Pterocarpus soyauxii/115_1__f50b89c2.png
Afzelia quanzensis/sub_029/115_1.png,train/Afzelia quanzensis/115_1__52a0c29d.png
Dalbergia cochinchinensis/sub_057/Dalbergia cochinchinensis.3280.5 (28).png,train/Dalbergia cochinchinensis/Dalbergia cochinchinensis.3280.5 (28).png
Dalbergia rimosa/sub_026/3414. Dalbergia rimosa.3 (65).png,train/Dalbergia rimosa/3414. Dalbergia rimosa.3 (65).png
Sindora cochinchinensis/sub_064/gụ55.png,train/Sindora cochinchinensis/gụ55__0ae2800a.png
Pterocarpus erinaceus/sub_025/3403. Pterocarpus erinaceus.3 (72).png,train/Pterocarpus erinaceus/3403. Pterocarpus erinaceus.3 (72).png
Afzelia africana/sub_040/doussie43_1.png,train/Afzelia africana/doussie43_1.png
Afzelia quanzensis/sub_061/112.png,train/Afzelia quanzensis/112__26fb9ec8.png
Afzelia bella/sub_041/Afzelia bella_FFCA657_9_3215.png,train/Afzelia bella/Afzelia bella_FFCA657_9_3215.png
Afzelia bella/sub_040/Afzelia bella_AMRX692_(66).png,train/Afzelia bella/Afzelia bella_AMRX692_(66).png
Pterocarpus sp/sub_007/157_2.png,train/Pterocarpus sp/157_2.png
Sindora tonkinensis/sub_001/3381. Sindora tonkinensis.3 (85).png,train/Sindora tonkinensis/3381. Sindora tonkinensis.3 (85).png
Pterocarpus macrocarpus/sub_040/118_2.png,train/Pterocarpus macrocarpus/118_2.png
Dalbergia tonkinensis/sub_011/3353. Dalbergia tonkinensis.1.(30).png,train/Dalbergia tonkinensis/3353. Dalbergia tonkinensis.1.(30).png
Afzelia bella/sub_018/Afzelia bella_WJSV740_10_36115.png,train/Afzelia bella/Afzelia bella_WJSV740_10_36115.png
Afzelia quanzensis/sub_063/145_1.png,train/Afzelia quanzensis/145_1.png
Dalbergia melanoxylon/sub_034/3352. Dalbergia melanoxylon.10.(285).png,train/Dalbergia melanoxylon/3352. Dalbergia melanoxylon.10.(285).png
Sindora cochinchinensis/sub_016/gụ7.png,train/Sindora cochinchinensis/gụ7.png
Pterocarpus indicus/sub_017/3395. Pterocarpus indicus.5 (127).png,train/Pterocarpus indicus/3395. Pterocarpus indicus.5 (127).png
Afzelia africana/sub_013/doussie47_1.png,train/Afzelia africana/doussie47_1__d2945110.png
Dalbergia rimosa/sub_037/3414. Dalbergia rimosa.2 (41).png,train/Dalbergia rimosa/3414. Dalbergia rimosa.2 (41).png
Sindora tonkinensis/sub_059/3381. Sindora tonkinensis.2 (47).png,train/Sindora tonkinensis/3381. Sindora tonkinensis.2 (47).png
Sindora tonkinensis/sub_014/3381. Sindora tonkinensis.5 (137).png,train/Sindora tonkinensis/3381. Sindora tonkinensis.5 (137).png
Dalbergia melanoxylon/sub_014/3352. Dalbergia melanoxylon.1.(13).png,train/Dalbergia melanoxylon/3352. Dalbergia melanoxylon.1.(13).png
Guibourtia ehie/sub_022/Guibourtia ehie_TLYO895_9_(349).png,train/Guibourtia ehie/Guibourtia ehie_TLYO895_9_(349).png
Dalbergia melanoxylon/sub_017/3352. Dalbergia melanoxylon.5.(146).png,train/Dalbergia melanoxylon/3352. Dalbergia melanoxylon.5.(146).png
Pterocarpus soyauxii/sub_012/12.png,train/Pterocarpus soyauxii/12.png
Pterocarpus erinaceus/sub_006/3403. Pterocarpus erinaceus.3 (93).png,train/Pterocarpus erinaceus/3403. Pterocarpus erinaceus.3 (93).png
Guibourtia ehie/sub_023/Guibourtia ehie_TLYO895_9_(332).png,train/Guibourtia ehie/Guibourtia ehie_TLYO895_9_(332).png
Dalbergia rimosa/sub_059/3414. Dalbergia rimosa.6 (176).png,train/Dalbergia rimosa/3414. Dalbergia rimosa.6 (176).png
Dalbergia tonkinensis/sub_049/3353. Dalbergia tonkinensis.3.(67).png,train/Dalbergia tonkinensis/3353. Dalbergia tonkinensis.3.(67).png
Sindora tonkinensis/sub_056/3381. Sindora tonkinensis.7 (214).png,train/Sindora tonkinensis/3381. Sindora tonkinensis.7 (214).png
Pterocarpus soyauxii/sub_020/124.png,train/Pterocarpus soyauxii/124.png
Dalbergia tonkinensis/sub_053/3353. Dalbergia tonkinensis.6.(163).png,train/Dalbergia tonkinensis/3353. Dalbergia tonkinensis.6.(163).png
Afzelia bella/sub_084/Afzelia bella_AMRX692_(62).png,train/Afzelia bella/Afzelia bella_AMRX692_(62).png
Afzelia bella/sub_004/Afzelia bella_GCJA653_(100).png,train/Afzelia bella/Afzelia bella_GCJA653_(100).png
Dalbergia oliveri/sub_061/Dalbergia oliveri_3237.5_ (30).png,train/Dalbergia oliveri/Dalbergia oliveri_3237.5_ (30).png
Afzelia africana/sub_010/doussie46.png,train/Afzelia africana/doussie46.png
Dalbergia rimosa/sub_026/3414. Dalbergia rimosa.2 (43).png,train/Dalbergia rimosa/3414. Dalbergia rimosa.2 (43).png
Pterocarpus soyauxii/sub_024/143_1.png,train/Pterocarpus soyauxii/143_1.png
Pterocarpus macrocarpus/sub_016/119_2.png,train/Pterocarpus macrocarpus/119_2__d8c704b0.png
Pterocarpus erinaceus/sub_028/3403. Pterocarpus erinaceus.5 (135).png,train/Pterocarpus erinaceus/3403. Pterocarpus erinaceus.5 (135).png
Peltogyne pubescens/sub_005/3377. Peltogyne pubescens.4 (125).png,train/Peltogyne pubescens/3377. Peltogyne pubescens.4 (125).png
Pterocarpus erinaceus/sub_040/3403. Pterocarpus erinaceus.9 (269).png,train/Pterocarpus erinaceus/3403. Pterocarpus erinaceus.9 (269).png
Sindora tonkinensis/sub_081/3381. Sindora tonkinensis.6 (181).png,train/Sindora tonkinensis/3381. Sindora tonkinensis.6 (181).png
Guibourtia coleosperma/sub_082/Guibourtia coleosperma_3253.7 (25).png,train/Guibourtia coleosperma/Guibourtia coleosperma_3253.7 (25).png
Guibourtia ehie/sub_063/Guibourtia ehie_CHYX256_1_(18).png,train/Guibourtia ehie/Guibourtia ehie_CHYX256_1_(18).png
Peltogyne pubescens/sub_050/3377. Peltogyne pubescens.3 (84).png,train/Peltogyne pubescens/3377. Peltogyne pubescens.3 (84).png
Afzelia africana/sub_011/doussie34.png,train/Afzelia africana/doussie34.png
Pterocarpus macrocarpus/sub_039/146_3.png,train/Pterocarpus macrocarpus/146_3.png
Dalbergia oliveri/sub_050/Dalbergia oliveri_3237.10_ (29).png,train/Dalbergia oliveri/Dalbergia oliveri_3237.10_ (29).png
Afzelia bella/sub_034/Afzelia bella_FFCA657_9_32126.png,train/Afzelia bella/Afzelia bella_FFCA657_9_32126.png
Afzelia africana/sub_039/doussie0.png,train/Afzelia africana/doussie0.png
Sindora cochinchinensis/sub_056/gụ31.png,train/Sindora cochinchinensis/gụ31.png
Sindora tonkinensis/sub_054/3381. Sindora tonkinensis.8 (257).png,train/Sindora tonkinensis/3381. Sindora tonkinensis.8 (257).png
Pterocarpus sp/sub_037/150_2_1.png,train/Pterocarpus sp/150_2_1.png
Sindora tonkinensis/sub_048/3381. Sindora tonkinensis.2 (42).png,train/Sindora tonkinensis/3381. Sindora tonkinensis.2 (42).png
Sindora tonkinensis/sub_020/3381. Sindora tonkinensis.8 (256).png,train/Sindora tonkinensis/3381. Sindora tonkinensis.8 (256).png
Pterocarpus soyauxii/sub_007/1112_1.png,train/Pterocarpus soyauxii/1112_1.png
Sindora cochinchinensis/sub_079/gụ23.png,train/Sindora cochinchinensis/gụ23.png
Afzelia africana/sub_032/doussie21_1_1.png,train/Afzelia africana/doussie21_1_1.png
Dalbergia melanoxylon/sub_050/3352. Dalbergia melanoxylon.6.(156).png,train/Dalbergia melanoxylon/3352. Dalbergia melanoxylon.6.(156).png
Sindora cochinchinensis/sub_001/gụ33.png,train/Sindora cochinchinensis/gụ33.png
Dalbergia melanoxylon/sub_025/3352. Dalbergia melanoxylon.5.(130).png,train/Dalbergia melanoxylon/3352. Dalbergia melanoxylon.5.(130).png
Pterocarpus sp/sub_034/147_5.png,train/Pterocarpus sp/147_5.png
Peltogyne pubescens/sub_019/3377. Peltogyne pubescens.8 (270).png,train/Peltogyne pubescens/3377. Peltogyne pubescens.8 (270).png
Guibourtia arnoldiana/sub_030/3411. Guibourtia arnoldiana.10 (308).png,train/Guibourtia arnoldiana/3411. Guibourtia arnoldiana.10 (308).png
Dalbergia rimosa/sub_026/3414. Dalbergia rimosa.10 (293).png,train/Dalbergia rimosa/3414. Dalbergia rimosa.10 (293).png
Pterocarpus macrocarpus/sub_012/134_2.png,train/Pterocarpus macrocarpus/134_2__8d9fbd1a.png
Afzelia africana/sub_030/doussie3.png,train/Afzelia africana/doussie3.png
Guibourtia coleosperma/sub_022/Guibourtia coleosperma_3253.6 (35).png,train/Guibourtia coleosperma/Guibourtia coleosperma_3253.6 (35).png
Afzelia pachyloba/sub_033/2.1.png,train/Afzelia pachyloba/2.1.png
Pterocarpus sp/sub_049/147_1.png,train/Pterocarpus sp/147_1.png
Pterocarpus sp/sub_061/134_1.png,train/Pterocarpus sp/134_1__76ff9180.png
Pterocarpus soyauxii/sub_071/151_1.png,train/Pterocarpus soyauxii/151_1__aa6b8ade.png
Pterocarpus macrocarpus/sub_093/149.png,train/Pterocarpus macrocarpus/149.png
Pterocarpus indicus/sub_020/3395. Pterocarpus indicus.3 (94).png,train/Pterocarpus indicus/3395. Pterocarpus indicus.3 (94).png
Dalbergia tonkinensis/sub_013/3353. Dalbergia tonkinensis.10.(296).png,train/Dalbergia tonkinensis/3353. Dalbergia tonkinensis.10.(296).png
Pterocarpus macrocarpus/sub_009/117_1.png,train/Pterocarpus macrocarpus/117_1__6e1b3f13.png
Sindora tonkinensis/sub_051/3381. Sindora tonkinensis.5 (133).png,train/Sindora tonkinensis/3381. Sindora tonkinensis.5 (133).png
Afzelia quanzensis/sub_003/128_4.png,train/Afzelia quanzensis/128_4.png
Dalbergia tonkinensis/sub_056/3353. Dalbergia tonkinensis.6.(182).png,train/Dalbergia tonkinensis/3353. Dalbergia tonkinensis.6.(182).png
Pterocarpus soyauxii/sub_076/119_2.png,train/Pterocarpus soyauxii/119_2.png
Pterocarpus macrocarpus/sub_025/149_1.png,train/Pterocarpus macrocarpus/149_1.png
Pterocarpus soyauxii/sub_082/11.png,train/Pterocarpus soyauxii/11.png
Afzelia bella/sub_044/Afzelia bella_WJSV740_10_36125.png,train/Afzelia bella/Afzelia bella_WJSV740_10_36125.png
Afzelia quanzensis/sub_044/136_1_2.png,train/Afzelia quanzensis/136_1_2.png
Peltogyne pubescens/sub_004/3377. Peltogyne pubescens.8 (269).png,train/Peltogyne pubescens/3377. Peltogyne pubescens.8 (269).png
Peltogyne pubescens/sub_025/3377. Peltogyne pubescens.3 (95).png,train/Peltogyne pubescens/3377. Peltogyne pubescens.3 (95).png
Sindora tonkinensis/sub_014/3381. Sindora tonkinensis.4 (110).png,train/Sindora tonkinensis/3381. Sindora tonkinensis.4 (110).png
Afzelia africana/sub_011/doussie79.png,train/Afzelia africana/doussie79.png
Dalbergia oliveri/sub_014/Dalbergia oliveri_3237.10_ (26).png,train/Dalbergia oliveri/Dalbergia oliveri_3237.10_ (26).png
Pterocarpus sp/sub_018/152_2.png,train/Pterocarpus sp/152_2.png
Peltogyne pubescens/sub_014/3377. Peltogyne pubescens.2 (54).png,train/Peltogyne pubescens/3377. Peltogyne pubescens.2 (54).png
Peltogyne pubescens/sub_007/3377. Peltogyne pubescens.10 (358).png,train/Peltogyne pubescens/3377. Peltogyne pubescens.10 (358).png
Afzelia bella/sub_010/Afzelia bella_HYBT691_(142).png,train/Afzelia bella/Afzelia bella_HYBT691_(142).png
Pterocarpus soyauxii/sub_019/1105.png,train/Pterocarpus soyauxii/1105__b5dd279c.png
Peltogyne pubescens/sub_051/3377. Peltogyne pubescens.5 (186).png,train/Peltogyne pubescens/3377. Peltogyne pubescens.5 (186).png
Pterocarpus macrocarpus/sub_036/137_1.png,train/Pterocarpus macrocarpus/137_1.png
Guibourtia arnoldiana/sub_016/3411. Guibourtia arnoldiana.8 (233).png,train/Guibourtia arnoldiana/3411. Guibourtia arnoldiana.8 (233).png
Pterocarpus sp/sub_052/156_1_1.png,train/Pterocarpus sp/156_1_1.png
Afzelia africana/sub_044/doussie25.png,train/Afzelia africana/doussie25.png
Afzelia africana/sub_058/doussie50.png,train/Afzelia africana/doussie50__aab419e6.png
Pterocarpus soyauxii/sub_005/129_1.png,train/Pterocarpus soyauxii/129_1__c6ee5587.png
Pterocarpus soyauxii/sub_032/1118.png,train/Pterocarpus soyauxii/1118.png
Pterocarpus soyauxii/sub_005/1100.png,train/Pterocarpus soyauxii/1100__6c77728c.png
Afzelia quanzensis/sub_016/137_2.png,train/Afzelia quanzensis/137_2__28a55adf.png
Peltogyne pubescens/sub_040/3377. Peltogyne pubescens.2 (46).png,train/Peltogyne pubescens/3377. Peltogyne pubescens.2 (46).png
Dalbergia oliveri/sub_038/Dalbergia oliveri_3237.8_ (26).png,train/Dalbergia oliveri/Dalbergia oliveri_3237.8_ (26).png
Dalbergia tonkinensis/sub_072/3353. Dalbergia tonkinensis.4.(114).png,train/Dalbergia tonkinensis/3353. Dalbergia tonkinensis.4.(114).png
Sindora cochinchinensis/sub_018/gụ42_1.png,train/Sindora cochinchinensis/gụ42_1__e6b72672.png
Pterocarpus soyauxii/sub_040/115_2.png,train/Pterocarpus soyauxii/115_2.png
Dalbergia rimosa/sub_065/3414. Dalbergia rimosa.1(2).png,train/Dalbergia rimosa/3414. Dalbergia rimosa.1(2).png
Sindora cochinchinensis/sub_052/gụ43_1.png,train/Sindora cochinchinensis/gụ43_1.png
Afzelia quanzensis/sub_038/14_1_1.png,train/Afzelia quanzensis/14_1_1.png
Pterocarpus soyauxii/sub_050/18.png,train/Pterocarpus soyauxii/18__8152afb2.png
Pterocarpus erinaceus/sub_055/3403. Pterocarpus erinaceus.9 (278).png,train/Pterocarpus erinaceus/3403. Pterocarpus erinaceus.9 (278).png
Pterocarpus erinaceus/sub_015/3403. Pterocarpus erinaceus.10 (308).png,train/Pterocarpus erinaceus/3403. Pterocarpus erinaceus.10 (308).png
Pterocarpus sp/sub_093/145.png,train/Pterocarpus sp/145.png
Dalbergia tonkinensis/sub_043/3353. Dalbergia tonkinensis.4.(129).png,train/Dalbergia tonkinensis/3353. Dalbergia tonkinensis.4.(129).png
Pterocarpus erinaceus/sub_024/3403. Pterocarpus erinaceus.8 (237).png,train/Pterocarpus erinaceus/3403. Pterocarpus erinaceus.8 (237).png
Afzelia pachyloba/sub_002/3.4_2.png,train/Afzelia pachyloba/3.4_2.png
Peltogyne pubescens/sub_040/3377. Peltogyne pubescens.6 (212).png,train/Peltogyne pubescens/3377. Peltogyne pubescens.6 (212).png
Guibourtia arnoldiana/sub_011/3411. Guibourtia arnoldiana.8 (252).png,train/Guibourtia arnoldiana/3411. Guibourtia arnoldiana.8 (252).png
Pterocarpus sp/sub_025/146_3.png,train/Pterocarpus sp/146_3.png
Guibourtia coleosperma/sub_081/Guibourtia coleosperma_3253.2 (22).png,train/Guibourtia coleosperma/Guibourtia coleosperma_3253.2 (22).png
Afzelia quanzensis/sub_006/10_1_1.png,train/Afzelia quanzensis/10_1_1__68cb658a.png
Afzelia africana/sub_050/doussie76.png,train/Afzelia africana/doussie76.png
Afzelia quanzensis/sub_029/19.png,train/Afzelia quanzensis/19__5e2c82e7.png
Pterocarpus sp/sub_028/17_1.png,train/Pterocarpus sp/17_1.png
Pterocarpus indicus/sub_017/3395. Pterocarpus indicus.1 (27).png,train/Pterocarpus indicus/3395. Pterocarpus indicus.1 (27).png
Guibourtia arnoldiana/sub_020/3411. Guibourtia arnoldiana.10 (292).png,train/Guibourtia arnoldiana/3411. Guibourtia arnoldiana.10 (292).png
Pterocarpus soyauxii/sub_021/160.png,train/Pterocarpus soyauxii/160.png
Dalbergia rimosa/sub_007/3414. Dalbergia rimosa.3 (70).png,train/Dalbergia rimosa/3414. Dalbergia rimosa.3 (70).png
Afzelia quanzensis/sub_035/121_1.png,train/Afzelia quanzensis/121_1.png
Dalbergia oliveri/sub_071/Dalbergia oliveri_3237.7_ (20).png,train/Dalbergia oliveri/Dalbergia oliveri_3237.7_ (20).png
Pterocarpus erinaceus/sub_022/3403. Pterocarpus erinaceus.5 (159).png,train/Pterocarpus erinaceus/3403. Pterocarpus erinaceus.5 (159).png
Pterocarpus indicus/sub_019/3395. Pterocarpus indicus.4 (100).png,train/Pterocarpus indicus/3395. Pterocarpus indicus.4 (100).png
Dalbergia tonkinensis/sub_010/3353. Dalbergia tonkinensis.7.(214).png,train/Dalbergia tonkinensis/3353. Dalbergia tonkinensis.7.(214).png
Pterocarpus erinaceus/sub_020/3403. Pterocarpus erinaceus.3 (71).png,train/Pterocarpus erinaceus/3403. Pterocarpus erinaceus.3 (71).png
Pterocarpus sp/sub_007/123_1.png,train/Pterocarpus sp/123_1__bfa60db8.png
Pterocarpus erinaceus/sub_004/3403. Pterocarpus erinaceus.9 (299).png,train/Pterocarpus erinaceus/3403. Pterocarpus erinaceus.9 (299).png
Afzelia africana/sub_049/doussie20_1.png,train/Afzelia africana/doussie20_1.png
Dalbergia oliveri/sub_060/Dalbergia oliveri_3237.2_ (33).png,train/Dalbergia oliveri/Dalbergia oliveri_3237.2_ (33).png
Guibourtia arnoldiana/sub_007/3411. Guibourtia arnoldiana.6 (173).png,train/Guibourtia arnoldiana/3411. Guibourtia arnoldiana.6 (173).png
Guibourtia coleosperma/sub_004/Guibourtia coleosperma_3253.2 (15).png,train/Guibourtia coleosperma/Guibourtia coleosperma_3253.2 (15).png
Pterocarpus indicus/sub_013/3395. Pterocarpus indicus.5 (161).png,train/Pterocarpus indicus/3395. Pterocarpus indicus.5 (161).png
Peltogyne pubescens/sub_044/3377. Peltogyne pubescens.6 (191).png,train/Peltogyne pubescens/3377. Peltogyne pubescens.6 (191).png
Afzelia africana/sub_014/doussie28.png,train/Afzelia africana/doussie28.png
Pterocarpus soyauxii/sub_034/144_3.png,train/Pterocarpus soyauxii/144_3.png
Guibourtia ehie/sub_031/Guibourtia ehie_TLYO895_9_(340).png,train/Guibourtia ehie/Guibourtia ehie_TLYO895_9_(340).png
Pterocarpus indicus/sub_015/3395. Pterocarpus indicus.5 (151).png,train/Pterocarpus indicus/3395. Pterocarpus indicus.5 (151).png
Guibourtia arnoldiana/sub_007/3411. Guibourtia arnoldiana.3 (68).png,train/Guibourtia arnoldiana/3411. Guibourtia arnoldiana.3 (68).png
Afzelia bella/sub_050/Afzelia bella_WJSV740_10_3612.png,train/Afzelia bella/Afzelia bella_WJSV740_10_3612.png
Pterocarpus soyauxii/sub_053/130_1.png,train/Pterocarpus soyauxii/130_1.png
Guibourtia arnoldiana/sub_041/3411. Guibourtia arnoldiana.7 (214).png,train/Guibourtia arnoldiana/3411. Guibourtia arnoldiana.7 (214).png
Guibourtia ehie/sub_009/Guibourtia ehie_TLYO895_9_(336).png,train/Guibourtia ehie/Guibourtia ehie_TLYO895_9_(336).png
Pterocarpus indicus/sub_016/3395. Pterocarpus indicus.5 (154).png,train/Pterocarpus indicus/3395. Pterocarpus indicus.5 (154).png
Dalbergia oliveri/sub_028/Dalbergia oliveri_3237.1_ (3).png,train/Dalbergia oliveri/Dalbergia oliveri_3237.1_ (3).png
Dalbergia tonkinensis/sub_033/3353. Dalbergia tonkinensis.8.(255).png,train/Dalbergia tonkinensis/3353. Dalbergia tonkinensis.8.(255).png
Sindora tonkinensis/sub_035/3381. Sindora tonkinensis.8 (231).png,train/Sindora tonkinensis/3381. Sindora tonkinensis.8 (231).png
Pterocarpus macrocarpus/sub_058/110_1.png,train/Pterocarpus macrocarpus/110_1.png
Dalbergia oliveri/sub_013/Dalbergia oliveri_3237.9_ (31).png,train/Dalbergia oliveri/Dalbergia oliveri_3237.9_ (31).png
Afzelia bella/sub_049/Afzelia bella_FFCA657_9_32129.png,train/Afzelia bella/Afzelia bella_FFCA657_9_32129.png
Guibourtia ehie/sub_073/Guibourtia ehie_GHQN943_3_(110).png,train/Guibourtia ehie/Guibourtia ehie_GHQN943_3_(110).png
Afzelia pachyloba/sub_045/4.3_2.png,train/Afzelia pachyloba/4.3_2.png
Guibourtia ehie/sub_007/Guibourtia ehie_TLYO895_9_(324).png,train/Guibourtia ehie/Guibourtia ehie_TLYO895_9_(324).png
Pterocarpus indicus/sub_011/3395. Pterocarpus indicus.9 (283).png,train/Pterocarpus indicus/3395. Pterocarpus indicus.9 (283).png
Pterocarpus indicus/sub_023/3395. Pterocarpus indicus.4 (111).png,train/Pterocarpus indicus/3395. Pterocarpus indicus.4 (111).png
Peltogyne pubescens/sub_032/3377. Peltogyne pubescens.7 (243).png,train/Peltogyne pubescens/3377. Peltogyne pubescens.7 (243).png
Afzelia quanzensis/sub_005/136_1.png,train/Afzelia quanzensis/136_1.png
Sindora cochinchinensis/sub_064/gụ16_1.png,train/Sindora cochinchinensis/gụ16_1.png
Guibourtia arnoldiana/sub_040/3411. Guibourtia arnoldiana.3 (85).png,train/Guibourtia arnoldiana/3411. Guibourtia arnoldiana.3 (85).png
Peltogyne pubescens/sub_010/3377. Peltogyne pubescens.7 (223).png,train/Peltogyne pubescens/3377. Peltogyne pubescens.7 (223).png
Pterocarpus indicus/sub_006/3395. Pterocarpus indicus.9 (253).png,train/Pterocarpus indicus/3395. Pterocarpus indicus.9 (253).png
Peltogyne pubescens/sub_032/3377. Peltogyne pubescens.1 (34).png,train/Peltogyne pubescens/3377. Peltogyne pubescens.1 (34).png
Afzelia quanzensis/sub_069/19_1.png,train/Afzelia quanzensis/19_1.png
Dalbergia oliveri/sub_013/Dalbergia oliveri_3237.4_ (28).png,train/Dalbergia oliveri/Dalbergia oliveri_3237.4_ (28).png
Dalbergia oliveri/sub_038/Dalbergia oliveri_3237.6_ (16).png,train/Dalbergia oliveri/Dalbergia oliveri_3237.6_ (16).png
Sindora cochinchinensis/sub_081/gụ3_1.png,train/Sindora cochinchinensis/gụ3_1.png
Sindora cochinchinensis/sub_043/gụ1_2.png,train/Sindora cochinchinensis/gụ1_2.png
Pterocarpus soyauxii/sub_023/1110_1.png,train/Pterocarpus soyauxii/1110_1.png
Dalbergia tonkinensis/sub_047/3353. Dalbergia tonkinensis.10.(307).png,train/Dalbergia tonkinensis/3353. Dalbergia tonkinensis.10.(307).png
Pterocarpus erinaceus/sub_059/3403. Pterocarpus erinaceus.7 (226).png,train/Pterocarpus erinaceus/3403. Pterocarpus erinaceus.7 (226).png
Sindora tonkinensis/sub_029/3381. Sindora tonkinensis.9 (266).png,train/Sindora tonkinensis/3381. Sindora tonkinensis.9 (266).png
Pterocarpus indicus/sub_048/3395. Pterocarpus indicus.7 (217).png,train/Pterocarpus indicus/3395. Pterocarpus indicus.7 (217).png
Dalbergia cochinchinensis/sub_014/Dalbergia cochinchinensis.3280.4 (33).png,train/Dalbergia cochinchinensis/Dalbergia cochinchinensis.3280.4 (33).png
Sindora cochinchinensis/sub_062/gụ50_2.png,train/Sindora cochinchinensis/gụ50_2.png
Dalbergia oliveri/sub_023/Dalbergia oliveri_3237.9_ (3).png,train/Dalbergia oliveri/Dalbergia oliveri_3237.9_ (3).png
Dalbergia cochinchinensis/sub_001/Dalbergia cochinchinensis.3280.9 (36).png,train/Dalbergia cochinchinensis/Dalbergia cochinchinensis.3280.9 (36).png
Sindora tonkinensis/sub_020/3381. Sindora tonkinensis.8 (236).png,train/Sindora tonkinensis/3381. Sindora tonkinensis.8 (236).png
Guibourtia coleosperma/sub_036/Guibourtia coleosperma_3253.3 (24).png,train/Guibourtia coleosperma/Guibourtia coleosperma_3253.3 (24).png
Dalbergia rimosa/sub_006/3414. Dalbergia rimosa.9 (247).png,train/Dalbergia rimosa/3414. Dalbergia rimosa.9 (247).png
Sindora tonkinensis/sub_019/3381. Sindora tonkinensis.7 (221).png,train/Sindora tonkinensis/3381. Sindora tonkinensis.7 (221).png
Pterocarpus indicus/sub_023/3395. Pterocarpus indicus.5 (133).png,train/Pterocarpus indicus/3395. Pterocarpus indicus.5 (133).png
Pterocarpus sp/sub_018/12.png,train/Pterocarpus sp/12.png
Afzelia quanzensis/sub_020/117.png,train/Afzelia quanzensis/117.png
Sindora cochinchinensis/sub_085/gụ103.png,train/Sindora cochinchinensis/gụ103.png
Pterocarpus erinaceus/sub_041/3403. Pterocarpus erinaceus.9 (301).png,train/Pterocarpus erinaceus/3403. Pterocarpus erinaceus.9 (301).png
Afzelia quanzensis/sub_040/148_1.png,train/Afzelia quanzensis/148_1__2b502641.png
Pterocarpus macrocarpus/sub_029/145_5.png,train/Pterocarpus macrocarpus/145_5.png
Guibourtia arnoldiana/sub_015/3411. Guibourtia arnoldiana.10 (312).png,train/Guibourtia arnoldiana/3411. Guibourtia arnoldiana.10 (312).png
Pterocarpus sp/sub_036/124.png,train/Pterocarpus sp/124__d99c753f.png
Peltogyne pubescens/sub_029/3377. Peltogyne pubescens.6 (202).png,train/Peltogyne pubescens/3377. Peltogyne pubescens.6 (202).png
Pterocarpus sp/sub_005/164.png,train/Pterocarpus sp/164.png
Afzelia pachyloba/sub_029/5.3_2.png,train/Afzelia pachyloba/5.3_2.png
Afzelia africana/sub_022/doussie44_1_1.png,train/Afzelia africana/doussie44_1_1.png
Sindora tonkinensis/sub_076/3381. Sindora tonkinensis.10 (301).png,train/Sindora tonkinensis/3381. Sindora tonkinensis.10 (301).png
Dalbergia oliveri/sub_083/Dalbergia oliveri_3237.9_ (14).png,train/Dalbergia oliveri/Dalbergia oliveri_3237.9_ (14).png
Sindora cochinchinensis/sub_004/gụ33_1.png,train/Sindora cochinchinensis/gụ33_1.png
Dalbergia cochinchinensis/sub_021/Dalbergia cochinchinensis.3280.6 (17).png,train/Dalbergia cochinchinensis/Dalbergia cochinchinensis.3280.6 (17).png
Pterocarpus macrocarpus/sub_070/118_1.png,train/Pterocarpus macrocarpus/118_1.png
Pterocarpus soyauxii/sub_034/127_2.png,train/Pterocarpus soyauxii/127_2.png
Sindora tonkinensis/sub_051/3381. Sindora tonkinensis.6 (172).png,train/Sindora tonkinensis/3381. Sindora tonkinensis.6 (172).png
Pterocarpus erinaceus/sub_046/3403. Pterocarpus erinaceus.6 (194).png,train/Pterocarpus erinaceus/3403. Pterocarpus erinaceus.6 (194).png
Guibourtia coleosperma/sub_013/Guibourtia coleosperma_3253.4 (10).png,train/Guibourtia coleosperma/Guibourtia coleosperma_3253.4 (10).png
Afzelia quanzensis/sub_008/114.png,train/Afzelia quanzensis/114__5cd9d413.png
Afzelia bella/sub_009/Afzelia bella_GCJA653_(116).png,train/Afzelia bella/Afzelia bella_GCJA653_(116).png
Guibourtia arnoldiana/sub_060/3411. Guibourtia arnoldiana.7 (197).png,train/Guibourtia arnoldiana/3411. Guibourtia arnoldiana.7 (197).png
Guibourtia arnoldiana/sub_056/3411. Guibourtia arnoldiana.2 (62).png,train/Guibourtia arnoldiana/3411. Guibourtia arnoldiana.2 (62).png
Dalbergia cochinchinensis/sub_011/Dalbergia cochinchinensis.3280.5 (26).png,train/Dalbergia cochinchinensis/Dalbergia cochinchinensis.3280.5 (26).png
Dalbergia cochinchinensis/sub_057/Dalbergia cochinchinensis.3280.6 (20).png,train/Dalbergia cochinchinensis/Dalbergia cochinchinensis.3280.6 (20).png
Sindora cochinchinensis/sub_043/gụ102.png,train/Sindora cochinchinensis/gụ102__f49d7e7f.png
Dalbergia cochinchinensis/sub_014/Dalbergia cochinchinensis.3280.8 (18).png,train/Dalbergia cochinchinensis/Dalbergia cochinchinensis.3280.8 (18).png
Guibourtia ehie/sub_022/Guibourtia ehie_CHYX256_1_(28).png,train/Guibourtia ehie/Guibourtia ehie_CHYX256_1_(28).png
Afzelia bella/sub_002/Afzelia bella_QCYD170_(261).png,train/Afzelia bella/Afzelia bella_QCYD170_(261).png
Afzelia africana/sub_031/doussie32.png,train/Afzelia africana/doussie32__a06b12c2.png
Dalbergia rimosa/sub_026/3414. Dalbergia rimosa.9 (264).png,train/Dalbergia rimosa/3414. Dalbergia rimosa.9 (264).png
Afzelia pachyloba/sub_025/2.2_2.png,train/Afzelia pachyloba/2.2_2.png
Guibourtia ehie/sub_011/Guibourtia ehie_PVFM153_6_(220).png,train/Guibourtia ehie/Guibourtia ehie_PVFM153_6_(220).png
Pterocarpus soyauxii/sub_093/148_1.png,train/Pterocarpus soyauxii/148_1__5b7323a2.png
Sindora tonkinensis/sub_023/3381. Sindora tonkinensis.8 (245).png,train/Sindora tonkinensis/3381. Sindora tonkinensis.8 (245).png
Dalbergia oliveri/sub_069/Dalbergia oliveri_3237.7_ (21).png,train/Dalbergia oliveri/Dalbergia oliveri_3237.7_ (21).png
Pterocarpus erinaceus/sub_054/3403. Pterocarpus erinaceus.3 (68).png,train/Pterocarpus erinaceus/3403. Pterocarpus erinaceus.3 (68).png
Dalbergia melanoxylon/sub_014/3352. Dalbergia melanoxylon.9.(248).png,train/Dalbergia melanoxylon/3352. Dalbergia melanoxylon.9.(248).png
Sindora cochinchinensis/sub_004/gụ22_1.png,train/Sindora cochinchinensis/gụ22_1.png
Pterocarpus macrocarpus/sub_033/14_6.png,train/Pterocarpus macrocarpus/14_6.png
Dalbergia oliveri/sub_059/Dalbergia oliveri_3237.6_ (9).png,train/Dalbergia oliveri/Dalbergia oliveri_3237.6_ (9).png
Pterocarpus soyauxii/sub_064/189.png,train/Pterocarpus soyauxii/189__c81f0179.png
Sindora cochinchinensis/sub_009/gụ50_1.png,train/Sindora cochinchinensis/gụ50_1.png
Pterocarpus macrocarpus/sub_050/134.png,train/Pterocarpus macrocarpus/134.png
Sindora tonkinensis/sub_009/3381. Sindora tonkinensis.5 (132).png,train/Sindora tonkinensis/3381. Sindora tonkinensis.5 (132).png
Pterocarpus soyauxii/sub_047/19_1_1.png,train/Pterocarpus soyauxii/19_1_1.png
Pterocarpus indicus/sub_016/3395. Pterocarpus indicus.9 (271).png,train/Pterocarpus indicus/3395. Pterocarpus indicus.9 (271).png
Pterocarpus indicus/sub_038/3395. Pterocarpus indicus.6 (177).png,train/Pterocarpus indicus/3395. Pterocarpus indicus.6 (177).png
Sindora cochinchinensis/sub_027/gụ81.png,train/Sindora cochinchinensis/gụ81.png
Pterocarpus erinaceus/sub_045/3403. Pterocarpus erinaceus.5 (138).png,train/Pterocarpus erinaceus/3403. Pterocarpus erinaceus.5 (138).png
Afzelia bella/sub_009/Afzelia bella_OGHV743_(237).png,train/Afzelia bella/Afzelia bella_OGHV743_(237).png
Dalbergia tonkinensis/sub_061/3353. Dalbergia tonkinensis.3.(78).png,train/Dalbergia tonkinensis/3353. Dalbergia tonkinensis.3.(78).png
Guibourtia ehie/sub_037/Guibourtia ehie_SXGM640_8_(290).png,train/Guibourtia ehie/Guibourtia ehie_SXGM640_8_(290).png
Guibourtia arnoldiana/sub_014/3411. Guibourtia arnoldiana.8 (222).png,train/Guibourtia arnoldiana/3411. Guibourtia arnoldiana.8 (222).png
Guibourtia arnoldiana/sub_014/3411. Guibourtia arnoldiana.9 (285).png,train/Guibourtia arnoldiana/3411. Guibourtia arnoldiana.9 (285).png
Dalbergia tonkinensis/sub_005/3353. Dalbergia tonkinensis.8.(233).png,train/Dalbergia tonkinensis/3353. Dalbergia tonkinensis.8.(233).png
Sindora cochinchinensis/sub_036/gụ26_2.png,train/Sindora cochinchinensis/gụ26_2.png
Afzelia bella/sub_012/Afzelia bella_QUAV174_(312).png,train/Afzelia bella/Afzelia bella_QUAV174_(312).png
Dalbergia cochinchinensis/sub_023/Dalbergia cochinchinensis.3280.6 (26).png,train/Dalbergia cochinchinensis/Dalbergia cochinchinensis.3280.6 (26).png
Pterocarpus erinaceus/sub_048/3403. Pterocarpus erinaceus.2 (59).png,train/Pterocarpus erinaceus/3403. Pterocarpus erinaceus.2 (59).png
Sindora cochinchinensis/sub_040/gụ83.png,train/Sindora cochinchinensis/gụ83__6e742603.png
Pterocarpus macrocarpus/sub_095/133_1.png,train/Pterocarpus macrocarpus/133_1.png
Dalbergia melanoxylon/sub_018/3352. Dalbergia melanoxylon.1.(16).png,train/Dalbergia melanoxylon/3352. Dalbergia melanoxylon.1.(16).png
Pterocarpus sp/sub_007/14_3_1.png,train/Pterocarpus sp/14_3_1.png
Pterocarpus macrocarpus/sub_039/163.png,train/Pterocarpus macrocarpus/163.png
Sindora tonkinensis/sub_046/3381. Sindora tonkinensis.2 (41).png,train/Sindora tonkinensis/3381. Sindora tonkinensis.2 (41).png
Guibourtia coleosperma/sub_034/Guibourtia coleosperma_3253.3 (14).png,train/Guibourtia coleosperma/Guibourtia coleosperma_3253.3 (14).png
Pterocarpus macrocarpus/sub_070/148.png,train/Pterocarpus macrocarpus/148__bb4f3464.png
Guibourtia coleosperma/sub_069/Guibourtia coleosperma_3253.8 (5).png,train/Guibourtia coleosperma/Guibourtia coleosperma_3253.8 (5).png
Dalbergia tonkinensis/sub_031/3353. Dalbergia tonkinensis.10.(301).png,train/Dalbergia tonkinensis/3353. Dalbergia tonkinensis.10.(301).png
Dalbergia rimosa/sub_052/3414. Dalbergia rimosa.5 (136).png,train/Dalbergia rimosa/3414. Dalbergia rimosa.5 (136).png
Afzelia quanzensis/sub_064/124_1.png,train/Afzelia quanzensis/124_1__874a2fd4.png
Dalbergia cochinchinensis/sub_025/Dalbergia cochinchinensis.3280.9 (12).png,train/Dalbergia cochinchinensis/Dalbergia cochinchinensis.3280.9 (12).png
Pterocarpus soyauxii/sub_052/11_3.png,train/Pterocarpus soyauxii/11_3.png
Afzelia africana/sub_042/doussie0_1.png,train/Afzelia africana/doussie0_1.png
Pterocarpus erinaceus/sub_015/3403. Pterocarpus erinaceus.3 (94).png,train/Pterocarpus erinaceus/3403. Pterocarpus erinaceus.3 (94).png
Pterocarpus indicus/sub_003/3395. Pterocarpus indicus.6 (169).png,train/Pterocarpus indicus/3395. Pterocarpus indicus.6 (169).png
Guibourtia arnoldiana/sub_002/3411. Guibourtia arnoldiana.3 (88).png,train/Guibourtia arnoldiana/3411. Guibourtia arnoldiana.3 (88).png
Pterocarpus soyauxii/sub_098/130_3.png,train/Pterocarpus soyauxii/130_3.png
Sindora cochinchinensis/sub_009/gụ10_1.png,train/Sindora cochinchinensis/gụ10_1__ca887b5b.png
Dalbergia cochinchinensis/sub_009/Dalbergia cochinchinensis.3280.3 (25).png,train/Dalbergia cochinchinensis/Dalbergia cochinchinensis.3280.3 (25).png
Dalbergia tonkinensis/sub_010/3353. Dalbergia tonkinensis.7.(195).png,train/Dalbergia tonkinensis/3353. Dalbergia tonkinensis.7.(195).png
Pterocarpus indicus/sub_039/3395. Pterocarpus indicus.4 (112).png,train/Pterocarpus indicus/3395. Pterocarpus indicus.4 (112).png
Guibourtia coleosperma/sub_057/Guibourtia coleosperma_3253.11 (22).png,train/Guibourtia coleosperma/Guibourtia coleosperma_3253.11 (22).png
Dalbergia melanoxylon/sub_001/3352. Dalbergia melanoxylon.2 (50).png,train/Dalbergia melanoxylon/3352. Dalbergia melanoxylon.2 (50).png
Dalbergia cochinchinensis/sub_005/Dalbergia cochinchinensis.3280.6 (6).png,train/Dalbergia cochinchinensis/Dalbergia cochinchinensis.3280.6 (6).png
Guibourtia ehie/sub_039/Guibourtia ehie_PRQC042_5_(179).png,train/Guibourtia ehie/Guibourtia ehie_PRQC042_5_(179).png
Afzelia bella/sub_024/Afzelia bella_HYBT691_(124).png,train/Afzelia bella/Afzelia bella_HYBT691_(124).png
Pterocarpus erinaceus/sub_001/3403. Pterocarpus erinaceus.7 (208).png,train/Pterocarpus erinaceus/3403. Pterocarpus erinaceus.7 (208).png
Pterocarpus indicus/sub_014/3395. Pterocarpus indicus.2 (49).png,train/Pterocarpus indicus/3395. Pterocarpus indicus.2 (49).png
Dalbergia oliveri/sub_079/Dalbergia oliveri_3237.8_ (30).png,train/Dalbergia oliveri/Dalbergia oliveri_3237.8_ (30).png
Guibourtia ehie/sub_068/Guibourtia ehie_TLYO895_9_(358).png,train/Guibourtia ehie/Guibourtia ehie_TLYO895_9_(358).png
Afzelia quanzensis/sub_030/128.png,train/Afzelia quanzensis/128__0b87b581.png
Sindora cochinchinensis/sub_086/gụ8.png,train/Sindora cochinchinensis/gụ8.png
Pterocarpus erinaceus/sub_020/3403. Pterocarpus erinaceus.9 (274).png,train/Pterocarpus erinaceus/3403. Pterocarpus erinaceus.9 (274).png
Pterocarpus macrocarpus/sub_056/17_2.png,train/Pterocarpus macrocarpus/17_2__4d365ca1.png
Pterocarpus indicus/sub_013/3395. Pterocarpus indicus.4 (98).png,train/Pterocarpus indicus/3395. Pterocarpus indicus.4 (98).png
Afzelia bella/sub_055/Afzelia bella_FFCA657_9_3216.png,train/Afzelia bella/Afzelia bella_FFCA657_9_3216.png
Sindora tonkinensis/sub_074/3381. Sindora tonkinensis.10 (297).png,train/Sindora tonkinensis/3381. Sindora tonkinensis.10 (297).png
Afzelia bella/sub_067/Afzelia bella_QUAV174_(284).png,train/Afzelia bella/Afzelia bella_QUAV174_(284).png
Pterocarpus sp/sub_003/137_1_1.png,train/Pterocarpus sp/137_1_1.png
Guibourtia coleosperma/sub_040/Guibourtia coleosperma_3253.1 (13).png,train/Guibourtia coleosperma/Guibourtia coleosperma_3253.1 (13).png
Peltogyne pubescens/sub_027/3377. Peltogyne pubescens.6 (203).png,train/Peltogyne pubescens/3377. Peltogyne pubescens.6 (203).png
Guibourtia arnoldiana/sub_007/3411. Guibourtia arnoldiana.8 (223).png,train/Guibourtia arnoldiana/3411. Guibourtia arnoldiana.8 (223).png
Pterocarpus macrocarpus/sub_002/133_2_1.png,train/Pterocarpus macrocarpus/133_2_1.png
Afzelia quanzensis/sub_066/158.png,train/Afzelia quanzensis/158.png
Dalbergia cochinchinensis/sub_041/Dalbergia cochinchinensis.3280.10 (8).png,train/Dalbergia cochinchinensis/Dalbergia cochinchinensis.3280.10 (8).png
Pterocarpus sp/sub_038/161_1.png,train/Pterocarpus sp/161_1.png
Guibourtia coleosperma/sub_089/Guibourtia coleosperma_3253.7 (16).png,train/Guibourtia coleosperma/Guibourtia coleosperma_3253.7 (16).png
Dalbergia cochinchinensis/sub_005/Dalbergia cochinchinensis.3280.7 (16).png,train/Dalbergia cochinchinensis/Dalbergia cochinchinensis.3280.7 (16).png
Pterocarpus indicus/sub_026/3395. Pterocarpus indicus.1 (6).png,train/Pterocarpus indicus/3395. Pterocarpus indicus.1 (6).png
Dalbergia tonkinensis/sub_013/3353. Dalbergia tonkinensis.9.(282).png,train/Dalbergia tonkinensis/3353. Dalbergia tonkinensis.9.(282).png
Pterocarpus soyauxii/sub_016/110_1.png,train/Pterocarpus soyauxii/110_1__ad598498.png
Afzelia bella/sub_009/Afzelia bella_GCJA653_(86).png,train/Afzelia bella/Afzelia bella_GCJA653_(86).png
Guibourtia ehie/sub_040/Guibourtia ehie_FEHC134_2_(74).png,train/Guibourtia ehie/Guibourtia ehie_FEHC134_2_(74).png
Dalbergia oliveri/sub_016/Dalbergia oliveri_3237.4_ (10).png,train/Dalbergia oliveri/Dalbergia oliveri_3237.4_ (10).png
Dalbergia tonkinensis/sub_057/3353. Dalbergia tonkinensis.1.(23).png,train/Dalbergia tonkinensis/3353. Dalbergia tonkinensis.1.(23).png
Dalbergia melanoxylon/sub_013/3352. Dalbergia melanoxylon.9.(242).png,train/Dalbergia melanoxylon/3352. Dalbergia melanoxylon.9.(242).png
Guibourtia ehie/sub_012/Guibourtia ehie_FEHC134_2_(41).png,train/Guibourtia ehie/Guibourtia ehie_FEHC134_2_(41).png
Afzelia bella/sub_060/Afzelia bella_LYSV052_(188).png,train/Afzelia bella/Afzelia bella_LYSV052_(188).png
Pterocarpus soyauxii/sub_025/153_2.png,train/Pterocarpus soyauxii/153_2.png
Afzelia africana/sub_045/doussie25_1.png,train/Afzelia africana/doussie25_1.png
Afzelia quanzensis/sub_060/113_1_1.png,train/Afzelia quanzensis/113_1_1.png
Pterocarpus macrocarpus/sub_059/110_1.png,train/Pterocarpus macrocarpus/110_1__d72ade58.png
Dalbergia melanoxylon/sub_037/3352. Dalbergia melanoxylon.4.(92).png,train/Dalbergia melanoxylon/3352. Dalbergia melanoxylon.4.(92).png
Dalbergia cochinchinensis/sub_027/Dalbergia cochinchinensis.3280.1 (16).png,train/Dalbergia cochinchinensis/Dalbergia cochinchinensis.3280.1 (16).png
Dalbergia cochinchinensis/sub_020/Dalbergia cochinchinensis.3280.7 (25).png,train/Dalbergia cochinchinensis/Dalbergia cochinchinensis.3280.7 (25).png
Sindora cochinchinensis/sub_003/gụ67_1.png,train/Sindora cochinchinensis/gụ67_1.png
Dalbergia rimosa/sub_023/3414. Dalbergia rimosa.8 (234).png,train/Dalbergia rimosa/3414. Dalbergia rimosa.8 (234).png
Guibourtia coleosperma/sub_035/Guibourtia coleosperma_3253.4 (5).png,train/Guibourtia coleosperma/Guibourtia coleosperma_3253.4 (5).png
Peltogyne pubescens/sub_004/3377. Peltogyne pubescens.7 (233).png,train/Peltogyne pubescens/3377. Peltogyne pubescens.7 (233).png
Afzelia quanzensis/sub_011/125.png,train/Afzelia quanzensis/125.png
Dalbergia cochinchinensis/sub_003/Dalbergia cochinchinensis.3280.10 (1).png,train/Dalbergia cochinchinensis/Dalbergia cochinchinensis.3280.10 (1).png
Afzelia africana/sub_006/doussie2_1.png,train/Afzelia africana/doussie2_1__e49ab381.png
Afzelia bella/sub_056/Afzelia bella_WJSV740_10_36112.png,train/Afzelia bella/Afzelia bella_WJSV740_10_36112.png
Guibourtia coleosperma/sub_062/Guibourtia coleosperma_3253.8 (22).png,train/Guibourtia coleosperma/Guibourtia coleosperma_3253.8 (22).png
Sindora cochinchinensis/sub_005/gụ26.png,train/Sindora cochinchinensis/gụ26.png
Dalbergia tonkinensis/sub_044/3353. Dalbergia tonkinensis.9.(290).png,train/Dalbergia tonkinensis/3353. Dalbergia tonkinensis.9.(290).png
Pterocarpus macrocarpus/sub_072/125_1.png,train/Pterocarpus macrocarpus/125_1__4a90cfc9.png
Sindora tonkinensis/sub_022/3381. Sindora tonkinensis.10 (307).png,train/Sindora tonkinensis/3381. Sindora tonkinensis.10 (307).png
Dalbergia melanoxylon/sub_018/3352. Dalbergia melanoxylon.1.(25).png,train/Dalbergia melanoxylon/3352. Dalbergia melanoxylon.1.(25).png
Guibourtia arnoldiana/sub_006/3411. Guibourtia arnoldiana.10 (305).png,train/Guibourtia arnoldiana/3411. Guibourtia arnoldiana.10 (305).png
Afzelia africana/sub_004/doussie33_2.png,train/Afzelia africana/doussie33_2.png
Sindora tonkinensis/sub_022/3381. Sindora tonkinensis.8 (243).png,train/Sindora tonkinensis/3381. Sindora tonkinensis.8 (243).png
Pterocarpus soyauxii/sub_060/149.png,train/Pterocarpus soyauxii/149.png
Pterocarpus soyauxii/sub_047/124_2.png,train/Pterocarpus soyauxii/124_2.png
Afzelia quanzensis/sub_017/141.png,train/Afzelia quanzensis/141.png
Dalbergia cochinchinensis/sub_032/Dalbergia cochinchinensis.3280.9 (14).png,train/Dalbergia cochinchinensis/Dalbergia cochinchinensis.3280.9 (14).png
Sindora cochinchinensis/sub_047/gụ11_3.png,train/Sindora cochinchinensis/gụ11_3.png
Dalbergia cochinchinensis/sub_001/Dalbergia cochinchinensis.3280.10 (12).png,train/Dalbergia cochinchinensis/Dalbergia cochinchinensis.3280.10 (12).png
Peltogyne pubescens/sub_043/3377. Peltogyne pubescens.5 (181).png,train/Peltogyne pubescens/3377. Peltogyne pubescens.5 (181).png
Pterocarpus macrocarpus/sub_082/11_2.png,train/Pterocarpus macrocarpus/11_2__d0969a52.png
Guibourtia ehie/sub_010/Guibourtia ehie_PRQC042_5_(190).png,train/Guibourtia ehie/Guibourtia ehie_PRQC042_5_(190).png
Sindora cochinchinensis/sub_026/gụ82.png,train/Sindora cochinchinensis/gụ82.png
Sindora tonkinensis/sub_030/3381. Sindora tonkinensis.9 (265).png,train/Sindora tonkinensis/3381. Sindora tonkinensis.9 (265).png
Pterocarpus soyauxii/sub_071/1123.png,train/Pterocarpus soyauxii/1123.png
Afzelia bella/sub_005/Afzelia bella_FFCA657_9_3219.png,train/Afzelia bella/Afzelia bella_FFCA657_9_3219.png
Pterocarpus sp/sub_038/133_2.png,train/Pterocarpus sp/133_2.png
Sindora cochinchinensis/sub_070/gụ35.png,train/Sindora cochinchinensis/gụ35.png
Afzelia quanzensis/sub_025/116_2.png,train/Afzelia quanzensis/116_2.png
Guibourtia coleosperma/sub_063/Guibourtia coleosperma_3253.3 (30).png,train/Guibourtia coleosperma/Guibourtia coleosperma_3253.3 (30).png
Pterocarpus soyauxii/sub_054/1112.png,train/Pterocarpus soyauxii/1112.png
Dalbergia cochinchinensis/sub_001/Dalbergia cochinchinensis.3280.9 (16).png,train/Dalbergia cochinchinensis/Dalbergia cochinchinensis.3280.9 (16).png
Pterocarpus soyauxii/sub_101/124_1.png,train/Pterocarpus soyauxii/124_1__f763b3a3.png
Sindora cochinchinensis/sub_011/gụ72.png,train/Sindora cochinchinensis/gụ72__85240ec3.png
Guibourtia coleosperma/sub_008/Guibourtia coleosperma_3253.9 (36).png,train/Guibourtia coleosperma/Guibourtia coleosperma_3253.9 (36).png
Pterocarpus macrocarpus/sub_021/121_1.png,train/Pterocarpus macrocarpus/121_1__d36b7ade.png
Afzelia bella/sub_015/Afzelia bella_GCJA653_(112).png,train/Afzelia bella/Afzelia bella_GCJA653_(112).png
Pterocarpus indicus/sub_051/3395. Pterocarpus indicus.9 (270).png,train/Pterocarpus indicus/3395. Pterocarpus indicus.9 (270).png
Dalbergia oliveri/sub_014/Dalbergia oliveri_3237.8_ (4).png,train/Dalbergia oliveri/Dalbergia oliveri_3237.8_ (4).png
Pterocarpus erinaceus/sub_019/3403. Pterocarpus erinaceus.10 (330).png,train/Pterocarpus erinaceus/3403. Pterocarpus erinaceus.10 (330).png
Pterocarpus macrocarpus/sub_014/13_3.png,train/Pterocarpus macrocarpus/13_3.png
Peltogyne pubescens/sub_004/3377. Peltogyne pubescens.4 (149).png,train/Peltogyne pubescens/3377. Peltogyne pubescens.4 (149).png
Guibourtia arnoldiana/sub_043/3411. Guibourtia arnoldiana.3 (69).png,train/Guibourtia arnoldiana/3411. Guibourtia arnoldiana.3 (69).png
Dalbergia cochinchinensis/sub_001/Dalbergia cochinchinensis.3280.8 (23).png,train/Dalbergia cochinchinensis/Dalbergia cochinchinensis.3280.8 (23).png
Guibourtia ehie/sub_023/Guibourtia ehie_CHYX256_1_(37).png,train/Guibourtia ehie/Guibourtia ehie_CHYX256_1_(37).png
Afzelia quanzensis/sub_004/127_4.png,train/Afzelia quanzensis/127_4.png
Dalbergia tonkinensis/sub_073/3353. Dalbergia tonkinensis.8.(252).png,train/Dalbergia tonkinensis/3353. Dalbergia tonkinensis.8.(252).png
Pterocarpus sp/sub_017/15_1.png,train/Pterocarpus sp/15_1__8459eee0.png
Peltogyne pubescens/sub_003/3377. Peltogyne pubescens.6 (192).png,train/Peltogyne pubescens/3377. Peltogyne pubescens.6 (192).png
Pterocarpus erinaceus/sub_014/3403. Pterocarpus erinaceus.8 (240).png,train/Pterocarpus erinaceus/3403. Pterocarpus erinaceus.8 (240).png
Dalbergia melanoxylon/sub_018/3352. Dalbergia melanoxylon.10.(286).png,train/Dalbergia melanoxylon/3352. Dalbergia melanoxylon.10.(286).png
Guibourtia ehie/sub_069/Guibourtia ehie_PVFM153_6_(214).png,train/Guibourtia ehie/Guibourtia ehie_PVFM153_6_(214).png
Dalbergia rimosa/sub_018/3414. Dalbergia rimosa.5 (125).png,train/Dalbergia rimosa/3414. Dalbergia rimosa.5 (125).png
Pterocarpus macrocarpus/sub_057/159_1.png,train/Pterocarpus macrocarpus/159_1.png
Pterocarpus macrocarpus/sub_032/17_3.png,train/Pterocarpus macrocarpus/17_3.png
Pterocarpus sp/sub_004/149.png,train/Pterocarpus sp/149.png
Peltogyne pubescens/sub_029/3377. Peltogyne pubescens.3 (109).png,train/Peltogyne pubescens/3377. Peltogyne pubescens.3 (109).png
Dalbergia tonkinensis/sub_022/3353. Dalbergia tonkinensis.2.(35).png,train/Dalbergia tonkinensis/3353. Dalbergia tonkinensis.2.(35).png
Dalbergia oliveri/sub_003/Dalbergia oliveri_3237.2_ (11).png,train/Dalbergia oliveri/Dalbergia oliveri_3237.2_ (11).png
Peltogyne pubescens/sub_011/3377. Peltogyne pubescens.10 (353).png,train/Peltogyne pubescens/3377. Peltogyne pubescens.10 (353).png
Pterocarpus soyauxii/sub_006/126_2.png,train/Pterocarpus soyauxii/126_2.png
Pterocarpus indicus/sub_047/3395. Pterocarpus indicus.6 (191).png,train/Pterocarpus indicus/3395. Pterocarpus indicus.6 (191).png
Pterocarpus indicus/sub_047/3395. Pterocarpus indicus.9 (264).png,train/Pterocarpus indicus/3395. Pterocarpus indicus.9 (264).png
Pterocarpus macrocarpus/sub_011/132.png,train/Pterocarpus macrocarpus/132.png
Pterocarpus erinaceus/sub_036/3403. Pterocarpus erinaceus.2 (62).png,train/Pterocarpus erinaceus/3403. Pterocarpus erinaceus.2 (62).png
Afzelia africana/sub_035/doussie77.png,train/Afzelia africana/doussie77.png
Dalbergia cochinchinensis/sub_017/Dalbergia cochinchinensis.3280.7 (13).png,train/Dalbergia cochinchinensis/Dalbergia cochinchinensis.3280.7 (13).png
Guibourtia arnoldiana/sub_010/3411. Guibourtia arnoldiana.9 (266).png,train/Guibourtia arnoldiana/3411. Guibourtia arnoldiana.9 (266).png
Pterocarpus macrocarpus/sub_049/154.png,train/Pterocarpus macrocarpus/154.png
Pterocarpus soyauxii/sub_039/154_1.png,train/Pterocarpus soyauxii/154_1.png
Afzelia quanzensis/sub_006/11_1_1.png,train/Afzelia quanzensis/11_1_1.png
Pterocarpus erinaceus/sub_012/3403. Pterocarpus erinaceus.9 (298).png,train/Pterocarpus erinaceus/3403. Pterocarpus erinaceus.9 (298).png
Pterocarpus sp/sub_016/161_1.png,train/Pterocarpus sp/161_1__4bbbb848.png
Afzelia africana/sub_066/doussie58.png,train/Afzelia africana/doussie58.png
Pterocarpus soyauxii/sub_046/15.png,train/Pterocarpus soyauxii/15__e58c0ece.png
Pterocarpus soyauxii/sub_060/132_1.png,train/Pterocarpus soyauxii/132_1__15c6ec40.png
Pterocarpus erinaceus/sub_002/3403. Pterocarpus erinaceus.7 (212).png,train/Pterocarpus erinaceus/3403. Pterocarpus erinaceus.7 (212).png
Pterocarpus indicus/sub_058/3395. Pterocarpus indicus.10 (291).png,train/Pterocarpus indicus/3395. Pterocarpus indicus.10 (291).png
Dalbergia oliveri/sub_012/Dalbergia oliveri_3237.1_ (15).png,train/Dalbergia oliveri/Dalbergia oliveri_3237.1_ (15).png
Pterocarpus erinaceus/sub_012/3403. Pterocarpus erinaceus.4 (106).png,train/Pterocarpus erinaceus/3403. Pterocarpus erinaceus.4 (106).png
Afzelia bella/sub_072/Afzelia bella_GCJA653_(82).png,train/Afzelia bella/Afzelia bella_GCJA653_(82).png
Sindora cochinchinensis/sub_060/gụ41.png,train/Sindora cochinchinensis/gụ41__266c4709.png
Pterocarpus macrocarpus/sub_001/114_2.png,train/Pterocarpus macrocarpus/114_2.png
Peltogyne pubescens/sub_026/3377. Peltogyne pubescens.8 (296).png,train/Peltogyne pubescens/3377. Peltogyne pubescens.8 (296).png
Dalbergia cochinchinensis/sub_023/Dalbergia cochinchinensis.3280.7 (29).png,train/Dalbergia cochinchinensis/Dalbergia cochinchinensis.3280.7 (29).png
Dalbergia rimosa/sub_003/3414. Dalbergia rimosa.10 (297).png,train/Dalbergia rimosa/3414. Dalbergia rimosa.10 (297).png
Pterocarpus soyauxii/sub_034/153_2.png,train/Pterocarpus soyauxii/153_2__f027289e.png
Pterocarpus erinaceus/sub_021/3403. Pterocarpus erinaceus.3 (75).png,train/Pterocarpus erinaceus/3403. Pterocarpus erinaceus.3 (75).png
Dalbergia cochinchinensis/sub_029/Dalbergia cochinchinensis.3280.10 (3).png,train/Dalbergia cochinchinensis/Dalbergia cochinchinensis.3280.10 (3).png
Pterocarpus indicus/sub_011/3395. Pterocarpus indicus.6 (170).png,train/Pterocarpus indicus/3395. Pterocarpus indicus.6 (170).png
Sindora tonkinensis/sub_017/3381. Sindora tonkinensis.9 (263).png,train/Sindora tonkinensis/3381. Sindora tonkinensis.9 (263).png
Pterocarpus soyauxii/sub_008/17.png,train/Pterocarpus soyauxii/17__b51e3ed8.png
Guibourtia coleosperma/sub_051/Guibourtia coleosperma_3253.3 (19).png,train/Guibourtia coleosperma/Guibourtia coleosperma_3253.3 (19).png
Sindora cochinchinensis/sub_037/gụ38.png,train/Sindora cochinchinensis/gụ38.png
Guibourtia ehie/sub_059/Guibourtia ehie_GHQN943_3_(106).png,train/Guibourtia ehie/Guibourtia ehie_GHQN943_3_(106).png
Afzelia bella/sub_007/Afzelia bella_GCJA653_(93).png,train/Afzelia bella/Afzelia bella_GCJA653_(93).png
Guibourtia coleosperma/sub_030/Guibourtia coleosperma_3253.2 (1).png,train/Guibourtia coleosperma/Guibourtia coleosperma_3253.2 (1).png
Afzelia bella/sub_016/Afzelia bella_HYBT691_(135).png,train/Afzelia bella/Afzelia bella_HYBT691_(135).png
Pterocarpus sp/sub_063/17.png,train/Pterocarpus sp/17.png
Sindora cochinchinensis/sub_033/gụ86_2.png,train/Sindora cochinchinensis/gụ86_2.png
Afzelia quanzensis/sub_079/143_1.png,train/Afzelia quanzensis/143_1.png
Pterocarpus indicus/sub_058/3395. Pterocarpus indicus.5 (139).png,train/Pterocarpus indicus/3395. Pterocarpus indicus.5 (139).png
Pterocarpus soyauxii/sub_017/161.png,train/Pterocarpus soyauxii/161__a176db3f.png
Sindora tonkinensis/sub_004/3381. Sindora tonkinensis.5 (136).png,train/Sindora tonkinensis/3381. Sindora tonkinensis.5 (136).png
Pterocarpus soyauxii/sub_045/125_2.png,train/Pterocarpus soyauxii/125_2.png
Pterocarpus indicus/sub_005/3395. Pterocarpus indicus.5 (141).png,train/Pterocarpus indicus/3395. Pterocarpus indicus.5 (141).png
Afzelia africana/sub_010/doussie36_1.png,train/Afzelia africana/doussie36_1.png
Dalbergia tonkinensis/sub_025/3353. Dalbergia tonkinensis.1.(12).png,train/Dalbergia tonkinensis/3353. Dalbergia tonkinensis.1.(12).png
Guibourtia arnoldiana/sub_017/3411. Guibourtia arnoldiana.8 (231).png,train/Guibourtia arnoldiana/3411. Guibourtia arnoldiana.8 (231).png
Sindora cochinchinensis/sub_017/gụ96.png,train/Sindora cochinchinensis/gụ96.png
Dalbergia tonkinensis/sub_048/3353. Dalbergia tonkinensis.7.(200).png,train/Dalbergia tonkinensis/3353. Dalbergia tonkinensis.7.(200).png
Dalbergia cochinchinensis/sub_025/Dalbergia cochinchinensis.3280.4 (4).png,train/Dalbergia cochinchinensis/Dalbergia cochinchinensis.3280.4 (4).png
Pterocarpus indicus/sub_030/3395. Pterocarpus indicus.3 (73).png,train/Pterocarpus indicus/3395. Pterocarpus indicus.3 (73).png
Sindora tonkinensis/sub_075/3381. Sindora tonkinensis.10 (306).png,train/Sindora tonkinensis/3381. Sindora tonkinensis.10 (306).png
Peltogyne pubescens/sub_022/3377. Peltogyne pubescens.3 (100).png,train/Peltogyne pubescens/3377. Peltogyne pubescens.3 (100).png
Peltogyne pubescens/sub_002/3377. Peltogyne pubescens.1 (3).png,train/Peltogyne pubescens/3377. Peltogyne pubescens.1 (3).png
Afzelia africana/sub_001/doussie12_1.png,train/Afzelia africana/doussie12_1__787cdf00.png
Pterocarpus soyauxii/sub_044/141_1.png,train/Pterocarpus soyauxii/141_1__3aaca837.png
Afzelia africana/sub_029/doussie33_1.png,train/Afzelia africana/doussie33_1.png
Pterocarpus soyauxii/sub_070/145_2.png,train/Pterocarpus soyauxii/145_2__799d9c3e.png
Peltogyne pubescens/sub_030/3377. Peltogyne pubescens.7 (230).png,train/Peltogyne pubescens/3377. Peltogyne pubescens.7 (230).png
Guibourtia coleosperma/sub_031/Guibourtia coleosperma_3253.1 (23).png,train/Guibourtia coleosperma/Guibourtia coleosperma_3253.1 (23).png
Guibourtia arnoldiana/sub_029/3411. Guibourtia arnoldiana.4 (122).png,train/Guibourtia arnoldiana/3411. Guibourtia arnoldiana.4 (122).png
Pterocarpus soyauxii/sub_003/140.png,train/Pterocarpus soyauxii/140__72da55c6.png
Pterocarpus indicus/sub_040/3395. Pterocarpus indicus.6 (167).png,train/Pterocarpus indicus/3395. Pterocarpus indicus.6 (167).png
Pterocarpus sp/sub_005/133_4.png,train/Pterocarpus sp/133_4.png
Pterocarpus indicus/sub_032/3395. Pterocarpus indicus.5 (137).png,train/Pterocarpus indicus/3395. Pterocarpus indicus.5 (137).png
Sindora tonkinensis/sub_029/3381. Sindora tonkinensis.9 (270).png,train/Sindora tonkinensis/3381. Sindora tonkinensis.9 (270).png
Pterocarpus soyauxii/sub_028/16_1.png,train/Pterocarpus soyauxii/16_1__58ee3a42.png
Pterocarpus erinaceus/sub_026/3403. Pterocarpus erinaceus.8 (256).png,train/Pterocarpus erinaceus/3403. Pterocarpus erinaceus.8 (256).png
Guibourtia coleosperma/sub_089/Guibourtia coleosperma_3253.3 (31).png,train/Guibourtia coleosperma/Guibourtia coleosperma_3253.3 (31).png
Dalbergia tonkinensis/sub_031/3353. Dalbergia tonkinensis.9.(285).png,train/Dalbergia tonkinensis/3353. Dalbergia tonkinensis.9.(285).png
Guibourtia coleosperma/sub_039/Guibourtia coleosperma_3253.1 (18).png,train/Guibourtia coleosperma/Guibourtia coleosperma_3253.1 (18).png
Dalbergia cochinchinensis/sub_043/Dalbergia cochinchinensis.3280.3 (31).png,train/Dalbergia cochinchinensis/Dalbergia cochinchinensis.3280.3 (31).png
Pterocarpus indicus/sub_006/3395. Pterocarpus indicus.5 (131).png,train/Pterocarpus indicus/3395. Pterocarpus indicus.5 (131).png
Guibourtia arnoldiana/sub_043/3411. Guibourtia arnoldiana.4 (111).png,train/Guibourtia arnoldiana/3411. Guibourtia arnoldiana.4 (111).png
Peltogyne pubescens/sub_063/3377. Peltogyne pubescens.6 (211).png,train/Peltogyne pubescens/3377. Peltogyne pubescens.6 (211).png
Pterocarpus sp/sub_103/151_1.png,train/Pterocarpus sp/151_1.png
Peltogyne pubescens/sub_031/3377. Peltogyne pubescens.4 (145).png,train/Peltogyne pubescens/3377. Peltogyne pubescens.4 (145).png
Dalbergia tonkinensis/sub_005/3353. Dalbergia tonkinensis.8.(248).png,train/Dalbergia tonkinensis/3353. Dalbergia tonkinensis.8.(248).png
Dalbergia rimosa/sub_068/3414. Dalbergia rimosa.8 (225).png,train/Dalbergia rimosa/3414. Dalbergia rimosa.8 (225).png
Afzelia pachyloba/sub_003/2.2_3.png,train/Afzelia pachyloba/2.2_3.png
Pterocarpus macrocarpus/sub_081/165.png,train/Pterocarpus macrocarpus/165.png
Dalbergia tonkinensis/sub_005/3353. Dalbergia tonkinensis.6.(176).png,train/Dalbergia tonkinensis/3353. Dalbergia tonkinensis.6.(176).png
Guibourtia ehie/sub_064/Guibourtia ehie_GHQN943_3_(87).png,train/Guibourtia ehie/Guibourtia ehie_GHQN943_3_(87).png
Guibourtia coleosperma/sub_021/Guibourtia coleosperma_3253.7 (4).png,train/Guibourtia coleosperma/Guibourtia coleosperma_3253.7 (4).png
Dalbergia oliveri/sub_023/Dalbergia oliveri_3237.8_ (22).png,train/Dalbergia oliveri/Dalbergia oliveri_3237.8_ (22).png
Guibourtia coleosperma/sub_003/Guibourtia coleosperma_3253.1 (17).png,train/Guibourtia coleosperma/Guibourtia coleosperma_3253.1 (17).png
Dalbergia cochinchinensis/sub_009/Dalbergia cochinchinensis.3280.4 (27).png,train/Dalbergia cochinchinensis/Dalbergia cochinchinensis.3280.4 (27).png
Pterocarpus macrocarpus/sub_006/132_1.png,train/Pterocarpus macrocarpus/132_1__8b34e37b.png
Pterocarpus erinaceus/sub_061/3403. Pterocarpus erinaceus.6 (184).png,train/Pterocarpus erinaceus/3403. Pterocarpus erinaceus.6 (184).png
Pterocarpus erinaceus/sub_009/3403. Pterocarpus erinaceus.10 (325).png,train/Pterocarpus erinaceus/3403. Pterocarpus erinaceus.10 (325).png
Dalbergia melanoxylon/sub_022/3352. Dalbergia melanoxylon.9.(257).png,train/Dalbergia melanoxylon/3352. Dalbergia melanoxylon.9.(257).png
Pterocarpus sp/sub_018/153.png,train/Pterocarpus sp/153.png
Guibourtia ehie/sub_073/Guibourtia ehie_SXGM640_8_(295).png,train/Guibourtia ehie/Guibourtia ehie_SXGM640_8_(295).png
Guibourtia coleosperma/sub_095/Guibourtia coleosperma_3253.7 (8).png,train/Guibourtia coleosperma/Guibourtia coleosperma_3253.7 (8).png
Afzelia bella/sub_047/Afzelia bella_FFCA657_9_32117.png,train/Afzelia bella/Afzelia bella_FFCA657_9_32117.png
Dalbergia cochinchinensis/sub_022/Dalbergia cochinchinensis.3280.6 (14).png,train/Dalbergia cochinchinensis/Dalbergia cochinchinensis.3280.6 (14).png
Dalbergia oliveri/sub_025/Dalbergia oliveri_3237.6_ (26).png,train/Dalbergia oliveri/Dalbergia oliveri_3237.6_ (26).png
Afzelia pachyloba/sub_006/5.2_1.png,train/Afzelia pachyloba/5.2_1.png
Guibourtia arnoldiana/sub_001/3411. Guibourtia arnoldiana.2 (59).png,train/Guibourtia arnoldiana/3411. Guibourtia arnoldiana.2 (59).png
Pterocarpus sp/sub_019/132_2.png,train/Pterocarpus sp/132_2.png
Dalbergia tonkinensis/sub_002/3353. Dalbergia tonkinensis.10.(321).png,train/Dalbergia tonkinensis/3353. Dalbergia tonkinensis.10.(321).png
Pterocarpus sp/sub_061/112_1.png,train/Pterocarpus sp/112_1__f3bef69d.png
Pterocarpus sp/sub_055/123_4.png,train/Pterocarpus sp/123_4.png
Pterocarpus macrocarpus/sub_072/153.png,train/Pterocarpus macrocarpus/153.png
Dalbergia rimosa/sub_010/3414. Dalbergia rimosa.5 (121).png,train/Dalbergia rimosa/3414. Dalbergia rimosa.5 (121).png
Guibourtia ehie/sub_005/Guibourtia ehie_GHQN943_3_(114).png,train/Guibourtia ehie/Guibourtia ehie_GHQN943_3_(114).png
Dalbergia melanoxylon/sub_018/3352. Dalbergia melanoxylon.3.(88).png,train/Dalbergia melanoxylon/3352. Dalbergia melanoxylon.3.(88).png
Guibourtia ehie/sub_059/Guibourtia ehie_CHYX256_1_(40).png,train/Guibourtia ehie/Guibourtia ehie_CHYX256_1_(40).png
Guibourtia ehie/sub_017/Guibourtia ehie_PVFM153_6_(216).png,train/Guibourtia ehie/Guibourtia ehie_PVFM153_6_(216).png
Dalbergia rimosa/sub_050/3414. Dalbergia rimosa.1(3).png,train/Dalbergia rimosa/3414. Dalbergia rimosa.1(3).png
Sindora tonkinensis/sub_042/3381. Sindora tonkinensis.10 (322).png,train/Sindora tonkinensis/3381. Sindora tonkinensis.10 (322).png
Guibourtia arnoldiana/sub_049/3411. Guibourtia arnoldiana.8 (258).png,train/Guibourtia arnoldiana/3411. Guibourtia arnoldiana.8 (258).png
Pterocarpus erinaceus/sub_005/3403. Pterocarpus erinaceus.3 (80).png,train/Pterocarpus erinaceus/3403. Pterocarpus erinaceus.3 (80).png
Guibourtia coleosperma/sub_043/Guibourtia coleosperma_3253.2 (20).png,train/Guibourtia coleosperma/Guibourtia coleosperma_3253.2 (20).png
Pterocarpus soyauxii/sub_034/1111.png,train/Pterocarpus soyauxii/1111.png
Dalbergia cochinchinensis/sub_015/Dalbergia cochinchinensis.3280.9 (26).png,train/Dalbergia cochinchinensis/Dalbergia cochinchinensis.3280.9 (26).png
Guibourtia arnoldiana/sub_037/3411. Guibourtia arnoldiana.8 (221).png,train/Guibourtia arnoldiana/3411. Guibourtia arnoldiana.8 (221).png
Sindora tonkinensis/sub_039/3381. Sindora tonkinensis.9 (271).png,train/Sindora tonkinensis/3381. Sindora tonkinensis.9 (271).png
Pterocarpus erinaceus/sub_012/3403. Pterocarpus erinaceus.2 (48).png,train/Pterocarpus erinaceus/3403. Pterocarpus erinaceus.2 (48).png
Dalbergia oliveri/sub_034/Dalbergia oliveri_3237.6_ (10).png,train/Dalbergia oliveri/Dalbergia oliveri_3237.6_ (10).png
Guibourtia coleosperma/sub_026/Guibourtia coleosperma_3253.1 (36).png,train/Guibourtia coleosperma/Guibourtia coleosperma_3253.1 (36).png
Peltogyne pubescens/sub_004/3377. Peltogyne pubescens.3 (90).png,train/Peltogyne pubescens/3377. Peltogyne pubescens.3 (90).png
Dalbergia cochinchinensis/sub_005/Dalbergia cochinchinensis.3280.7 (34).png,train/Dalbergia cochinchinensis/Dalbergia cochinchinensis.3280.7 (34).png
Guibourtia coleosperma/sub_026/Guibourtia coleosperma_3253.8 (24).png,train/Guibourtia coleosperma/Guibourtia coleosperma_3253.8 (24).png
Sindora cochinchinensis/sub_016/gụ63_1_1.png,train/Sindora cochinchinensis/gụ63_1_1.png
Dalbergia melanoxylon/sub_010/3352. Dalbergia melanoxylon.7.(181).png,train/Dalbergia melanoxylon/3352. Dalbergia melanoxylon.7.(181).png
Dalbergia tonkinensis/sub_030/3353. Dalbergia tonkinensis.3.(90).png,train/Dalbergia tonkinensis/3353. Dalbergia tonkinensis.3.(90).png
Guibourtia ehie/sub_019/Guibourtia ehie_CHYX256_1_(12).png,train/Guibourtia ehie/Guibourtia ehie_CHYX256_1_(12).png
Pterocarpus soyauxii/sub_002/197_1.png,train/Pterocarpus soyauxii/197_1.png
Pterocarpus soyauxii/sub_028/159_2.png,train/Pterocarpus soyauxii/159_2.png
Peltogyne pubescens/sub_038/3377. Peltogyne pubescens.10 (365).png,train/Peltogyne pubescens/3377. Peltogyne pubescens.10 (365).png
Pterocarpus macrocarpus/sub_073/143.png,train/Pterocarpus macrocarpus/143__4375465e.png
Afzelia quanzensis/sub_055/148.png,train/Afzelia quanzensis/148__2cc05d56.png
Dalbergia oliveri/sub_006/Dalbergia oliveri_3237.1_ (9).png,train/Dalbergia oliveri/Dalbergia oliveri_3237.1_ (9).png
Dalbergia tonkinensis/sub_005/3353. Dalbergia tonkinensis.1.(4).png,train/Dalbergia tonkinensis/3353. Dalbergia tonkinensis.1.(4).png
Guibourtia coleosperma/sub_045/Guibourtia coleosperma_3253.10 (11).png,train/Guibourtia coleosperma/Guibourtia coleosperma_3253.10 (11).png
Guibourtia ehie/sub_080/Guibourtia ehie_GHQN943_3_(103).png,train/Guibourtia ehie/Guibourtia ehie_GHQN943_3_(103).png
Guibourtia coleosperma/sub_034/Guibourtia coleosperma_3253.6 (27).png,train/Guibourtia coleosperma/Guibourtia coleosperma_3253.6 (27).png
Dalbergia melanoxylon/sub_004/3352. Dalbergia melanoxylon.3.(68).png,train/Dalbergia melanoxylon/3352. Dalbergia melanoxylon.3.(68).png
Dalbergia tonkinensis/sub_069/3353. Dalbergia tonkinensis.4.(115).png,train/Dalbergia tonkinensis/3353. Dalbergia tonkinensis.4.(115).png
Sindora tonkinensis/sub_045/3381. Sindora tonkinensis.4 (107).png,train/Sindora tonkinensis/3381. Sindora tonkinensis.4 (107).png
Afzelia africana/sub_073/doussie53.png,train/Afzelia africana/doussie53.png
Guibourtia ehie/sub_044/Guibourtia ehie_SXGM640_8_(318).png,train/Guibourtia ehie/Guibourtia ehie_SXGM640_8_(318).png
Pterocarpus macrocarpus/sub_006/114_5.png,train/Pterocarpus macrocarpus/114_5.png
Afzelia africana/sub_021/doussie3_2.png,train/Afzelia africana/doussie3_2.png
Pterocarpus macrocarpus/sub_049/112_3.png,train/Pterocarpus macrocarpus/112_3.png
Peltogyne pubescens/sub_008/3377. Peltogyne pubescens.4 (130).png,train/Peltogyne pubescens/3377. Peltogyne pubescens.4 (130).png
Guibourtia arnoldiana/sub_041/3411. Guibourtia arnoldiana.9 (279).png,train/Guibourtia arnoldiana/3411. Guibourtia arnoldiana.9 (279).png
Pterocarpus sp/sub_050/19_2.png,train/Pterocarpus sp/19_2__57ede25d.png
Afzelia quanzensis/sub_029/11_2.png,train/Afzelia quanzensis/11_2.png
Dalbergia oliveri/sub_019/Dalbergia oliveri_3237.8_ (3).png,train/Dalbergia oliveri/Dalbergia oliveri_3237.8_ (3).png
Peltogyne pubescens/sub_038/3377. Peltogyne pubescens.10 (337).png,train/Peltogyne pubescens/3377. Peltogyne pubescens.10 (337).png
Dalbergia tonkinensis/sub_071/3353. Dalbergia tonkinensis.5.(155).png,train/Dalbergia tonkinensis/3353. Dalbergia tonkinensis.5.(155).png
Guibourtia coleosperma/sub_029/Guibourtia coleosperma_3253.3 (8).png,train/Guibourtia coleosperma/Guibourtia coleosperma_3253.3 (8).png
Pterocarpus sp/sub_020/133_1.png,train/Pterocarpus sp/133_1__7de45ac7.png
Dalbergia cochinchinensis/sub_032/Dalbergia cochinchinensis.3280.3 (30).png,train/Dalbergia cochinchinensis/Dalbergia cochinchinensis.3280.3 (30).png
Pterocarpus soyauxii/sub_011/118.png,train/Pterocarpus soyauxii/118__b0929d5f.png
Pterocarpus soyauxii/sub_079/182.png,train/Pterocarpus soyauxii/182.png
Dalbergia oliveri/sub_009/Dalbergia oliveri_3237.5_ (7).png,train/Dalbergia oliveri/Dalbergia oliveri_3237.5_ (7).png
Dalbergia tonkinensis/sub_005/3353. Dalbergia tonkinensis.7.(196).png,train/Dalbergia tonkinensis/3353. Dalbergia tonkinensis.7.(196).png
Sindora tonkinensis/sub_004/3381. Sindora tonkinensis.1 (10).png,train/Sindora tonkinensis/3381. Sindora tonkinensis.1 (10).png
Pterocarpus erinaceus/sub_015/3403. Pterocarpus erinaceus.7 (205).png,train/Pterocarpus erinaceus/3403. Pterocarpus erinaceus.7 (205).png
Pterocarpus macrocarpus/sub_002/110_4.png,train/Pterocarpus macrocarpus/110_4.png
Dalbergia oliveri/sub_006/Dalbergia oliveri_3237.9_ (6).png,train/Dalbergia oliveri/Dalbergia oliveri_3237.9_ (6).png
Guibourtia ehie/sub_016/Guibourtia ehie_GHQN943_3_(116).png,train/Guibourtia ehie/Guibourtia ehie_GHQN943_3_(116).png
Sindora tonkinensis/sub_016/3381. Sindora tonkinensis.6 (176).png,train/Sindora tonkinensis/3381. Sindora tonkinensis.6 (176).png
Guibourtia ehie/sub_068/Guibourtia ehie_GHQN943_3_(83).png,train/Guibourtia ehie/Guibourtia ehie_GHQN943_3_(83).png
Pterocarpus soyauxii/sub_068/154_2.png,train/Pterocarpus soyauxii/154_2.png
Pterocarpus sp/sub_083/161_2.png,train/Pterocarpus sp/161_2.png
Pterocarpus macrocarpus/sub_001/12_4.png,train/Pterocarpus macrocarpus/12_4.png
Afzelia bella/sub_073/Afzelia bella_QUAV174_(304).png,train/Afzelia bella/Afzelia bella_QUAV174_(304).png
Guibourtia arnoldiana/sub_025/3411. Guibourtia arnoldiana.8 (240).png,train/Guibourtia arnoldiana/3411. Guibourtia arnoldiana.8 (240).png
Afzelia bella/sub_041/Afzelia bella_GCJA653_(99).png,train/Afzelia bella/Afzelia bella_GCJA653_(99).png
Pterocarpus sp/sub_001/121_3.png,train/Pterocarpus sp/121_3.png
Pterocarpus sp/sub_063/14_4.png,train/Pterocarpus sp/14_4.png
Pterocarpus sp/sub_025/151_1.png,train/Pterocarpus sp/151_1__0a5b1309.png
Guibourtia coleosperma/sub_094/Guibourtia coleosperma_3253.2 (13).png,train/Guibourtia coleosperma/Guibourtia coleosperma_3253.2 (13).png
Dalbergia rimosa/sub_060/3414. Dalbergia rimosa.6 (164).png,train/Dalbergia rimosa/3414. Dalbergia rimosa.6 (164).png
Pterocarpus soyauxii/sub_016/131.png,train/Pterocarpus soyauxii/131__333723fa.png
Dalbergia melanoxylon/sub_021/3352. Dalbergia melanoxylon.5.(120).png,train/Dalbergia melanoxylon/3352. Dalbergia melanoxylon.5.(120).png
Pterocarpus macrocarpus/sub_050/11.png,train/Pterocarpus macrocarpus/11.png
Pterocarpus macrocarpus/sub_062/166_1.png,train/Pterocarpus macrocarpus/166_1.png
Sindora tonkinensis/sub_012/3381. Sindora tonkinensis.1 (29).png,train/Sindora tonkinensis/3381. Sindora tonkinensis.1 (29).png
Pterocarpus macrocarpus/sub_003/139_2.png,train/Pterocarpus macrocarpus/139_2.png
Guibourtia arnoldiana/sub_015/3411. Guibourtia arnoldiana.6 (182).png,train/Guibourtia arnoldiana/3411. Guibourtia arnoldiana.6 (182).png
Pterocarpus erinaceus/sub_024/3403. Pterocarpus erinaceus.3 (78).png,train/Pterocarpus erinaceus/3403. Pterocarpus erinaceus.3 (78).png
Guibourtia arnoldiana/sub_033/3411. Guibourtia arnoldiana.5 (125).png,train/Guibourtia arnoldiana/3411. Guibourtia arnoldiana.5 (125).png
Sindora tonkinensis/sub_018/3381. Sindora tonkinensis.4 (104).png,train/Sindora tonkinensis/3381. Sindora tonkinensis.4 (104).png
Pterocarpus sp/sub_048/14_1.png,train/Pterocarpus sp/14_1.png
Guibourtia coleosperma/sub_046/Guibourtia coleosperma_3253.8 (7).png,train/Guibourtia coleosperma/Guibourtia coleosperma_3253.8 (7).png
Sindora tonkinensis/sub_014/3381. Sindora tonkinensis.3 (90).png,train/Sindora tonkinensis/3381. Sindora tonkinensis.3 (90).png
Dalbergia oliveri/sub_022/Dalbergia oliveri_3237.1_ (16).png,train/Dalbergia oliveri/Dalbergia oliveri_3237.1_ (16).png
Afzelia bella/sub_011/Afzelia bella_WJSV740_10_36124.png,train/Afzelia bella/Afzelia bella_WJSV740_10_36124.png
Dalbergia rimosa/sub_007/3414. Dalbergia rimosa.6 (171).png,train/Dalbergia rimosa/3414. Dalbergia rimosa.6 (171).png
Pterocarpus soyauxii/sub_052/162.png,train/Pterocarpus soyauxii/162.png
Sindora cochinchinensis/sub_025/gụ10_1.png,train/Sindora cochinchinensis/gụ10_1__42fede49.png
Guibourtia arnoldiana/sub_016/3411. Guibourtia arnoldiana.10 (299).png,train/Guibourtia arnoldiana/3411. Guibourtia arnoldiana.10 (299).png
Pterocarpus erinaceus/sub_043/3403. Pterocarpus erinaceus.5 (166).png,train/Pterocarpus erinaceus/3403. Pterocarpus erinaceus.5 (166).png
Guibourtia coleosperma/sub_006/Guibourtia coleosperma_3253.2 (28).png,train/Guibourtia coleosperma/Guibourtia coleosperma_3253.2 (28).png
Dalbergia rimosa/sub_050/3414. Dalbergia rimosa.5 (147).png,train/Dalbergia rimosa/3414. Dalbergia rimosa.5 (147).png
Guibourtia arnoldiana/sub_015/3411. Guibourtia arnoldiana.9 (267).png,train/Guibourtia arnoldiana/3411. Guibourtia arnoldiana.9 (267).png
Afzelia bella/sub_032/Afzelia bella_QCYD170_(274).png,train/Afzelia bella/Afzelia bella_QCYD170_(274).png
Pterocarpus sp/sub_086/146_1.png,train/Pterocarpus sp/146_1.png
Guibourtia arnoldiana/sub_011/3411. Guibourtia arnoldiana.2 (50).png,train/Guibourtia arnoldiana/3411. Guibourtia arnoldiana.2 (50).png
Afzelia quanzensis/sub_048/115_2.png,train/Afzelia quanzensis/115_2.png
Dalbergia cochinchinensis/sub_055/Dalbergia cochinchinensis.3280.10 (16).png,train/Dalbergia cochinchinensis/Dalbergia cochinchinensis.3280.10 (16).png
Pterocarpus soyauxii/sub_027/113_1_1.png,train/Pterocarpus soyauxii/113_1_1.png
Guibourtia arnoldiana/sub_012/3411. Guibourtia arnoldiana.3 (95).png,train/Guibourtia arnoldiana/3411. Guibourtia arnoldiana.3 (95).png
Guibourtia arnoldiana/sub_002/3411. Guibourtia arnoldiana.10 (321).png,train/Guibourtia arnoldiana/3411. Guibourtia arnoldiana.10 (321).png
Dalbergia tonkinensis/sub_039/3353. Dalbergia tonkinensis.1.(14).png,train/Dalbergia tonkinensis/3353. Dalbergia tonkinensis.1.(14).png
Dalbergia rimosa/sub_014/3414. Dalbergia rimosa.3 (80).png,train/Dalbergia rimosa/3414. Dalbergia rimosa.3 (80).png
Pterocarpus sp/sub_007/14_2.png,train/Pterocarpus sp/14_2.png
Afzelia bella/sub_051/Afzelia bella_GCJA653_(104).png,train/Afzelia bella/Afzelia bella_GCJA653_(104).png
Afzelia quanzensis/sub_081/130.png,train/Afzelia quanzensis/130__47f5d2be.png
Pterocarpus sp/sub_067/125_2.png,train/Pterocarpus sp/125_2.png
Dalbergia melanoxylon/sub_001/3352. Dalbergia melanoxylon.2 (49).png,train/Dalbergia melanoxylon/3352. Dalbergia melanoxylon.2 (49).png
Peltogyne pubescens/sub_032/3377. Peltogyne pubescens.6 (217).png,train/Peltogyne pubescens/3377. Peltogyne pubescens.6 (217).png
Dalbergia cochinchinensis/sub_027/Dalbergia cochinchinensis.3280.8 (4).png,train/Dalbergia cochinchinensis/Dalbergia cochinchinensis.3280.8 (4).png
Guibourtia ehie/sub_084/Guibourtia ehie_TLYO895_9_(330).png,train/Guibourtia ehie/Guibourtia ehie_TLYO895_9_(330).png
Pterocarpus erinaceus/sub_025/3403. Pterocarpus erinaceus.9 (276).png,train/Pterocarpus erinaceus/3403. Pterocarpus erinaceus.9 (276).png
Afzelia africana/sub_020/doussie18_1.png,train/Afzelia africana/doussie18_1.png
Afzelia quanzensis/sub_012/132_1.png,train/Afzelia quanzensis/132_1__d0fa9836.png
Afzelia africana/sub_025/doussie74.png,train/Afzelia africana/doussie74.png
Afzelia pachyloba/sub_026/5.1_1.png,train/Afzelia pachyloba/5.1_1.png
Afzelia africana/sub_002/doussie47.png,train/Afzelia africana/doussie47.png
Dalbergia cochinchinensis/sub_022/Dalbergia cochinchinensis.3280.7 (27).png,train/Dalbergia cochinchinensis/Dalbergia cochinchinensis.3280.7 (27).png
Guibourtia ehie/sub_086/Guibourtia ehie_GHQN943_3_(89).png,train/Guibourtia ehie/Guibourtia ehie_GHQN943_3_(89).png
Dalbergia melanoxylon/sub_004/3352. Dalbergia melanoxylon.5.(125).png,train/Dalbergia melanoxylon/3352. Dalbergia melanoxylon.5.(125).png
Guibourtia ehie/sub_081/Guibourtia ehie_PVFM153_6_(237).png,train/Guibourtia ehie/Guibourtia ehie_PVFM153_6_(237).png
Afzelia bella/sub_013/Afzelia bella_QUAV174_(303).png,train/Afzelia bella/Afzelia bella_QUAV174_(303).png
Dalbergia melanoxylon/sub_038/3352. Dalbergia melanoxylon.4.(119).png,train/Dalbergia melanoxylon/3352. Dalbergia melanoxylon.4.(119).png
Peltogyne pubescens/sub_003/3377. Peltogyne pubescens.4 (116).png,train/Peltogyne pubescens/3377. Peltogyne pubescens.4 (116).png
Pterocarpus soyauxii/sub_004/144.png,train/Pterocarpus soyauxii/144__c6491b3d.png
Guibourtia ehie/sub_043/Guibourtia ehie_PRQC042_5_(167).png,train/Guibourtia ehie/Guibourtia ehie_PRQC042_5_(167).png
Pterocarpus macrocarpus/sub_012/143_2.png,train/Pterocarpus macrocarpus/143_2.png
Pterocarpus macrocarpus/sub_057/16.png,train/Pterocarpus macrocarpus/16.png
Guibourtia ehie/sub_038/Guibourtia ehie_CHYX256_1_(5).png,train/Guibourtia ehie/Guibourtia ehie_CHYX256_1_(5).png
Dalbergia rimosa/sub_048/3414. Dalbergia rimosa.5 (150).png,train/Dalbergia rimosa/3414. Dalbergia rimosa.5 (150).png
Sindora tonkinensis/sub_006/3381. Sindora tonkinensis.1 (32).png,train/Sindora tonkinensis/3381. Sindora tonkinensis.1 (32).png
Guibourtia coleosperma/sub_005/Guibourtia coleosperma_3253.1 (31).png,train/Guibourtia coleosperma/Guibourtia coleosperma_3253.1 (31).png
Peltogyne pubescens/sub_004/3377. Peltogyne pubescens.2 (57).png,train/Peltogyne pubescens/3377. Peltogyne pubescens.2 (57).png
Pterocarpus sp/sub_007/116_2.png,train/Pterocarpus sp/116_2.png
Dalbergia oliveri/sub_069/Dalbergia oliveri_3237.1_ (28).png,train/Dalbergia oliveri/Dalbergia oliveri_3237.1_ (28).png
Pterocarpus macrocarpus/sub_049/153_3.png,train/Pterocarpus macrocarpus/153_3.png
Pterocarpus soyauxii/sub_014/155_1.png,train/Pterocarpus soyauxii/155_1__4bee177f.png
Sindora cochinchinensis/sub_039/gụ85.png,train/Sindora cochinchinensis/gụ85.png
Guibourtia coleosperma/sub_064/Guibourtia coleosperma_3253.7 (11).png,train/Guibourtia coleosperma/Guibourtia coleosperma_3253.7 (11).png
Guibourtia arnoldiana/sub_013/3411. Guibourtia arnoldiana.6 (192).png,train/Guibourtia arnoldiana/3411. Guibourtia arnoldiana.6 (192).png
Pterocarpus macrocarpus/sub_022/141_3.png,train/Pterocarpus macrocarpus/141_3.png
Dalbergia tonkinensis/sub_013/3353. Dalbergia tonkinensis.4.(122).png,train/Dalbergia tonkinensis/3353. Dalbergia tonkinensis.4.(122).png
Peltogyne pubescens/sub_028/3377. Peltogyne pubescens.8 (294).png,train/Peltogyne pubescens/3377. Peltogyne pubescens.8 (294).png
Sindora cochinchinensis/sub_060/gụ48_1.png,train/Sindora cochinchinensis/gụ48_1.png
Guibourtia ehie/sub_019/Guibourtia ehie_PVFM153_6_(221).png,train/Guibourtia ehie/Guibourtia ehie_PVFM153_6_(221).png
Pterocarpus soyauxii/sub_064/1107_1.png,train/Pterocarpus soyauxii/1107_1.png
Dalbergia rimosa/sub_004/3414. Dalbergia rimosa.2 (49).png,train/Dalbergia rimosa/3414. Dalbergia rimosa.2 (49).png
Guibourtia coleosperma/sub_015/Guibourtia coleosperma_3253.2 (33).png,train/Guibourtia coleosperma/Guibourtia coleosperma_3253.2 (33).png
Dalbergia melanoxylon/sub_007/3352. Dalbergia melanoxylon.5.(143).png,train/Dalbergia melanoxylon/3352. Dalbergia melanoxylon.5.(143).png
Sindora cochinchinensis/sub_002/gụ13_3.png,train/Sindora cochinchinensis/gụ13_3.png
Afzelia bella/sub_026/Afzelia bella_HYBT691_(127).png,train/Afzelia bella/Afzelia bella_HYBT691_(127).png
Afzelia africana/sub_062/doussie27.png,train/Afzelia africana/doussie27__1b657df3.png
Dalbergia rimosa/sub_060/3414. Dalbergia rimosa.6 (163).png,train/Dalbergia rimosa/3414. Dalbergia rimosa.6 (163).png
Pterocarpus indicus/sub_011/3395. Pterocarpus indicus.3 (61).png,train/Pterocarpus indicus/3395. Pterocarpus indicus.3 (61).png
Pterocarpus macrocarpus/sub_073/126.png,train/Pterocarpus macrocarpus/126__fc93e203.png
Afzelia africana/sub_066/doussie2_1.png,train/Afzelia africana/doussie2_1__2f6b9405.png
Dalbergia oliveri/sub_049/Dalbergia oliveri_3237.4_ (20).png,train/Dalbergia oliveri/Dalbergia oliveri_3237.4_ (20).png
Guibourtia arnoldiana/sub_035/3411. Guibourtia arnoldiana.3 (79).png,train/Guibourtia arnoldiana/3411. Guibourtia arnoldiana.3 (79).png
Sindora cochinchinensis/sub_091/gụ43_1.png,train/Sindora cochinchinensis/gụ43_1__d439d865.png
Pterocarpus sp/sub_008/122.png,train/Pterocarpus sp/122.png
Guibourtia arnoldiana/sub_063/3411. Guibourtia arnoldiana.4 (112).png,train/Guibourtia arnoldiana/3411. Guibourtia arnoldiana.4 (112).png
Pterocarpus erinaceus/sub_038/3403. Pterocarpus erinaceus.5 (149).png,train/Pterocarpus erinaceus/3403. Pterocarpus erinaceus.5 (149).png
Pterocarpus sp/sub_041/127_2.png,train/Pterocarpus sp/127_2.png
Pterocarpus indicus/sub_003/3395. Pterocarpus indicus.5 (147).png,train/Pterocarpus indicus/3395. Pterocarpus indicus.5 (147).png
Pterocarpus sp/sub_044/130.png,train/Pterocarpus sp/130__2378f2c1.png
Peltogyne pubescens/sub_022/3377. Peltogyne pubescens.2 (61).png,train/Peltogyne pubescens/3377. Peltogyne pubescens.2 (61).png
Dalbergia cochinchinensis/sub_022/Dalbergia cochinchinensis.3280.3 (16).png,train/Dalbergia cochinchinensis/Dalbergia cochinchinensis.3280.3 (16).png
Dalbergia rimosa/sub_018/3414. Dalbergia rimosa.9 (257).png,train/Dalbergia rimosa/3414. Dalbergia rimosa.9 (257).png
Afzelia bella/sub_007/Afzelia bella_LYSV052_(200).png,train/Afzelia bella/Afzelia bella_LYSV052_(200).png
Pterocarpus indicus/sub_041/3395. Pterocarpus indicus.3 (81).png,train/Pterocarpus indicus/3395. Pterocarpus indicus.3 (81).png
Guibourtia arnoldiana/sub_054/3411. Guibourtia arnoldiana.10 (303).png,train/Guibourtia arnoldiana/3411. Guibourtia arnoldiana.10 (303).png
Pterocarpus sp/sub_083/19_1.png,train/Pterocarpus sp/19_1.png
Afzelia pachyloba/sub_030/1.4.png,train/Afzelia pachyloba/1.4.png
Afzelia africana/sub_042/doussie7.png,train/Afzelia africana/doussie7__35c9b243.png
Afzelia quanzensis/sub_053/112_1.png,train/Afzelia quanzensis/112_1__73ab7813.png
Afzelia bella/sub_061/Afzelia bella_AMRX692_(76).png,train/Afzelia bella/Afzelia bella_AMRX692_(76).png
Peltogyne pubescens/sub_032/3377. Peltogyne pubescens.7 (238).png,train/Peltogyne pubescens/3377. Peltogyne pubescens.7 (238).png
Dalbergia oliveri/sub_057/Dalbergia oliveri_3237.7_ (17).png,train/Dalbergia oliveri/Dalbergia oliveri_3237.7_ (17).png
Guibourtia arnoldiana/sub_060/3411. Guibourtia arnoldiana.4 (113).png,train/Guibourtia arnoldiana/3411. Guibourtia arnoldiana.4 (113).png
Pterocarpus macrocarpus/sub_030/111_2.png,train/Pterocarpus macrocarpus/111_2__0c3f8803.png
Pterocarpus sp/sub_006/112_2.png,train/Pterocarpus sp/112_2.png
Peltogyne pubescens/sub_045/3377. Peltogyne pubescens.4 (126).png,train/Peltogyne pubescens/3377. Peltogyne pubescens.4 (126).png
Guibourtia coleosperma/sub_016/Guibourtia coleosperma_3253.9 (11).png,train/Guibourtia coleosperma/Guibourtia coleosperma_3253.9 (11).png
Guibourtia coleosperma/sub_065/Guibourtia coleosperma_3253.9 (1).png,train/Guibourtia coleosperma/Guibourtia coleosperma_3253.9 (1).png
Guibourtia coleosperma/sub_007/Guibourtia coleosperma_3253.7 (27).png,train/Guibourtia coleosperma/Guibourtia coleosperma_3253.7 (27).png
Dalbergia tonkinensis/sub_028/3353. Dalbergia tonkinensis.2.(42).png,train/Dalbergia tonkinensis/3353. Dalbergia tonkinensis.2.(42).png
Guibourtia arnoldiana/sub_049/3411. Guibourtia arnoldiana.9 (281).png,train/Guibourtia arnoldiana/3411. Guibourtia arnoldiana.9 (281).png
Pterocarpus sp/sub_084/10_2.png,train/Pterocarpus sp/10_2.png
Pterocarpus erinaceus/sub_040/3403. Pterocarpus erinaceus.2 (36).png,train/Pterocarpus erinaceus/3403. Pterocarpus erinaceus.2 (36).png
Guibourtia ehie/sub_091/Guibourtia ehie_PRQC042_5_(196).png,train/Guibourtia ehie/Guibourtia ehie_PRQC042_5_(196).png
Afzelia pachyloba/sub_017/2.4_2.png,train/Afzelia pachyloba/2.4_2.png
Pterocarpus soyauxii/sub_020/134_2.png,train/Pterocarpus soyauxii/134_2.png
Pterocarpus erinaceus/sub_018/3403. Pterocarpus erinaceus.2 (66).png,train/Pterocarpus erinaceus/3403. Pterocarpus erinaceus.2 (66).png
Pterocarpus sp/sub_037/18_1.png,train/Pterocarpus sp/18_1__120edf87.png
Guibourtia arnoldiana/sub_049/3411. Guibourtia arnoldiana.4 (120).png,train/Guibourtia arnoldiana/3411. Guibourtia arnoldiana.4 (120).png
Afzelia quanzensis/sub_009/17_2.png,train/Afzelia quanzensis/17_2.png
Pterocarpus sp/sub_001/115_6.png,train/Pterocarpus sp/115_6.png
Afzelia quanzensis/sub_009/147_1.png,train/Afzelia quanzensis/147_1__0b94a8ac.png
Sindora tonkinensis/sub_052/3381. Sindora tonkinensis.4 (116).png,train/Sindora tonkinensis/3381. Sindora tonkinensis.4 (116).png
Dalbergia tonkinensis/sub_030/3353. Dalbergia tonkinensis.6.(194).png,train/Dalbergia tonkinensis/3353. Dalbergia tonkinensis.6.(194).png
Pterocarpus indicus/sub_001/3395. Pterocarpus indicus.7 (218).png,train/Pterocarpus indicus/3395. Pterocarpus indicus.7 (218).png
Afzelia bella/sub_062/Afzelia bella_WJSV740_10_3614.png,train/Afzelia bella/Afzelia bella_WJSV740_10_3614.png
Dalbergia tonkinensis/sub_015/3353. Dalbergia tonkinensis.10.(304).png,train/Dalbergia tonkinensis/3353. Dalbergia tonkinensis.10.(304).png
Pterocarpus erinaceus/sub_043/3403. Pterocarpus erinaceus.8 (258).png,train/Pterocarpus erinaceus/3403. Pterocarpus erinaceus.8 (258).png
Dalbergia cochinchinensis/sub_056/Dalbergia cochinchinensis.3280.10 (13).png,train/Dalbergia cochinchinensis/Dalbergia cochinchinensis.3280.10 (13).png
Sindora tonkinensis/sub_061/3381. Sindora tonkinensis.8 (224).png,train/Sindora tonkinensis/3381. Sindora tonkinensis.8 (224).png
Afzelia quanzensis/sub_017/149_3.png,train/Afzelia quanzensis/149_3.png
Guibourtia arnoldiana/sub_034/3411. Guibourtia arnoldiana.9 (260).png,train/Guibourtia arnoldiana/3411. Guibourtia arnoldiana.9 (260).png
Pterocarpus sp/sub_010/129_2.png,train/Pterocarpus sp/129_2.png
Pterocarpus soyauxii/sub_061/128_3.png,train/Pterocarpus soyauxii/128_3.png
Pterocarpus sp/sub_032/128_1.png,train/Pterocarpus sp/128_1__44c1db7c.png
Pterocarpus soyauxii/sub_021/121_1.png,train/Pterocarpus soyauxii/121_1__d36b7ade.png
Guibourtia ehie/sub_029/Guibourtia ehie_KREW954_4_(156).png,train/Guibourtia ehie/Guibourtia ehie_KREW954_4_(156).png
Pterocarpus sp/sub_021/145_1.png,train/Pterocarpus sp/145_1.png
Pterocarpus erinaceus/sub_014/3403. Pterocarpus erinaceus.5 (150).png,train/Pterocarpus erinaceus/3403. Pterocarpus erinaceus.5 (150).png
Pterocarpus macrocarpus/sub_007/131_1.png,train/Pterocarpus macrocarpus/131_1__10bf34bb.png
Peltogyne pubescens/sub_039/3377. Peltogyne pubescens.7 (249).png,train/Peltogyne pubescens/3377. Peltogyne pubescens.7 (249).png
Pterocarpus macrocarpus/sub_019/145_3.png,train/Pterocarpus macrocarpus/145_3.png
Afzelia africana/sub_040/doussie29_1.png,train/Afzelia africana/doussie29_1.png
Guibourtia coleosperma/sub_058/Guibourtia coleosperma_3253.1 (33).png,train/Guibourtia coleosperma/Guibourtia coleosperma_3253.1 (33).png
Guibourtia arnoldiana/sub_050/3411. Guibourtia arnoldiana.5 (145).png,train/Guibourtia arnoldiana/3411. Guibourtia arnoldiana.5 (145).png
Pterocarpus indicus/sub_024/3395. Pterocarpus indicus.9 (260).png,train/Pterocarpus indicus/3395. Pterocarpus indicus.9 (260).png
Pterocarpus sp/sub_038/141_4.png,train/Pterocarpus sp/141_4.png
Dalbergia oliveri/sub_056/Dalbergia oliveri_3237.1_ (8).png,train/Dalbergia oliveri/Dalbergia oliveri_3237.1_ (8).png
Guibourtia arnoldiana/sub_022/3411. Guibourtia arnoldiana.10 (300).png,train/Guibourtia arnoldiana/3411. Guibourtia arnoldiana.10 (300).png
Guibourtia ehie/sub_006/Guibourtia ehie_GHQN943_3_(82).png,train/Guibourtia ehie/Guibourtia ehie_GHQN943_3_(82).png
Dalbergia oliveri/sub_011/Dalbergia oliveri_3237.5_ (6).png,train/Dalbergia oliveri/Dalbergia oliveri_3237.5_ (6).png
Dalbergia oliveri/sub_037/Dalbergia oliveri_3237.4_ (6).png,train/Dalbergia oliveri/Dalbergia oliveri_3237.4_ (6).png
Guibourtia coleosperma/sub_010/Guibourtia coleosperma_3253.7 (28).png,train/Guibourtia coleosperma/Guibourtia coleosperma_3253.7 (28).png
Guibourtia arnoldiana/sub_047/3411. Guibourtia arnoldiana.2 (60).png,train/Guibourtia arnoldiana/3411. Guibourtia arnoldiana.2 (60).png
Pterocarpus soyauxii/sub_017/167.png,train/Pterocarpus soyauxii/167.png
Dalbergia oliveri/sub_025/Dalbergia oliveri_3237.10_ (8).png,train/Dalbergia oliveri/Dalbergia oliveri_3237.10_ (8).png
Pterocarpus indicus/sub_011/3395. Pterocarpus indicus.3 (90).png,train/Pterocarpus indicus/3395. Pterocarpus indicus.3 (90).png
Pterocarpus indicus/sub_008/3395. Pterocarpus indicus.8 (251).png,train/Pterocarpus indicus/3395. Pterocarpus indicus.8 (251).png
Peltogyne pubescens/sub_001/3377. Peltogyne pubescens.5 (175).png,train/Peltogyne pubescens/3377. Peltogyne pubescens.5 (175).png
Dalbergia tonkinensis/sub_007/3353. Dalbergia tonkinensis.7.(222).png,train/Dalbergia tonkinensis/3353. Dalbergia tonkinensis.7.(222).png
Pterocarpus erinaceus/sub_014/3403. Pterocarpus erinaceus.1(20).png,train/Pterocarpus erinaceus/3403. Pterocarpus erinaceus.1(20).png
Afzelia bella/sub_040/Afzelia bella_QUAV174_(308).png,train/Afzelia bella/Afzelia bella_QUAV174_(308).png
Afzelia bella/sub_026/Afzelia bella_FFCA657_9_3218.png,train/Afzelia bella/Afzelia bella_FFCA657_9_3218.png
Dalbergia melanoxylon/sub_026/3352. Dalbergia melanoxylon.5.(134).png,train/Dalbergia melanoxylon/3352. Dalbergia melanoxylon.5.(134).png
Guibourtia arnoldiana/sub_019/3411. Guibourtia arnoldiana.9 (278).png,train/Guibourtia arnoldiana/3411. Guibourtia arnoldiana.9 (278).png
Pterocarpus soyauxii/sub_018/130_2.png,train/Pterocarpus soyauxii/130_2.png
Afzelia quanzensis/sub_047/110.png,train/Afzelia quanzensis/110__ffac769d.png
Guibourtia coleosperma/sub_023/Guibourtia coleosperma_3253.11 (33).png,train/Guibourtia coleosperma/Guibourtia coleosperma_3253.11 (33).png
Afzelia quanzensis/sub_009/135_2_1.png,train/Afzelia quanzensis/135_2_1.png
Afzelia bella/sub_083/Afzelia bella_GCJA653_(94).png,train/Afzelia bella/Afzelia bella_GCJA653_(94).png
Dalbergia rimosa/sub_021/3414. Dalbergia rimosa.2 (39).png,train/Dalbergia rimosa/3414. Dalbergia rimosa.2 (39).png
Pterocarpus macrocarpus/sub_057/157.png,train/Pterocarpus macrocarpus/157.png
Guibourtia arnoldiana/sub_007/3411. Guibourtia arnoldiana.8 (229).png,train/Guibourtia arnoldiana/3411. Guibourtia arnoldiana.8 (229).png
Dalbergia tonkinensis/sub_041/3353. Dalbergia tonkinensis.8.(230).png,train/Dalbergia tonkinensis/3353. Dalbergia tonkinensis.8.(230).png
Afzelia quanzensis/sub_007/120_1.png,train/Afzelia quanzensis/120_1.png
Sindora cochinchinensis/sub_020/gụ84_1.png,train/Sindora cochinchinensis/gụ84_1.png
Guibourtia arnoldiana/sub_009/3411. Guibourtia arnoldiana.3 (76).png,train/Guibourtia arnoldiana/3411. Guibourtia arnoldiana.3 (76).png
Pterocarpus sp/sub_012/138_2_1.png,train/Pterocarpus sp/138_2_1.png
Peltogyne pubescens/sub_051/3377. Peltogyne pubescens.7 (255).png,train/Peltogyne pubescens/3377. Peltogyne pubescens.7 (255).png
Sindora cochinchinensis/sub_010/gụ50.png,train/Sindora cochinchinensis/gụ50__c7baadaa.png
Dalbergia oliveri/sub_050/Dalbergia oliveri_3237.4_ (30).png,train/Dalbergia oliveri/Dalbergia oliveri_3237.4_ (30).png
Dalbergia rimosa/sub_031/3414. Dalbergia rimosa.1(16).png,train/Dalbergia rimosa/3414. Dalbergia rimosa.1(16).png
Peltogyne pubescens/sub_042/3377. Peltogyne pubescens.5 (160).png,train/Peltogyne pubescens/3377. Peltogyne pubescens.5 (160).png
Guibourtia arnoldiana/sub_056/3411. Guibourtia arnoldiana.8 (253).png,train/Guibourtia arnoldiana/3411. Guibourtia arnoldiana.8 (253).png
Afzelia bella/sub_044/Afzelia bella_GCJA653_(117).png,train/Afzelia bella/Afzelia bella_GCJA653_(117).png
Afzelia bella/sub_005/Afzelia bella_OGHV743_(240).png,train/Afzelia bella/Afzelia bella_OGHV743_(240).png
Pterocarpus sp/sub_054/167.png,train/Pterocarpus sp/167__0da4a967.png
Guibourtia coleosperma/sub_052/Guibourtia coleosperma_3253.9 (12).png,train/Guibourtia coleosperma/Guibourtia coleosperma_3253.9 (12).png
Dalbergia rimosa/sub_029/3414. Dalbergia rimosa.2 (53).png,train/Dalbergia rimosa/3414. Dalbergia rimosa.2 (53).png
Sindora cochinchinensis/sub_095/gụ15_1.png,train/Sindora cochinchinensis/gụ15_1__e74cf25b.png
Pterocarpus soyauxii/sub_085/112_1.png,train/Pterocarpus soyauxii/112_1.png
Pterocarpus sp/sub_056/119_1.png,train/Pterocarpus sp/119_1__31b8d213.png
Afzelia bella/sub_080/Afzelia bella_WJSV740_10_36113.png,train/Afzelia bella/Afzelia bella_WJSV740_10_36113.png
Guibourtia coleosperma/sub_049/Guibourtia coleosperma_3253.6 (4).png,train/Guibourtia coleosperma/Guibourtia coleosperma_3253.6 (4).png
Pterocarpus erinaceus/sub_030/3403. Pterocarpus erinaceus.3 (82).png,train/Pterocarpus erinaceus/3403. Pterocarpus erinaceus.3 (82).png
Dalbergia tonkinensis/sub_041/3353. Dalbergia tonkinensis.5.(138).png,train/Dalbergia tonkinensis/3353. Dalbergia tonkinensis.5.(138).png
Sindora cochinchinensis/sub_032/gụ25_2.png,train/Sindora cochinchinensis/gụ25_2.png
Dalbergia cochinchinensis/sub_025/Dalbergia cochinchinensis.3280.5 (12).png,train/Dalbergia cochinchinensis/Dalbergia cochinchinensis.3280.5 (12).png
Peltogyne pubescens/sub_003/3377. Peltogyne pubescens.2 (59).png,train/Peltogyne pubescens/3377. Peltogyne pubescens.2 (59).png
Afzelia africana/sub_010/doussie21.png,train/Afzelia africana/doussie21__3a678184.png
Guibourtia arnoldiana/sub_057/3411. Guibourtia arnoldiana.7 (207).png,train/Guibourtia arnoldiana/3411. Guibourtia arnoldiana.7 (207).png
Dalbergia tonkinensis/sub_016/3353. Dalbergia tonkinensis.2.(63).png,train/Dalbergia tonkinensis/3353. Dalbergia tonkinensis.2.(63).png
Afzelia bella/sub_019/Afzelia bella_WJSV740_10_3611.png,train/Afzelia bella/Afzelia bella_WJSV740_10_3611.png
Sindora cochinchinensis/sub_002/gụ37.png,train/Sindora cochinchinensis/gụ37.png
Dalbergia rimosa/sub_061/3414. Dalbergia rimosa.7 (204).png,train/Dalbergia rimosa/3414. Dalbergia rimosa.7 (204).png
Pterocarpus erinaceus/sub_024/3403. Pterocarpus erinaceus.8 (242).png,train/Pterocarpus erinaceus/3403. Pterocarpus erinaceus.8 (242).png
Dalbergia cochinchinensis/sub_053/Dalbergia cochinchinensis.3280.9 (5).png,train/Dalbergia cochinchinensis/Dalbergia cochinchinensis.3280.9 (5).png
Pterocarpus sp/sub_005/121_3.png,train/Pterocarpus sp/121_3__f347fcc5.png
Guibourtia ehie/sub_061/Guibourtia ehie_FEHC134_2_(53).png,train/Guibourtia ehie/Guibourtia ehie_FEHC134_2_(53).png
Pterocarpus soyauxii/sub_042/146_2.png,train/Pterocarpus soyauxii/146_2.png
Pterocarpus sp/sub_032/133.png,train/Pterocarpus sp/133__d4bd893a.png
Peltogyne pubescens/sub_033/3377. Peltogyne pubescens.7 (221).png,train/Peltogyne pubescens/3377. Peltogyne pubescens.7 (221).png
Afzelia quanzensis/sub_002/153.png,train/Afzelia quanzensis/153.png
Peltogyne pubescens/sub_013/3377. Peltogyne pubescens.6 (193).png,train/Peltogyne pubescens/3377. Peltogyne pubescens.6 (193).png
Pterocarpus sp/sub_031/116_1.png,train/Pterocarpus sp/116_1__51b17160.png
Sindora tonkinensis/sub_031/3381. Sindora tonkinensis.5 (143).png,train/Sindora tonkinensis/3381. Sindora tonkinensis.5 (143).png
Dalbergia melanoxylon/sub_001/3352. Dalbergia melanoxylon.7.(184).png,train/Dalbergia melanoxylon/3352. Dalbergia melanoxylon.7.(184).png
Afzelia quanzensis/sub_009/117_1.png,train/Afzelia quanzensis/117_1.png
Pterocarpus erinaceus/sub_032/3403. Pterocarpus erinaceus.6 (189).png,train/Pterocarpus erinaceus/3403. Pterocarpus erinaceus.6 (189).png
Afzelia bella/sub_072/Afzelia bella_HYBT691_(134).png,train/Afzelia bella/Afzelia bella_HYBT691_(134).png
Peltogyne pubescens/sub_041/3377. Peltogyne pubescens.2 (69).png,train/Peltogyne pubescens/3377. Peltogyne pubescens.2 (69).png
Peltogyne pubescens/sub_037/3377. Peltogyne pubescens.3 (83).png,train/Peltogyne pubescens/3377. Peltogyne pubescens.3 (83).png
Dalbergia oliveri/sub_001/Dalbergia oliveri_3237.6_ (18).png,train/Dalbergia oliveri/Dalbergia oliveri_3237.6_ (18).png
Afzelia pachyloba/sub_013/7.3.png,train/Afzelia pachyloba/7.3.png
Peltogyne pubescens/sub_004/3377. Peltogyne pubescens.10 (335).png,train/Peltogyne pubescens/3377. Peltogyne pubescens.10 (335).png
Pterocarpus indicus/sub_040/3395. Pterocarpus indicus.4 (99).png,train/Pterocarpus indicus/3395. Pterocarpus indicus.4 (99).png
Pterocarpus macrocarpus/sub_017/145_1.png,train/Pterocarpus macrocarpus/145_1.png
Dalbergia oliveri/sub_007/Dalbergia oliveri_3237.2_ (22).png,train/Dalbergia oliveri/Dalbergia oliveri_3237.2_ (22).png
Pterocarpus macrocarpus/sub_036/130_1.png,train/Pterocarpus macrocarpus/130_1.png
Pterocarpus sp/sub_067/122.png,train/Pterocarpus sp/122__c1c020a8.png
Pterocarpus indicus/sub_031/3395. Pterocarpus indicus.5 (162).png,train/Pterocarpus indicus/3395. Pterocarpus indicus.5 (162).png
Dalbergia oliveri/sub_002/Dalbergia oliveri_3237.8_ (23).png,train/Dalbergia oliveri/Dalbergia oliveri_3237.8_ (23).png
Pterocarpus macrocarpus/sub_022/119_4.png,train/Pterocarpus macrocarpus/119_4.png
Dalbergia oliveri/sub_025/Dalbergia oliveri_3237.6_ (27).png,train/Dalbergia oliveri/Dalbergia oliveri_3237.6_ (27).png
Sindora tonkinensis/sub_070/3381. Sindora tonkinensis.1 (7).png,train/Sindora tonkinensis/3381. Sindora tonkinensis.1 (7).png
Pterocarpus sp/sub_100/155_1.png,train/Pterocarpus sp/155_1__28c6c09d.png
Pterocarpus indicus/sub_009/3395. Pterocarpus indicus.10 (306).png,train/Pterocarpus indicus/3395. Pterocarpus indicus.10 (306).png
Pterocarpus erinaceus/sub_002/3403. Pterocarpus erinaceus.10 (310).png,train/Pterocarpus erinaceus/3403. Pterocarpus erinaceus.10 (310).png
Pterocarpus sp/sub_053/157.png,train/Pterocarpus sp/157.png
Dalbergia tonkinensis/sub_036/3353. Dalbergia tonkinensis.6.(173).png,train/Dalbergia tonkinensis/3353. Dalbergia tonkinensis.6.(173).png
Sindora tonkinensis/sub_001/3381. Sindora tonkinensis.4 (103).png,train/Sindora tonkinensis/3381. Sindora tonkinensis.4 (103).png
Guibourtia arnoldiana/sub_040/3411. Guibourtia arnoldiana.3 (94).png,train/Guibourtia arnoldiana/3411. Guibourtia arnoldiana.3 (94).png
Afzelia africana/sub_005/doussie69.png,train/Afzelia africana/doussie69.png
Dalbergia cochinchinensis/sub_053/Dalbergia cochinchinensis.3280.5 (5).png,train/Dalbergia cochinchinensis/Dalbergia cochinchinensis.3280.5 (5).png
Dalbergia cochinchinensis/sub_057/Dalbergia cochinchinensis.3280.3 (34).png,train/Dalbergia cochinchinensis/Dalbergia cochinchinensis.3280.3 (34).png
Sindora cochinchinensis/sub_057/gụ31.png,train/Sindora cochinchinensis/gụ31__c11a4ef1.png
Dalbergia rimosa/sub_013/3414. Dalbergia rimosa.3 (62).png,train/Dalbergia rimosa/3414. Dalbergia rimosa.3 (62).png
Dalbergia melanoxylon/sub_017/3352. Dalbergia melanoxylon.9.(240).png,train/Dalbergia melanoxylon/3352. Dalbergia melanoxylon.9.(240).png
Afzelia pachyloba/sub_038/4.4_1.png,train/Afzelia pachyloba/4.4_1__76b52d1e.png
Pterocarpus sp/sub_005/115_1.png,train/Pterocarpus sp/115_1.png
Guibourtia arnoldiana/sub_037/3411. Guibourtia arnoldiana.7 (209).png,train/Guibourtia arnoldiana/3411. Guibourtia arnoldiana.7 (209).png
Pterocarpus erinaceus/sub_041/3403. Pterocarpus erinaceus.1(22).png,train/Pterocarpus erinaceus/3403. Pterocarpus erinaceus.1(22).png
Guibourtia arnoldiana/sub_027/3411. Guibourtia arnoldiana.10 (320).png,train/Guibourtia arnoldiana/3411. Guibourtia arnoldiana.10 (320).png
Dalbergia oliveri/sub_016/Dalbergia oliveri_3237.4_ (22).png,train/Dalbergia oliveri/Dalbergia oliveri_3237.4_ (22).png
Dalbergia cochinchinensis/sub_033/Dalbergia cochinchinensis.3280.6 (22).png,train/Dalbergia cochinchinensis/Dalbergia cochinchinensis.3280.6 (22).png
Afzelia pachyloba/sub_002/1.4.png,train/Afzelia pachyloba/1.4__51c63335.png
Sindora tonkinensis/sub_041/3381. Sindora tonkinensis.2 (43).png,train/Sindora tonkinensis/3381. Sindora tonkinensis.2 (43).png
Pterocarpus soyauxii/sub_091/177.png,train/Pterocarpus soyauxii/177.png
Sindora cochinchinensis/sub_056/gụ52.png,train/Sindora cochinchinensis/gụ52__68be9117.png
Pterocarpus sp/sub_088/118_1.png,train/Pterocarpus sp/118_1__4d30fe79.png
Pterocarpus macrocarpus/sub_012/18_2.png,train/Pterocarpus macrocarpus/18_2.png
Pterocarpus sp/sub_019/149.png,train/Pterocarpus sp/149__97a2512f.png
Pterocarpus macrocarpus/sub_082/130_5.png,train/Pterocarpus macrocarpus/130_5.png
Afzelia quanzensis/sub_007/110_1.png,train/Afzelia quanzensis/110_1__b74cdc14.png
Pterocarpus sp/sub_012/128.png,train/Pterocarpus sp/128.png
Guibourtia coleosperma/sub_032/Guibourtia coleosperma_3253.3 (22).png,train/Guibourtia coleosperma/Guibourtia coleosperma_3253.3 (22).png
Peltogyne pubescens/sub_046/3377. Peltogyne pubescens.1 (33).png,train/Peltogyne pubescens/3377. Peltogyne pubescens.1 (33).png
Dalbergia tonkinensis/sub_001/3353. Dalbergia tonkinensis.8.(235).png,train/Dalbergia tonkinensis/3353. Dalbergia tonkinensis.8.(235).png
Pterocarpus macrocarpus/sub_033/137_1.png,train/Pterocarpus macrocarpus/137_1__0f0a1933.png
Pterocarpus erinaceus/sub_047/3403. Pterocarpus erinaceus.5 (161).png,train/Pterocarpus erinaceus/3403. Pterocarpus erinaceus.5 (161).png
Dalbergia tonkinensis/sub_039/3353. Dalbergia tonkinensis.2.(37).png,train/Dalbergia tonkinensis/3353. Dalbergia tonkinensis.2.(37).png
Dalbergia melanoxylon/sub_041/3352. Dalbergia melanoxylon.6.(157).png,train/Dalbergia melanoxylon/3352. Dalbergia melanoxylon.6.(157).png
Dalbergia oliveri/sub_037/Dalbergia oliveri_3237.9_ (20).png,train/Dalbergia oliveri/Dalbergia oliveri_3237.9_ (20).png
Pterocarpus sp/sub_018/158.png,train/Pterocarpus sp/158.png
Afzelia pachyloba/sub_036/3.3_2.png,train/Afzelia pachyloba/3.3_2.png
Dalbergia tonkinensis/sub_034/3353. Dalbergia tonkinensis.9.(292).png,train/Dalbergia tonkinensis/3353. Dalbergia tonkinensis.9.(292).png
Afzelia pachyloba/sub_048/5.4_2.png,train/Afzelia pachyloba/5.4_2.png
Sindora cochinchinensis/sub_015/gụ48.png,train/Sindora cochinchinensis/gụ48__ae6858df.png
Dalbergia tonkinensis/sub_005/3353. Dalbergia tonkinensis.7.(227).png,train/Dalbergia tonkinensis/3353. Dalbergia tonkinensis.7.(227).png
Dalbergia oliveri/sub_038/Dalbergia oliveri_3237.1_ (29).png,train/Dalbergia oliveri/Dalbergia oliveri_3237.1_ (29).png
Pterocarpus soyauxii/sub_024/178_1.png,train/Pterocarpus soyauxii/178_1.png
Guibourtia ehie/sub_034/Guibourtia ehie_FEHC134_2_(52).png,train/Guibourtia ehie/Guibourtia ehie_FEHC134_2_(52).png
Pterocarpus indicus/sub_037/3395. Pterocarpus indicus.4 (108).png,train/Pterocarpus indicus/3395. Pterocarpus indicus.4 (108).png
Dalbergia rimosa/sub_019/3414. Dalbergia rimosa.10 (275).png,train/Dalbergia rimosa/3414. Dalbergia rimosa.10 (275).png
Dalbergia melanoxylon/sub_017/3352. Dalbergia melanoxylon.5.(123).png,train/Dalbergia melanoxylon/3352. Dalbergia melanoxylon.5.(123).png
Peltogyne pubescens/sub_010/3377. Peltogyne pubescens.10 (369).png,train/Peltogyne pubescens/3377. Peltogyne pubescens.10 (369).png
Pterocarpus erinaceus/sub_051/3403. Pterocarpus erinaceus.1(18).png,train/Pterocarpus erinaceus/3403. Pterocarpus erinaceus.1(18).png
Dalbergia melanoxylon/sub_003/3352. Dalbergia melanoxylon.4.(98).png,train/Dalbergia melanoxylon/3352. Dalbergia melanoxylon.4.(98).png
Dalbergia rimosa/sub_019/3414. Dalbergia rimosa.10 (299).png,train/Dalbergia rimosa/3414. Dalbergia rimosa.10 (299).png
Pterocarpus indicus/sub_016/3395. Pterocarpus indicus.7 (210).png,train/Pterocarpus indicus/3395. Pterocarpus indicus.7 (210).png
Pterocarpus indicus/sub_005/3395. Pterocarpus indicus.1 (4).png,train/Pterocarpus indicus/3395. Pterocarpus indicus.1 (4).png
Guibourtia ehie/sub_065/Guibourtia ehie_FEHC134_2_(65).png,train/Guibourtia ehie/Guibourtia ehie_FEHC134_2_(65).png
Dalbergia cochinchinensis/sub_041/Dalbergia cochinchinensis.3280.8 (36).png,train/Dalbergia cochinchinensis/Dalbergia cochinchinensis.3280.8 (36).png
Pterocarpus sp/sub_030/129_3.png,train/Pterocarpus sp/129_3.png
Afzelia quanzensis/sub_082/17_2.png,train/Afzelia quanzensis/17_2__05d9f15c.png
Dalbergia melanoxylon/sub_039/3352. Dalbergia melanoxylon.3.(79).png,train/Dalbergia melanoxylon/3352. Dalbergia melanoxylon.3.(79).png
Pterocarpus indicus/sub_039/3395. Pterocarpus indicus.4 (103).png,train/Pterocarpus indicus/3395. Pterocarpus indicus.4 (103).png
Pterocarpus erinaceus/sub_004/3403. Pterocarpus erinaceus.7 (214).png,train/Pterocarpus erinaceus/3403. Pterocarpus erinaceus.7 (214).png
Guibourtia coleosperma/sub_015/Guibourtia coleosperma_3253.3 (3).png,train/Guibourtia coleosperma/Guibourtia coleosperma_3253.3 (3).png
Dalbergia melanoxylon/sub_004/3352. Dalbergia melanoxylon.7.(194).png,train/Dalbergia melanoxylon/3352. Dalbergia melanoxylon.7.(194).png
Guibourtia ehie/sub_018/Guibourtia ehie_SXGM640_8_(288).png,train/Guibourtia ehie/Guibourtia ehie_SXGM640_8_(288).png
Dalbergia melanoxylon/sub_020/3352. Dalbergia melanoxylon.9.(255).png,train/Dalbergia melanoxylon/3352. Dalbergia melanoxylon.9.(255).png
Pterocarpus indicus/sub_042/3395. Pterocarpus indicus.9 (280).png,train/Pterocarpus indicus/3395. Pterocarpus indicus.9 (280).png
Pterocarpus macrocarpus/sub_017/151_4.png,train/Pterocarpus macrocarpus/151_4.png
Pterocarpus erinaceus/sub_010/3403. Pterocarpus erinaceus.4 (108).png,train/Pterocarpus erinaceus/3403. Pterocarpus erinaceus.4 (108).png
Pterocarpus erinaceus/sub_047/3403. Pterocarpus erinaceus.3 (73).png,train/Pterocarpus erinaceus/3403. Pterocarpus erinaceus.3 (73).png
Afzelia africana/sub_003/doussie65.png,train/Afzelia africana/doussie65.png
Pterocarpus macrocarpus/sub_007/123_2_1.png,train/Pterocarpus macrocarpus/123_2_1.png
Peltogyne pubescens/sub_062/3377. Peltogyne pubescens.7 (226).png,train/Peltogyne pubescens/3377. Peltogyne pubescens.7 (226).png
Afzelia quanzensis/sub_007/136_1_1.png,train/Afzelia quanzensis/136_1_1.png
Dalbergia tonkinensis/sub_011/3353. Dalbergia tonkinensis.1.(11).png,train/Dalbergia tonkinensis/3353. Dalbergia tonkinensis.1.(11).png
Guibourtia ehie/sub_014/Guibourtia ehie_UORX694_10_(374).png,train/Guibourtia ehie/Guibourtia ehie_UORX694_10_(374).png
Sindora cochinchinensis/sub_034/gụ41_1.png,train/Sindora cochinchinensis/gụ41_1.png
Pterocarpus sp/sub_022/14_2.png,train/Pterocarpus sp/14_2__d9b00834.png
Afzelia bella/sub_075/Afzelia bella_FFCA657_9_32113.png,train/Afzelia bella/Afzelia bella_FFCA657_9_32113.png
Sindora tonkinensis/sub_056/3381. Sindora tonkinensis.6 (165).png,train/Sindora tonkinensis/3381. Sindora tonkinensis.6 (165).png
Dalbergia oliveri/sub_009/Dalbergia oliveri_3237.1_ (22).png,train/Dalbergia oliveri/Dalbergia oliveri_3237.1_ (22).png
Sindora tonkinensis/sub_022/3381. Sindora tonkinensis.3 (68).png,train/Sindora tonkinensis/3381. Sindora tonkinensis.3 (68).png
Afzelia quanzensis/sub_032/18_1.png,train/Afzelia quanzensis/18_1__5245c7cb.png
Pterocarpus soyauxii/sub_075/10.png,train/Pterocarpus soyauxii/10.png
Peltogyne pubescens/sub_050/3377. Peltogyne pubescens.3 (85).png,train/Peltogyne pubescens/3377. Peltogyne pubescens.3 (85).png
Guibourtia coleosperma/sub_005/Guibourtia coleosperma_3253.4 (29).png,train/Guibourtia coleosperma/Guibourtia coleosperma_3253.4 (29).png
Pterocarpus soyauxii/sub_028/121_1.png,train/Pterocarpus soyauxii/121_1__235200b0.png
Pterocarpus macrocarpus/sub_051/18.png,train/Pterocarpus macrocarpus/18.png
Pterocarpus soyauxii/sub_065/159_1_1.png,train/Pterocarpus soyauxii/159_1_1.png
Pterocarpus sp/sub_019/158_1.png,train/Pterocarpus sp/158_1__3ed18a0d.png
Sindora cochinchinensis/sub_042/gụ49_1.png,train/Sindora cochinchinensis/gụ49_1.png
Guibourtia coleosperma/sub_002/Guibourtia coleosperma_3253.4 (36).png,train/Guibourtia coleosperma/Guibourtia coleosperma_3253.4 (36).png
Dalbergia rimosa/sub_014/3414. Dalbergia rimosa.4 (114).png,train/Dalbergia rimosa/3414. Dalbergia rimosa.4 (114).png
Pterocarpus sp/sub_004/143_1.png,train/Pterocarpus sp/143_1.png
Dalbergia melanoxylon/sub_022/3352. Dalbergia melanoxylon.8.(219).png,train/Dalbergia melanoxylon/3352. Dalbergia melanoxylon.8.(219).png
Peltogyne pubescens/sub_056/3377. Peltogyne pubescens.1 (12).png,train/Peltogyne pubescens/3377. Peltogyne pubescens.1 (12).png
Pterocarpus erinaceus/sub_015/3403. Pterocarpus erinaceus.8 (236).png,train/Pterocarpus erinaceus/3403. Pterocarpus erinaceus.8 (236).png
Guibourtia ehie/sub_021/Guibourtia ehie_CHYX256_1_(26).png,train/Guibourtia ehie/Guibourtia ehie_CHYX256_1_(26).png
Pterocarpus macrocarpus/sub_042/126_1_1.png,train/Pterocarpus macrocarpus/126_1_1.png
Afzelia quanzensis/sub_009/118_1_1.png,train/Afzelia quanzensis/118_1_1.png
Peltogyne pubescens/sub_001/3377. Peltogyne pubescens.2 (75).png,train/Peltogyne pubescens/3377. Peltogyne pubescens.2 (75).png
Pterocarpus indicus/sub_003/3395. Pterocarpus indicus.7 (211).png,train/Pterocarpus indicus/3395. Pterocarpus indicus.7 (211).png
Afzelia quanzensis/sub_029/118.png,train/Afzelia quanzensis/118__0c893481.png
Afzelia bella/sub_017/Afzelia bella_HYBT691_(129).png,train/Afzelia bella/Afzelia bella_HYBT691_(129).png
Pterocarpus erinaceus/sub_064/3403. Pterocarpus erinaceus.6 (186).png,train/Pterocarpus erinaceus/3403. Pterocarpus erinaceus.6 (186).png
Dalbergia rimosa/sub_027/3414. Dalbergia rimosa.8 (240).png,train/Dalbergia rimosa/3414. Dalbergia rimosa.8 (240).png
Dalbergia cochinchinensis/sub_057/Dalbergia cochinchinensis.3280.7 (1).png,train/Dalbergia cochinchinensis/Dalbergia cochinchinensis.3280.7 (1).png
Pterocarpus indicus/sub_001/3395. Pterocarpus indicus.9 (281).png,train/Pterocarpus indicus/3395. Pterocarpus indicus.9 (281).png
Pterocarpus soyauxii/sub_044/188.png,train/Pterocarpus soyauxii/188.png
Afzelia quanzensis/sub_055/120_1.png,train/Afzelia quanzensis/120_1__d35dedaf.png
Afzelia africana/sub_038/doussie56_2.png,train/Afzelia africana/doussie56_2.png
Afzelia bella/sub_030/Afzelia bella_AMRX692_(43).png,train/Afzelia bella/Afzelia bella_AMRX692_(43).png
Pterocarpus erinaceus/sub_041/3403. Pterocarpus erinaceus.8 (266).png,train/Pterocarpus erinaceus/3403. Pterocarpus erinaceus.8 (266).png
Dalbergia rimosa/sub_036/3414. Dalbergia rimosa.8 (224).png,train/Dalbergia rimosa/3414. Dalbergia rimosa.8 (224).png
Sindora tonkinensis/sub_003/3381. Sindora tonkinensis.6 (164).png,train/Sindora tonkinensis/3381. Sindora tonkinensis.6 (164).png
Pterocarpus sp/sub_012/128_1_1.png,train/Pterocarpus sp/128_1_1.png
Peltogyne pubescens/sub_008/3377. Peltogyne pubescens.3 (79).png,train/Peltogyne pubescens/3377. Peltogyne pubescens.3 (79).png
Sindora cochinchinensis/sub_072/gụ67_2.png,train/Sindora cochinchinensis/gụ67_2.png
Guibourtia arnoldiana/sub_007/3411. Guibourtia arnoldiana.9 (259).png,train/Guibourtia arnoldiana/3411. Guibourtia arnoldiana.9 (259).png
Afzelia quanzensis/sub_018/143_1.png,train/Afzelia quanzensis/143_1__ef221c18.png
Guibourtia ehie/sub_078/Guibourtia ehie_GHQN943_3_(92).png,train/Guibourtia ehie/Guibourtia ehie_GHQN943_3_(92).png
Pterocarpus soyauxii/sub_045/150.png,train/Pterocarpus soyauxii/150__62260e3b.png
Pterocarpus indicus/sub_008/3395. Pterocarpus indicus.5 (135).png,train/Pterocarpus indicus/3395. Pterocarpus indicus.5 (135).png
Pterocarpus sp/sub_103/129_1.png,train/Pterocarpus sp/129_1__d894f3a1.png
Guibourtia ehie/sub_027/Guibourtia ehie_KREW954_4_(153).png,train/Guibourtia ehie/Guibourtia ehie_KREW954_4_(153).png
Sindora cochinchinensis/sub_010/gụ21.png,train/Sindora cochinchinensis/gụ21__8f77c211.png
Dalbergia melanoxylon/sub_004/3352. Dalbergia melanoxylon.1.(27).png,train/Dalbergia melanoxylon/3352. Dalbergia melanoxylon.1.(27).png
Pterocarpus soyauxii/sub_007/1119.png,train/Pterocarpus soyauxii/1119__2593ae15.png
Pterocarpus macrocarpus/sub_055/137.png,train/Pterocarpus macrocarpus/137__56b4685e.png
Peltogyne pubescens/sub_028/3377. Peltogyne pubescens.4 (140).png,train/Peltogyne pubescens/3377. Peltogyne pubescens.4 (140).png
Pterocarpus soyauxii/sub_068/163.png,train/Pterocarpus soyauxii/163.png
Dalbergia rimosa/sub_014/3414. Dalbergia rimosa.10 (295).png,train/Dalbergia rimosa/3414. Dalbergia rimosa.10 (295).png
Guibourtia ehie/sub_004/Guibourtia ehie_KREW954_4_(157).png,train/Guibourtia ehie/Guibourtia ehie_KREW954_4_(157).png
Pterocarpus soyauxii/sub_080/162_2.png,train/Pterocarpus soyauxii/162_2.png
Sindora cochinchinensis/sub_001/gụ44_1.png,train/Sindora cochinchinensis/gụ44_1__42bd1080.png
Dalbergia tonkinensis/sub_002/3353. Dalbergia tonkinensis.5.(147).png,train/Dalbergia tonkinensis/3353. Dalbergia tonkinensis.5.(147).png
Dalbergia cochinchinensis/sub_051/Dalbergia cochinchinensis.3280.5 (14).png,train/Dalbergia cochinchinensis/Dalbergia cochinchinensis.3280.5 (14).png
Pterocarpus macrocarpus/sub_041/135_2.png,train/Pterocarpus macrocarpus/135_2.png
Dalbergia cochinchinensis/sub_062/Dalbergia cochinchinensis.3280.10 (15).png,train/Dalbergia cochinchinensis/Dalbergia cochinchinensis.3280.10 (15).png
Afzelia bella/sub_041/Afzelia bella_QUAV174_(299).png,train/Afzelia bella/Afzelia bella_QUAV174_(299).png
Peltogyne pubescens/sub_048/3377. Peltogyne pubescens.1 (27).png,train/Peltogyne pubescens/3377. Peltogyne pubescens.1 (27).png
Pterocarpus erinaceus/sub_020/3403. Pterocarpus erinaceus.5 (165).png,train/Pterocarpus erinaceus/3403. Pterocarpus erinaceus.5 (165).png
Dalbergia oliveri/sub_012/Dalbergia oliveri_3237.1_ (30).png,train/Dalbergia oliveri/Dalbergia oliveri_3237.1_ (30).png
Dalbergia cochinchinensis/sub_030/Dalbergia cochinchinensis.3280.8 (13).png,train/Dalbergia cochinchinensis/Dalbergia cochinchinensis.3280.8 (13).png
Peltogyne pubescens/sub_001/3377. Peltogyne pubescens.8 (267).png,train/Peltogyne pubescens/3377. Peltogyne pubescens.8 (267).png
Dalbergia rimosa/sub_029/3414. Dalbergia rimosa.10 (300).png,train/Dalbergia rimosa/3414. Dalbergia rimosa.10 (300).png
Guibourtia ehie/sub_037/Guibourtia ehie_GHQN943_3_(105).png,train/Guibourtia ehie/Guibourtia ehie_GHQN943_3_(105).png
Pterocarpus soyauxii/sub_077/144_1.png,train/Pterocarpus soyauxii/144_1.png
Pterocarpus indicus/sub_021/3395. Pterocarpus indicus.10 (287).png,train/Pterocarpus indicus/3395. Pterocarpus indicus.10 (287).png
Sindora cochinchinensis/sub_012/gụ18_1.png,train/Sindora cochinchinensis/gụ18_1__919812d2.png
Guibourtia arnoldiana/sub_020/3411. Guibourtia arnoldiana.7 (212).png,train/Guibourtia arnoldiana/3411. Guibourtia arnoldiana.7 (212).png
Sindora cochinchinensis/sub_019/gụ40_1.png,train/Sindora cochinchinensis/gụ40_1__29e882e6.png
Sindora tonkinensis/sub_009/3381. Sindora tonkinensis.1 (4).png,train/Sindora tonkinensis/3381. Sindora tonkinensis.1 (4).png
Dalbergia rimosa/sub_040/3414. Dalbergia rimosa.7 (206).png,train/Dalbergia rimosa/3414. Dalbergia rimosa.7 (206).png
Guibourtia ehie/sub_006/Guibourtia ehie_SXGM640_8_(292).png,train/Guibourtia ehie/Guibourtia ehie_SXGM640_8_(292).png
Guibourtia coleosperma/sub_009/Guibourtia coleosperma_3253.2 (27).png,train/Guibourtia coleosperma/Guibourtia coleosperma_3253.2 (27).png
Pterocarpus erinaceus/sub_024/3403. Pterocarpus erinaceus.7 (232).png,train/Pterocarpus erinaceus/3403. Pterocarpus erinaceus.7 (232).png
Pterocarpus erinaceus/sub_001/3403. Pterocarpus erinaceus.8 (247).png,train/Pterocarpus erinaceus/3403. Pterocarpus erinaceus.8 (247).png
Guibourtia coleosperma/sub_002/Guibourtia coleosperma_3253.1 (16).png,train/Guibourtia coleosperma/Guibourtia coleosperma_3253.1 (16).png
Pterocarpus erinaceus/sub_040/3403. Pterocarpus erinaceus.4 (111).png,train/Pterocarpus erinaceus/3403. Pterocarpus erinaceus.4 (111).png
Sindora cochinchinensis/sub_003/gụ79.png,train/Sindora cochinchinensis/gụ79__695e01df.png
Pterocarpus sp/sub_010/115_4.png,train/Pterocarpus sp/115_4.png
Pterocarpus indicus/sub_045/3395. Pterocarpus indicus.8 (240).png,train/Pterocarpus indicus/3395. Pterocarpus indicus.8 (240).png
Peltogyne pubescens/sub_013/3377. Peltogyne pubescens.6 (210).png,train/Peltogyne pubescens/3377. Peltogyne pubescens.6 (210).png
Pterocarpus macrocarpus/sub_021/13_1.png,train/Pterocarpus macrocarpus/13_1.png
Dalbergia tonkinensis/sub_034/3353. Dalbergia tonkinensis.2.(44).png,train/Dalbergia tonkinensis/3353. Dalbergia tonkinensis.2.(44).png
Pterocarpus sp/sub_007/115_1.png,train/Pterocarpus sp/115_1__1b26944b.png
Pterocarpus erinaceus/sub_054/3403. Pterocarpus erinaceus.9 (270).png,train/Pterocarpus erinaceus/3403. Pterocarpus erinaceus.9 (270).png
Guibourtia coleosperma/sub_063/Guibourtia coleosperma_3253.1 (24).png,train/Guibourtia coleosperma/Guibourtia coleosperma_3253.1 (24).png
Afzelia quanzensis/sub_026/112_3.png,train/Afzelia quanzensis/112_3.png
Dalbergia rimosa/sub_025/3414. Dalbergia rimosa.9 (252).png,train/Dalbergia rimosa/3414. Dalbergia rimosa.9 (252).png
Pterocarpus sp/sub_023/18_2.png,train/Pterocarpus sp/18_2__ee28a415.png
Pterocarpus indicus/sub_003/3395. Pterocarpus indicus.1 (21).png,train/Pterocarpus indicus/3395. Pterocarpus indicus.1 (21).png
Pterocarpus macrocarpus/sub_031/15_1_1.png,train/Pterocarpus macrocarpus/15_1_1.png
Afzelia quanzensis/sub_057/113.png,train/Afzelia quanzensis/113.png
Peltogyne pubescens/sub_020/3377. Peltogyne pubescens.1 (19).png,train/Peltogyne pubescens/3377. Peltogyne pubescens.1 (19).png
Afzelia pachyloba/sub_029/4.2.png,train/Afzelia pachyloba/4.2__f6064bbd.png
Dalbergia melanoxylon/sub_028/3352. Dalbergia melanoxylon.2 (35).png,train/Dalbergia melanoxylon/3352. Dalbergia melanoxylon.2 (35).png
Dalbergia rimosa/sub_054/3414. Dalbergia rimosa.3 (87).png,train/Dalbergia rimosa/3414. Dalbergia rimosa.3 (87).png
Dalbergia cochinchinensis/sub_044/Dalbergia cochinchinensis.3280.10 (6).png,train/Dalbergia cochinchinensis/Dalbergia cochinchinensis.3280.10 (6).png
Guibourtia arnoldiana/sub_043/3411. Guibourtia arnoldiana.9 (263).png,train/Guibourtia arnoldiana/3411. Guibourtia arnoldiana.9 (263).png
Dalbergia melanoxylon/sub_011/3352. Dalbergia melanoxylon.2 (36).png,train/Dalbergia melanoxylon/3352. Dalbergia melanoxylon.2 (36).png
Peltogyne pubescens/sub_048/3377. Peltogyne pubescens.1 (25).png,train/Peltogyne pubescens/3377. Peltogyne pubescens.1 (25).png
Afzelia africana/sub_020/doussie8.png,train/Afzelia africana/doussie8.png
Afzelia quanzensis/sub_005/142_1.png,train/Afzelia quanzensis/142_1.png
Sindora tonkinensis/sub_049/3381. Sindora tonkinensis.1 (12).png,train/Sindora tonkinensis/3381. Sindora tonkinensis.1 (12).png
Pterocarpus macrocarpus/sub_031/14_3.png,train/Pterocarpus macrocarpus/14_3.png
Dalbergia cochinchinensis/sub_023/Dalbergia cochinchinensis.3280.5 (17).png,train/Dalbergia cochinchinensis/Dalbergia cochinchinensis.3280.5 (17).png
Afzelia africana/sub_020/doussie38_1.png,train/Afzelia africana/doussie38_1.png
Sindora tonkinensis/sub_023/3381. Sindora tonkinensis.10 (314).png,train/Sindora tonkinensis/3381. Sindora tonkinensis.10 (314).png
Sindora cochinchinensis/sub_076/gụ78.png,train/Sindora cochinchinensis/gụ78__5c1620a3.png
Afzelia quanzensis/sub_022/145_1.png,train/Afzelia quanzensis/145_1__51c63738.png
Sindora cochinchinensis/sub_062/gụ0_1.png,train/Sindora cochinchinensis/gụ0_1.png
Sindora cochinchinensis/sub_002/gụ62_2.png,train/Sindora cochinchinensis/gụ62_2.png
Pterocarpus sp/sub_006/131.png,train/Pterocarpus sp/131__a4aed6ed.png
Dalbergia cochinchinensis/sub_005/Dalbergia cochinchinensis.3280.3 (13).png,train/Dalbergia cochinchinensis/Dalbergia cochinchinensis.3280.3 (13).png
Dalbergia cochinchinensis/sub_032/Dalbergia cochinchinensis.3280.7 (7).png,train/Dalbergia cochinchinensis/Dalbergia cochinchinensis.3280.7 (7).png
Afzelia africana/sub_025/doussie18_1.png,train/Afzelia africana/doussie18_1__c1c7c120.png
Pterocarpus erinaceus/sub_012/3403. Pterocarpus erinaceus.1(35).png,train/Pterocarpus erinaceus/3403. Pterocarpus erinaceus.1(35).png
Pterocarpus erinaceus/sub_018/3403. Pterocarpus erinaceus.9 (303).png,train/Pterocarpus erinaceus/3403. Pterocarpus erinaceus.9 (303).png
Guibourtia ehie/sub_050/Guibourtia ehie_SXGM640_8_(304).png,train/Guibourtia ehie/Guibourtia ehie_SXGM640_8_(304).png
Guibourtia ehie/sub_037/Guibourtia ehie_CHYX256_1_(13).png,train/Guibourtia ehie/Guibourtia ehie_CHYX256_1_(13).png
Pterocarpus soyauxii/sub_009/153.png,train/Pterocarpus soyauxii/153__ea5566ec.png
Dalbergia tonkinensis/sub_015/3353. Dalbergia tonkinensis.3.(70).png,train/Dalbergia tonkinensis/3353. Dalbergia tonkinensis.3.(70).png
Dalbergia melanoxylon/sub_001/3352. Dalbergia melanoxylon.1.(23).png,train/Dalbergia melanoxylon/3352. Dalbergia melanoxylon.1.(23).png
Pterocarpus indicus/sub_012/3395. Pterocarpus indicus.9 (266).png,train/Pterocarpus indicus/3395. Pterocarpus indicus.9 (266).png
Afzelia quanzensis/sub_004/113_1.png,train/Afzelia quanzensis/113_1.png
Pterocarpus soyauxii/sub_013/123.png,train/Pterocarpus soyauxii/123__2bdb4841.png
Pterocarpus soyauxii/sub_004/153_1.png,train/Pterocarpus soyauxii/153_1__36ce12a2.png
Pterocarpus sp/sub_006/118_2.png,train/Pterocarpus sp/118_2.png
Dalbergia cochinchinensis/sub_026/Dalbergia cochinchinensis.3280.6 (31).png,train/Dalbergia cochinchinensis/Dalbergia cochinchinensis.3280.6 (31).png
Guibourtia arnoldiana/sub_019/3411. Guibourtia arnoldiana.9 (270).png,train/Guibourtia arnoldiana/3411. Guibourtia arnoldiana.9 (270).png
Peltogyne pubescens/sub_006/3377. Peltogyne pubescens.2 (60).png,train/Peltogyne pubescens/3377. Peltogyne pubescens.2 (60).png
Dalbergia melanoxylon/sub_020/3352. Dalbergia melanoxylon.2 (31).png,train/Dalbergia melanoxylon/3352. Dalbergia melanoxylon.2 (31).png
Dalbergia cochinchinensis/sub_063/Dalbergia cochinchinensis.3280.7 (11).png,train/Dalbergia cochinchinensis/Dalbergia cochinchinensis.3280.7 (11).png
Peltogyne pubescens/sub_004/3377. Peltogyne pubescens.6 (190).png,train/Peltogyne pubescens/3377. Peltogyne pubescens.6 (190).png
Sindora cochinchinensis/sub_065/gụ7_1.png,train/Sindora cochinchinensis/gụ7_1.png
Pterocarpus soyauxii/sub_001/180.png,train/Pterocarpus soyauxii/180.png
Guibourtia coleosperma/sub_054/Guibourtia coleosperma_3253.1 (28).png,train/Guibourtia coleosperma/Guibourtia coleosperma_3253.1 (28).png
Pterocarpus sp/sub_035/117_1.png,train/Pterocarpus sp/117_1.png
Pterocarpus sp/sub_069/111.png,train/Pterocarpus sp/111.png
Pterocarpus erinaceus/sub_052/3403. Pterocarpus erinaceus.8 (243).png,train/Pterocarpus erinaceus/3403. Pterocarpus erinaceus.8 (243).png
Afzelia pachyloba/sub_017/5.2_2.png,train/Afzelia pachyloba/5.2_2.png
Guibourtia ehie/sub_070/Guibourtia ehie_UORX694_10_(372).png,train/Guibourtia ehie/Guibourtia ehie_UORX694_10_(372).png
Dalbergia tonkinensis/sub_038/3353. Dalbergia tonkinensis.4.(118).png,train/Dalbergia tonkinensis/3353. Dalbergia tonkinensis.4.(118).png
Afzelia quanzensis/sub_025/155.png,train/Afzelia quanzensis/155.png
Peltogyne pubescens/sub_012/3377. Peltogyne pubescens.10 (343).png,train/Peltogyne pubescens/3377. Peltogyne pubescens.10 (343).png
Pterocarpus sp/sub_064/149_1.png,train/Pterocarpus sp/149_1__3ace2be4.png
Pterocarpus indicus/sub_043/3395. Pterocarpus indicus.5 (149).png,train/Pterocarpus indicus/3395. Pterocarpus indicus.5 (149).png
Afzelia quanzensis/sub_031/147_2.png,train/Afzelia quanzensis/147_2.png
Pterocarpus sp/sub_098/162_1.png,train/Pterocarpus sp/162_1.png
Dalbergia oliveri/sub_086/Dalbergia oliveri_3237.3_ (5).png,train/Dalbergia oliveri/Dalbergia oliveri_3237.3_ (5).png
Guibourtia ehie/sub_011/Guibourtia ehie_PVFM153_6_(238).png,train/Guibourtia ehie/Guibourtia ehie_PVFM153_6_(238).png
Afzelia africana/sub_047/doussie57_1.png,train/Afzelia africana/doussie57_1.png
Pterocarpus erinaceus/sub_013/3403. Pterocarpus erinaceus.5 (143).png,train/Pterocarpus erinaceus/3403. Pterocarpus erinaceus.5 (143).png
Dalbergia tonkinensis/sub_025/3353. Dalbergia tonkinensis.6.(183).png,train/Dalbergia tonkinensis/3353. Dalbergia tonkinensis.6.(183).png
Peltogyne pubescens/sub_008/3377. Peltogyne pubescens.8 (284).png,train/Peltogyne pubescens/3377. Peltogyne pubescens.8 (284).png
Sindora tonkinensis/sub_003/3381. Sindora tonkinensis.2 (52).png,train/Sindora tonkinensis/3381. Sindora tonkinensis.2 (52).png
Pterocarpus soyauxii/sub_078/147_2.png,train/Pterocarpus soyauxii/147_2.png
Peltogyne pubescens/sub_028/3377. Peltogyne pubescens.8 (286).png,train/Peltogyne pubescens/3377. Peltogyne pubescens.8 (286).png
Dalbergia tonkinensis/sub_008/3353. Dalbergia tonkinensis.5.(160).png,train/Dalbergia tonkinensis/3353. Dalbergia tonkinensis.5.(160).png
Afzelia quanzensis/sub_004/11_5.png,train/Afzelia quanzensis/11_5.png
Dalbergia tonkinensis/sub_011/3353. Dalbergia tonkinensis.10.(314).png,train/Dalbergia tonkinensis/3353. Dalbergia tonkinensis.10.(314).png
Guibourtia arnoldiana/sub_016/3411. Guibourtia arnoldiana.10 (311).png,train/Guibourtia arnoldiana/3411. Guibourtia arnoldiana.10 (311).png
Afzelia africana/sub_029/doussie33.png,train/Afzelia africana/doussie33__7d3fefaf.png
Pterocarpus macrocarpus/sub_002/140.png,train/Pterocarpus macrocarpus/140__5c0cbcbd.png
Pterocarpus indicus/sub_005/3395. Pterocarpus indicus.3 (80).png,train/Pterocarpus indicus/3395. Pterocarpus indicus.3 (80).png
Sindora tonkinensis/sub_068/3381. Sindora tonkinensis.10 (303).png,train/Sindora tonkinensis/3381. Sindora tonkinensis.10 (303).png
Pterocarpus erinaceus/sub_015/3403. Pterocarpus erinaceus.8 (241).png,train/Pterocarpus erinaceus/3403. Pterocarpus erinaceus.8 (241).png
Dalbergia cochinchinensis/sub_036/Dalbergia cochinchinensis.3280.1 (9).png,train/Dalbergia cochinchinensis/Dalbergia cochinchinensis.3280.1 (9).png
Guibourtia coleosperma/sub_007/Guibourtia coleosperma_3253.3 (18).png,train/Guibourtia coleosperma/Guibourtia coleosperma_3253.3 (18).png
Afzelia bella/sub_010/Afzelia bella_QUAV174_(285).png,train/Afzelia bella/Afzelia bella_QUAV174_(285).png
Dalbergia melanoxylon/sub_001/3352. Dalbergia melanoxylon.10.(287).png,train/Dalbergia melanoxylon/3352. Dalbergia melanoxylon.10.(287).png
Afzelia quanzensis/sub_016/10_2.png,train/Afzelia quanzensis/10_2.png
Sindora tonkinensis/sub_023/3381. Sindora tonkinensis.8 (237).png,train/Sindora tonkinensis/3381. Sindora tonkinensis.8 (237).png
Afzelia quanzensis/sub_006/128_1_1.png,train/Afzelia quanzensis/128_1_1.png
Pterocarpus sp/sub_086/137_1_1.png,train/Pterocarpus sp/137_1_1__83533120.png
Afzelia bella/sub_061/Afzelia bella_OGHV743_(225).png,train/Afzelia bella/Afzelia bella_OGHV743_(225).png
Pterocarpus macrocarpus/sub_057/121_4.png,train/Pterocarpus macrocarpus/121_4.png
Sindora tonkinensis/sub_069/3381. Sindora tonkinensis.10 (319).png,train/Sindora tonkinensis/3381. Sindora tonkinensis.10 (319).png
Dalbergia melanoxylon/sub_023/3352. Dalbergia melanoxylon.5.(124).png,train/Dalbergia melanoxylon/3352. Dalbergia melanoxylon.5.(124).png
Guibourtia ehie/sub_020/Guibourtia ehie_TLYO895_9_(350).png,train/Guibourtia ehie/Guibourtia ehie_TLYO895_9_(350).png
Sindora tonkinensis/sub_031/3381. Sindora tonkinensis.8 (244).png,train/Sindora tonkinensis/3381. Sindora tonkinensis.8 (244).png
Dalbergia melanoxylon/sub_004/3352. Dalbergia melanoxylon.2 (37).png,train/Dalbergia melanoxylon/3352. Dalbergia melanoxylon.2 (37).png
Guibourtia ehie/sub_012/Guibourtia ehie_FEHC134_2_(69).png,train/Guibourtia ehie/Guibourtia ehie_FEHC134_2_(69).png
Guibourtia coleosperma/sub_042/Guibourtia coleosperma_3253.7 (1).png,train/Guibourtia coleosperma/Guibourtia coleosperma_3253.7 (1).png
Dalbergia oliveri/sub_034/Dalbergia oliveri_3237.9_ (8).png,train/Dalbergia oliveri/Dalbergia oliveri_3237.9_ (8).png
Afzelia africana/sub_052/doussie6.png,train/Afzelia africana/doussie6__ed2ec2bf.png
Pterocarpus erinaceus/sub_003/3403. Pterocarpus erinaceus.3 (88).png,train/Pterocarpus erinaceus/3403. Pterocarpus erinaceus.3 (88).png
Dalbergia cochinchinensis/sub_052/Dalbergia cochinchinensis.3280.4 (23).png,train/Dalbergia cochinchinensis/Dalbergia cochinchinensis.3280.4 (23).png
Pterocarpus erinaceus/sub_011/3403. Pterocarpus erinaceus.4 (114).png,train/Pterocarpus erinaceus/3403. Pterocarpus erinaceus.4 (114).png
Sindora tonkinensis/sub_077/3381. Sindora tonkinensis.4 (108).png,train/Sindora tonkinensis/3381. Sindora tonkinensis.4 (108).png
Dalbergia cochinchinensis/sub_016/Dalbergia cochinchinensis.3280.5 (34).png,train/Dalbergia cochinchinensis/Dalbergia cochinchinensis.3280.5 (34).png
Afzelia bella/sub_051/Afzelia bella_HYBT691_(136).png,train/Afzelia bella/Afzelia bella_HYBT691_(136).png
Pterocarpus indicus/sub_018/3395. Pterocarpus indicus.1 (25).png,train/Pterocarpus indicus/3395. Pterocarpus indicus.1 (25).png
Guibourtia ehie/sub_062/Guibourtia ehie_SXGM640_8_(312).png,train/Guibourtia ehie/Guibourtia ehie_SXGM640_8_(312).png
Afzelia quanzensis/sub_057/138_1.png,train/Afzelia quanzensis/138_1.png
Pterocarpus macrocarpus/sub_027/143_3.png,train/Pterocarpus macrocarpus/143_3.png
Dalbergia tonkinensis/sub_002/3353. Dalbergia tonkinensis.2.(47).png,train/Dalbergia tonkinensis/3353. Dalbergia tonkinensis.2.(47).png
Dalbergia melanoxylon/sub_002/3352. Dalbergia melanoxylon.3.(87).png,train/Dalbergia melanoxylon/3352. Dalbergia melanoxylon.3.(87).png
Pterocarpus macrocarpus/sub_049/132_4.png,train/Pterocarpus macrocarpus/132_4.png
Sindora cochinchinensis/sub_074/gụ32.png,train/Sindora cochinchinensis/gụ32__128788c9.png
Dalbergia cochinchinensis/sub_039/Dalbergia cochinchinensis.3280.6 (35).png,train/Dalbergia cochinchinensis/Dalbergia cochinchinensis.3280.6 (35).png
Sindora tonkinensis/sub_047/3381. Sindora tonkinensis.7 (211).png,train/Sindora tonkinensis/3381. Sindora tonkinensis.7 (211).png
Peltogyne pubescens/sub_028/3377. Peltogyne pubescens.8 (282).png,train/Peltogyne pubescens/3377. Peltogyne pubescens.8 (282).png
Sindora tonkinensis/sub_072/3381. Sindora tonkinensis.8 (233).png,train/Sindora tonkinensis/3381. Sindora tonkinensis.8 (233).png
Sindora tonkinensis/sub_019/3381. Sindora tonkinensis.7 (207).png,train/Sindora tonkinensis/3381. Sindora tonkinensis.7 (207).png
Dalbergia melanoxylon/sub_017/3352. Dalbergia melanoxylon.5.(121).png,train/Dalbergia melanoxylon/3352. Dalbergia melanoxylon.5.(121).png
Dalbergia rimosa/sub_028/3414. Dalbergia rimosa.10 (284).png,train/Dalbergia rimosa/3414. Dalbergia rimosa.10 (284).png
Pterocarpus soyauxii/sub_017/137_1_1.png,train/Pterocarpus soyauxii/137_1_1.png
Dalbergia oliveri/sub_028/Dalbergia oliveri_3237.5_ (10).png,train/Dalbergia oliveri/Dalbergia oliveri_3237.5_ (10).png
Sindora tonkinensis/sub_041/3381. Sindora tonkinensis.3 (83).png,train/Sindora tonkinensis/3381. Sindora tonkinensis.3 (83).png
Afzelia africana/sub_064/doussie45_1.png,train/Afzelia africana/doussie45_1__59829c2d.png
Pterocarpus sp/sub_057/125.png,train/Pterocarpus sp/125__744c01ab.png
Dalbergia cochinchinensis/sub_060/Dalbergia cochinchinensis.3280.8 (33).png,train/Dalbergia cochinchinensis/Dalbergia cochinchinensis.3280.8 (33).png
Pterocarpus soyauxii/sub_006/14_1.png,train/Pterocarpus soyauxii/14_1__4f22eb3c.png
Pterocarpus indicus/sub_033/3395. Pterocarpus indicus.10 (288).png,train/Pterocarpus indicus/3395. Pterocarpus indicus.10 (288).png
Peltogyne pubescens/sub_040/3377. Peltogyne pubescens.7 (239).png,train/Peltogyne pubescens/3377. Peltogyne pubescens.7 (239).png
Pterocarpus soyauxii/sub_069/10_1.png,train/Pterocarpus soyauxii/10_1__56b58b15.png
Sindora cochinchinensis/sub_028/gụ12_3.png,train/Sindora cochinchinensis/gụ12_3.png
Pterocarpus erinaceus/sub_024/3403. Pterocarpus erinaceus.8 (246).png,train/Pterocarpus erinaceus/3403. Pterocarpus erinaceus.8 (246).png
Guibourtia coleosperma/sub_035/Guibourtia coleosperma_3253.7 (13).png,train/Guibourtia coleosperma/Guibourtia coleosperma_3253.7 (13).png
Afzelia africana/sub_011/doussie13.png,train/Afzelia africana/doussie13.png
Guibourtia ehie/sub_048/Guibourtia ehie_FEHC134_2_(71).png,train/Guibourtia ehie/Guibourtia ehie_FEHC134_2_(71).png
Pterocarpus indicus/sub_057/3395. Pterocarpus indicus.3 (85).png,train/Pterocarpus indicus/3395. Pterocarpus indicus.3 (85).png
Afzelia bella/sub_069/Afzelia bella_WJSV740_10_36133.png,train/Afzelia bella/Afzelia bella_WJSV740_10_36133.png
Pterocarpus soyauxii/sub_090/133_3.png,train/Pterocarpus soyauxii/133_3.png
Pterocarpus sp/sub_009/122_3.png,train/Pterocarpus sp/122_3.png
Dalbergia oliveri/sub_068/Dalbergia oliveri_3237.9_ (13).png,train/Dalbergia oliveri/Dalbergia oliveri_3237.9_ (13).png
Dalbergia rimosa/sub_045/3414. Dalbergia rimosa.7 (208).png,train/Dalbergia rimosa/3414. Dalbergia rimosa.7 (208).png
Pterocarpus soyauxii/sub_030/157_1_1.png,train/Pterocarpus soyauxii/157_1_1.png
Dalbergia tonkinensis/sub_002/3353. Dalbergia tonkinensis.1.(3).png,train/Dalbergia tonkinensis/3353. Dalbergia tonkinensis.1.(3).png
Pterocarpus indicus/sub_023/3395. Pterocarpus indicus.5 (148).png,train/Pterocarpus indicus/3395. Pterocarpus indicus.5 (148).png
Sindora cochinchinensis/sub_009/gụ67.png,train/Sindora cochinchinensis/gụ67.png
Dalbergia melanoxylon/sub_041/3352. Dalbergia melanoxylon.8.(215).png,train/Dalbergia melanoxylon/3352. Dalbergia melanoxylon.8.(215).png
Guibourtia coleosperma/sub_001/Guibourtia coleosperma_3253.10 (4).png,train/Guibourtia coleosperma/Guibourtia coleosperma_3253.10 (4).png
Dalbergia tonkinensis/sub_025/3353. Dalbergia tonkinensis.6.(172).png,train/Dalbergia tonkinensis/3353. Dalbergia tonkinensis.6.(172).png
Pterocarpus indicus/sub_010/3395. Pterocarpus indicus.1 (16).png,train/Pterocarpus indicus/3395. Pterocarpus indicus.1 (16).png
Guibourtia arnoldiana/sub_060/3411. Guibourtia arnoldiana.9 (261).png,train/Guibourtia arnoldiana/3411. Guibourtia arnoldiana.9 (261).png
Pterocarpus sp/sub_027/160_2.png,train/Pterocarpus sp/160_2.png
Pterocarpus erinaceus/sub_005/3403. Pterocarpus erinaceus.2 (42).png,train/Pterocarpus erinaceus/3403. Pterocarpus erinaceus.2 (42).png
Sindora cochinchinensis/sub_081/gụ16.png,train/Sindora cochinchinensis/gụ16.png
Pterocarpus soyauxii/sub_015/155_1_1.png,train/Pterocarpus soyauxii/155_1_1.png
Guibourtia arnoldiana/sub_009/3411. Guibourtia arnoldiana.6 (180).png,train/Guibourtia arnoldiana/3411. Guibourtia arnoldiana.6 (180).png
Pterocarpus macrocarpus/sub_030/153_1.png,train/Pterocarpus macrocarpus/153_1.png
Sindora tonkinensis/sub_073/3381. Sindora tonkinensis.8 (247).png,train/Sindora tonkinensis/3381. Sindora tonkinensis.8 (247).png
Afzelia quanzensis/sub_014/131_4.png,train/Afzelia quanzensis/131_4.png
Afzelia bella/sub_006/Afzelia bella_QCYD170_(255).png,train/Afzelia bella/Afzelia bella_QCYD170_(255).png
Pterocarpus indicus/sub_008/3395. Pterocarpus indicus.9 (285).png,train/Pterocarpus indicus/3395. Pterocarpus indicus.9 (285).png
Pterocarpus sp/sub_024/140_4.png,train/Pterocarpus sp/140_4.png
Dalbergia tonkinensis/sub_012/3353. Dalbergia tonkinensis.2.(54).png,train/Dalbergia tonkinensis/3353. Dalbergia tonkinensis.2.(54).png
Sindora tonkinensis/sub_031/3381. Sindora tonkinensis.4 (114).png,train/Sindora tonkinensis/3381. Sindora tonkinensis.4 (114).png
Guibourtia ehie/sub_034/Guibourtia ehie_TLYO895_9_(342).png,train/Guibourtia ehie/Guibourtia ehie_TLYO895_9_(342).png
Guibourtia arnoldiana/sub_027/3411. Guibourtia arnoldiana.7 (203).png,train/Guibourtia arnoldiana/3411. Guibourtia arnoldiana.7 (203).png
Pterocarpus erinaceus/sub_015/3403. Pterocarpus erinaceus.9 (271).png,train/Pterocarpus erinaceus/3403. Pterocarpus erinaceus.9 (271).png
Afzelia pachyloba/sub_022/5.2_1.png,train/Afzelia pachyloba/5.2_1__6060f24a.png
Dalbergia tonkinensis/sub_020/3353. Dalbergia tonkinensis.10.(324).png,train/Dalbergia tonkinensis/3353. Dalbergia tonkinensis.10.(324).png
Dalbergia tonkinensis/sub_004/3353. Dalbergia tonkinensis.10.(313).png,train/Dalbergia tonkinensis/3353. Dalbergia tonkinensis.10.(313).png
Peltogyne pubescens/sub_031/3377. Peltogyne pubescens.4 (124).png,train/Peltogyne pubescens/3377. Peltogyne pubescens.4 (124).png
Pterocarpus indicus/sub_035/3395. Pterocarpus indicus.9 (267).png,train/Pterocarpus indicus/3395. Pterocarpus indicus.9 (267).png
Afzelia africana/sub_045/doussie44.png,train/Afzelia africana/doussie44__b277b4cb.png
Guibourtia arnoldiana/sub_032/3411. Guibourtia arnoldiana.1 (9).png,train/Guibourtia arnoldiana/3411. Guibourtia arnoldiana.1 (9).png
Dalbergia oliveri/sub_009/Dalbergia oliveri_3237.8_ (15).png,train/Dalbergia oliveri/Dalbergia oliveri_3237.8_ (15).png
Peltogyne pubescens/sub_001/3377. Peltogyne pubescens.7 (225).png,train/Peltogyne pubescens/3377. Peltogyne pubescens.7 (225).png
Afzelia quanzensis/sub_011/147.png,train/Afzelia quanzensis/147__6c1809f5.png
Dalbergia tonkinensis/sub_022/3353. Dalbergia tonkinensis.10.(298).png,train/Dalbergia tonkinensis/3353. Dalbergia tonkinensis.10.(298).png
Guibourtia ehie/sub_022/Guibourtia ehie_GHQN943_3_(117).png,train/Guibourtia ehie/Guibourtia ehie_GHQN943_3_(117).png
Pterocarpus macrocarpus/sub_010/150.png,train/Pterocarpus macrocarpus/150__8822ad5e.png
Pterocarpus sp/sub_082/122_1.png,train/Pterocarpus sp/122_1.png
Dalbergia melanoxylon/sub_001/3352. Dalbergia melanoxylon.7.(195).png,train/Dalbergia melanoxylon/3352. Dalbergia melanoxylon.7.(195).png
Pterocarpus indicus/sub_001/3395. Pterocarpus indicus.1 (8).png,train/Pterocarpus indicus/3395. Pterocarpus indicus.1 (8).png
Afzelia quanzensis/sub_006/123.png,train/Afzelia quanzensis/123.png
Pterocarpus macrocarpus/sub_036/162.png,train/Pterocarpus macrocarpus/162__70b84454.png
Guibourtia arnoldiana/sub_010/3411. Guibourtia arnoldiana.8 (236).png,train/Guibourtia arnoldiana/3411. Guibourtia arnoldiana.8 (236).png
Afzelia bella/sub_024/Afzelia bella_AMRX692_(67).png,train/Afzelia bella/Afzelia bella_AMRX692_(67).png
Pterocarpus erinaceus/sub_025/3403. Pterocarpus erinaceus.3 (91).png,train/Pterocarpus erinaceus/3403. Pterocarpus erinaceus.3 (91).png
Guibourtia coleosperma/sub_005/Guibourtia coleosperma_3253.3 (4).png,train/Guibourtia coleosperma/Guibourtia coleosperma_3253.3 (4).png
Sindora cochinchinensis/sub_024/gụ71.png,train/Sindora cochinchinensis/gụ71.png
Afzelia quanzensis/sub_030/119_3.png,train/Afzelia quanzensis/119_3.png
Sindora cochinchinensis/sub_065/gụ55_1.png,train/Sindora cochinchinensis/gụ55_1.png
Pterocarpus sp/sub_093/124_4.png,train/Pterocarpus sp/124_4.png
Pterocarpus indicus/sub_022/3395. Pterocarpus indicus.8 (252).png,train/Pterocarpus indicus/3395. Pterocarpus indicus.8 (252).png
Afzelia bella/sub_015/Afzelia bella_QUAV174_(282).png,train/Afzelia bella/Afzelia bella_QUAV174_(282).png
Pterocarpus macrocarpus/sub_061/123_2.png,train/Pterocarpus macrocarpus/123_2.png
Dalbergia tonkinensis/sub_004/3353. Dalbergia tonkinensis.8.(250).png,train/Dalbergia tonkinensis/3353. Dalbergia tonkinensis.8.(250).png
Peltogyne pubescens/sub_006/3377. Peltogyne pubescens.9 (307).png,train/Peltogyne pubescens/3377. Peltogyne pubescens.9 (307).png
Dalbergia tonkinensis/sub_010/3353. Dalbergia tonkinensis.2.(58).png,train/Dalbergia tonkinensis/3353. Dalbergia tonkinensis.2.(58).png
Pterocarpus macrocarpus/sub_019/137_3.png,train/Pterocarpus macrocarpus/137_3.png
Dalbergia cochinchinensis/sub_026/Dalbergia cochinchinensis.3280.8 (26).png,train/Dalbergia cochinchinensis/Dalbergia cochinchinensis.3280.8 (26).png
Pterocarpus sp/sub_026/150_1.png,train/Pterocarpus sp/150_1.png
Guibourtia coleosperma/sub_015/Guibourtia coleosperma_3253.10 (31).png,train/Guibourtia coleosperma/Guibourtia coleosperma_3253.10 (31).png
Afzelia quanzensis/sub_016/17.png,train/Afzelia quanzensis/17__a0be48d5.png
Sindora tonkinensis/sub_003/3381. Sindora tonkinensis.5 (139).png,train/Sindora tonkinensis/3381. Sindora tonkinensis.5 (139).png
Pterocarpus erinaceus/sub_026/3403. Pterocarpus erinaceus.10 (311).png,train/Pterocarpus erinaceus/3403. Pterocarpus erinaceus.10 (311).png
Pterocarpus soyauxii/sub_034/19_1.png,train/Pterocarpus soyauxii/19_1.png
Dalbergia rimosa/sub_040/3414. Dalbergia rimosa.8 (216).png,train/Dalbergia rimosa/3414. Dalbergia rimosa.8 (216).png
Pterocarpus macrocarpus/sub_013/122_1.png,train/Pterocarpus macrocarpus/122_1.png
Pterocarpus macrocarpus/sub_007/138_3.png,train/Pterocarpus macrocarpus/138_3.png
Dalbergia oliveri/sub_027/Dalbergia oliveri_3237.6_ (11).png,train/Dalbergia oliveri/Dalbergia oliveri_3237.6_ (11).png
Sindora tonkinensis/sub_013/3381. Sindora tonkinensis.6 (178).png,train/Sindora tonkinensis/3381. Sindora tonkinensis.6 (178).png
Dalbergia tonkinensis/sub_073/3353. Dalbergia tonkinensis.8.(234).png,train/Dalbergia tonkinensis/3353. Dalbergia tonkinensis.8.(234).png
Pterocarpus soyauxii/sub_028/124.png,train/Pterocarpus soyauxii/124__ea4f0939.png
Pterocarpus indicus/sub_016/3395. Pterocarpus indicus.1 (22).png,train/Pterocarpus indicus/3395. Pterocarpus indicus.1 (22).png
Sindora tonkinensis/sub_007/3381. Sindora tonkinensis.1 (8).png,train/Sindora tonkinensis/3381. Sindora tonkinensis.1 (8).png
Pterocarpus soyauxii/sub_027/179.png,train/Pterocarpus soyauxii/179__8b61fa69.png
Pterocarpus macrocarpus/sub_049/11.png,train/Pterocarpus macrocarpus/11__af5bcda0.png
Guibourtia arnoldiana/sub_037/3411. Guibourtia arnoldiana.9 (289).png,train/Guibourtia arnoldiana/3411. Guibourtia arnoldiana.9 (289).png
Afzelia quanzensis/sub_065/126.png,train/Afzelia quanzensis/126__e003beea.png
Pterocarpus soyauxii/sub_051/1102.png,train/Pterocarpus soyauxii/1102__930f0d49.png
Sindora cochinchinensis/sub_080/gụ60_1.png,train/Sindora cochinchinensis/gụ60_1__b7a76a78.png
Afzelia quanzensis/sub_020/113_1.png,train/Afzelia quanzensis/113_1__381e3b54.png
Dalbergia oliveri/sub_077/Dalbergia oliveri_3237.7_ (4).png,train/Dalbergia oliveri/Dalbergia oliveri_3237.7_ (4).png
Peltogyne pubescens/sub_002/3377. Peltogyne pubescens.8 (283).png,train/Peltogyne pubescens/3377. Peltogyne pubescens.8 (283).png
Pterocarpus sp/sub_025/111_3.png,train/Pterocarpus sp/111_3.png
Dalbergia oliveri/sub_035/Dalbergia oliveri_3237.9_ (16).png,train/Dalbergia oliveri/Dalbergia oliveri_3237.9_ (16).png
Guibourtia coleosperma/sub_014/Guibourtia coleosperma_3253.9 (33).png,train/Guibourtia coleosperma/Guibourtia coleosperma_3253.9 (33).png
Pterocarpus indicus/sub_016/3395. Pterocarpus indicus.4 (119).png,train/Pterocarpus indicus/3395. Pterocarpus indicus.4 (119).png
Guibourtia arnoldiana/sub_001/3411. Guibourtia arnoldiana.8 (246).png,train/Guibourtia arnoldiana/3411. Guibourtia arnoldiana.8 (246).png
Dalbergia rimosa/sub_013/3414. Dalbergia rimosa.3 (63).png,train/Dalbergia rimosa/3414. Dalbergia rimosa.3 (63).png
Dalbergia rimosa/sub_067/3414. Dalbergia rimosa.2 (60).png,train/Dalbergia rimosa/3414. Dalbergia rimosa.2 (60).png
Sindora tonkinensis/sub_074/3381. Sindora tonkinensis.8 (226).png,train/Sindora tonkinensis/3381. Sindora tonkinensis.8 (226).png
Sindora tonkinensis/sub_003/3381. Sindora tonkinensis.6 (174).png,train/Sindora tonkinensis/3381. Sindora tonkinensis.6 (174).png
Pterocarpus macrocarpus/sub_045/16_3.png,train/Pterocarpus macrocarpus/16_3__a9269fc8.png
Peltogyne pubescens/sub_015/3377. Peltogyne pubescens.7 (256).png,train/Peltogyne pubescens/3377. Peltogyne pubescens.7 (256).png
Pterocarpus erinaceus/sub_001/3403. Pterocarpus erinaceus.10 (336).png,train/Pterocarpus erinaceus/3403. Pterocarpus erinaceus.10 (336).png
Dalbergia rimosa/sub_001/3414. Dalbergia rimosa.1(5).png,train/Dalbergia rimosa/3414. Dalbergia rimosa.1(5).png
Peltogyne pubescens/sub_026/3377. Peltogyne pubescens.3 (107).png,train/Peltogyne pubescens/3377. Peltogyne pubescens.3 (107).png
Guibourtia ehie/sub_017/Guibourtia ehie_PVFM153_6_(240).png,train/Guibourtia ehie/Guibourtia ehie_PVFM153_6_(240).png
Pterocarpus erinaceus/sub_046/3403. Pterocarpus erinaceus.7 (202).png,train/Pterocarpus erinaceus/3403. Pterocarpus erinaceus.7 (202).png
Pterocarpus indicus/sub_020/3395. Pterocarpus indicus.10 (293).png,train/Pterocarpus indicus/3395. Pterocarpus indicus.10 (293).png
Dalbergia tonkinensis/sub_015/3353. Dalbergia tonkinensis.5.(136).png,train/Dalbergia tonkinensis/3353. Dalbergia tonkinensis.5.(136).png
Dalbergia melanoxylon/sub_023/3352. Dalbergia melanoxylon.3.(74).png,train/Dalbergia melanoxylon/3352. Dalbergia melanoxylon.3.(74).png
Sindora tonkinensis/sub_004/3381. Sindora tonkinensis.4 (117).png,train/Sindora tonkinensis/3381. Sindora tonkinensis.4 (117).png
Pterocarpus indicus/sub_055/3395. Pterocarpus indicus.2 (50).png,train/Pterocarpus indicus/3395. Pterocarpus indicus.2 (50).png
Dalbergia tonkinensis/sub_034/3353. Dalbergia tonkinensis.1.(15).png,train/Dalbergia tonkinensis/3353. Dalbergia tonkinensis.1.(15).png
Dalbergia tonkinensis/sub_028/3353. Dalbergia tonkinensis.7.(217).png,train/Dalbergia tonkinensis/3353. Dalbergia tonkinensis.7.(217).png
Pterocarpus sp/sub_001/152_1.png,train/Pterocarpus sp/152_1.png
Afzelia quanzensis/sub_023/146_2.png,train/Afzelia quanzensis/146_2__a1b7d08a.png
Peltogyne pubescens/sub_014/3377. Peltogyne pubescens.8 (291).png,train/Peltogyne pubescens/3377. Peltogyne pubescens.8 (291).png
Dalbergia cochinchinensis/sub_042/Dalbergia cochinchinensis.3280.8 (9).png,train/Dalbergia cochinchinensis/Dalbergia cochinchinensis.3280.8 (9).png
Dalbergia rimosa/sub_024/3414. Dalbergia rimosa.4 (108).png,train/Dalbergia rimosa/3414. Dalbergia rimosa.4 (108).png
Afzelia bella/sub_023/Afzelia bella_HYBT691_(149).png,train/Afzelia bella/Afzelia bella_HYBT691_(149).png
Sindora cochinchinensis/sub_001/gụ35.png,train/Sindora cochinchinensis/gụ35__8acd6170.png
Dalbergia cochinchinensis/sub_019/Dalbergia cochinchinensis.3280.5 (31).png,train/Dalbergia cochinchinensis/Dalbergia cochinchinensis.3280.5 (31).png
Sindora cochinchinensis/sub_011/gụ85.png,train/Sindora cochinchinensis/gụ85__e18230b0.png
Afzelia pachyloba/sub_016/4.1.png,train/Afzelia pachyloba/4.1__93b9dcdb.png
Dalbergia cochinchinensis/sub_054/Dalbergia cochinchinensis.3280.3 (4).png,train/Dalbergia cochinchinensis/Dalbergia cochinchinensis.3280.3 (4).png
Pterocarpus soyauxii/sub_001/143_2.png,train/Pterocarpus soyauxii/143_2.png
Peltogyne pubescens/sub_052/3377. Peltogyne pubescens.6 (204).png,train/Peltogyne pubescens/3377. Peltogyne pubescens.6 (204).png
Dalbergia rimosa/sub_014/3414. Dalbergia rimosa.9 (261).png,train/Dalbergia rimosa/3414. Dalbergia rimosa.9 (261).png
Peltogyne pubescens/sub_006/3377. Peltogyne pubescens.4 (118).png,train/Peltogyne pubescens/3377. Peltogyne pubescens.4 (118).png
Peltogyne pubescens/sub_049/3377. Peltogyne pubescens.2 (70).png,train/Peltogyne pubescens/3377. Peltogyne pubescens.2 (70).png
Dalbergia cochinchinensis/sub_002/Dalbergia cochinchinensis.3280.8 (3).png,train/Dalbergia cochinchinensis/Dalbergia cochinchinensis.3280.8 (3).png
Pterocarpus macrocarpus/sub_047/116_1_1.png,train/Pterocarpus macrocarpus/116_1_1.png
Guibourtia ehie/sub_049/Guibourtia ehie_PRQC042_5_(164).png,train/Guibourtia ehie/Guibourtia ehie_PRQC042_5_(164).png
Sindora cochinchinensis/sub_054/gụ51.png,train/Sindora cochinchinensis/gụ51.png
Pterocarpus erinaceus/sub_029/3403. Pterocarpus erinaceus.8 (254).png,train/Pterocarpus erinaceus/3403. Pterocarpus erinaceus.8 (254).png
Afzelia bella/sub_015/Afzelia bella_QUAV174_(293).png,train/Afzelia bella/Afzelia bella_QUAV174_(293).png
Pterocarpus erinaceus/sub_036/3403. Pterocarpus erinaceus.7 (225).png,train/Pterocarpus erinaceus/3403. Pterocarpus erinaceus.7 (225).png
Guibourtia coleosperma/sub_060/Guibourtia coleosperma_3253.2 (29).png,train/Guibourtia coleosperma/Guibourtia coleosperma_3253.2 (29).png
Pterocarpus macrocarpus/sub_048/117_4.png,train/Pterocarpus macrocarpus/117_4.png
Sindora cochinchinensis/sub_097/gụ53.png,train/Sindora cochinchinensis/gụ53__51f97b0c.png
Sindora cochinchinensis/sub_016/gụ5.png,train/Sindora cochinchinensis/gụ5.png
Afzelia bella/sub_040/Afzelia bella_QCYD170_(245).png,train/Afzelia bella/Afzelia bella_QCYD170_(245).png
Dalbergia rimosa/sub_004/3414. Dalbergia rimosa.1(17).png,train/Dalbergia rimosa/3414. Dalbergia rimosa.1(17).png
Peltogyne pubescens/sub_015/3377. Peltogyne pubescens.4 (138).png,train/Peltogyne pubescens/3377. Peltogyne pubescens.4 (138).png
Guibourtia arnoldiana/sub_001/3411. Guibourtia arnoldiana.4 (123).png,train/Guibourtia arnoldiana/3411. Guibourtia arnoldiana.4 (123).png
Guibourtia ehie/sub_072/Guibourtia ehie_KREW954_4_(159).png,train/Guibourtia ehie/Guibourtia ehie_KREW954_4_(159).png
Afzelia africana/sub_006/doussie25_1.png,train/Afzelia africana/doussie25_1__34908c44.png
Pterocarpus soyauxii/sub_048/1124.png,train/Pterocarpus soyauxii/1124.png
Guibourtia arnoldiana/sub_016/3411. Guibourtia arnoldiana.10 (309).png,train/Guibourtia arnoldiana/3411. Guibourtia arnoldiana.10 (309).png
Afzelia pachyloba/sub_011/8.2.png,train/Afzelia pachyloba/8.2.png
Afzelia bella/sub_005/Afzelia bella_OGHV743_(209).png,train/Afzelia bella/Afzelia bella_OGHV743_(209).png
Pterocarpus soyauxii/sub_047/119_1.png,train/Pterocarpus soyauxii/119_1.png
Dalbergia melanoxylon/sub_051/3352. Dalbergia melanoxylon.9.(254).png,train/Dalbergia melanoxylon/3352. Dalbergia melanoxylon.9.(254).png
Dalbergia cochinchinensis/sub_032/Dalbergia cochinchinensis.3280.5 (10).png,train/Dalbergia cochinchinensis/Dalbergia cochinchinensis.3280.5 (10).png
Afzelia bella/sub_039/Afzelia bella_AMRX692_(74).png,train/Afzelia bella/Afzelia bella_AMRX692_(74).png
Dalbergia cochinchinensis/sub_047/Dalbergia cochinchinensis.3280.6 (11).png,train/Dalbergia cochinchinensis/Dalbergia cochinchinensis.3280.6 (11).png
Dalbergia oliveri/sub_057/Dalbergia oliveri_3237.10_ (3).png,train/Dalbergia oliveri/Dalbergia oliveri_3237.10_ (3).png
Pterocarpus soyauxii/sub_006/138_1.png,train/Pterocarpus soyauxii/138_1__78f73046.png
Sindora cochinchinensis/sub_029/gụ56.png,train/Sindora cochinchinensis/gụ56__eb3a38c2.png
Pterocarpus indicus/sub_003/3395. Pterocarpus indicus.9 (275).png,train/Pterocarpus indicus/3395. Pterocarpus indicus.9 (275).png
Dalbergia cochinchinensis/sub_003/Dalbergia cochinchinensis.3280.6 (23).png,train/Dalbergia cochinchinensis/Dalbergia cochinchinensis.3280.6 (23).png
Guibourtia arnoldiana/sub_042/3411. Guibourtia arnoldiana.9 (280).png,train/Guibourtia arnoldiana/3411. Guibourtia arnoldiana.9 (280).png
Pterocarpus sp/sub_040/112_2.png,train/Pterocarpus sp/112_2__5862091b.png
Afzelia africana/sub_067/doussie41_1.png,train/Afzelia africana/doussie41_1__64017f8f.png
Dalbergia rimosa/sub_004/3414. Dalbergia rimosa.7 (209).png,train/Dalbergia rimosa/3414. Dalbergia rimosa.7 (209).png
Pterocarpus soyauxii/sub_001/11_2.png,train/Pterocarpus soyauxii/11_2.png
Guibourtia ehie/sub_075/Guibourtia ehie_UORX694_10_(399).png,train/Guibourtia ehie/Guibourtia ehie_UORX694_10_(399).png
Pterocarpus macrocarpus/sub_013/113_1.png,train/Pterocarpus macrocarpus/113_1__fe78651c.png
Dalbergia cochinchinensis/sub_008/Dalbergia cochinchinensis.3280.10 (7).png,train/Dalbergia cochinchinensis/Dalbergia cochinchinensis.3280.10 (7).png
Pterocarpus erinaceus/sub_039/3403. Pterocarpus erinaceus.4 (116).png,train/Pterocarpus erinaceus/3403. Pterocarpus erinaceus.4 (116).png
Pterocarpus soyauxii/sub_005/131_1_1.png,train/Pterocarpus soyauxii/131_1_1.png
Dalbergia rimosa/sub_053/3414. Dalbergia rimosa.2 (38).png,train/Dalbergia rimosa/3414. Dalbergia rimosa.2 (38).png
Guibourtia arnoldiana/sub_004/3411. Guibourtia arnoldiana.5 (153).png,train/Guibourtia arnoldiana/3411. Guibourtia arnoldiana.5 (153).png
Pterocarpus erinaceus/sub_031/3403. Pterocarpus erinaceus.1(29).png,train/Pterocarpus erinaceus/3403. Pterocarpus erinaceus.1(29).png
Afzelia africana/sub_026/doussie7_1.png,train/Afzelia africana/doussie7_1.png
Pterocarpus soyauxii/sub_054/157_1.png,train/Pterocarpus soyauxii/157_1__3de65d89.png
Afzelia quanzensis/sub_008/152.png,train/Afzelia quanzensis/152.png
Guibourtia ehie/sub_048/Guibourtia ehie_TLYO895_9_(351).png,train/Guibourtia ehie/Guibourtia ehie_TLYO895_9_(351).png
Dalbergia rimosa/sub_043/3414. Dalbergia rimosa.2 (34).png,train/Dalbergia rimosa/3414. Dalbergia rimosa.2 (34).png
Dalbergia oliveri/sub_065/Dalbergia oliveri_3237.3_ (21).png,train/Dalbergia oliveri/Dalbergia oliveri_3237.3_ (21).png
Guibourtia ehie/sub_075/Guibourtia ehie_SXGM640_8_(319).png,train/Guibourtia ehie/Guibourtia ehie_SXGM640_8_(319).png
Peltogyne pubescens/sub_011/3377. Peltogyne pubescens.2 (47).png,train/Peltogyne pubescens/3377. Peltogyne pubescens.2 (47).png
Guibourtia arnoldiana/sub_011/3411. Guibourtia arnoldiana.9 (271).png,train/Guibourtia arnoldiana/3411. Guibourtia arnoldiana.9 (271).png
Afzelia bella/sub_013/Afzelia bella_WJSV740_10_36123.png,train/Afzelia bella/Afzelia bella_WJSV740_10_36123.png
Guibourtia arnoldiana/sub_016/3411. Guibourtia arnoldiana.8 (245).png,train/Guibourtia arnoldiana/3411. Guibourtia arnoldiana.8 (245).png
Guibourtia coleosperma/sub_064/Guibourtia coleosperma_3253.7 (5).png,train/Guibourtia coleosperma/Guibourtia coleosperma_3253.7 (5).png
Afzelia quanzensis/sub_032/144_2.png,train/Afzelia quanzensis/144_2__02f74443.png
Guibourtia ehie/sub_058/Guibourtia ehie_CHYX256_1_(22).png,train/Guibourtia ehie/Guibourtia ehie_CHYX256_1_(22).png
Peltogyne pubescens/sub_017/3377. Peltogyne pubescens.8 (295).png,train/Peltogyne pubescens/3377. Peltogyne pubescens.8 (295).png
Afzelia quanzensis/sub_012/111_3.png,train/Afzelia quanzensis/111_3.png
Pterocarpus soyauxii/sub_016/129_1.png,train/Pterocarpus soyauxii/129_1__d6fef9b1.png
Pterocarpus macrocarpus/sub_048/168.png,train/Pterocarpus macrocarpus/168.png
Pterocarpus indicus/sub_004/3395. Pterocarpus indicus.9 (256).png,train/Pterocarpus indicus/3395. Pterocarpus indicus.9 (256).png
Dalbergia rimosa/sub_028/3414. Dalbergia rimosa.6 (173).png,train/Dalbergia rimosa/3414. Dalbergia rimosa.6 (173).png
Dalbergia oliveri/sub_043/Dalbergia oliveri_3237.7_ (27).png,train/Dalbergia oliveri/Dalbergia oliveri_3237.7_ (27).png
Dalbergia tonkinensis/sub_054/3353. Dalbergia tonkinensis.1.(25).png,train/Dalbergia tonkinensis/3353. Dalbergia tonkinensis.1.(25).png
Sindora tonkinensis/sub_013/3381. Sindora tonkinensis.6 (180).png,train/Sindora tonkinensis/3381. Sindora tonkinensis.6 (180).png
Pterocarpus erinaceus/sub_028/3403. Pterocarpus erinaceus.3 (70).png,train/Pterocarpus erinaceus/3403. Pterocarpus erinaceus.3 (70).png
Peltogyne pubescens/sub_028/3377. Peltogyne pubescens.9 (324).png,train/Peltogyne pubescens/3377. Peltogyne pubescens.9 (324).png
Afzelia bella/sub_010/Afzelia bella_GCJA653_(85).png,train/Afzelia bella/Afzelia bella_GCJA653_(85).png
Dalbergia tonkinensis/sub_001/3353. Dalbergia tonkinensis.2.(41).png,train/Dalbergia tonkinensis/3353. Dalbergia tonkinensis.2.(41).png
Dalbergia cochinchinensis/sub_007/Dalbergia cochinchinensis.3280.4 (10).png,train/Dalbergia cochinchinensis/Dalbergia cochinchinensis.3280.4 (10).png
Peltogyne pubescens/sub_013/3377. Peltogyne pubescens.8 (289).png,train/Peltogyne pubescens/3377. Peltogyne pubescens.8 (289).png
Guibourtia arnoldiana/sub_009/3411. Guibourtia arnoldiana.2 (53).png,train/Guibourtia arnoldiana/3411. Guibourtia arnoldiana.2 (53).png
Guibourtia ehie/sub_093/Guibourtia ehie_FEHC134_2_(79).png,train/Guibourtia ehie/Guibourtia ehie_FEHC134_2_(79).png
Dalbergia melanoxylon/sub_028/3352. Dalbergia melanoxylon.6.(155).png,train/Dalbergia melanoxylon/3352. Dalbergia melanoxylon.6.(155).png
Afzelia pachyloba/sub_032/1.2.png,train/Afzelia pachyloba/1.2.png
Peltogyne pubescens/sub_054/3377. Peltogyne pubescens.10 (347).png,train/Peltogyne pubescens/3377. Peltogyne pubescens.10 (347).png
Pterocarpus sp/sub_095/165.png,train/Pterocarpus sp/165.png
Pterocarpus macrocarpus/sub_025/128.png,train/Pterocarpus macrocarpus/128__8e048a8f.png
Sindora cochinchinensis/sub_073/gụ14.png,train/Sindora cochinchinensis/gụ14.png
Dalbergia melanoxylon/sub_005/3352. Dalbergia melanoxylon.1.(18).png,train/Dalbergia melanoxylon/3352. Dalbergia melanoxylon.1.(18).png
Guibourtia ehie/sub_058/Guibourtia ehie_FEHC134_2_(66).png,train/Guibourtia ehie/Guibourtia ehie_FEHC134_2_(66).png
Guibourtia ehie/sub_002/Guibourtia ehie_GHQN943_3_(120).png,train/Guibourtia ehie/Guibourtia ehie_GHQN943_3_(120).png
Afzelia quanzensis/sub_047/115.png,train/Afzelia quanzensis/115__0215e5f9.png
Dalbergia tonkinensis/sub_025/3353. Dalbergia tonkinensis.6.(164).png,train/Dalbergia tonkinensis/3353. Dalbergia tonkinensis.6.(164).png
Afzelia africana/sub_029/doussie5.png,train/Afzelia africana/doussie5__5b16b2e2.png
Peltogyne pubescens/sub_046/3377. Peltogyne pubescens.1 (30).png,train/Peltogyne pubescens/3377. Peltogyne pubescens.1 (30).png
Pterocarpus indicus/sub_010/3395. Pterocarpus indicus.10 (295).png,train/Pterocarpus indicus/3395. Pterocarpus indicus.10 (295).png
Pterocarpus macrocarpus/sub_026/13.png,train/Pterocarpus macrocarpus/13__4eb892ab.png
Sindora cochinchinensis/sub_070/gụ70_1.png,train/Sindora cochinchinensis/gụ70_1.png
Afzelia pachyloba/sub_026/2.4_4.png,train/Afzelia pachyloba/2.4_4.png
Pterocarpus erinaceus/sub_020/3403. Pterocarpus erinaceus.2 (56).png,train/Pterocarpus erinaceus/3403. Pterocarpus erinaceus.2 (56).png
Pterocarpus soyauxii/sub_083/12_1.png,train/Pterocarpus soyauxii/12_1.png
Dalbergia cochinchinensis/sub_013/Dalbergia cochinchinensis.3280.5 (23).png,train/Dalbergia cochinchinensis/Dalbergia cochinchinensis.3280.5 (23).png
Guibourtia arnoldiana/sub_002/3411. Guibourtia arnoldiana.6 (185).png,val/Guibourtia arnoldiana/3411. Guibourtia arnoldiana.6 (185).png
Guibourtia ehie/sub_082/Guibourtia ehie_PVFM153_6_(202).png,val/Guibourtia ehie/Guibourtia ehie_PVFM153_6_(202).png
Dalbergia tonkinensis/sub_052/3353. Dalbergia tonkinensis.4.(123).png,val/Dalbergia tonkinensis/3353. Dalbergia tonkinensis.4.(123).png
Afzelia pachyloba/sub_007/2.2.png,val/Afzelia pachyloba/2.2.png
Guibourtia arnoldiana/sub_006/3411. Guibourtia arnoldiana.6 (169).png,val/Guibourtia arnoldiana/3411. Guibourtia arnoldiana.6 (169).png
Guibourtia arnoldiana/sub_030/3411. Guibourtia arnoldiana.1 (14).png,val/Guibourtia arnoldiana/3411. Guibourtia arnoldiana.1 (14).png
Afzelia quanzensis/sub_002/124_5.png,val/Afzelia quanzensis/124_5.png
Dalbergia melanoxylon/sub_025/3352. Dalbergia melanoxylon.10.(275).png,val/Dalbergia melanoxylon/3352. Dalbergia melanoxylon.10.(275).png
Sindora tonkinensis/sub_028/3381. Sindora tonkinensis.1 (18).png,val/Sindora tonkinensis/3381. Sindora tonkinensis.1 (18).png
Guibourtia ehie/sub_011/Guibourtia ehie_UORX694_10_(390).png,val/Guibourtia ehie/Guibourtia ehie_UORX694_10_(390).png
Guibourtia ehie/sub_037/Guibourtia ehie_SXGM640_8_(300).png,val/Guibourtia ehie/Guibourtia ehie_SXGM640_8_(300).png
Afzelia africana/sub_028/doussie23_2.png,val/Afzelia africana/doussie23_2.png
Dalbergia tonkinensis/sub_012/3353. Dalbergia tonkinensis.4.(104).png,val/Dalbergia tonkinensis/3353. Dalbergia tonkinensis.4.(104).png
Peltogyne pubescens/sub_019/3377. Peltogyne pubescens.8 (292).png,val/Peltogyne pubescens/3377. Peltogyne pubescens.8 (292).png
Pterocarpus sp/sub_005/163_1.png,val/Pterocarpus sp/163_1.png
Sindora tonkinensis/sub_036/3381. Sindora tonkinensis.1 (16).png,val/Sindora tonkinensis/3381. Sindora tonkinensis.1 (16).png
Dalbergia oliveri/sub_012/Dalbergia oliveri_3237.5_ (14).png,val/Dalbergia oliveri/Dalbergia oliveri_3237.5_ (14).png
Sindora tonkinensis/sub_034/3381. Sindora tonkinensis.9 (284).png,val/Sindora tonkinensis/3381. Sindora tonkinensis.9 (284).png
Peltogyne pubescens/sub_002/3377. Peltogyne pubescens.9 (330).png,val/Peltogyne pubescens/3377. Peltogyne pubescens.9 (330).png
Dalbergia melanoxylon/sub_032/3352. Dalbergia melanoxylon.4.(94).png,val/Dalbergia melanoxylon/3352. Dalbergia melanoxylon.4.(94).png
Pterocarpus soyauxii/sub_037/145_1.png,val/Pterocarpus soyauxii/145_1.png
Pterocarpus soyauxii/sub_014/138.png,val/Pterocarpus soyauxii/138.png
Pterocarpus macrocarpus/sub_053/145_4.png,val/Pterocarpus macrocarpus/145_4.png
Pterocarpus indicus/sub_007/3395. Pterocarpus indicus.7 (204).png,val/Pterocarpus indicus/3395. Pterocarpus indicus.7 (204).png
Dalbergia rimosa/sub_011/3414. Dalbergia rimosa.10 (272).png,val/Dalbergia rimosa/3414. Dalbergia rimosa.10 (272).png
Pterocarpus macrocarpus/sub_038/12.png,val/Pterocarpus macrocarpus/12.png
Pterocarpus macrocarpus/sub_061/150_1.png,val/Pterocarpus macrocarpus/150_1.png
Afzelia pachyloba/sub_038/2.1_1.png,val/Afzelia pachyloba/2.1_1.png
Dalbergia oliveri/sub_001/Dalbergia oliveri_3237.3_ (23).png,val/Dalbergia oliveri/Dalbergia oliveri_3237.3_ (23).png
Dalbergia tonkinensis/sub_032/3353. Dalbergia tonkinensis.10.(311).png,val/Dalbergia tonkinensis/3353. Dalbergia tonkinensis.10.(311).png
Guibourtia arnoldiana/sub_014/3411. Guibourtia arnoldiana.9 (264).png,val/Guibourtia arnoldiana/3411. Guibourtia arnoldiana.9 (264).png
Sindora tonkinensis/sub_018/3381. Sindora tonkinensis.6 (160).png,val/Sindora tonkinensis/3381. Sindora tonkinensis.6 (160).png
Guibourtia ehie/sub_002/Guibourtia ehie_KREW954_4_(131).png,val/Guibourtia ehie/Guibourtia ehie_KREW954_4_(131).png
Pterocarpus indicus/sub_012/3395. Pterocarpus indicus.7 (201).png,val/Pterocarpus indicus/3395. Pterocarpus indicus.7 (201).png
Afzelia pachyloba/sub_034/2.4.png,val/Afzelia pachyloba/2.4.png
Dalbergia melanoxylon/sub_007/3352. Dalbergia melanoxylon.9.(241).png,val/Dalbergia melanoxylon/3352. Dalbergia melanoxylon.9.(241).png
Peltogyne pubescens/sub_025/3377. Peltogyne pubescens.6 (206).png,val/Peltogyne pubescens/3377. Peltogyne pubescens.6 (206).png
Afzelia pachyloba/sub_024/8.3.png,val/Afzelia pachyloba/8.3.png
Afzelia bella/sub_006/Afzelia bella_AKMX287_(5).png,val/Afzelia bella/Afzelia bella_AKMX287_(5).png
Afzelia bella/sub_003/Afzelia bella_LYSV052_(198).png,val/Afzelia bella/Afzelia bella_LYSV052_(198).png
Pterocarpus erinaceus/sub_013/3403. Pterocarpus erinaceus.6 (170).png,val/Pterocarpus erinaceus/3403. Pterocarpus erinaceus.6 (170).png
Pterocarpus sp/sub_019/147.png,val/Pterocarpus sp/147.png
Afzelia quanzensis/sub_006/120_3.png,val/Afzelia quanzensis/120_3.png
Pterocarpus sp/sub_014/135.png,val/Pterocarpus sp/135.png
Pterocarpus soyauxii/sub_022/183.png,val/Pterocarpus soyauxii/183.png
Dalbergia cochinchinensis/sub_044/Dalbergia cochinchinensis.3280.1 (30).png,val/Dalbergia cochinchinensis/Dalbergia cochinchinensis.3280.1 (30).png
Pterocarpus indicus/sub_023/3395. Pterocarpus indicus.7 (219).png,val/Pterocarpus indicus/3395. Pterocarpus indicus.7 (219).png
Afzelia bella/sub_015/Afzelia bella_OGHV743_(202).png,val/Afzelia bella/Afzelia bella_OGHV743_(202).png
Pterocarpus sp/sub_043/142.png,val/Pterocarpus sp/142.png
Pterocarpus macrocarpus/sub_075/150_3.png,val/Pterocarpus macrocarpus/150_3.png
Pterocarpus sp/sub_018/141_2.png,val/Pterocarpus sp/141_2.png
Dalbergia tonkinensis/sub_026/3353. Dalbergia tonkinensis.4.(119).png,val/Dalbergia tonkinensis/3353. Dalbergia tonkinensis.4.(119).png
Pterocarpus indicus/sub_049/3395. Pterocarpus indicus.6 (192).png,val/Pterocarpus indicus/3395. Pterocarpus indicus.6 (192).png
Pterocarpus macrocarpus/sub_002/145_6.png,val/Pterocarpus macrocarpus/145_6.png
Peltogyne pubescens/sub_019/3377. Peltogyne pubescens.9 (301).png,val/Peltogyne pubescens/3377. Peltogyne pubescens.9 (301).png
Guibourtia arnoldiana/sub_009/3411. Guibourtia arnoldiana.1 (32).png,val/Guibourtia arnoldiana/3411. Guibourtia arnoldiana.1 (32).png
Dalbergia oliveri/sub_005/Dalbergia oliveri_3237.7_ (30).png,val/Dalbergia oliveri/Dalbergia oliveri_3237.7_ (30).png
Dalbergia rimosa/sub_002/3414. Dalbergia rimosa.1(23).png,val/Dalbergia rimosa/3414. Dalbergia rimosa.1(23).png
Pterocarpus soyauxii/sub_087/1104.png,val/Pterocarpus soyauxii/1104.png
Afzelia africana/sub_031/doussie16_1.png,val/Afzelia africana/doussie16_1.png
Guibourtia ehie/sub_014/Guibourtia ehie_UORX694_10_(396).png,val/Guibourtia ehie/Guibourtia ehie_UORX694_10_(396).png
Pterocarpus indicus/sub_032/3395. Pterocarpus indicus.7 (205).png,val/Pterocarpus indicus/3395. Pterocarpus indicus.7 (205).png
Sindora cochinchinensis/sub_041/gụ5.png,val/Sindora cochinchinensis/gụ5.png
Afzelia quanzensis/sub_058/14.png,val/Afzelia quanzensis/14.png
Guibourtia ehie/sub_024/Guibourtia ehie_UORX694_10_(386).png,val/Guibourtia ehie/Guibourtia ehie_UORX694_10_(386).png
Dalbergia cochinchinensis/sub_001/Dalbergia cochinchinensis.3280.1 (3).png,val/Dalbergia cochinchinensis/Dalbergia cochinchinensis.3280.1 (3).png
Pterocarpus soyauxii/sub_023/139.png,val/Pterocarpus soyauxii/139.png
Pterocarpus soyauxii/sub_057/197.png,val/Pterocarpus soyauxii/197.png
Dalbergia oliveri/sub_051/Dalbergia oliveri_3237.10_ (31).png,val/Dalbergia oliveri/Dalbergia oliveri_3237.10_ (31).png
Afzelia bella/sub_022/Afzelia bella_GCJA653_(109).png,val/Afzelia bella/Afzelia bella_GCJA653_(109).png
Peltogyne pubescens/sub_022/3377. Peltogyne pubescens.6 (205).png,val/Peltogyne pubescens/3377. Peltogyne pubescens.6 (205).png
Pterocarpus erinaceus/sub_028/3403. Pterocarpus erinaceus.10 (309).png,val/Pterocarpus erinaceus/3403. Pterocarpus erinaceus.10 (309).png
Afzelia africana/sub_044/doussie42_1.png,val/Afzelia africana/doussie42_1.png
Peltogyne pubescens/sub_012/3377. Peltogyne pubescens.4 (122).png,val/Peltogyne pubescens/3377. Peltogyne pubescens.4 (122).png
Pterocarpus macrocarpus/sub_035/138.png,val/Pterocarpus macrocarpus/138.png
Afzelia bella/sub_021/Afzelia bella_GCJA653_(90).png,val/Afzelia bella/Afzelia bella_GCJA653_(90).png
Afzelia africana/sub_005/doussie64.png,val/Afzelia africana/doussie64.png
Guibourtia ehie/sub_010/Guibourtia ehie_PRQC042_5_(177).png,val/Guibourtia ehie/Guibourtia ehie_PRQC042_5_(177).png
Guibourtia coleosperma/sub_022/Guibourtia coleosperma_3253.8 (32).png,val/Guibourtia coleosperma/Guibourtia coleosperma_3253.8 (32).png
Pterocarpus sp/sub_023/116_1_1.png,val/Pterocarpus sp/116_1_1.png
Afzelia africana/sub_009/doussie51.png,val/Afzelia africana/doussie51.png
Pterocarpus soyauxii/sub_083/1125.png,val/Pterocarpus soyauxii/1125.png
Sindora tonkinensis/sub_038/3381. Sindora tonkinensis.2 (53).png,val/Sindora tonkinensis/3381. Sindora tonkinensis.2 (53).png
Peltogyne pubescens/sub_003/3377. Peltogyne pubescens.1 (9).png,val/Peltogyne pubescens/3377. Peltogyne pubescens.1 (9).png
Guibourtia arnoldiana/sub_019/3411. Guibourtia arnoldiana.1 (15).png,val/Guibourtia arnoldiana/3411. Guibourtia arnoldiana.1 (15).png
Guibourtia arnoldiana/sub_006/3411. Guibourtia arnoldiana.4 (100).png,val/Guibourtia arnoldiana/3411. Guibourtia arnoldiana.4 (100).png
Sindora tonkinensis/sub_048/3381. Sindora tonkinensis.7 (201).png,val/Sindora tonkinensis/3381. Sindora tonkinensis.7 (201).png
Pterocarpus soyauxii/sub_030/173_1.png,val/Pterocarpus soyauxii/173_1.png
Guibourtia arnoldiana/sub_043/3411. Guibourtia arnoldiana.2 (66).png,val/Guibourtia arnoldiana/3411. Guibourtia arnoldiana.2 (66).png
Guibourtia ehie/sub_012/Guibourtia ehie_QAMZ768_7_(245).png,val/Guibourtia ehie/Guibourtia ehie_QAMZ768_7_(245).png
Sindora tonkinensis/sub_055/3381. Sindora tonkinensis.1 (24).png,val/Sindora tonkinensis/3381. Sindora tonkinensis.1 (24).png
Peltogyne pubescens/sub_019/3377. Peltogyne pubescens.9 (331).png,val/Peltogyne pubescens/3377. Peltogyne pubescens.9 (331).png
Dalbergia cochinchinensis/sub_014/Dalbergia cochinchinensis.3280.1 (28).png,val/Dalbergia cochinchinensis/Dalbergia cochinchinensis.3280.1 (28).png
Guibourtia ehie/sub_041/Guibourtia ehie_PRQC042_5_(178).png,val/Guibourtia ehie/Guibourtia ehie_PRQC042_5_(178).png
Pterocarpus indicus/sub_013/3395. Pterocarpus indicus.1 (9).png,val/Pterocarpus indicus/3395. Pterocarpus indicus.1 (9).png
Dalbergia rimosa/sub_004/3414. Dalbergia rimosa.6 (157).png,val/Dalbergia rimosa/3414. Dalbergia rimosa.6 (157).png
Guibourtia arnoldiana/sub_009/3411. Guibourtia arnoldiana.5 (144).png,val/Guibourtia arnoldiana/3411. Guibourtia arnoldiana.5 (144).png
Peltogyne pubescens/sub_035/3377. Peltogyne pubescens.9 (329).png,val/Peltogyne pubescens/3377. Peltogyne pubescens.9 (329).png
Afzelia bella/sub_070/Afzelia bella_AKMX287_(17).png,val/Afzelia bella/Afzelia bella_AKMX287_(17).png
Peltogyne pubescens/sub_022/3377. Peltogyne pubescens.7 (252).png,val/Peltogyne pubescens/3377. Peltogyne pubescens.7 (252).png
Pterocarpus sp/sub_065/110_1.png,val/Pterocarpus sp/110_1.png
Pterocarpus indicus/sub_011/3395. Pterocarpus indicus.3 (69).png,val/Pterocarpus indicus/3395. Pterocarpus indicus.3 (69).png
Pterocarpus macrocarpus/sub_058/151.png,val/Pterocarpus macrocarpus/151.png
Pterocarpus sp/sub_067/152_1.png,val/Pterocarpus sp/152_1.png
Afzelia bella/sub_022/Afzelia bella_HYBT691_(137).png,val/Afzelia bella/Afzelia bella_HYBT691_(137).png
Pterocarpus indicus/sub_003/3395. Pterocarpus indicus.7 (194).png,val/Pterocarpus indicus/3395. Pterocarpus indicus.7 (194).png
Afzelia bella/sub_055/Afzelia bella_AKMX287_(23).png,val/Afzelia bella/Afzelia bella_AKMX287_(23).png
Dalbergia melanoxylon/sub_028/3352. Dalbergia melanoxylon.2 (54).png,val/Dalbergia melanoxylon/3352. Dalbergia melanoxylon.2 (54).png
Dalbergia cochinchinensis/sub_002/Dalbergia cochinchinensis.3280.1 (23).png,val/Dalbergia cochinchinensis/Dalbergia cochinchinensis.3280.1 (23).png
Pterocarpus macrocarpus/sub_042/10_1_1.png,val/Pterocarpus macrocarpus/10_1_1.png
Dalbergia tonkinensis/sub_021/3353. Dalbergia tonkinensis.3.(88).png,val/Dalbergia tonkinensis/3353. Dalbergia tonkinensis.3.(88).png
Sindora cochinchinensis/sub_031/gụ81_1.png,val/Sindora cochinchinensis/gụ81_1.png
Pterocarpus sp/sub_001/10.png,val/Pterocarpus sp/10.png
Sindora tonkinensis/sub_048/3381. Sindora tonkinensis.7 (217).png,val/Sindora tonkinensis/3381. Sindora tonkinensis.7 (217).png
Pterocarpus soyauxii/sub_014/180.png,val/Pterocarpus soyauxii/180.png
Dalbergia tonkinensis/sub_018/3353. Dalbergia tonkinensis.3.(92).png,val/Dalbergia tonkinensis/3353. Dalbergia tonkinensis.3.(92).png
Dalbergia cochinchinensis/sub_031/Dalbergia cochinchinensis.3280.1 (24).png,val/Dalbergia cochinchinensis/Dalbergia cochinchinensis.3280.1 (24).png
Pterocarpus erinaceus/sub_014/3403. Pterocarpus erinaceus.1(2).png,val/Pterocarpus erinaceus/3403. Pterocarpus erinaceus.1(2).png
Pterocarpus macrocarpus/sub_069/140_2.png,val/Pterocarpus macrocarpus/140_2.png
Guibourtia ehie/sub_001/Guibourtia ehie_UORX694_10_(369).png,val/Guibourtia ehie/Guibourtia ehie_UORX694_10_(369).png
Pterocarpus erinaceus/sub_015/3403. Pterocarpus erinaceus.9 (283).png,val/Pterocarpus erinaceus/3403. Pterocarpus erinaceus.9 (283).png
Afzelia pachyloba/sub_046/5.1.png,val/Afzelia pachyloba/5.1.png
Dalbergia oliveri/sub_007/Dalbergia oliveri_3237.6_ (21).png,val/Dalbergia oliveri/Dalbergia oliveri_3237.6_ (21).png
Afzelia bella/sub_064/Afzelia bella_QCYD170_(268).png,val/Afzelia bella/Afzelia bella_QCYD170_(268).png
Afzelia bella/sub_002/Afzelia bella_FFCA657_9_3211.png,val/Afzelia bella/Afzelia bella_FFCA657_9_3211.png
Pterocarpus sp/sub_001/16_1_1.png,val/Pterocarpus sp/16_1_1.png
Pterocarpus soyauxii/sub_063/137.png,val/Pterocarpus soyauxii/137.png
Pterocarpus sp/sub_110/168_1.png,val/Pterocarpus sp/168_1.png
Dalbergia melanoxylon/sub_008/3352. Dalbergia melanoxylon.3.(75).png,val/Dalbergia melanoxylon/3352. Dalbergia melanoxylon.3.(75).png
Pterocarpus erinaceus/sub_047/3403. Pterocarpus erinaceus.6 (187).png,val/Pterocarpus erinaceus/3403. Pterocarpus erinaceus.6 (187).png
Dalbergia rimosa/sub_044/3414. Dalbergia rimosa.5 (132).png,val/Dalbergia rimosa/3414. Dalbergia rimosa.5 (132).png
Dalbergia rimosa/sub_013/3414. Dalbergia rimosa.9 (241).png,val/Dalbergia rimosa/3414. Dalbergia rimosa.9 (241).png
Afzelia africana/sub_041/doussie47_1.png,val/Afzelia africana/doussie47_1.png
Pterocarpus soyauxii/sub_010/19_1.png,val/Pterocarpus soyauxii/19_1.png
Dalbergia oliveri/sub_003/Dalbergia oliveri_3237.3_ (28).png,val/Dalbergia oliveri/Dalbergia oliveri_3237.3_ (28).png
Dalbergia tonkinensis/sub_058/3353. Dalbergia tonkinensis.4.(131).png,val/Dalbergia tonkinensis/3353. Dalbergia tonkinensis.4.(131).png
Sindora tonkinensis/sub_053/3381. Sindora tonkinensis.9 (268).png,val/Sindora tonkinensis/3381. Sindora tonkinensis.9 (268).png
Guibourtia arnoldiana/sub_031/3411. Guibourtia arnoldiana.1 (22).png,val/Guibourtia arnoldiana/3411. Guibourtia arnoldiana.1 (22).png
Pterocarpus macrocarpus/sub_019/151_1.png,val/Pterocarpus macrocarpus/151_1.png
Guibourtia ehie/sub_064/Guibourtia ehie_PVFM153_6_(203).png,val/Guibourtia ehie/Guibourtia ehie_PVFM153_6_(203).png
Guibourtia ehie/sub_036/Guibourtia ehie_QAMZ768_7_(258).png,val/Guibourtia ehie/Guibourtia ehie_QAMZ768_7_(258).png
Sindora cochinchinensis/sub_044/gụ23.png,val/Sindora cochinchinensis/gụ23.png
Sindora cochinchinensis/sub_035/gụ75.png,val/Sindora cochinchinensis/gụ75.png
Peltogyne pubescens/sub_014/3377. Peltogyne pubescens.10 (350).png,val/Peltogyne pubescens/3377. Peltogyne pubescens.10 (350).png
Dalbergia cochinchinensis/sub_012/Dalbergia cochinchinensis.3280.4 (3).png,val/Dalbergia cochinchinensis/Dalbergia cochinchinensis.3280.4 (3).png
Guibourtia ehie/sub_008/Guibourtia ehie_KREW954_4_(126).png,val/Guibourtia ehie/Guibourtia ehie_KREW954_4_(126).png
Pterocarpus macrocarpus/sub_022/145.png,val/Pterocarpus macrocarpus/145.png
Guibourtia coleosperma/sub_005/Guibourtia coleosperma_3253.6 (14).png,val/Guibourtia coleosperma/Guibourtia coleosperma_3253.6 (14).png
Pterocarpus sp/sub_016/143.png,val/Pterocarpus sp/143.png
Sindora cochinchinensis/sub_009/gụ101.png,val/Sindora cochinchinensis/gụ101.png
Pterocarpus erinaceus/sub_014/3403. Pterocarpus erinaceus.4 (125).png,val/Pterocarpus erinaceus/3403. Pterocarpus erinaceus.4 (125).png
Dalbergia cochinchinensis/sub_045/Dalbergia cochinchinensis.3280.7 (18).png,val/Dalbergia cochinchinensis/Dalbergia cochinchinensis.3280.7 (18).png
Dalbergia cochinchinensis/sub_005/Dalbergia cochinchinensis.3280.3 (24).png,val/Dalbergia cochinchinensis/Dalbergia cochinchinensis.3280.3 (24).png
Pterocarpus sp/sub_074/130_2.png,val/Pterocarpus sp/130_2.png
Dalbergia oliveri/sub_016/Dalbergia oliveri_3237.2_ (5).png,val/Dalbergia oliveri/Dalbergia oliveri_3237.2_ (5).png
Afzelia pachyloba/sub_018/3.1.png,val/Afzelia pachyloba/3.1.png
Pterocarpus macrocarpus/sub_069/133_1.png,val/Pterocarpus macrocarpus/133_1.png
Afzelia bella/sub_014/Afzelia bella_WJSV740_10_36118.png,val/Afzelia bella/Afzelia bella_WJSV740_10_36118.png
Afzelia quanzensis/sub_026/137_3.png,val/Afzelia quanzensis/137_3.png
Guibourtia coleosperma/sub_004/Guibourtia coleosperma_3253.9 (14).png,val/Guibourtia coleosperma/Guibourtia coleosperma_3253.9 (14).png
Afzelia africana/sub_006/doussie19.png,val/Afzelia africana/doussie19.png
Afzelia bella/sub_001/Afzelia bella_AKMX287_(8).png,val/Afzelia bella/Afzelia bella_AKMX287_(8).png
Guibourtia coleosperma/sub_063/Guibourtia coleosperma_3253.4 (33).png,val/Guibourtia coleosperma/Guibourtia coleosperma_3253.4 (33).png
Afzelia bella/sub_015/Afzelia bella_WJSV740_10_36110.png,val/Afzelia bella/Afzelia bella_WJSV740_10_36110.png
Guibourtia ehie/sub_025/Guibourtia ehie_UORX694_10_(388).png,val/Guibourtia ehie/Guibourtia ehie_UORX694_10_(388).png
Pterocarpus indicus/sub_042/3395. Pterocarpus indicus.10 (290).png,val/Pterocarpus indicus/3395. Pterocarpus indicus.10 (290).png
Dalbergia oliveri/sub_034/Dalbergia oliveri_3237.5_ (13).png,val/Dalbergia oliveri/Dalbergia oliveri_3237.5_ (13).png
Pterocarpus macrocarpus/sub_007/142_3.png,val/Pterocarpus macrocarpus/142_3.png
Dalbergia rimosa/sub_004/3414. Dalbergia rimosa.5 (131).png,val/Dalbergia rimosa/3414. Dalbergia rimosa.5 (131).png
Guibourtia ehie/sub_017/Guibourtia ehie_UORX694_10_(394).png,val/Guibourtia ehie/Guibourtia ehie_UORX694_10_(394).png
Sindora cochinchinensis/sub_057/gụ68_1_1.png,val/Sindora cochinchinensis/gụ68_1_1.png
Sindora cochinchinensis/sub_053/gụ5.png,val/Sindora cochinchinensis/gụ5__327af565.png
Dalbergia rimosa/sub_016/3414. Dalbergia rimosa.9 (244).png,val/Dalbergia rimosa/3414. Dalbergia rimosa.9 (244).png
Pterocarpus erinaceus/sub_001/3403. Pterocarpus erinaceus.7 (218).png,val/Pterocarpus erinaceus/3403. Pterocarpus erinaceus.7 (218).png
Dalbergia cochinchinensis/sub_018/Dalbergia cochinchinensis.3280.1 (29).png,val/Dalbergia cochinchinensis/Dalbergia cochinchinensis.3280.1 (29).png
Pterocarpus soyauxii/sub_003/137_1.png,val/Pterocarpus soyauxii/137_1.png
Sindora cochinchinensis/sub_019/gụ33.png,val/Sindora cochinchinensis/gụ33.png
Dalbergia oliveri/sub_049/Dalbergia oliveri_3237.10_ (10).png,val/Dalbergia oliveri/Dalbergia oliveri_3237.10_ (10).png
Sindora cochinchinensis/sub_010/gụ66.png,val/Sindora cochinchinensis/gụ66.png
Dalbergia rimosa/sub_050/3414. Dalbergia rimosa.7 (190).png,val/Dalbergia rimosa/3414. Dalbergia rimosa.7 (190).png
Dalbergia rimosa/sub_020/3414. Dalbergia rimosa.2 (47).png,val/Dalbergia rimosa/3414. Dalbergia rimosa.2 (47).png
Dalbergia rimosa/sub_042/3414. Dalbergia rimosa.4 (102).png,val/Dalbergia rimosa/3414. Dalbergia rimosa.4 (102).png
Afzelia bella/sub_001/Afzelia bella_LYSV052_(199).png,val/Afzelia bella/Afzelia bella_LYSV052_(199).png
Dalbergia rimosa/sub_027/3414. Dalbergia rimosa.7 (183).png,val/Dalbergia rimosa/3414. Dalbergia rimosa.7 (183).png
Guibourtia coleosperma/sub_080/Guibourtia coleosperma_3253.8 (15).png,val/Guibourtia coleosperma/Guibourtia coleosperma_3253.8 (15).png
Afzelia bella/sub_020/Afzelia bella_QCYD170_(251).png,val/Afzelia bella/Afzelia bella_QCYD170_(251).png
Peltogyne pubescens/sub_007/3377. Peltogyne pubescens.1 (17).png,val/Peltogyne pubescens/3377. Peltogyne pubescens.1 (17).png
Guibourtia coleosperma/sub_076/Guibourtia coleosperma_3253.10 (28).png,val/Guibourtia coleosperma/Guibourtia coleosperma_3253.10 (28).png
Guibourtia arnoldiana/sub_015/3411. Guibourtia arnoldiana.6 (172).png,val/Guibourtia arnoldiana/3411. Guibourtia arnoldiana.6 (172).png
Dalbergia cochinchinensis/sub_031/Dalbergia cochinchinensis.3280.1 (21).png,val/Dalbergia cochinchinensis/Dalbergia cochinchinensis.3280.1 (21).png
Dalbergia cochinchinensis/sub_036/Dalbergia cochinchinensis.3280.4 (8).png,val/Dalbergia cochinchinensis/Dalbergia cochinchinensis.3280.4 (8).png
Peltogyne pubescens/sub_023/3377. Peltogyne pubescens.5 (179).png,val/Peltogyne pubescens/3377. Peltogyne pubescens.5 (179).png
Dalbergia oliveri/sub_039/Dalbergia oliveri_3237.3_ (22).png,val/Dalbergia oliveri/Dalbergia oliveri_3237.3_ (22).png
Dalbergia rimosa/sub_071/3414. Dalbergia rimosa.9 (251).png,val/Dalbergia rimosa/3414. Dalbergia rimosa.9 (251).png
Dalbergia rimosa/sub_029/3414. Dalbergia rimosa.1(26).png,val/Dalbergia rimosa/3414. Dalbergia rimosa.1(26).png
Pterocarpus indicus/sub_034/3395. Pterocarpus indicus.1 (5).png,val/Pterocarpus indicus/3395. Pterocarpus indicus.1 (5).png
Guibourtia coleosperma/sub_006/Guibourtia coleosperma_3253.7 (2).png,val/Guibourtia coleosperma/Guibourtia coleosperma_3253.7 (2).png
Dalbergia rimosa/sub_062/3414. Dalbergia rimosa.2 (54).png,val/Dalbergia rimosa/3414. Dalbergia rimosa.2 (54).png
Guibourtia coleosperma/sub_084/Guibourtia coleosperma_3253.6 (3).png,val/Guibourtia coleosperma/Guibourtia coleosperma_3253.6 (3).png
Dalbergia melanoxylon/sub_024/3352. Dalbergia melanoxylon.2 (60).png,val/Dalbergia melanoxylon/3352. Dalbergia melanoxylon.2 (60).png
Afzelia pachyloba/sub_029/4.2_1.png,val/Afzelia pachyloba/4.2_1.png
Peltogyne pubescens/sub_015/3377. Peltogyne pubescens.9 (303).png,val/Peltogyne pubescens/3377. Peltogyne pubescens.9 (303).png
Guibourtia ehie/sub_064/Guibourtia ehie_CHYX256_1_(2).png,val/Guibourtia ehie/Guibourtia ehie_CHYX256_1_(2).png
Dalbergia tonkinensis/sub_016/3353. Dalbergia tonkinensis.4.(99).png,val/Dalbergia tonkinensis/3353. Dalbergia tonkinensis.4.(99).png
Pterocarpus soyauxii/sub_001/18_1.png,val/Pterocarpus soyauxii/18_1.png
Dalbergia oliveri/sub_020/Dalbergia oliveri_3237.10_ (12).png,val/Dalbergia oliveri/Dalbergia oliveri_3237.10_ (12).png
Pterocarpus erinaceus/sub_005/3403. Pterocarpus erinaceus.5 (146).png,val/Pterocarpus erinaceus/3403. Pterocarpus erinaceus.5 (146).png
Dalbergia oliveri/sub_044/Dalbergia oliveri_3237.9_ (23).png,val/Dalbergia oliveri/Dalbergia oliveri_3237.9_ (23).png
Peltogyne pubescens/sub_054/3377. Peltogyne pubescens.5 (164).png,val/Peltogyne pubescens/3377. Peltogyne pubescens.5 (164).png
Guibourtia coleosperma/sub_026/Guibourtia coleosperma_3253.8 (31).png,val/Guibourtia coleosperma/Guibourtia coleosperma_3253.8 (31).png
Pterocarpus erinaceus/sub_062/3403. Pterocarpus erinaceus.6 (181).png,val/Pterocarpus erinaceus/3403. Pterocarpus erinaceus.6 (181).png
Pterocarpus sp/sub_067/150_2.png,val/Pterocarpus sp/150_2.png
Sindora tonkinensis/sub_018/3381. Sindora tonkinensis.4 (122).png,val/Sindora tonkinensis/3381. Sindora tonkinensis.4 (122).png
Pterocarpus macrocarpus/sub_052/140_3.png,val/Pterocarpus macrocarpus/140_3.png
Afzelia quanzensis/sub_059/126_3.png,val/Afzelia quanzensis/126_3.png
Sindora cochinchinensis/sub_015/gụ67.png,val/Sindora cochinchinensis/gụ67.png
Sindora tonkinensis/sub_047/3381. Sindora tonkinensis.5 (148).png,val/Sindora tonkinensis/3381. Sindora tonkinensis.5 (148).png
Dalbergia oliveri/sub_075/Dalbergia oliveri_3237.6_ (23).png,val/Dalbergia oliveri/Dalbergia oliveri_3237.6_ (23).png
Sindora cochinchinensis/sub_001/gụ13.png,val/Sindora cochinchinensis/gụ13.png
Sindora cochinchinensis/sub_010/gụ44.png,val/Sindora cochinchinensis/gụ44.png
Pterocarpus soyauxii/sub_084/16_2.png,val/Pterocarpus soyauxii/16_2.png
Dalbergia melanoxylon/sub_014/3352. Dalbergia melanoxylon.2 (41).png,val/Dalbergia melanoxylon/3352. Dalbergia melanoxylon.2 (41).png
Pterocarpus soyauxii/sub_028/1117.png,val/Pterocarpus soyauxii/1117.png
Dalbergia cochinchinensis/sub_004/Dalbergia cochinchinensis.3280.4 (30).png,val/Dalbergia cochinchinensis/Dalbergia cochinchinensis.3280.4 (30).png
Pterocarpus macrocarpus/sub_020/127_2.png,val/Pterocarpus macrocarpus/127_2.png
Guibourtia arnoldiana/sub_041/3411. Guibourtia arnoldiana.5 (137).png,val/Guibourtia arnoldiana/3411. Guibourtia arnoldiana.5 (137).png
Pterocarpus soyauxii/sub_025/110_2.png,val/Pterocarpus soyauxii/110_2.png
Pterocarpus macrocarpus/sub_023/119_1.png,val/Pterocarpus macrocarpus/119_1.png
Pterocarpus soyauxii/sub_020/168_1.png,val/Pterocarpus soyauxii/168_1.png
Dalbergia tonkinensis/sub_014/3353. Dalbergia tonkinensis.7.(208).png,val/Dalbergia tonkinensis/3353. Dalbergia tonkinensis.7.(208).png
Afzelia bella/sub_051/Afzelia bella_WJSV740_10_36122.png,val/Afzelia bella/Afzelia bella_WJSV740_10_36122.png
Afzelia africana/sub_001/doussie5_1_1.png,val/Afzelia africana/doussie5_1_1.png
Dalbergia oliveri/sub_048/Dalbergia oliveri_3237.7_ (28).png,val/Dalbergia oliveri/Dalbergia oliveri_3237.7_ (28).png
Guibourtia ehie/sub_069/Guibourtia ehie_UORX694_10_(391).png,val/Guibourtia ehie/Guibourtia ehie_UORX694_10_(391).png
Afzelia bella/sub_001/Afzelia bella_AKMX287_(34).png,val/Afzelia bella/Afzelia bella_AKMX287_(34).png
Pterocarpus erinaceus/sub_004/3403. Pterocarpus erinaceus.5 (137).png,val/Pterocarpus erinaceus/3403. Pterocarpus erinaceus.5 (137).png
Pterocarpus erinaceus/sub_059/3403. Pterocarpus erinaceus.6 (176).png,val/Pterocarpus erinaceus/3403. Pterocarpus erinaceus.6 (176).png
Pterocarpus erinaceus/sub_015/3403. Pterocarpus erinaceus.7 (219).png,val/Pterocarpus erinaceus/3403. Pterocarpus erinaceus.7 (219).png
Afzelia quanzensis/sub_001/139_1.png,val/Afzelia quanzensis/139_1.png
Peltogyne pubescens/sub_001/3377. Peltogyne pubescens.9 (319).png,val/Peltogyne pubescens/3377. Peltogyne pubescens.9 (319).png
Dalbergia cochinchinensis/sub_024/Dalbergia cochinchinensis.3280.10 (24).png,val/Dalbergia cochinchinensis/Dalbergia cochinchinensis.3280.10 (24).png
Pterocarpus indicus/sub_029/3395. Pterocarpus indicus.8 (244).png,val/Pterocarpus indicus/3395. Pterocarpus indicus.8 (244).png
Afzelia bella/sub_026/Afzelia bella_AKMX287_(36).png,val/Afzelia bella/Afzelia bella_AKMX287_(36).png
Afzelia quanzensis/sub_034/147_2.png,val/Afzelia quanzensis/147_2.png
Peltogyne pubescens/sub_053/3377. Peltogyne pubescens.1 (5).png,val/Peltogyne pubescens/3377. Peltogyne pubescens.1 (5).png
Dalbergia tonkinensis/sub_013/3353. Dalbergia tonkinensis.5.(144).png,val/Dalbergia tonkinensis/3353. Dalbergia tonkinensis.5.(144).png
Pterocarpus sp/sub_016/144.png,val/Pterocarpus sp/144.png
Guibourtia arnoldiana/sub_008/3411. Guibourtia arnoldiana.1 (19).png,val/Guibourtia arnoldiana/3411. Guibourtia arnoldiana.1 (19).png
Dalbergia rimosa/sub_049/3414. Dalbergia rimosa.7 (184).png,val/Dalbergia rimosa/3414. Dalbergia rimosa.7 (184).png
Pterocarpus soyauxii/sub_095/141.png,val/Pterocarpus soyauxii/141.png
Sindora cochinchinensis/sub_027/gụ77.png,val/Sindora cochinchinensis/gụ77.png
Pterocarpus soyauxii/sub_024/118_1.png,val/Pterocarpus soyauxii/118_1.png
Pterocarpus indicus/sub_003/3395. Pterocarpus indicus.2 (39).png,val/Pterocarpus indicus/3395. Pterocarpus indicus.2 (39).png
Dalbergia melanoxylon/sub_003/3352. Dalbergia melanoxylon.8.(224).png,val/Dalbergia melanoxylon/3352. Dalbergia melanoxylon.8.(224).png
Dalbergia melanoxylon/sub_010/3352. Dalbergia melanoxylon.4.(109).png,val/Dalbergia melanoxylon/3352. Dalbergia melanoxylon.4.(109).png
Dalbergia oliveri/sub_025/Dalbergia oliveri_3237.2_ (10).png,val/Dalbergia oliveri/Dalbergia oliveri_3237.2_ (10).png
Dalbergia melanoxylon/sub_023/3352. Dalbergia melanoxylon.8.(216).png,val/Dalbergia melanoxylon/3352. Dalbergia melanoxylon.8.(216).png
Dalbergia rimosa/sub_012/3414. Dalbergia rimosa.4 (97).png,val/Dalbergia rimosa/3414. Dalbergia rimosa.4 (97).png
Sindora tonkinensis/sub_066/3381. Sindora tonkinensis.9 (267).png,val/Sindora tonkinensis/3381. Sindora tonkinensis.9 (267).png
Sindora cochinchinensis/sub_046/gụ74.png,val/Sindora cochinchinensis/gụ74.png
Dalbergia melanoxylon/sub_032/3352. Dalbergia melanoxylon.10.(265).png,val/Dalbergia melanoxylon/3352. Dalbergia melanoxylon.10.(265).png
Guibourtia ehie/sub_018/Guibourtia ehie_PVFM153_6_(217).png,val/Guibourtia ehie/Guibourtia ehie_PVFM153_6_(217).png
Dalbergia tonkinensis/sub_063/3353. Dalbergia tonkinensis.4.(126).png,val/Dalbergia tonkinensis/3353. Dalbergia tonkinensis.4.(126).png
Afzelia bella/sub_006/Afzelia bella_AKMX287_(7).png,val/Afzelia bella/Afzelia bella_AKMX287_(7).png
Afzelia bella/sub_006/Afzelia bella_QCYD170_(256).png,val/Afzelia bella/Afzelia bella_QCYD170_(256).png
Afzelia africana/sub_011/doussie39_1.png,val/Afzelia africana/doussie39_1.png
Dalbergia melanoxylon/sub_015/3352. Dalbergia melanoxylon.4.(93).png,val/Dalbergia melanoxylon/3352. Dalbergia melanoxylon.4.(93).png
Dalbergia cochinchinensis/sub_065/Dalbergia cochinchinensis.3280.9 (20).png,val/Dalbergia cochinchinensis/Dalbergia cochinchinensis.3280.9 (20).png
Dalbergia rimosa/sub_027/3414. Dalbergia rimosa.9 (253).png,val/Dalbergia rimosa/3414. Dalbergia rimosa.9 (253).png
Peltogyne pubescens/sub_011/3377. Peltogyne pubescens.10 (366).png,val/Peltogyne pubescens/3377. Peltogyne pubescens.10 (366).png
Pterocarpus indicus/sub_008/3395. Pterocarpus indicus.2 (31).png,val/Pterocarpus indicus/3395. Pterocarpus indicus.2 (31).png
Afzelia bella/sub_018/Afzelia bella_WJSV740_10_3610.png,val/Afzelia bella/Afzelia bella_WJSV740_10_3610.png
Afzelia bella/sub_060/Afzelia bella_LYSV052_(197).png,val/Afzelia bella/Afzelia bella_LYSV052_(197).png
Pterocarpus erinaceus/sub_016/3403. Pterocarpus erinaceus.4 (132).png,val/Pterocarpus erinaceus/3403. Pterocarpus erinaceus.4 (132).png
Afzelia bella/sub_035/Afzelia bella_QCYD170_(269).png,val/Afzelia bella/Afzelia bella_QCYD170_(269).png
Dalbergia tonkinensis/sub_061/3353. Dalbergia tonkinensis.7.(209).png,val/Dalbergia tonkinensis/3353. Dalbergia tonkinensis.7.(209).png
Peltogyne pubescens/sub_005/3377. Peltogyne pubescens.6 (209).png,val/Peltogyne pubescens/3377. Peltogyne pubescens.6 (209).png
Pterocarpus sp/sub_026/118_1.png,val/Pterocarpus sp/118_1.png
Pterocarpus sp/sub_090/157.png,val/Pterocarpus sp/157.png
Guibourtia ehie/sub_027/Guibourtia ehie_SXGM640_8_(281).png,val/Guibourtia ehie/Guibourtia ehie_SXGM640_8_(281).png
Guibourtia arnoldiana/sub_012/3411. Guibourtia arnoldiana.5 (140).png,val/Guibourtia arnoldiana/3411. Guibourtia arnoldiana.5 (140).png
Dalbergia oliveri/sub_013/Dalbergia oliveri_3237.6_ (22).png,val/Dalbergia oliveri/Dalbergia oliveri_3237.6_ (22).png
Afzelia africana/sub_014/doussie49.png,val/Afzelia africana/doussie49.png
Guibourtia arnoldiana/sub_013/3411. Guibourtia arnoldiana.9 (287).png,val/Guibourtia arnoldiana/3411. Guibourtia arnoldiana.9 (287).png
Sindora tonkinensis/sub_017/3381. Sindora tonkinensis.6 (159).png,val/Sindora tonkinensis/3381. Sindora tonkinensis.6 (159).png
Afzelia pachyloba/sub_001/1.1.png,val/Afzelia pachyloba/1.1.png
Dalbergia oliveri/sub_062/Dalbergia oliveri_3237.4_ (26).png,val/Dalbergia oliveri/Dalbergia oliveri_3237.4_ (26).png
Guibourtia arnoldiana/sub_037/3411. Guibourtia arnoldiana.6 (188).png,val/Guibourtia arnoldiana/3411. Guibourtia arnoldiana.6 (188).png
Pterocarpus indicus/sub_017/3395. Pterocarpus indicus.2 (51).png,val/Pterocarpus indicus/3395. Pterocarpus indicus.2 (51).png
Pterocarpus sp/sub_012/143.png,val/Pterocarpus sp/143__4f261fb2.png
Dalbergia oliveri/sub_057/Dalbergia oliveri_3237.2_ (14).png,val/Dalbergia oliveri/Dalbergia oliveri_3237.2_ (14).png
Dalbergia oliveri/sub_046/Dalbergia oliveri_3237.3_ (9).png,val/Dalbergia oliveri/Dalbergia oliveri_3237.3_ (9).png
Pterocarpus soyauxii/sub_020/136_2.png,val/Pterocarpus soyauxii/136_2.png
Peltogyne pubescens/sub_035/3377. Peltogyne pubescens.7 (254).png,val/Peltogyne pubescens/3377. Peltogyne pubescens.7 (254).png
Dalbergia rimosa/sub_070/3414. Dalbergia rimosa.1(29).png,val/Dalbergia rimosa/3414. Dalbergia rimosa.1(29).png
Pterocarpus sp/sub_003/127_1.png,val/Pterocarpus sp/127_1.png
Pterocarpus sp/sub_097/126_4.png,val/Pterocarpus sp/126_4.png
Guibourtia ehie/sub_037/Guibourtia ehie_UORX694_10_(389).png,val/Guibourtia ehie/Guibourtia ehie_UORX694_10_(389).png
Afzelia quanzensis/sub_056/153.png,val/Afzelia quanzensis/153.png
Sindora cochinchinensis/sub_039/gụ2_1.png,val/Sindora cochinchinensis/gụ2_1.png
Dalbergia melanoxylon/sub_032/3352. Dalbergia melanoxylon.10.(262).png,val/Dalbergia melanoxylon/3352. Dalbergia melanoxylon.10.(262).png
Pterocarpus soyauxii/sub_055/13_2.png,val/Pterocarpus soyauxii/13_2.png
Pterocarpus soyauxii/sub_001/16.png,val/Pterocarpus soyauxii/16.png
Afzelia africana/sub_002/doussie27_2.png,val/Afzelia africana/doussie27_2.png
Peltogyne pubescens/sub_007/3377. Peltogyne pubescens.5 (168).png,val/Peltogyne pubescens/3377. Peltogyne pubescens.5 (168).png
Dalbergia cochinchinensis/sub_058/Dalbergia cochinchinensis.3280.6 (19).png,val/Dalbergia cochinchinensis/Dalbergia cochinchinensis.3280.6 (19).png
Pterocarpus erinaceus/sub_060/3403. Pterocarpus erinaceus.9 (291).png,val/Pterocarpus erinaceus/3403. Pterocarpus erinaceus.9 (291).png
Afzelia bella/sub_079/Afzelia bella_AMRX692_(48).png,val/Afzelia bella/Afzelia bella_AMRX692_(48).png
Sindora tonkinensis/sub_011/3381. Sindora tonkinensis.6 (167).png,val/Sindora tonkinensis/3381. Sindora tonkinensis.6 (167).png
Guibourtia ehie/sub_036/Guibourtia ehie_PVFM153_6_(205).png,val/Guibourtia ehie/Guibourtia ehie_PVFM153_6_(205).png
Pterocarpus erinaceus/sub_025/3403. Pterocarpus erinaceus.2 (54).png,val/Pterocarpus erinaceus/3403. Pterocarpus erinaceus.2 (54).png
Dalbergia melanoxylon/sub_039/3352. Dalbergia melanoxylon.2 (43).png,val/Dalbergia melanoxylon/3352. Dalbergia melanoxylon.2 (43).png
Dalbergia rimosa/sub_029/3414. Dalbergia rimosa.6 (159).png,val/Dalbergia rimosa/3414. Dalbergia rimosa.6 (159).png
Dalbergia cochinchinensis/sub_016/Dalbergia cochinchinensis.3280.1 (18).png,val/Dalbergia cochinchinensis/Dalbergia cochinchinensis.3280.1 (18).png
Pterocarpus soyauxii/sub_062/143.png,val/Pterocarpus soyauxii/143.png
Guibourtia coleosperma/sub_067/Guibourtia coleosperma_3253.8 (11).png,val/Guibourtia coleosperma/Guibourtia coleosperma_3253.8 (11).png
Sindora tonkinensis/sub_037/3381. Sindora tonkinensis.2 (54).png,val/Sindora tonkinensis/3381. Sindora tonkinensis.2 (54).png
Dalbergia melanoxylon/sub_018/3352. Dalbergia melanoxylon.1.(12).png,val/Dalbergia melanoxylon/3352. Dalbergia melanoxylon.1.(12).png
Pterocarpus sp/sub_042/10.png,val/Pterocarpus sp/10__c1ac448b.png
Guibourtia coleosperma/sub_059/Guibourtia coleosperma_3253.7 (22).png,val/Guibourtia coleosperma/Guibourtia coleosperma_3253.7 (22).png
Pterocarpus soyauxii/sub_025/1114.png,val/Pterocarpus soyauxii/1114.png
Dalbergia cochinchinensis/sub_038/Dalbergia cochinchinensis.3280.5 (33).png,val/Dalbergia cochinchinensis/Dalbergia cochinchinensis.3280.5 (33).png
Sindora cochinchinensis/sub_017/gụ21_1.png,val/Sindora cochinchinensis/gụ21_1.png
Guibourtia arnoldiana/sub_006/3411. Guibourtia arnoldiana.6 (175).png,val/Guibourtia arnoldiana/3411. Guibourtia arnoldiana.6 (175).png
Sindora cochinchinensis/sub_018/gụ11_1.png,val/Sindora cochinchinensis/gụ11_1.png
Guibourtia ehie/sub_007/Guibourtia ehie_QAMZ768_7_(246).png,val/Guibourtia ehie/Guibourtia ehie_QAMZ768_7_(246).png
Dalbergia rimosa/sub_003/3414. Dalbergia rimosa.4 (105).png,val/Dalbergia rimosa/3414. Dalbergia rimosa.4 (105).png
Pterocarpus indicus/sub_011/3395. Pterocarpus indicus.6 (182).png,val/Pterocarpus indicus/3395. Pterocarpus indicus.6 (182).png
Afzelia africana/sub_040/doussie54_1.png,val/Afzelia africana/doussie54_1.png
Afzelia quanzensis/sub_033/13.png,val/Afzelia quanzensis/13.png
Pterocarpus erinaceus/sub_001/3403. Pterocarpus erinaceus.7 (213).png,val/Pterocarpus erinaceus/3403. Pterocarpus erinaceus.7 (213).png
Guibourtia coleosperma/sub_089/Guibourtia coleosperma_3253.6 (33).png,val/Guibourtia coleosperma/Guibourtia coleosperma_3253.6 (33).png
Dalbergia rimosa/sub_051/3414. Dalbergia rimosa.4 (101).png,val/Dalbergia rimosa/3414. Dalbergia rimosa.4 (101).png
Guibourtia ehie/sub_030/Guibourtia ehie_KREW954_4_(123).png,val/Guibourtia ehie/Guibourtia ehie_KREW954_4_(123).png
Guibourtia arnoldiana/sub_003/3411. Guibourtia arnoldiana.10 (306).png,val/Guibourtia arnoldiana/3411. Guibourtia arnoldiana.10 (306).png
Sindora tonkinensis/sub_051/3381. Sindora tonkinensis.9 (260).png,val/Sindora tonkinensis/3381. Sindora tonkinensis.9 (260).png
Peltogyne pubescens/sub_010/3377. Peltogyne pubescens.2 (45).png,val/Peltogyne pubescens/3377. Peltogyne pubescens.2 (45).png
Sindora tonkinensis/sub_025/3381. Sindora tonkinensis.7 (203).png,val/Sindora tonkinensis/3381. Sindora tonkinensis.7 (203).png
Peltogyne pubescens/sub_010/3377. Peltogyne pubescens.6 (207).png,val/Peltogyne pubescens/3377. Peltogyne pubescens.6 (207).png
Sindora cochinchinensis/sub_063/gụ81.png,val/Sindora cochinchinensis/gụ81.png
Peltogyne pubescens/sub_008/3377. Peltogyne pubescens.1 (20).png,val/Peltogyne pubescens/3377. Peltogyne pubescens.1 (20).png
Guibourtia coleosperma/sub_027/Guibourtia coleosperma_3253.6 (12).png,val/Guibourtia coleosperma/Guibourtia coleosperma_3253.6 (12).png
Guibourtia ehie/sub_039/Guibourtia ehie_QAMZ768_7_(263).png,val/Guibourtia ehie/Guibourtia ehie_QAMZ768_7_(263).png
Pterocarpus erinaceus/sub_059/3403. Pterocarpus erinaceus.1(32).png,val/Pterocarpus erinaceus/3403. Pterocarpus erinaceus.1(32).png
Pterocarpus macrocarpus/sub_023/138_1.png,val/Pterocarpus macrocarpus/138_1.png
Guibourtia coleosperma/sub_060/Guibourtia coleosperma_3253.10 (23).png,val/Guibourtia coleosperma/Guibourtia coleosperma_3253.10 (23).png
Guibourtia ehie/sub_072/Guibourtia ehie_GHQN943_3_(81).png,val/Guibourtia ehie/Guibourtia ehie_GHQN943_3_(81).png
Dalbergia melanoxylon/sub_030/3352. Dalbergia melanoxylon.9.(247).png,val/Dalbergia melanoxylon/3352. Dalbergia melanoxylon.9.(247).png
Pterocarpus macrocarpus/sub_002/117_1.png,val/Pterocarpus macrocarpus/117_1.png
Pterocarpus macrocarpus/sub_071/146_2.png,val/Pterocarpus macrocarpus/146_2.png
Dalbergia cochinchinensis/sub_021/Dalbergia cochinchinensis.3280.1 (25).png,val/Dalbergia cochinchinensis/Dalbergia cochinchinensis.3280.1 (25).png
Afzelia bella/sub_076/Afzelia bella_QCYD170_(253).png,val/Afzelia bella/Afzelia bella_QCYD170_(253).png
Afzelia quanzensis/sub_008/120_4.png,val/Afzelia quanzensis/120_4.png
Dalbergia oliveri/sub_033/Dalbergia oliveri_3237.6_ (30).png,val/Dalbergia oliveri/Dalbergia oliveri_3237.6_ (30).png
Pterocarpus erinaceus/sub_002/3403. Pterocarpus erinaceus.1(21).png,val/Pterocarpus erinaceus/3403. Pterocarpus erinaceus.1(21).png
Dalbergia tonkinensis/sub_015/3353. Dalbergia tonkinensis.3.(73).png,val/Dalbergia tonkinensis/3353. Dalbergia tonkinensis.3.(73).png
Guibourtia ehie/sub_023/Guibourtia ehie_PVFM153_6_(219).png,val/Guibourtia ehie/Guibourtia ehie_PVFM153_6_(219).png
Guibourtia coleosperma/sub_083/Guibourtia coleosperma_3253.8 (10).png,val/Guibourtia coleosperma/Guibourtia coleosperma_3253.8 (10).png
Afzelia bella/sub_019/Afzelia bella_AMRX692_(52).png,val/Afzelia bella/Afzelia bella_AMRX692_(52).png
Dalbergia tonkinensis/sub_016/3353. Dalbergia tonkinensis.4.(102).png,val/Dalbergia tonkinensis/3353. Dalbergia tonkinensis.4.(102).png
Afzelia quanzensis/sub_010/130_4.png,val/Afzelia quanzensis/130_4.png
Peltogyne pubescens/sub_010/3377. Peltogyne pubescens.9 (298).png,val/Peltogyne pubescens/3377. Peltogyne pubescens.9 (298).png
Dalbergia rimosa/sub_019/3414. Dalbergia rimosa.8 (213).png,val/Dalbergia rimosa/3414. Dalbergia rimosa.8 (213).png
Pterocarpus erinaceus/sub_043/3403. Pterocarpus erinaceus.7 (217).png,val/Pterocarpus erinaceus/3403. Pterocarpus erinaceus.7 (217).png
Guibourtia coleosperma/sub_020/Guibourtia coleosperma_3253.3 (12).png,val/Guibourtia coleosperma/Guibourtia coleosperma_3253.3 (12).png
Pterocarpus soyauxii/sub_020/149_2.png,val/Pterocarpus soyauxii/149_2.png
Afzelia africana/sub_004/doussie10_1.png,val/Afzelia africana/doussie10_1.png
Pterocarpus indicus/sub_023/3395. Pterocarpus indicus.3 (63).png,val/Pterocarpus indicus/3395. Pterocarpus indicus.3 (63).png
Dalbergia rimosa/sub_015/3414. Dalbergia rimosa.7 (188).png,val/Dalbergia rimosa/3414. Dalbergia rimosa.7 (188).png
Pterocarpus soyauxii/sub_029/1122.png,val/Pterocarpus soyauxii/1122.png
Pterocarpus sp/sub_059/11_1.png,val/Pterocarpus sp/11_1.png
Pterocarpus soyauxii/sub_045/169.png,val/Pterocarpus soyauxii/169.png
Pterocarpus sp/sub_041/144_1.png,val/Pterocarpus sp/144_1.png
Sindora cochinchinensis/sub_077/gụ14.png,val/Sindora cochinchinensis/gụ14.png
Guibourtia arnoldiana/sub_048/3411. Guibourtia arnoldiana.1 (13).png,val/Guibourtia arnoldiana/3411. Guibourtia arnoldiana.1 (13).png
Dalbergia cochinchinensis/sub_011/Dalbergia cochinchinensis.3280.4 (21).png,val/Dalbergia cochinchinensis/Dalbergia cochinchinensis.3280.4 (21).png
Afzelia quanzensis/sub_043/118_2.png,val/Afzelia quanzensis/118_2.png
Guibourtia arnoldiana/sub_032/3411. Guibourtia arnoldiana.5 (139).png,val/Guibourtia arnoldiana/3411. Guibourtia arnoldiana.5 (139).png
Pterocarpus sp/sub_084/151_2.png,val/Pterocarpus sp/151_2.png
Peltogyne pubescens/sub_024/3377. Peltogyne pubescens.6 (196).png,val/Peltogyne pubescens/3377. Peltogyne pubescens.6 (196).png
Sindora cochinchinensis/sub_054/gụ12.png,val/Sindora cochinchinensis/gụ12.png
Afzelia bella/sub_020/Afzelia bella_QCYD170_(279).png,val/Afzelia bella/Afzelia bella_QCYD170_(279).png
Sindora cochinchinensis/sub_022/gụ18.png,val/Sindora cochinchinensis/gụ18.png
Dalbergia cochinchinensis/sub_054/Dalbergia cochinchinensis.3280.2 (1).png,val/Dalbergia cochinchinensis/Dalbergia cochinchinensis.3280.2 (1).png
Dalbergia tonkinensis/sub_007/3353. Dalbergia tonkinensis.9.(264).png,val/Dalbergia tonkinensis/3353. Dalbergia tonkinensis.9.(264).png
Dalbergia oliveri/sub_047/Dalbergia oliveri_3237.10_ (15).png,val/Dalbergia oliveri/Dalbergia oliveri_3237.10_ (15).png
Pterocarpus sp/sub_004/136_1.png,val/Pterocarpus sp/136_1.png
Afzelia bella/sub_074/Afzelia bella_AKMX287_(3).png,val/Afzelia bella/Afzelia bella_AKMX287_(3).png
Dalbergia oliveri/sub_053/Dalbergia oliveri_3237.8_ (14).png,val/Dalbergia oliveri/Dalbergia oliveri_3237.8_ (14).png
Afzelia quanzensis/sub_041/122_1.png,val/Afzelia quanzensis/122_1.png
Dalbergia oliveri/sub_018/Dalbergia oliveri_3237.8_ (5).png,val/Dalbergia oliveri/Dalbergia oliveri_3237.8_ (5).png
Guibourtia coleosperma/sub_010/Guibourtia coleosperma_3253.2 (34).png,val/Guibourtia coleosperma/Guibourtia coleosperma_3253.2 (34).png
Dalbergia rimosa/sub_044/3414. Dalbergia rimosa.10 (282).png,val/Dalbergia rimosa/3414. Dalbergia rimosa.10 (282).png
Afzelia quanzensis/sub_014/128_1.png,val/Afzelia quanzensis/128_1.png
Guibourtia coleosperma/sub_093/Guibourtia coleosperma_3253.4 (31).png,val/Guibourtia coleosperma/Guibourtia coleosperma_3253.4 (31).png
Peltogyne pubescens/sub_016/3377. Peltogyne pubescens.4 (123).png,val/Peltogyne pubescens/3377. Peltogyne pubescens.4 (123).png
Pterocarpus erinaceus/sub_011/3403. Pterocarpus erinaceus.9 (279).png,val/Pterocarpus erinaceus/3403. Pterocarpus erinaceus.9 (279).png
Afzelia quanzensis/sub_084/117_2.png,val/Afzelia quanzensis/117_2.png
Guibourtia arnoldiana/sub_045/3411. Guibourtia arnoldiana.4 (96).png,val/Guibourtia arnoldiana/3411. Guibourtia arnoldiana.4 (96).png
Afzelia quanzensis/sub_003/152_1.png,val/Afzelia quanzensis/152_1.png
Afzelia africana/sub_042/doussie40.png,val/Afzelia africana/doussie40.png
Peltogyne pubescens/sub_018/3377. Peltogyne pubescens.5 (185).png,val/Peltogyne pubescens/3377. Peltogyne pubescens.5 (185).png
Dalbergia cochinchinensis/sub_020/Dalbergia cochinchinensis.3280.4 (9).png,val/Dalbergia cochinchinensis/Dalbergia cochinchinensis.3280.4 (9).png
Guibourtia arnoldiana/sub_022/3411. Guibourtia arnoldiana.1 (31).png,val/Guibourtia arnoldiana/3411. Guibourtia arnoldiana.1 (31).png
Pterocarpus erinaceus/sub_017/3403. Pterocarpus erinaceus.9 (289).png,val/Pterocarpus erinaceus/3403. Pterocarpus erinaceus.9 (289).png
Peltogyne pubescens/sub_054/3377. Peltogyne pubescens.4 (129).png,val/Peltogyne pubescens/3377. Peltogyne pubescens.4 (129).png
Dalbergia cochinchinensis/sub_021/Dalbergia cochinchinensis.3280.8 (8).png,val/Dalbergia cochinchinensis/Dalbergia cochinchinensis.3280.8 (8).png
Guibourtia ehie/sub_004/Guibourtia ehie_QAMZ768_7_(266).png,val/Guibourtia ehie/Guibourtia ehie_QAMZ768_7_(266).png
Afzelia quanzensis/sub_010/116_4.png,val/Afzelia quanzensis/116_4.png
Dalbergia cochinchinensis/sub_014/Dalbergia cochinchinensis.3280.3 (23).png,val/Dalbergia cochinchinensis/Dalbergia cochinchinensis.3280.3 (23).png
Afzelia africana/sub_001/doussie39.png,val/Afzelia africana/doussie39.png
Pterocarpus erinaceus/sub_016/3403. Pterocarpus erinaceus.3 (100).png,val/Pterocarpus erinaceus/3403. Pterocarpus erinaceus.3 (100).png
Guibourtia ehie/sub_025/Guibourtia ehie_QAMZ768_7_(252).png,val/Guibourtia ehie/Guibourtia ehie_QAMZ768_7_(252).png
Pterocarpus sp/sub_004/119_2.png,val/Pterocarpus sp/119_2.png
Afzelia bella/sub_025/Afzelia bella_AKMX287_(6).png,val/Afzelia bella/Afzelia bella_AKMX287_(6).png
Pterocarpus macrocarpus/sub_033/114_4.png,val/Pterocarpus macrocarpus/114_4.png
Sindora cochinchinensis/sub_079/gụ62_1.png,val/Sindora cochinchinensis/gụ62_1.png
Dalbergia melanoxylon/sub_010/3352. Dalbergia melanoxylon.6.(177).png,val/Dalbergia melanoxylon/3352. Dalbergia melanoxylon.6.(177).png
Afzelia quanzensis/sub_057/138_1_1.png,val/Afzelia quanzensis/138_1_1.png
Pterocarpus soyauxii/sub_027/113_1.png,val/Pterocarpus soyauxii/113_1.png
Dalbergia melanoxylon/sub_003/3352. Dalbergia melanoxylon.8.(213).png,val/Dalbergia melanoxylon/3352. Dalbergia melanoxylon.8.(213).png
Dalbergia cochinchinensis/sub_034/Dalbergia cochinchinensis.3280.10 (34).png,val/Dalbergia cochinchinensis/Dalbergia cochinchinensis.3280.10 (34).png
Sindora tonkinensis/sub_013/3381. Sindora tonkinensis.7 (190).png,val/Sindora tonkinensis/3381. Sindora tonkinensis.7 (190).png
Pterocarpus indicus/sub_001/3395. Pterocarpus indicus.2 (33).png,val/Pterocarpus indicus/3395. Pterocarpus indicus.2 (33).png
Afzelia quanzensis/sub_009/121_3.png,val/Afzelia quanzensis/121_3.png
Sindora tonkinensis/sub_050/3381. Sindora tonkinensis.4 (115).png,val/Sindora tonkinensis/3381. Sindora tonkinensis.4 (115).png
Guibourtia arnoldiana/sub_035/3411. Guibourtia arnoldiana.6 (165).png,val/Guibourtia arnoldiana/3411. Guibourtia arnoldiana.6 (165).png
Pterocarpus macrocarpus/sub_022/132.png,val/Pterocarpus macrocarpus/132.png
Guibourtia arnoldiana/sub_050/3411. Guibourtia arnoldiana.7 (195).png,val/Guibourtia arnoldiana/3411. Guibourtia arnoldiana.7 (195).png
Dalbergia cochinchinensis/sub_048/Dalbergia cochinchinensis.3280.4 (13).png,val/Dalbergia cochinchinensis/Dalbergia cochinchinensis.3280.4 (13).png
Afzelia bella/sub_075/Afzelia bella_AKMX287_(35).png,val/Afzelia bella/Afzelia bella_AKMX287_(35).png
Pterocarpus erinaceus/sub_017/3403. Pterocarpus erinaceus.9 (292).png,val/Pterocarpus erinaceus/3403. Pterocarpus erinaceus.9 (292).png
Afzelia pachyloba/sub_017/8.4.png,val/Afzelia pachyloba/8.4.png
Peltogyne pubescens/sub_006/3377. Peltogyne pubescens.8 (278).png,val/Peltogyne pubescens/3377. Peltogyne pubescens.8 (278).png
Afzelia bella/sub_049/Afzelia bella_QCYD170_(260).png,val/Afzelia bella/Afzelia bella_QCYD170_(260).png
Guibourtia arnoldiana/sub_018/3411. Guibourtia arnoldiana.9 (265).png,val/Guibourtia arnoldiana/3411. Guibourtia arnoldiana.9 (265).png
Guibourtia coleosperma/sub_010/Guibourtia coleosperma_3253.2 (35).png,val/Guibourtia coleosperma/Guibourtia coleosperma_3253.2 (35).png
Pterocarpus indicus/sub_023/3395. Pterocarpus indicus.6 (186).png,val/Pterocarpus indicus/3395. Pterocarpus indicus.6 (186).png
Pterocarpus sp/sub_008/126_2.png,val/Pterocarpus sp/126_2.png
Guibourtia arnoldiana/sub_040/3411. Guibourtia arnoldiana.1 (25).png,val/Guibourtia arnoldiana/3411. Guibourtia arnoldiana.1 (25).png
Afzelia africana/sub_004/doussie22_1.png,val/Afzelia africana/doussie22_1.png
Sindora tonkinensis/sub_005/3381. Sindora tonkinensis.6 (175).png,val/Sindora tonkinensis/3381. Sindora tonkinensis.6 (175).png
Pterocarpus macrocarpus/sub_018/137_3.png,val/Pterocarpus macrocarpus/137_3.png
Guibourtia ehie/sub_058/Guibourtia ehie_UORX694_10_(367).png,val/Guibourtia ehie/Guibourtia ehie_UORX694_10_(367).png
Pterocarpus erinaceus/sub_046/3403. Pterocarpus erinaceus.5 (148).png,val/Pterocarpus erinaceus/3403. Pterocarpus erinaceus.5 (148).png
Pterocarpus macrocarpus/sub_058/143_1.png,val/Pterocarpus macrocarpus/143_1.png
Sindora tonkinensis/sub_001/3381. Sindora tonkinensis.4 (106).png,val/Sindora tonkinensis/3381. Sindora tonkinensis.4 (106).png
Dalbergia rimosa/sub_005/3414. Dalbergia rimosa.5 (142).png,val/Dalbergia rimosa/3414. Dalbergia rimosa.5 (142).png
Afzelia bella/sub_041/Afzelia bella_QCYD170_(252).png,val/Afzelia bella/Afzelia bella_QCYD170_(252).png
Dalbergia tonkinensis/sub_033/3353. Dalbergia tonkinensis.4.(107).png,val/Dalbergia tonkinensis/3353. Dalbergia tonkinensis.4.(107).png
Guibourtia ehie/sub_031/Guibourtia ehie_QAMZ768_7_(254).png,val/Guibourtia ehie/Guibourtia ehie_QAMZ768_7_(254).png
Sindora cochinchinensis/sub_021/gụ1.png,val/Sindora cochinchinensis/gụ1.png
Pterocarpus erinaceus/sub_003/3403. Pterocarpus erinaceus.2 (61).png,val/Pterocarpus erinaceus/3403. Pterocarpus erinaceus.2 (61).png
Dalbergia oliveri/sub_029/Dalbergia oliveri_3237.4_ (3).png,val/Dalbergia oliveri/Dalbergia oliveri_3237.4_ (3).png
Guibourtia ehie/sub_062/Guibourtia ehie_KREW954_4_(132).png,val/Guibourtia ehie/Guibourtia ehie_KREW954_4_(132).png
Pterocarpus macrocarpus/sub_050/140_1.png,val/Pterocarpus macrocarpus/140_1.png
Pterocarpus indicus/sub_029/3395. Pterocarpus indicus.2 (40).png,val/Pterocarpus indicus/3395. Pterocarpus indicus.2 (40).png
Guibourtia arnoldiana/sub_032/3411. Guibourtia arnoldiana.3 (70).png,val/Guibourtia arnoldiana/3411. Guibourtia arnoldiana.3 (70).png
Dalbergia tonkinensis/sub_003/3353. Dalbergia tonkinensis.2.(60).png,val/Dalbergia tonkinensis/3353. Dalbergia tonkinensis.2.(60).png
Guibourtia ehie/sub_025/Guibourtia ehie_QAMZ768_7_(249).png,val/Guibourtia ehie/Guibourtia ehie_QAMZ768_7_(249).png
Pterocarpus soyauxii/sub_007/1116.png,val/Pterocarpus soyauxii/1116.png
Afzelia africana/sub_003/doussie43.png,val/Afzelia africana/doussie43.png
Pterocarpus soyauxii/sub_025/156.png,val/Pterocarpus soyauxii/156.png
Guibourtia ehie/sub_004/Guibourtia ehie_PVFM153_6_(228).png,val/Guibourtia ehie/Guibourtia ehie_PVFM153_6_(228).png
Peltogyne pubescens/sub_004/3377. Peltogyne pubescens.5 (176).png,val/Peltogyne pubescens/3377. Peltogyne pubescens.5 (176).png
Guibourtia ehie/sub_057/Guibourtia ehie_KREW954_4_(149).png,val/Guibourtia ehie/Guibourtia ehie_KREW954_4_(149).png
Dalbergia tonkinensis/sub_030/3353. Dalbergia tonkinensis.9.(267).png,val/Dalbergia tonkinensis/3353. Dalbergia tonkinensis.9.(267).png
Afzelia bella/sub_007/Afzelia bella_LYSV052_(187).png,val/Afzelia bella/Afzelia bella_LYSV052_(187).png
Afzelia bella/sub_019/Afzelia bella_QCYD170_(242).png,val/Afzelia bella/Afzelia bella_QCYD170_(242).png
Guibourtia coleosperma/sub_020/Guibourtia coleosperma_3253.6 (8).png,val/Guibourtia coleosperma/Guibourtia coleosperma_3253.6 (8).png
Dalbergia oliveri/sub_050/Dalbergia oliveri_3237.4_ (2).png,val/Dalbergia oliveri/Dalbergia oliveri_3237.4_ (2).png
Dalbergia oliveri/sub_011/Dalbergia oliveri_3237.4_ (9).png,val/Dalbergia oliveri/Dalbergia oliveri_3237.4_ (9).png
Dalbergia tonkinensis/sub_030/3353. Dalbergia tonkinensis.6.(174).png,val/Dalbergia tonkinensis/3353. Dalbergia tonkinensis.6.(174).png
Dalbergia rimosa/sub_029/3414. Dalbergia rimosa.7 (196).png,val/Dalbergia rimosa/3414. Dalbergia rimosa.7 (196).png
Guibourtia coleosperma/sub_032/Guibourtia coleosperma_3253.11 (16).png,val/Guibourtia coleosperma/Guibourtia coleosperma_3253.11 (16).png
Dalbergia oliveri/sub_005/Dalbergia oliveri_3237.10_ (13).png,val/Dalbergia oliveri/Dalbergia oliveri_3237.10_ (13).png
Afzelia africana/sub_041/doussie26_1.png,val/Afzelia africana/doussie26_1.png
Dalbergia cochinchinensis/sub_057/Dalbergia cochinchinensis.3280.8 (30).png,val/Dalbergia cochinchinensis/Dalbergia cochinchinensis.3280.8 (30).png
Dalbergia tonkinensis/sub_022/3353. Dalbergia tonkinensis.9.(272).png,val/Dalbergia tonkinensis/3353. Dalbergia tonkinensis.9.(272).png
Pterocarpus macrocarpus/sub_022/131_2.png,val/Pterocarpus macrocarpus/131_2.png
Pterocarpus sp/sub_001/126_5.png,val/Pterocarpus sp/126_5.png
Dalbergia melanoxylon/sub_006/3352. Dalbergia melanoxylon.7.(193).png,val/Dalbergia melanoxylon/3352. Dalbergia melanoxylon.7.(193).png
Peltogyne pubescens/sub_008/3377. Peltogyne pubescens.8 (275).png,val/Peltogyne pubescens/3377. Peltogyne pubescens.8 (275).png
Pterocarpus sp/sub_041/130_4.png,val/Pterocarpus sp/130_4.png
Sindora cochinchinensis/sub_072/gụ19.png,val/Sindora cochinchinensis/gụ19.png
Peltogyne pubescens/sub_006/3377. Peltogyne pubescens.9 (320).png,val/Peltogyne pubescens/3377. Peltogyne pubescens.9 (320).png
Guibourtia coleosperma/sub_030/Guibourtia coleosperma_3253.11 (13).png,val/Guibourtia coleosperma/Guibourtia coleosperma_3253.11 (13).png
Pterocarpus sp/sub_050/13.png,val/Pterocarpus sp/13.png
Pterocarpus erinaceus/sub_001/3403. Pterocarpus erinaceus.1(1).png,val/Pterocarpus erinaceus/3403. Pterocarpus erinaceus.1(1).png
Dalbergia cochinchinensis/sub_006/Dalbergia cochinchinensis.3280.8 (15).png,val/Dalbergia cochinchinensis/Dalbergia cochinchinensis.3280.8 (15).png
Pterocarpus soyauxii/sub_020/13_1.png,val/Pterocarpus soyauxii/13_1.png
Pterocarpus erinaceus/sub_022/3403. Pterocarpus erinaceus.3 (98).png,val/Pterocarpus erinaceus/3403. Pterocarpus erinaceus.3 (98).png
Pterocarpus macrocarpus/sub_044/127_1.png,val/Pterocarpus macrocarpus/127_1.png
Guibourtia coleosperma/sub_018/Guibourtia coleosperma_3253.4 (34).png,val/Guibourtia coleosperma/Guibourtia coleosperma_3253.4 (34).png
Guibourtia ehie/sub_079/Guibourtia ehie_UORX694_10_(387).png,val/Guibourtia ehie/Guibourtia ehie_UORX694_10_(387).png
Dalbergia tonkinensis/sub_025/3353. Dalbergia tonkinensis.3.(86).png,val/Dalbergia tonkinensis/3353. Dalbergia tonkinensis.3.(86).png
Afzelia quanzensis/sub_001/18_1.png,val/Afzelia quanzensis/18_1.png
Dalbergia melanoxylon/sub_027/3352. Dalbergia melanoxylon.7.(206).png,val/Dalbergia melanoxylon/3352. Dalbergia melanoxylon.7.(206).png
Pterocarpus sp/sub_031/150_1.png,val/Pterocarpus sp/150_1.png
Pterocarpus sp/sub_028/16_2.png,val/Pterocarpus sp/16_2.png
Pterocarpus indicus/sub_009/3395. Pterocarpus indicus.6 (179).png,val/Pterocarpus indicus/3395. Pterocarpus indicus.6 (179).png
Dalbergia tonkinensis/sub_006/3353. Dalbergia tonkinensis.3.(80).png,val/Dalbergia tonkinensis/3353. Dalbergia tonkinensis.3.(80).png
Guibourtia arnoldiana/sub_004/3411. Guibourtia arnoldiana.5 (147).png,val/Guibourtia arnoldiana/3411. Guibourtia arnoldiana.5 (147).png
Afzelia bella/sub_030/Afzelia bella_AKMX287_(15).png,val/Afzelia bella/Afzelia bella_AKMX287_(15).png
Pterocarpus sp/sub_011/112_3.png,val/Pterocarpus sp/112_3.png
Afzelia quanzensis/sub_017/159_1.png,val/Afzelia quanzensis/159_1.png
Guibourtia coleosperma/sub_035/Guibourtia coleosperma_3253.10 (21).png,val/Guibourtia coleosperma/Guibourtia coleosperma_3253.10 (21).png
Peltogyne pubescens/sub_004/3377. Peltogyne pubescens.7 (244).png,val/Peltogyne pubescens/3377. Peltogyne pubescens.7 (244).png
Peltogyne pubescens/sub_063/3377. Peltogyne pubescens.8 (293).png,val/Peltogyne pubescens/3377. Peltogyne pubescens.8 (293).png
Dalbergia tonkinensis/sub_036/3353. Dalbergia tonkinensis.3.(85).png,val/Dalbergia tonkinensis/3353. Dalbergia tonkinensis.3.(85).png
Afzelia pachyloba/sub_002/3.3_1.png,val/Afzelia pachyloba/3.3_1.png
Afzelia quanzensis/sub_075/152.png,val/Afzelia quanzensis/152.png
Guibourtia arnoldiana/sub_047/3411. Guibourtia arnoldiana.2 (40).png,val/Guibourtia arnoldiana/3411. Guibourtia arnoldiana.2 (40).png
Afzelia bella/sub_029/Afzelia bella_AMRX692_(58).png,val/Afzelia bella/Afzelia bella_AMRX692_(58).png
Sindora cochinchinensis/sub_040/gụ45_1.png,val/Sindora cochinchinensis/gụ45_1.png
Pterocarpus sp/sub_056/12_2.png,val/Pterocarpus sp/12_2.png
Pterocarpus erinaceus/sub_038/3403. Pterocarpus erinaceus.4 (126).png,val/Pterocarpus erinaceus/3403. Pterocarpus erinaceus.4 (126).png
Pterocarpus erinaceus/sub_018/3403. Pterocarpus erinaceus.9 (304).png,val/Pterocarpus erinaceus/3403. Pterocarpus erinaceus.9 (304).png
Afzelia africana/sub_024/doussie27_1.png,val/Afzelia africana/doussie27_1.png
Dalbergia tonkinensis/sub_046/3353. Dalbergia tonkinensis.5.(145).png,val/Dalbergia tonkinensis/3353. Dalbergia tonkinensis.5.(145).png
Guibourtia ehie/sub_074/Guibourtia ehie_UORX694_10_(384).png,val/Guibourtia ehie/Guibourtia ehie_UORX694_10_(384).png
Afzelia bella/sub_017/Afzelia bella_LYSV052_(185).png,val/Afzelia bella/Afzelia bella_LYSV052_(185).png
Afzelia quanzensis/sub_040/145.png,val/Afzelia quanzensis/145.png
Guibourtia arnoldiana/sub_039/3411. Guibourtia arnoldiana.5 (133).png,val/Guibourtia arnoldiana/3411. Guibourtia arnoldiana.5 (133).png
Pterocarpus soyauxii/sub_039/183_1.png,val/Pterocarpus soyauxii/183_1.png
Guibourtia arnoldiana/sub_042/3411. Guibourtia arnoldiana.6 (164).png,val/Guibourtia arnoldiana/3411. Guibourtia arnoldiana.6 (164).png
Pterocarpus sp/sub_009/148.png,val/Pterocarpus sp/148.png
Sindora tonkinensis/sub_057/3381. Sindora tonkinensis.3 (73).png,val/Sindora tonkinensis/3381. Sindora tonkinensis.3 (73).png
Pterocarpus macrocarpus/sub_027/123.png,val/Pterocarpus macrocarpus/123.png
Pterocarpus macrocarpus/sub_046/129_3.png,val/Pterocarpus macrocarpus/129_3.png
Dalbergia melanoxylon/sub_018/3352. Dalbergia melanoxylon.6.(162).png,val/Dalbergia melanoxylon/3352. Dalbergia melanoxylon.6.(162).png
Dalbergia rimosa/sub_013/3414. Dalbergia rimosa.4 (98).png,val/Dalbergia rimosa/3414. Dalbergia rimosa.4 (98).png
Afzelia africana/sub_009/doussie30_1.png,val/Afzelia africana/doussie30_1.png
Sindora cochinchinensis/sub_071/gụ16.png,val/Sindora cochinchinensis/gụ16.png
Dalbergia rimosa/sub_007/3414. Dalbergia rimosa.10 (283).png,val/Dalbergia rimosa/3414. Dalbergia rimosa.10 (283).png
Pterocarpus soyauxii/sub_020/194.png,val/Pterocarpus soyauxii/194.png
Dalbergia melanoxylon/sub_052/3352. Dalbergia melanoxylon.9.(246).png,val/Dalbergia melanoxylon/3352. Dalbergia melanoxylon.9.(246).png
Dalbergia cochinchinensis/sub_005/Dalbergia cochinchinensis.3280.4 (24).png,val/Dalbergia cochinchinensis/Dalbergia cochinchinensis.3280.4 (24).png
Sindora tonkinensis/sub_011/3381. Sindora tonkinensis.5 (141).png,val/Sindora tonkinensis/3381. Sindora tonkinensis.5 (141).png
Guibourtia ehie/sub_005/Guibourtia ehie_QAMZ768_7_(267).png,val/Guibourtia ehie/Guibourtia ehie_QAMZ768_7_(267).png
Afzelia africana/sub_015/doussie13_1.png,val/Afzelia africana/doussie13_1.png
Dalbergia tonkinensis/sub_055/3353. Dalbergia tonkinensis.7.(224).png,val/Dalbergia tonkinensis/3353. Dalbergia tonkinensis.7.(224).png
Pterocarpus indicus/sub_003/3395. Pterocarpus indicus.10 (286).png,val/Pterocarpus indicus/3395. Pterocarpus indicus.10 (286).png
Pterocarpus sp/sub_060/146_2.png,val/Pterocarpus sp/146_2.png
Dalbergia rimosa/sub_010/3414. Dalbergia rimosa.6 (153).png,val/Dalbergia rimosa/3414. Dalbergia rimosa.6 (153).png
Guibourtia arnoldiana/sub_007/3411. Guibourtia arnoldiana.3 (86).png,val/Guibourtia arnoldiana/3411. Guibourtia arnoldiana.3 (86).png
Pterocarpus soyauxii/sub_007/17.png,val/Pterocarpus soyauxii/17.png
Pterocarpus sp/sub_080/157_1.png,val/Pterocarpus sp/157_1.png
Dalbergia cochinchinensis/sub_001/Dalbergia cochinchinensis.3280.1 (1).png,val/Dalbergia cochinchinensis/Dalbergia cochinchinensis.3280.1 (1).png
Pterocarpus erinaceus/sub_011/3403. Pterocarpus erinaceus.6 (191).png,val/Pterocarpus erinaceus/3403. Pterocarpus erinaceus.6 (191).png
Afzelia bella/sub_020/Afzelia bella_QCYD170_(257).png,val/Afzelia bella/Afzelia bella_QCYD170_(257).png
Peltogyne pubescens/sub_001/3377. Peltogyne pubescens.8 (290).png,val/Peltogyne pubescens/3377. Peltogyne pubescens.8 (290).png
Afzelia bella/sub_080/Afzelia bella_AKMX287_(4).png,val/Afzelia bella/Afzelia bella_AKMX287_(4).png
Pterocarpus sp/sub_066/141_1_1.png,val/Pterocarpus sp/141_1_1.png
Dalbergia oliveri/sub_009/Dalbergia oliveri_3237.9_ (25).png,val/Dalbergia oliveri/Dalbergia oliveri_3237.9_ (25).png
Pterocarpus soyauxii/sub_036/199.png,val/Pterocarpus soyauxii/199.png
Guibourtia arnoldiana/sub_040/3411. Guibourtia arnoldiana.1 (27).png,val/Guibourtia arnoldiana/3411. Guibourtia arnoldiana.1 (27).png
Afzelia quanzensis/sub_025/149.png,val/Afzelia quanzensis/149.png
Afzelia bella/sub_041/Afzelia bella_AKMX287_(16).png,val/Afzelia bella/Afzelia bella_AKMX287_(16).png
Pterocarpus macrocarpus/sub_012/14_2.png,val/Pterocarpus macrocarpus/14_2.png
Guibourtia arnoldiana/sub_001/3411. Guibourtia arnoldiana.5 (127).png,val/Guibourtia arnoldiana/3411. Guibourtia arnoldiana.5 (127).png
Dalbergia cochinchinensis/sub_002/Dalbergia cochinchinensis.3280.9 (17).png,val/Dalbergia cochinchinensis/Dalbergia cochinchinensis.3280.9 (17).png
Dalbergia oliveri/sub_017/Dalbergia oliveri_3237.2_ (8).png,val/Dalbergia oliveri/Dalbergia oliveri_3237.2_ (8).png
Dalbergia melanoxylon/sub_051/3352. Dalbergia melanoxylon.10.(268).png,val/Dalbergia melanoxylon/3352. Dalbergia melanoxylon.10.(268).png
Guibourtia coleosperma/sub_025/Guibourtia coleosperma_3253.9 (7).png,val/Guibourtia coleosperma/Guibourtia coleosperma_3253.9 (7).png
Guibourtia ehie/sub_057/Guibourtia ehie_UORX694_10_(362).png,val/Guibourtia ehie/Guibourtia ehie_UORX694_10_(362).png
Afzelia quanzensis/sub_028/16.png,val/Afzelia quanzensis/16.png
Pterocarpus soyauxii/sub_034/125_1.png,val/Pterocarpus soyauxii/125_1.png
Guibourtia ehie/sub_019/Guibourtia ehie_PVFM153_6_(230).png,val/Guibourtia ehie/Guibourtia ehie_PVFM153_6_(230).png
Peltogyne pubescens/sub_030/3377. Peltogyne pubescens.8 (276).png,val/Peltogyne pubescens/3377. Peltogyne pubescens.8 (276).png
Peltogyne pubescens/sub_063/3377. Peltogyne pubescens.5 (178).png,val/Peltogyne pubescens/3377. Peltogyne pubescens.5 (178).png
Afzelia quanzensis/sub_002/11_3.png,val/Afzelia quanzensis/11_3.png
Afzelia quanzensis/sub_067/143_2.png,val/Afzelia quanzensis/143_2.png
Guibourtia coleosperma/sub_003/Guibourtia coleosperma_3253.11 (12).png,val/Guibourtia coleosperma/Guibourtia coleosperma_3253.11 (12).png
Pterocarpus sp/sub_037/110_3.png,val/Pterocarpus sp/110_3.png
Afzelia bella/sub_046/Afzelia bella_FFCA657_9_32136.png,val/Afzelia bella/Afzelia bella_FFCA657_9_32136.png
Pterocarpus indicus/sub_010/3395. Pterocarpus indicus.10 (301).png,val/Pterocarpus indicus/3395. Pterocarpus indicus.10 (301).png
Sindora cochinchinensis/sub_018/gụ16_1.png,val/Sindora cochinchinensis/gụ16_1.png
Dalbergia tonkinensis/sub_041/3353. Dalbergia tonkinensis.9.(273).png,val/Dalbergia tonkinensis/3353. Dalbergia tonkinensis.9.(273).png
Dalbergia oliveri/sub_039/Dalbergia oliveri_3237.4_ (12).png,val/Dalbergia oliveri/Dalbergia oliveri_3237.4_ (12).png
Afzelia bella/sub_069/Afzelia bella_LYSV052_(164).png,val/Afzelia bella/Afzelia bella_LYSV052_(164).png
Dalbergia rimosa/sub_020/3414. Dalbergia rimosa.10 (271).png,val/Dalbergia rimosa/3414. Dalbergia rimosa.10 (271).png
Dalbergia cochinchinensis/sub_006/Dalbergia cochinchinensis.3280.3 (36).png,val/Dalbergia cochinchinensis/Dalbergia cochinchinensis.3280.3 (36).png
Afzelia pachyloba/sub_035/2.2_1.png,val/Afzelia pachyloba/2.2_1.png
Sindora cochinchinensis/sub_060/gụ54.png,val/Sindora cochinchinensis/gụ54.png
Pterocarpus macrocarpus/sub_007/141_2_1.png,val/Pterocarpus macrocarpus/141_2_1.png
Pterocarpus sp/sub_018/163_2.png,val/Pterocarpus sp/163_2.png
Dalbergia melanoxylon/sub_001/3352. Dalbergia melanoxylon.7.(180).png,val/Dalbergia melanoxylon/3352. Dalbergia melanoxylon.7.(180).png
Guibourtia arnoldiana/sub_029/3411. Guibourtia arnoldiana.8 (241).png,val/Guibourtia arnoldiana/3411. Guibourtia arnoldiana.8 (241).png
Pterocarpus sp/sub_001/139.png,val/Pterocarpus sp/139.png
Dalbergia oliveri/sub_002/Dalbergia oliveri_3237.7_ (10).png,val/Dalbergia oliveri/Dalbergia oliveri_3237.7_ (10).png
Dalbergia rimosa/sub_043/3414. Dalbergia rimosa.6 (156).png,val/Dalbergia rimosa/3414. Dalbergia rimosa.6 (156).png
Pterocarpus macrocarpus/sub_022/136_2.png,val/Pterocarpus macrocarpus/136_2.png
Sindora tonkinensis/sub_030/3381. Sindora tonkinensis.7 (220).png,val/Sindora tonkinensis/3381. Sindora tonkinensis.7 (220).png
Afzelia quanzensis/sub_072/140_2.png,val/Afzelia quanzensis/140_2.png
Afzelia quanzensis/sub_075/114_2.png,val/Afzelia quanzensis/114_2.png
Pterocarpus soyauxii/sub_086/152_1.png,val/Pterocarpus soyauxii/152_1.png
Pterocarpus soyauxii/sub_025/185.png,val/Pterocarpus soyauxii/185.png
Afzelia bella/sub_053/Afzelia bella_AMRX692_(41).png,val/Afzelia bella/Afzelia bella_AMRX692_(41).png
Dalbergia rimosa/sub_027/3414. Dalbergia rimosa.7 (191).png,val/Dalbergia rimosa/3414. Dalbergia rimosa.7 (191).png
Sindora cochinchinensis/sub_034/gụ3.png,val/Sindora cochinchinensis/gụ3.png
Afzelia quanzensis/sub_062/16_1.png,val/Afzelia quanzensis/16_1.png
Guibourtia coleosperma/sub_010/Guibourtia coleosperma_3253.8 (29).png,val/Guibourtia coleosperma/Guibourtia coleosperma_3253.8 (29).png
Dalbergia tonkinensis/sub_004/3353. Dalbergia tonkinensis.7.(219).png,val/Dalbergia tonkinensis/3353. Dalbergia tonkinensis.7.(219).png
Pterocarpus erinaceus/sub_022/3403. Pterocarpus erinaceus.5 (133).png,val/Pterocarpus erinaceus/3403. Pterocarpus erinaceus.5 (133).png
Dalbergia rimosa/sub_019/3414. Dalbergia rimosa.5 (133).png,val/Dalbergia rimosa/3414. Dalbergia rimosa.5 (133).png
Afzelia africana/sub_031/doussie24_1.png,val/Afzelia africana/doussie24_1.png
Pterocarpus soyauxii/sub_009/146_1_1.png,val/Pterocarpus soyauxii/146_1_1.png
Pterocarpus soyauxii/sub_077/154_1.png,val/Pterocarpus soyauxii/154_1.png
Pterocarpus soyauxii/sub_009/152.png,val/Pterocarpus soyauxii/152.png
Guibourtia arnoldiana/sub_012/3411. Guibourtia arnoldiana.3 (91).png,val/Guibourtia arnoldiana/3411. Guibourtia arnoldiana.3 (91).png
Guibourtia ehie/sub_056/Guibourtia ehie_QAMZ768_7_(248).png,val/Guibourtia ehie/Guibourtia ehie_QAMZ768_7_(248).png
Pterocarpus soyauxii/sub_009/140.png,val/Pterocarpus soyauxii/140.png
Afzelia bella/sub_057/Afzelia bella_AKMX287_(14).png,val/Afzelia bella/Afzelia bella_AKMX287_(14).png
Dalbergia cochinchinensis/sub_064/Dalbergia cochinchinensis.3280.4 (7).png,val/Dalbergia cochinchinensis/Dalbergia cochinchinensis.3280.4 (7).png
Dalbergia melanoxylon/sub_020/3352. Dalbergia melanoxylon.9.(244).png,val/Dalbergia melanoxylon/3352. Dalbergia melanoxylon.9.(244).png
Pterocarpus sp/sub_066/161.png,val/Pterocarpus sp/161.png
Pterocarpus indicus/sub_043/3395. Pterocarpus indicus.3 (82).png,val/Pterocarpus indicus/3395. Pterocarpus indicus.3 (82).png
Pterocarpus soyauxii/sub_027/10_2.png,val/Pterocarpus soyauxii/10_2.png
Pterocarpus sp/sub_109/13_3.png,val/Pterocarpus sp/13_3.png
Afzelia quanzensis/sub_070/18_3.png,val/Afzelia quanzensis/18_3.png
Dalbergia oliveri/sub_079/Dalbergia oliveri_3237.9_ (2).png,val/Dalbergia oliveri/Dalbergia oliveri_3237.9_ (2).png
Sindora cochinchinensis/sub_019/gụ4.png,val/Sindora cochinchinensis/gụ4.png
Peltogyne pubescens/sub_021/3377. Peltogyne pubescens.1 (15).png,val/Peltogyne pubescens/3377. Peltogyne pubescens.1 (15).png
Pterocarpus macrocarpus/sub_012/17.png,val/Pterocarpus macrocarpus/17.png
Afzelia africana/sub_041/doussie52.png,val/Afzelia africana/doussie52.png
Afzelia quanzensis/sub_004/142_1_1.png,val/Afzelia quanzensis/142_1_1.png
Dalbergia rimosa/sub_011/3414. Dalbergia rimosa.6 (160).png,val/Dalbergia rimosa/3414. Dalbergia rimosa.6 (160).png
Dalbergia melanoxylon/sub_036/3352. Dalbergia melanoxylon.8.(228).png,val/Dalbergia melanoxylon/3352. Dalbergia melanoxylon.8.(228).png
Pterocarpus indicus/sub_014/3395. Pterocarpus indicus.2 (36).png,val/Pterocarpus indicus/3395. Pterocarpus indicus.2 (36).png
Sindora tonkinensis/sub_018/3381. Sindora tonkinensis.1 (28).png,val/Sindora tonkinensis/3381. Sindora tonkinensis.1 (28).png
Dalbergia cochinchinensis/sub_032/Dalbergia cochinchinensis.3280.2 (14).png,val/Dalbergia cochinchinensis/Dalbergia cochinchinensis.3280.2 (14).png
Afzelia quanzensis/sub_008/125.png,val/Afzelia quanzensis/125.png
Pterocarpus sp/sub_034/140_1.png,val/Pterocarpus sp/140_1.png
Peltogyne pubescens/sub_033/3377. Peltogyne pubescens.8 (266).png,val/Peltogyne pubescens/3377. Peltogyne pubescens.8 (266).png
Dalbergia cochinchinensis/sub_022/Dalbergia cochinchinensis.3280.10 (32).png,val/Dalbergia cochinchinensis/Dalbergia cochinchinensis.3280.10 (32).png
Dalbergia oliveri/sub_040/Dalbergia oliveri_3237.1_ (17).png,val/Dalbergia oliveri/Dalbergia oliveri_3237.1_ (17).png
Pterocarpus soyauxii/sub_007/171.png,val/Pterocarpus soyauxii/171.png
Pterocarpus macrocarpus/sub_088/137_2.png,val/Pterocarpus macrocarpus/137_2.png
Pterocarpus macrocarpus/sub_006/133_3_1.png,val/Pterocarpus macrocarpus/133_3_1.png
Pterocarpus indicus/sub_005/3395. Pterocarpus indicus.3 (71).png,val/Pterocarpus indicus/3395. Pterocarpus indicus.3 (71).png
Pterocarpus indicus/sub_003/3395. Pterocarpus indicus.10 (307).png,val/Pterocarpus indicus/3395. Pterocarpus indicus.10 (307).png
Guibourtia ehie/sub_071/Guibourtia ehie_KREW954_4_(125).png,val/Guibourtia ehie/Guibourtia ehie_KREW954_4_(125).png
Sindora tonkinensis/sub_019/3381. Sindora tonkinensis.3 (70).png,val/Sindora tonkinensis/3381. Sindora tonkinensis.3 (70).png
Afzelia bella/sub_042/Afzelia bella_HYBT691_(140).png,val/Afzelia bella/Afzelia bella_HYBT691_(140).png
Sindora cochinchinensis/sub_096/gụ56_1.png,val/Sindora cochinchinensis/gụ56_1.png
Afzelia quanzensis/sub_015/121_2.png,val/Afzelia quanzensis/121_2.png
Sindora cochinchinensis/sub_046/gụ3_1.png,val/Sindora cochinchinensis/gụ3_1.png
Dalbergia cochinchinensis/sub_002/Dalbergia cochinchinensis.3280.4 (19).png,val/Dalbergia cochinchinensis/Dalbergia cochinchinensis.3280.4 (19).png
Afzelia africana/sub_005/doussie53.png,val/Afzelia africana/doussie53.png
Guibourtia ehie/sub_001/Guibourtia ehie_PVFM153_6_(231).png,val/Guibourtia ehie/Guibourtia ehie_PVFM153_6_(231).png
Afzelia bella/sub_033/Afzelia bella_AKMX287_(26).png,val/Afzelia bella/Afzelia bella_AKMX287_(26).png
Sindora tonkinensis/sub_069/3381. Sindora tonkinensis.7 (206).png,val/Sindora tonkinensis/3381. Sindora tonkinensis.7 (206).png
Pterocarpus sp/sub_076/136.png,val/Pterocarpus sp/136.png
Guibourtia ehie/sub_066/Guibourtia ehie_UORX694_10_(392).png,val/Guibourtia ehie/Guibourtia ehie_UORX694_10_(392).png
Pterocarpus indicus/sub_013/3395. Pterocarpus indicus.2 (43).png,val/Pterocarpus indicus/3395. Pterocarpus indicus.2 (43).png
Guibourtia coleosperma/sub_025/Guibourtia coleosperma_3253.1 (2).png,val/Guibourtia coleosperma/Guibourtia coleosperma_3253.1 (2).png
Dalbergia oliveri/sub_001/Dalbergia oliveri_3237.3_ (11).png,val/Dalbergia oliveri/Dalbergia oliveri_3237.3_ (11).png
Pterocarpus macrocarpus/sub_051/140_5.png,val/Pterocarpus macrocarpus/140_5.png
Pterocarpus indicus/sub_043/3395. Pterocarpus indicus.7 (202).png,val/Pterocarpus indicus/3395. Pterocarpus indicus.7 (202).png
Dalbergia melanoxylon/sub_016/3352. Dalbergia melanoxylon.6.(167).png,val/Dalbergia melanoxylon/3352. Dalbergia melanoxylon.6.(167).png
Afzelia africana/sub_043/doussie11_1.png,val/Afzelia africana/doussie11_1.png
Pterocarpus soyauxii/sub_062/146_3.png,val/Pterocarpus soyauxii/146_3.png
Guibourtia arnoldiana/sub_007/3411. Guibourtia arnoldiana.1 (18).png,val/Guibourtia arnoldiana/3411. Guibourtia arnoldiana.1 (18).png
Sindora tonkinensis/sub_045/3381. Sindora tonkinensis.4 (99).png,val/Sindora tonkinensis/3381. Sindora tonkinensis.4 (99).png
Dalbergia tonkinensis/sub_005/3353. Dalbergia tonkinensis.9.(270).png,val/Dalbergia tonkinensis/3353. Dalbergia tonkinensis.9.(270).png
Dalbergia melanoxylon/sub_019/3352. Dalbergia melanoxylon.8.(217).png,val/Dalbergia melanoxylon/3352. Dalbergia melanoxylon.8.(217).png
Afzelia bella/sub_021/Afzelia bella_AKMX287_(29).png,val/Afzelia bella/Afzelia bella_AKMX287_(29).png
Sindora tonkinensis/sub_027/3381. Sindora tonkinensis.3 (74).png,val/Sindora tonkinensis/3381. Sindora tonkinensis.3 (74).png
Dalbergia tonkinensis/sub_024/3353. Dalbergia tonkinensis.5.(139).png,val/Dalbergia tonkinensis/3353. Dalbergia tonkinensis.5.(139).png
Guibourtia coleosperma/sub_011/Guibourtia coleosperma_3253.8 (33).png,val/Guibourtia coleosperma/Guibourtia coleosperma_3253.8 (33).png
Sindora tonkinensis/sub_067/3381. Sindora tonkinensis.7 (198).png,val/Sindora tonkinensis/3381. Sindora tonkinensis.7 (198).png
Pterocarpus sp/sub_016/112.png,val/Pterocarpus sp/112.png
Pterocarpus macrocarpus/sub_040/118_1_1.png,val/Pterocarpus macrocarpus/118_1_1.png
Pterocarpus macrocarpus/sub_035/152.png,val/Pterocarpus macrocarpus/152.png
Dalbergia cochinchinensis/sub_015/Dalbergia cochinchinensis.3280.7 (2).png,val/Dalbergia cochinchinensis/Dalbergia cochinchinensis.3280.7 (2).png
Pterocarpus sp/sub_106/144_2.png,val/Pterocarpus sp/144_2.png
Pterocarpus sp/sub_034/145.png,val/Pterocarpus sp/145.png
Guibourtia coleosperma/sub_035/Guibourtia coleosperma_3253.8 (9).png,val/Guibourtia coleosperma/Guibourtia coleosperma_3253.8 (9).png
Sindora tonkinensis/sub_028/3381. Sindora tonkinensis.1 (3).png,val/Sindora tonkinensis/3381. Sindora tonkinensis.1 (3).png
Pterocarpus sp/sub_011/117_1_1.png,val/Pterocarpus sp/117_1_1.png
Peltogyne pubescens/sub_035/3377. Peltogyne pubescens.5 (155).png,val/Peltogyne pubescens/3377. Peltogyne pubescens.5 (155).png
Sindora tonkinensis/sub_064/3381. Sindora tonkinensis.7 (204).png,val/Sindora tonkinensis/3381. Sindora tonkinensis.7 (204).png
Pterocarpus indicus/sub_043/3395. Pterocarpus indicus.2 (35).png,val/Pterocarpus indicus/3395. Pterocarpus indicus.2 (35).png
Afzelia quanzensis/sub_014/141_2.png,val/Afzelia quanzensis/141_2.png
Pterocarpus macrocarpus/sub_048/128_5.png,val/Pterocarpus macrocarpus/128_5.png
Afzelia quanzensis/sub_035/136_1.png,val/Afzelia quanzensis/136_1.png
Pterocarpus indicus/sub_003/3395. Pterocarpus indicus.2 (38).png,val/Pterocarpus indicus/3395. Pterocarpus indicus.2 (38).png
Sindora cochinchinensis/sub_046/gụ11.png,val/Sindora cochinchinensis/gụ11.png
Sindora tonkinensis/sub_012/3381. Sindora tonkinensis.9 (288).png,val/Sindora tonkinensis/3381. Sindora tonkinensis.9 (288).png
Afzelia pachyloba/sub_033/4.3_1.png,val/Afzelia pachyloba/4.3_1.png
Dalbergia melanoxylon/sub_008/3352. Dalbergia melanoxylon.1.(8).png,val/Dalbergia melanoxylon/3352. Dalbergia melanoxylon.1.(8).png
Pterocarpus indicus/sub_001/3395. Pterocarpus indicus.3 (70).png,val/Pterocarpus indicus/3395. Pterocarpus indicus.3 (70).png
Afzelia pachyloba/sub_010/2.3.png,val/Afzelia pachyloba/2.3.png
Guibourtia arnoldiana/sub_033/3411. Guibourtia arnoldiana.6 (163).png,val/Guibourtia arnoldiana/3411. Guibourtia arnoldiana.6 (163).png
Guibourtia arnoldiana/sub_031/3411. Guibourtia arnoldiana.5 (131).png,val/Guibourtia arnoldiana/3411. Guibourtia arnoldiana.5 (131).png
Pterocarpus macrocarpus/sub_058/124.png,val/Pterocarpus macrocarpus/124.png
Peltogyne pubescens/sub_038/3377. Peltogyne pubescens.10 (344).png,val/Peltogyne pubescens/3377. Peltogyne pubescens.10 (344).png
Pterocarpus soyauxii/sub_075/1106.png,val/Pterocarpus soyauxii/1106.png
Pterocarpus indicus/sub_034/3395. Pterocarpus indicus.4 (107).png,val/Pterocarpus indicus/3395. Pterocarpus indicus.4 (107).png
Afzelia quanzensis/sub_009/158.png,val/Afzelia quanzensis/158.png
Afzelia bella/sub_043/Afzelia bella_FFCA657_9_32133.png,val/Afzelia bella/Afzelia bella_FFCA657_9_32133.png
Afzelia quanzensis/sub_005/119_1_1.png,val/Afzelia quanzensis/119_1_1.png
Dalbergia tonkinensis/sub_004/3353. Dalbergia tonkinensis.3.(95).png,val/Dalbergia tonkinensis/3353. Dalbergia tonkinensis.3.(95).png
Sindora cochinchinensis/sub_069/gụ46.png,val/Sindora cochinchinensis/gụ46.png
Dalbergia cochinchinensis/sub_005/Dalbergia cochinchinensis.3280.10 (18).png,val/Dalbergia cochinchinensis/Dalbergia cochinchinensis.3280.10 (18).png
Pterocarpus erinaceus/sub_002/3403. Pterocarpus erinaceus.1(17).png,val/Pterocarpus erinaceus/3403. Pterocarpus erinaceus.1(17).png
Sindora cochinchinensis/sub_072/gụ91.png,val/Sindora cochinchinensis/gụ91.png
Pterocarpus soyauxii/sub_049/1117.png,val/Pterocarpus soyauxii/1117__724c9e54.png
Afzelia africana/sub_053/doussie9.png,val/Afzelia africana/doussie9.png
Pterocarpus soyauxii/sub_009/177.png,val/Pterocarpus soyauxii/177.png
Afzelia bella/sub_058/Afzelia bella_AKMX287_(31).png,val/Afzelia bella/Afzelia bella_AKMX287_(31).png
Guibourtia coleosperma/sub_061/Guibourtia coleosperma_3253.1 (29).png,val/Guibourtia coleosperma/Guibourtia coleosperma_3253.1 (29).png
Pterocarpus erinaceus/sub_006/3403. Pterocarpus erinaceus.3 (89).png,val/Pterocarpus erinaceus/3403. Pterocarpus erinaceus.3 (89).png
Dalbergia melanoxylon/sub_024/3352. Dalbergia melanoxylon.6.(161).png,val/Dalbergia melanoxylon/3352. Dalbergia melanoxylon.6.(161).png
Dalbergia oliveri/sub_034/Dalbergia oliveri_3237.7_ (6).png,val/Dalbergia oliveri/Dalbergia oliveri_3237.7_ (6).png
Pterocarpus macrocarpus/sub_007/157.png,val/Pterocarpus macrocarpus/157.png
Peltogyne pubescens/sub_027/3377. Peltogyne pubescens.9 (304).png,val/Peltogyne pubescens/3377. Peltogyne pubescens.9 (304).png
Pterocarpus erinaceus/sub_030/3403. Pterocarpus erinaceus.5 (152).png,val/Pterocarpus erinaceus/3403. Pterocarpus erinaceus.5 (152).png
Pterocarpus macrocarpus/sub_025/141.png,val/Pterocarpus macrocarpus/141.png
Pterocarpus macrocarpus/sub_063/130.png,val/Pterocarpus macrocarpus/130.png
Dalbergia melanoxylon/sub_008/3352. Dalbergia melanoxylon.9.(245).png,val/Dalbergia melanoxylon/3352. Dalbergia melanoxylon.9.(245).png
Peltogyne pubescens/sub_010/3377. Peltogyne pubescens.6 (200).png,val/Peltogyne pubescens/3377. Peltogyne pubescens.6 (200).png
Dalbergia oliveri/sub_066/Dalbergia oliveri_3237.7_ (29).png,val/Dalbergia oliveri/Dalbergia oliveri_3237.7_ (29).png
Guibourtia arnoldiana/sub_046/3411. Guibourtia arnoldiana.3 (92).png,val/Guibourtia arnoldiana/3411. Guibourtia arnoldiana.3 (92).png
Afzelia quanzensis/sub_030/159.png,val/Afzelia quanzensis/159.png
Sindora cochinchinensis/sub_074/gụ17.png,val/Sindora cochinchinensis/gụ17.png
Pterocarpus erinaceus/sub_030/3403. Pterocarpus erinaceus.6 (179).png,val/Pterocarpus erinaceus/3403. Pterocarpus erinaceus.6 (179).png
Pterocarpus sp/sub_079/137.png,val/Pterocarpus sp/137.png
Guibourtia ehie/sub_057/Guibourtia ehie_QAMZ768_7_(262).png,val/Guibourtia ehie/Guibourtia ehie_QAMZ768_7_(262).png
Sindora cochinchinensis/sub_003/gụ20_2.png,val/Sindora cochinchinensis/gụ20_2.png
Guibourtia coleosperma/sub_020/Guibourtia coleosperma_3253.4 (6).png,val/Guibourtia coleosperma/Guibourtia coleosperma_3253.4 (6).png
Pterocarpus indicus/sub_017/3395. Pterocarpus indicus.7 (213).png,val/Pterocarpus indicus/3395. Pterocarpus indicus.7 (213).png
Afzelia quanzensis/sub_054/114_1.png,val/Afzelia quanzensis/114_1.png
Afzelia quanzensis/sub_027/141_1.png,val/Afzelia quanzensis/141_1.png
Sindora tonkinensis/sub_070/3381. Sindora tonkinensis.9 (259).png,val/Sindora tonkinensis/3381. Sindora tonkinensis.9 (259).png
Sindora cochinchinensis/sub_036/gụ22_1.png,val/Sindora cochinchinensis/gụ22_1.png
Pterocarpus sp/sub_033/14_3.png,val/Pterocarpus sp/14_3.png
Pterocarpus erinaceus/sub_006/3403. Pterocarpus erinaceus.1(11).png,val/Pterocarpus erinaceus/3403. Pterocarpus erinaceus.1(11).png
Dalbergia rimosa/sub_043/3414. Dalbergia rimosa.10 (277).png,val/Dalbergia rimosa/3414. Dalbergia rimosa.10 (277).png
Guibourtia coleosperma/sub_085/Guibourtia coleosperma_3253.4 (32).png,val/Guibourtia coleosperma/Guibourtia coleosperma_3253.4 (32).png
Dalbergia rimosa/sub_011/3414. Dalbergia rimosa.6 (151).png,val/Dalbergia rimosa/3414. Dalbergia rimosa.6 (151).png
Dalbergia cochinchinensis/sub_028/Dalbergia cochinchinensis.3280.9 (1).png,val/Dalbergia cochinchinensis/Dalbergia cochinchinensis.3280.9 (1).png
Afzelia quanzensis/sub_011/141_1.png,val/Afzelia quanzensis/141_1__ae1c998b.png
Pterocarpus sp/sub_012/134.png,val/Pterocarpus sp/134.png
Peltogyne pubescens/sub_007/3377. Peltogyne pubescens.10 (368).png,val/Peltogyne pubescens/3377. Peltogyne pubescens.10 (368).png
Afzelia quanzensis/sub_001/10.png,val/Afzelia quanzensis/10.png
Sindora tonkinensis/sub_012/3381. Sindora tonkinensis.7 (200).png,val/Sindora tonkinensis/3381. Sindora tonkinensis.7 (200).png
Dalbergia cochinchinensis/sub_023/Dalbergia cochinchinensis.3280.1 (14).png,val/Dalbergia cochinchinensis/Dalbergia cochinchinensis.3280.1 (14).png
Peltogyne pubescens/sub_010/3377. Peltogyne pubescens.5 (177).png,val/Peltogyne pubescens/3377. Peltogyne pubescens.5 (177).png
Dalbergia oliveri/sub_037/Dalbergia oliveri_3237.10_ (11).png,val/Dalbergia oliveri/Dalbergia oliveri_3237.10_ (11).png
Dalbergia oliveri/sub_055/Dalbergia oliveri_3237.4_ (25).png,val/Dalbergia oliveri/Dalbergia oliveri_3237.4_ (25).png
Dalbergia tonkinensis/sub_005/3353. Dalbergia tonkinensis.2.(53).png,val/Dalbergia tonkinensis/3353. Dalbergia tonkinensis.2.(53).png
Afzelia quanzensis/sub_021/122_4.png,val/Afzelia quanzensis/122_4.png
Dalbergia cochinchinensis/sub_021/Dalbergia cochinchinensis.3280.1 (19).png,val/Dalbergia cochinchinensis/Dalbergia cochinchinensis.3280.1 (19).png
Dalbergia cochinchinensis/sub_040/Dalbergia cochinchinensis.3280.1 (2).png,val/Dalbergia cochinchinensis/Dalbergia cochinchinensis.3280.1 (2).png
Guibourtia arnoldiana/sub_003/3411. Guibourtia arnoldiana.5 (146).png,val/Guibourtia arnoldiana/3411. Guibourtia arnoldiana.5 (146).png
Dalbergia melanoxylon/sub_044/3352. Dalbergia melanoxylon.9.(251).png,val/Dalbergia melanoxylon/3352. Dalbergia melanoxylon.9.(251).png
Guibourtia arnoldiana/sub_016/3411. Guibourtia arnoldiana.1 (21).png,val/Guibourtia arnoldiana/3411. Guibourtia arnoldiana.1 (21).png
Pterocarpus soyauxii/sub_053/159_1.png,val/Pterocarpus soyauxii/159_1.png
Pterocarpus soyauxii/sub_060/171_1.png,val/Pterocarpus soyauxii/171_1.png
Sindora cochinchinensis/sub_057/gụ86.png,val/Sindora cochinchinensis/gụ86.png
Pterocarpus soyauxii/sub_008/176_1.png,val/Pterocarpus soyauxii/176_1.png
Pterocarpus sp/sub_012/147_3.png,val/Pterocarpus sp/147_3.png
Afzelia quanzensis/sub_037/149_2.png,val/Afzelia quanzensis/149_2.png
Pterocarpus erinaceus/sub_039/3403. Pterocarpus erinaceus.1(9).png,val/Pterocarpus erinaceus/3403. Pterocarpus erinaceus.1(9).png
Dalbergia tonkinensis/sub_019/3353. Dalbergia tonkinensis.3.(91).png,val/Dalbergia tonkinensis/3353. Dalbergia tonkinensis.3.(91).png
Pterocarpus soyauxii/sub_064/1118_1.png,val/Pterocarpus soyauxii/1118_1.png
Pterocarpus soyauxii/sub_014/169.png,val/Pterocarpus soyauxii/169__8ae5baa2.png
Pterocarpus macrocarpus/sub_001/125.png,val/Pterocarpus macrocarpus/125.png
Sindora cochinchinensis/sub_012/gụ59_1.png,val/Sindora cochinchinensis/gụ59_1.png
Dalbergia cochinchinensis/sub_050/Dalbergia cochinchinensis.3280.3 (19).png,val/Dalbergia cochinchinensis/Dalbergia cochinchinensis.3280.3 (19).png
Pterocarpus erinaceus/sub_023/3403. Pterocarpus erinaceus.3 (96).png,val/Pterocarpus erinaceus/3403. Pterocarpus erinaceus.3 (96).png
Sindora cochinchinensis/sub_085/gụ36.png,val/Sindora cochinchinensis/gụ36.png
Pterocarpus sp/sub_013/140.png,val/Pterocarpus sp/140.png
Pterocarpus soyauxii/sub_079/133.png,val/Pterocarpus soyauxii/133.png
Sindora cochinchinensis/sub_044/gụ1_1.png,val/Sindora cochinchinensis/gụ1_1.png
Pterocarpus erinaceus/sub_001/3403. Pterocarpus erinaceus.10 (314).png,val/Pterocarpus erinaceus/3403. Pterocarpus erinaceus.10 (314).png
Pterocarpus sp/sub_031/138.png,val/Pterocarpus sp/138.png
Pterocarpus soyauxii/sub_009/12_2.png,val/Pterocarpus soyauxii/12_2.png
Dalbergia tonkinensis/sub_026/3353. Dalbergia tonkinensis.2.(50).png,val/Dalbergia tonkinensis/3353. Dalbergia tonkinensis.2.(50).png
Sindora tonkinensis/sub_051/3381. Sindora tonkinensis.4 (125).png,val/Sindora tonkinensis/3381. Sindora tonkinensis.4 (125).png
Guibourtia ehie/sub_092/Guibourtia ehie_KREW954_4_(137).png,val/Guibourtia ehie/Guibourtia ehie_KREW954_4_(137).png
Dalbergia oliveri/sub_067/Dalbergia oliveri_3237.4_ (14).png,val/Dalbergia oliveri/Dalbergia oliveri_3237.4_ (14).png
Pterocarpus soyauxii/sub_040/17_1.png,val/Pterocarpus soyauxii/17_1.png
Guibourtia arnoldiana/sub_031/3411. Guibourtia arnoldiana.4 (104).png,val/Guibourtia arnoldiana/3411. Guibourtia arnoldiana.4 (104).png
Guibourtia coleosperma/sub_087/Guibourtia coleosperma_3253.10 (29).png,val/Guibourtia coleosperma/Guibourtia coleosperma_3253.10 (29).png
Afzelia pachyloba/sub_023/5.1.png,val/Afzelia pachyloba/5.1__de8fd637.png
Pterocarpus indicus/sub_054/3395. Pterocarpus indicus.10 (300).png,val/Pterocarpus indicus/3395. Pterocarpus indicus.10 (300).png
Dalbergia melanoxylon/sub_012/3352. Dalbergia melanoxylon.9.(252).png,val/Dalbergia melanoxylon/3352. Dalbergia melanoxylon.9.(252).png
Sindora cochinchinensis/sub_017/gụ80.png,val/Sindora cochinchinensis/gụ80.png
Peltogyne pubescens/sub_025/3377. Peltogyne pubescens.10 (364).png,val/Peltogyne pubescens/3377. Peltogyne pubescens.10 (364).png
Pterocarpus indicus/sub_036/3395. Pterocarpus indicus.8 (232).png,val/Pterocarpus indicus/3395. Pterocarpus indicus.8 (232).png
Dalbergia tonkinensis/sub_013/3353. Dalbergia tonkinensis.3.(66).png,val/Dalbergia tonkinensis/3353. Dalbergia tonkinensis.3.(66).png
Sindora tonkinensis/sub_062/3381. Sindora tonkinensis.1 (2).png,val/Sindora tonkinensis/3381. Sindora tonkinensis.1 (2).png
Pterocarpus sp/sub_027/160_3.png,val/Pterocarpus sp/160_3.png
Dalbergia melanoxylon/sub_042/3352. Dalbergia melanoxylon.7.(200).png,val/Dalbergia melanoxylon/3352. Dalbergia melanoxylon.7.(200).png
Pterocarpus sp/sub_068/141.png,val/Pterocarpus sp/141.png
Pterocarpus indicus/sub_008/3395. Pterocarpus indicus.5 (125).png,val/Pterocarpus indicus/3395. Pterocarpus indicus.5 (125).png
Dalbergia rimosa/sub_043/3414. Dalbergia rimosa.6 (158).png,val/Dalbergia rimosa/3414. Dalbergia rimosa.6 (158).png
Pterocarpus erinaceus/sub_008/3403. Pterocarpus erinaceus.2 (64).png,val/Pterocarpus erinaceus/3403. Pterocarpus erinaceus.2 (64).png
Guibourtia arnoldiana/sub_014/3411. Guibourtia arnoldiana.1 (17).png,val/Guibourtia arnoldiana/3411. Guibourtia arnoldiana.1 (17).png
Sindora cochinchinensis/sub_019/gụ56_1.png,val/Sindora cochinchinensis/gụ56_1__2cbecb32.png
Pterocarpus indicus/sub_041/3395. Pterocarpus indicus.3 (91).png,val/Pterocarpus indicus/3395. Pterocarpus indicus.3 (91).png
Dalbergia tonkinensis/sub_040/3353. Dalbergia tonkinensis.2.(62).png,val/Dalbergia tonkinensis/3353. Dalbergia tonkinensis.2.(62).png
Dalbergia melanoxylon/sub_002/3352. Dalbergia melanoxylon.6.(176).png,val/Dalbergia melanoxylon/3352. Dalbergia melanoxylon.6.(176).png
Pterocarpus macrocarpus/sub_048/11_1.png,val/Pterocarpus macrocarpus/11_1.png
Pterocarpus erinaceus/sub_036/3403. Pterocarpus erinaceus.5 (145).png,val/Pterocarpus erinaceus/3403. Pterocarpus erinaceus.5 (145).png
Pterocarpus erinaceus/sub_013/3403. Pterocarpus erinaceus.1(6).png,val/Pterocarpus erinaceus/3403. Pterocarpus erinaceus.1(6).png
Dalbergia oliveri/sub_020/Dalbergia oliveri_3237.3_ (10).png,val/Dalbergia oliveri/Dalbergia oliveri_3237.3_ (10).png
Dalbergia tonkinensis/sub_003/3353. Dalbergia tonkinensis.7.(210).png,val/Dalbergia tonkinensis/3353. Dalbergia tonkinensis.7.(210).png
Dalbergia tonkinensis/sub_025/3353. Dalbergia tonkinensis.4.(127).png,val/Dalbergia tonkinensis/3353. Dalbergia tonkinensis.4.(127).png
Dalbergia melanoxylon/sub_010/3352. Dalbergia melanoxylon.4.(113).png,val/Dalbergia melanoxylon/3352. Dalbergia melanoxylon.4.(113).png
Sindora tonkinensis/sub_025/3381. Sindora tonkinensis.6 (188).png,val/Sindora tonkinensis/3381. Sindora tonkinensis.6 (188).png
Pterocarpus soyauxii/sub_073/172.png,val/Pterocarpus soyauxii/172.png
Guibourtia coleosperma/sub_084/Guibourtia coleosperma_3253.10 (7).png,val/Guibourtia coleosperma/Guibourtia coleosperma_3253.10 (7).png
Dalbergia rimosa/sub_011/3414. Dalbergia rimosa.1(27).png,val/Dalbergia rimosa/3414. Dalbergia rimosa.1(27).png
Guibourtia coleosperma/sub_005/Guibourtia coleosperma_3253.8 (20).png,val/Guibourtia coleosperma/Guibourtia coleosperma_3253.8 (20).png
Pterocarpus erinaceus/sub_021/3403. Pterocarpus erinaceus.10 (331).png,val/Pterocarpus erinaceus/3403. Pterocarpus erinaceus.10 (331).png
Sindora tonkinensis/sub_018/3381. Sindora tonkinensis.2 (56).png,val/Sindora tonkinensis/3381. Sindora tonkinensis.2 (56).png
Pterocarpus soyauxii/sub_018/116.png,val/Pterocarpus soyauxii/116.png
Sindora cochinchinensis/sub_094/gụ103.png,val/Sindora cochinchinensis/gụ103.png
Sindora cochinchinensis/sub_008/gụ2_2.png,val/Sindora cochinchinensis/gụ2_2.png
Peltogyne pubescens/sub_025/3377. Peltogyne pubescens.9 (328).png,val/Peltogyne pubescens/3377. Peltogyne pubescens.9 (328).png
Pterocarpus sp/sub_049/120_3.png,val/Pterocarpus sp/120_3.png
Sindora tonkinensis/sub_019/3381. Sindora tonkinensis.5 (152).png,val/Sindora tonkinensis/3381. Sindora tonkinensis.5 (152).png
Pterocarpus erinaceus/sub_020/3403. Pterocarpus erinaceus.1(4).png,val/Pterocarpus erinaceus/3403. Pterocarpus erinaceus.1(4).png
Pterocarpus sp/sub_092/154.png,val/Pterocarpus sp/154.png
Guibourtia ehie/sub_035/Guibourtia ehie_SXGM640_8_(284).png,val/Guibourtia ehie/Guibourtia ehie_SXGM640_8_(284).png
Sindora tonkinensis/sub_050/3381. Sindora tonkinensis.1 (17).png,val/Sindora tonkinensis/3381. Sindora tonkinensis.1 (17).png
Peltogyne pubescens/sub_041/3377. Peltogyne pubescens.5 (173).png,val/Peltogyne pubescens/3377. Peltogyne pubescens.5 (173).png
Pterocarpus soyauxii/sub_031/122.png,val/Pterocarpus soyauxii/122.png
Afzelia bella/sub_008/Afzelia bella_LYSV052_(186).png,val/Afzelia bella/Afzelia bella_LYSV052_(186).png
Dalbergia melanoxylon/sub_037/3352. Dalbergia melanoxylon.2 (58).png,val/Dalbergia melanoxylon/3352. Dalbergia melanoxylon.2 (58).png
Pterocarpus indicus/sub_035/3395. Pterocarpus indicus.5 (146).png,val/Pterocarpus indicus/3395. Pterocarpus indicus.5 (146).png
Afzelia quanzensis/sub_011/122.png,val/Afzelia quanzensis/122.png
Guibourtia ehie/sub_081/Guibourtia ehie_PRQC042_5_(175).png,val/Guibourtia ehie/Guibourtia ehie_PRQC042_5_(175).png
Afzelia africana/sub_004/doussie41.png,val/Afzelia africana/doussie41.png
Guibourtia ehie/sub_041/Guibourtia ehie_QAMZ768_7_(268).png,val/Guibourtia ehie/Guibourtia ehie_QAMZ768_7_(268).png
Dalbergia cochinchinensis/sub_001/Dalbergia cochinchinensis.3280.4 (1).png,val/Dalbergia cochinchinensis/Dalbergia cochinchinensis.3280.4 (1).png
Pterocarpus erinaceus/sub_038/3403. Pterocarpus erinaceus.6 (190).png,val/Pterocarpus erinaceus/3403. Pterocarpus erinaceus.6 (190).png
Pterocarpus sp/sub_028/153.png,val/Pterocarpus sp/153.png
Pterocarpus sp/sub_003/152.png,val/Pterocarpus sp/152.png
Sindora tonkinensis/sub_003/3381. Sindora tonkinensis.3 (98).png,val/Sindora tonkinensis/3381. Sindora tonkinensis.3 (98).png
Sindora tonkinensis/sub_030/3381. Sindora tonkinensis.3 (79).png,val/Sindora tonkinensis/3381. Sindora tonkinensis.3 (79).png
Pterocarpus macrocarpus/sub_058/136_1.png,val/Pterocarpus macrocarpus/136_1.png
Afzelia bella/sub_004/Afzelia bella_AMRX692_(73).png,val/Afzelia bella/Afzelia bella_AMRX692_(73).png
Guibourtia ehie/sub_008/Guibourtia ehie_UORX694_10_(365).png,val/Guibourtia ehie/Guibourtia ehie_UORX694_10_(365).png
Dalbergia melanoxylon/sub_005/3352. Dalbergia melanoxylon.10.(267).png,val/Dalbergia melanoxylon/3352. Dalbergia melanoxylon.10.(267).png
Pterocarpus macrocarpus/sub_064/138.png,val/Pterocarpus macrocarpus/138__862a63d6.png
Peltogyne pubescens/sub_016/3377. Peltogyne pubescens.3 (101).png,val/Peltogyne pubescens/3377. Peltogyne pubescens.3 (101).png
Pterocarpus indicus/sub_001/3395. Pterocarpus indicus.1 (1).png,val/Pterocarpus indicus/3395. Pterocarpus indicus.1 (1).png
Guibourtia coleosperma/sub_040/Guibourtia coleosperma_3253.8 (14).png,val/Guibourtia coleosperma/Guibourtia coleosperma_3253.8 (14).png
Guibourtia ehie/sub_032/Guibourtia ehie_UORX694_10_(368).png,val/Guibourtia ehie/Guibourtia ehie_UORX694_10_(368).png
Pterocarpus sp/sub_108/158_2.png,val/Pterocarpus sp/158_2.png
Dalbergia cochinchinensis/sub_020/Dalbergia cochinchinensis.3280.1 (32).png,val/Dalbergia cochinchinensis/Dalbergia cochinchinensis.3280.1 (32).png
Dalbergia tonkinensis/sub_042/3353. Dalbergia tonkinensis.6.(167).png,val/Dalbergia tonkinensis/3353. Dalbergia tonkinensis.6.(167).png
Pterocarpus soyauxii/sub_009/1120.png,val/Pterocarpus soyauxii/1120.png
Dalbergia tonkinensis/sub_051/3353. Dalbergia tonkinensis.6.(166).png,val/Dalbergia tonkinensis/3353. Dalbergia tonkinensis.6.(166).png
Pterocarpus macrocarpus/sub_054/135_1.png,val/Pterocarpus macrocarpus/135_1.png
Pterocarpus sp/sub_080/123_3.png,val/Pterocarpus sp/123_3.png
Dalbergia cochinchinensis/sub_074/Dalbergia cochinchinensis.3280.7 (17).png,val/Dalbergia cochinchinensis/Dalbergia cochinchinensis.3280.7 (17).png
Afzelia africana/sub_037/doussie55.png,val/Afzelia africana/doussie55.png
Pterocarpus macrocarpus/sub_029/19.png,val/Pterocarpus macrocarpus/19.png
Pterocarpus erinaceus/sub_012/3403. Pterocarpus erinaceus.9 (282).png,val/Pterocarpus erinaceus/3403. Pterocarpus erinaceus.9 (282).png
Sindora cochinchinensis/sub_042/gụ69_1.png,val/Sindora cochinchinensis/gụ69_1.png
Peltogyne pubescens/sub_040/3377. Peltogyne pubescens.8 (277).png,val/Peltogyne pubescens/3377. Peltogyne pubescens.8 (277).png
Pterocarpus macrocarpus/sub_008/112.png,val/Pterocarpus macrocarpus/112.png
Guibourtia ehie/sub_064/Guibourtia ehie_UORX694_10_(393).png,val/Guibourtia ehie/Guibourtia ehie_UORX694_10_(393).png
Pterocarpus macrocarpus/sub_087/123.png,val/Pterocarpus macrocarpus/123__0e974558.png
Pterocarpus indicus/sub_025/3395. Pterocarpus indicus.10 (308).png,val/Pterocarpus indicus/3395. Pterocarpus indicus.10 (308).png
Afzelia pachyloba/sub_015/1.3.png,val/Afzelia pachyloba/1.3.png
Pterocarpus soyauxii/sub_028/141_2.png,val/Pterocarpus soyauxii/141_2.png
Pterocarpus macrocarpus/sub_002/131.png,val/Pterocarpus macrocarpus/131.png
Peltogyne pubescens/sub_016/3377. Peltogyne pubescens.9 (300).png,val/Peltogyne pubescens/3377. Peltogyne pubescens.9 (300).png
Guibourtia arnoldiana/sub_027/3411. Guibourtia arnoldiana.10 (295).png,val/Guibourtia arnoldiana/3411. Guibourtia arnoldiana.10 (295).png
Guibourtia coleosperma/sub_020/Guibourtia coleosperma_3253.8 (8).png,val/Guibourtia coleosperma/Guibourtia coleosperma_3253.8 (8).png
Afzelia bella/sub_008/Afzelia bella_OGHV743_(211).png,val/Afzelia bella/Afzelia bella_OGHV743_(211).png
Afzelia africana/sub_044/doussie22_2.png,val/Afzelia africana/doussie22_2.png
Pterocarpus macrocarpus/sub_036/111.png,val/Pterocarpus macrocarpus/111.png
Pterocarpus soyauxii/sub_018/126.png,val/Pterocarpus soyauxii/126.png
Dalbergia cochinchinensis/sub_015/Dalbergia cochinchinensis.3280.8 (27).png,val/Dalbergia cochinchinensis/Dalbergia cochinchinensis.3280.8 (27).png
Afzelia quanzensis/sub_032/115_4.png,val/Afzelia quanzensis/115_4.png
Afzelia africana/sub_023/doussie10_2.png,val/Afzelia africana/doussie10_2.png
Pterocarpus sp/sub_067/166.png,val/Pterocarpus sp/166.png
Dalbergia melanoxylon/sub_025/3352. Dalbergia melanoxylon.5.(133).png,val/Dalbergia melanoxylon/3352. Dalbergia melanoxylon.5.(133).png
Guibourtia coleosperma/sub_037/Guibourtia coleosperma_3253.4 (1).png,val/Guibourtia coleosperma/Guibourtia coleosperma_3253.4 (1).png
Pterocarpus macrocarpus/sub_013/117.png,val/Pterocarpus macrocarpus/117.png
Dalbergia tonkinensis/sub_041/3353. Dalbergia tonkinensis.10.(299).png,val/Dalbergia tonkinensis/3353. Dalbergia tonkinensis.10.(299).png
Dalbergia oliveri/sub_015/Dalbergia oliveri_3237.7_ (2).png,val/Dalbergia oliveri/Dalbergia oliveri_3237.7_ (2).png
Guibourtia arnoldiana/sub_006/3411. Guibourtia arnoldiana.8 (226).png,val/Guibourtia arnoldiana/3411. Guibourtia arnoldiana.8 (226).png
Pterocarpus indicus/sub_002/3395. Pterocarpus indicus.10 (304).png,val/Pterocarpus indicus/3395. Pterocarpus indicus.10 (304).png
Dalbergia tonkinensis/sub_010/3353. Dalbergia tonkinensis.6.(168).png,val/Dalbergia tonkinensis/3353. Dalbergia tonkinensis.6.(168).png
Peltogyne pubescens/sub_019/3377. Peltogyne pubescens.3 (81).png,val/Peltogyne pubescens/3377. Peltogyne pubescens.3 (81).png
Guibourtia coleosperma/sub_030/Guibourtia coleosperma_3253.11 (25).png,val/Guibourtia coleosperma/Guibourtia coleosperma_3253.11 (25).png
Afzelia quanzensis/sub_006/110_3.png,val/Afzelia quanzensis/110_3.png
Afzelia bella/sub_048/Afzelia bella_FFCA657_9_3212.png,val/Afzelia bella/Afzelia bella_FFCA657_9_3212.png
Guibourtia coleosperma/sub_028/Guibourtia coleosperma_3253.7 (14).png,val/Guibourtia coleosperma/Guibourtia coleosperma_3253.7 (14).png
Pterocarpus erinaceus/sub_022/3403. Pterocarpus erinaceus.10 (335).png,val/Pterocarpus erinaceus/3403. Pterocarpus erinaceus.10 (335).png
Afzelia quanzensis/sub_058/125_1.png,val/Afzelia quanzensis/125_1.png
Sindora tonkinensis/sub_025/3381. Sindora tonkinensis.6 (161).png,val/Sindora tonkinensis/3381. Sindora tonkinensis.6 (161).png
Guibourtia ehie/sub_027/Guibourtia ehie_UORX694_10_(380).png,val/Guibourtia ehie/Guibourtia ehie_UORX694_10_(380).png
Pterocarpus soyauxii/sub_054/110_4.png,val/Pterocarpus soyauxii/110_4.png
Sindora tonkinensis/sub_021/3381. Sindora tonkinensis.9 (280).png,val/Sindora tonkinensis/3381. Sindora tonkinensis.9 (280).png
Afzelia bella/sub_045/Afzelia bella_AMRX692_(42).png,val/Afzelia bella/Afzelia bella_AMRX692_(42).png
Pterocarpus soyauxii/sub_008/119_1.png,val/Pterocarpus soyauxii/119_1.png
Afzelia africana/sub_018/doussie25_1.png,val/Afzelia africana/doussie25_1.png
Afzelia quanzensis/sub_051/111.png,val/Afzelia quanzensis/111.png
Afzelia bella/sub_007/Afzelia bella_AKMX287_(37).png,val/Afzelia bella/Afzelia bella_AKMX287_(37).png
Guibourtia coleosperma/sub_083/Guibourtia coleosperma_3253.8 (12).png,val/Guibourtia coleosperma/Guibourtia coleosperma_3253.8 (12).png
Dalbergia tonkinensis/sub_006/3353. Dalbergia tonkinensis.3.(89).png,val/Dalbergia tonkinensis/3353. Dalbergia tonkinensis.3.(89).png
Dalbergia cochinchinensis/sub_035/Dalbergia cochinchinensis.3280.1 (4).png,val/Dalbergia cochinchinensis/Dalbergia cochinchinensis.3280.1 (4).png
Pterocarpus macrocarpus/sub_031/136_1.png,val/Pterocarpus macrocarpus/136_1__7d5c82b0.png
Dalbergia cochinchinensis/sub_017/Dalbergia cochinchinensis.3280.4 (29).png,val/Dalbergia cochinchinensis/Dalbergia cochinchinensis.3280.4 (29).png
Pterocarpus soyauxii/sub_044/141.png,val/Pterocarpus soyauxii/141__51c00df0.png
Afzelia bella/sub_044/Afzelia bella_QCYD170_(249).png,val/Afzelia bella/Afzelia bella_QCYD170_(249).png
Pterocarpus sp/sub_037/119_3.png,val/Pterocarpus sp/119_3.png
Dalbergia rimosa/sub_004/3414. Dalbergia rimosa.2 (50).png,val/Dalbergia rimosa/3414. Dalbergia rimosa.2 (50).png
Pterocarpus macrocarpus/sub_047/149_2.png,val/Pterocarpus macrocarpus/149_2.png
Pterocarpus macrocarpus/sub_015/139_4.png,val/Pterocarpus macrocarpus/139_4.png
Pterocarpus macrocarpus/sub_050/139_1_1.png,val/Pterocarpus macrocarpus/139_1_1.png
Dalbergia oliveri/sub_013/Dalbergia oliveri_3237.10_ (22).png,val/Dalbergia oliveri/Dalbergia oliveri_3237.10_ (22).png
Pterocarpus indicus/sub_020/3395. Pterocarpus indicus.2 (41).png,val/Pterocarpus indicus/3395. Pterocarpus indicus.2 (41).png
Dalbergia melanoxylon/sub_033/3352. Dalbergia melanoxylon.10.(269).png,val/Dalbergia melanoxylon/3352. Dalbergia melanoxylon.10.(269).png
Pterocarpus macrocarpus/sub_013/16_1.png,val/Pterocarpus macrocarpus/16_1.png
Guibourtia coleosperma/sub_012/Guibourtia coleosperma_3253.10 (30).png,val/Guibourtia coleosperma/Guibourtia coleosperma_3253.10 (30).png
Guibourtia coleosperma/sub_027/Guibourtia coleosperma_3253.10 (12).png,val/Guibourtia coleosperma/Guibourtia coleosperma_3253.10 (12).png
Dalbergia oliveri/sub_009/Dalbergia oliveri_3237.2_ (7).png,val/Dalbergia oliveri/Dalbergia oliveri_3237.2_ (7).png
Pterocarpus soyauxii/sub_020/148.png,val/Pterocarpus soyauxii/148.png
Pterocarpus sp/sub_105/148_3.png,val/Pterocarpus sp/148_3.png
Dalbergia oliveri/sub_030/Dalbergia oliveri_3237.3_ (2).png,val/Dalbergia oliveri/Dalbergia oliveri_3237.3_ (2).png
Dalbergia cochinchinensis/sub_019/Dalbergia cochinchinensis.3280.1 (17).png,val/Dalbergia cochinchinensis/Dalbergia cochinchinensis.3280.1 (17).png
Afzelia quanzensis/sub_063/125_3.png,val/Afzelia quanzensis/125_3.png
Guibourtia ehie/sub_004/Guibourtia ehie_PVFM153_6_(206).png,val/Guibourtia ehie/Guibourtia ehie_PVFM153_6_(206).png
Pterocarpus macrocarpus/sub_031/127_4.png,val/Pterocarpus macrocarpus/127_4.png
Dalbergia tonkinensis/sub_046/3353. Dalbergia tonkinensis.5.(146).png,val/Dalbergia tonkinensis/3353. Dalbergia tonkinensis.5.(146).png
Pterocarpus indicus/sub_019/3395. Pterocarpus indicus.2 (37).png,val/Pterocarpus indicus/3395. Pterocarpus indicus.2 (37).png
Guibourtia coleosperma/sub_019/Guibourtia coleosperma_3253.8 (18).png,val/Guibourtia coleosperma/Guibourtia coleosperma_3253.8 (18).png
Pterocarpus soyauxii/sub_071/170.png,val/Pterocarpus soyauxii/170.png
Pterocarpus macrocarpus/sub_031/16.png,val/Pterocarpus macrocarpus/16.png
Afzelia pachyloba/sub_049/6.3.png,val/Afzelia pachyloba/6.3.png
Guibourtia ehie/sub_035/Guibourtia ehie_SXGM640_8_(283).png,val/Guibourtia ehie/Guibourtia ehie_SXGM640_8_(283).png
Dalbergia tonkinensis/sub_030/3353. Dalbergia tonkinensis.4.(124).png,val/Dalbergia tonkinensis/3353. Dalbergia tonkinensis.4.(124).png
Afzelia africana/sub_026/doussie4_1.png,val/Afzelia africana/doussie4_1.png
Sindora cochinchinensis/sub_045/gụ42.png,val/Sindora cochinchinensis/gụ42.png
Sindora tonkinensis/sub_007/3381. Sindora tonkinensis.9 (287).png,val/Sindora tonkinensis/3381. Sindora tonkinensis.9 (287).png
Guibourtia ehie/sub_034/Guibourtia ehie_UORX694_10_(363).png,val/Guibourtia ehie/Guibourtia ehie_UORX694_10_(363).png
Sindora cochinchinensis/sub_046/gụ65_1.png,val/Sindora cochinchinensis/gụ65_1.png
Afzelia bella/sub_049/Afzelia bella_LYSV052_(196).png,val/Afzelia bella/Afzelia bella_LYSV052_(196).png
Dalbergia cochinchinensis/sub_004/Dalbergia cochinchinensis.3280.9 (32).png,val/Dalbergia cochinchinensis/Dalbergia cochinchinensis.3280.9 (32).png
Afzelia africana/sub_066/doussie56_1.png,val/Afzelia africana/doussie56_1.png
Sindora cochinchinensis/sub_021/gụ73_1.png,val/Sindora cochinchinensis/gụ73_1.png
Pterocarpus macrocarpus/sub_014/18_2.png,val/Pterocarpus macrocarpus/18_2.png
Guibourtia ehie/sub_033/Guibourtia ehie_PVFM153_6_(223).png,val/Guibourtia ehie/Guibourtia ehie_PVFM153_6_(223).png
Guibourtia arnoldiana/sub_036/3411. Guibourtia arnoldiana.10 (317).png,val/Guibourtia arnoldiana/3411. Guibourtia arnoldiana.10 (317).png
Guibourtia coleosperma/sub_017/Guibourtia coleosperma_3253.6 (18).png,val/Guibourtia coleosperma/Guibourtia coleosperma_3253.6 (18).png
Sindora tonkinensis/sub_041/3381. Sindora tonkinensis.6 (185).png,val/Sindora tonkinensis/3381. Sindora tonkinensis.6 (185).png
Dalbergia tonkinensis/sub_035/3353. Dalbergia tonkinensis.9.(268).png,val/Dalbergia tonkinensis/3353. Dalbergia tonkinensis.9.(268).png
Afzelia bella/sub_049/Afzelia bella_AMRX692_(47).png,val/Afzelia bella/Afzelia bella_AMRX692_(47).png
Dalbergia rimosa/sub_022/3414. Dalbergia rimosa.7 (182).png,val/Dalbergia rimosa/3414. Dalbergia rimosa.7 (182).png
Pterocarpus sp/sub_011/133_2.png,val/Pterocarpus sp/133_2.png
Guibourtia ehie/sub_001/Guibourtia ehie_SXGM640_8_(299).png,val/Guibourtia ehie/Guibourtia ehie_SXGM640_8_(299).png
Dalbergia rimosa/sub_024/3414. Dalbergia rimosa.7 (185).png,val/Dalbergia rimosa/3414. Dalbergia rimosa.7 (185).png
Pterocarpus macrocarpus/sub_038/124_1.png,val/Pterocarpus macrocarpus/124_1.png
Dalbergia melanoxylon/sub_003/3352. Dalbergia melanoxylon.2 (39).png,val/Dalbergia melanoxylon/3352. Dalbergia melanoxylon.2 (39).png
Afzelia africana/sub_072/doussie17.png,val/Afzelia africana/doussie17.png
Dalbergia rimosa/sub_027/3414. Dalbergia rimosa.7 (187).png,val/Dalbergia rimosa/3414. Dalbergia rimosa.7 (187).png
Peltogyne pubescens/sub_026/3377. Peltogyne pubescens.6 (194).png,val/Peltogyne pubescens/3377. Peltogyne pubescens.6 (194).png
Dalbergia tonkinensis/sub_022/3353. Dalbergia tonkinensis.4.(125).png,val/Dalbergia tonkinensis/3353. Dalbergia tonkinensis.4.(125).png
Dalbergia oliveri/sub_025/Dalbergia oliveri_3237.4_ (1).png,val/Dalbergia oliveri/Dalbergia oliveri_3237.4_ (1).png
Afzelia quanzensis/sub_046/136_2_1.png,val/Afzelia quanzensis/136_2_1.png
Pterocarpus soyauxii/sub_076/117_1_1.png,val/Pterocarpus soyauxii/117_1_1.png
Afzelia africana/sub_004/doussie29.png,val/Afzelia africana/doussie29.png
Pterocarpus erinaceus/sub_005/3403. Pterocarpus erinaceus.3 (97).png,val/Pterocarpus erinaceus/3403. Pterocarpus erinaceus.3 (97).png
Pterocarpus soyauxii/sub_007/172.png,val/Pterocarpus soyauxii/172__e19530e8.png
Guibourtia coleosperma/sub_049/Guibourtia coleosperma_3253.1 (11).png,val/Guibourtia coleosperma/Guibourtia coleosperma_3253.1 (11).png
Sindora tonkinensis/sub_063/3381. Sindora tonkinensis.1 (21).png,val/Sindora tonkinensis/3381. Sindora tonkinensis.1 (21).png
Guibourtia coleosperma/sub_055/Guibourtia coleosperma_3253.10 (24).png,val/Guibourtia coleosperma/Guibourtia coleosperma_3253.10 (24).png
Pterocarpus soyauxii/sub_002/17_3.png,val/Pterocarpus soyauxii/17_3.png
Dalbergia melanoxylon/sub_001/3352. Dalbergia melanoxylon.8.(223).png,val/Dalbergia melanoxylon/3352. Dalbergia melanoxylon.8.(223).png
Peltogyne pubescens/sub_020/3377. Peltogyne pubescens.9 (323).png,val/Peltogyne pubescens/3377. Peltogyne pubescens.9 (323).png
Pterocarpus sp/sub_017/122_1.png,val/Pterocarpus sp/122_1.png
Guibourtia ehie/sub_060/Guibourtia ehie_UORX694_10_(366).png,val/Guibourtia ehie/Guibourtia ehie_UORX694_10_(366).png
Sindora tonkinensis/sub_002/3381. Sindora tonkinensis.3 (89).png,val/Sindora tonkinensis/3381. Sindora tonkinensis.3 (89).png
Pterocarpus indicus/sub_005/3395. Pterocarpus indicus.2 (32).png,val/Pterocarpus indicus/3395. Pterocarpus indicus.2 (32).png
Sindora cochinchinensis/sub_004/gụ71.png,val/Sindora cochinchinensis/gụ71.png
Dalbergia cochinchinensis/sub_001/Dalbergia cochinchinensis.3280.9 (4).png,val/Dalbergia cochinchinensis/Dalbergia cochinchinensis.3280.9 (4).png
Pterocarpus soyauxii/sub_025/184.png,val/Pterocarpus soyauxii/184.png
Sindora cochinchinensis/sub_027/gụ58_1.png,val/Sindora cochinchinensis/gụ58_1.png
Pterocarpus indicus/sub_001/3395. Pterocarpus indicus.5 (126).png,val/Pterocarpus indicus/3395. Pterocarpus indicus.5 (126).png
Guibourtia coleosperma/sub_021/Guibourtia coleosperma_3253.4 (23).png,val/Guibourtia coleosperma/Guibourtia coleosperma_3253.4 (23).png
Pterocarpus indicus/sub_003/3395. Pterocarpus indicus.3 (68).png,val/Pterocarpus indicus/3395. Pterocarpus indicus.3 (68).png
Guibourtia ehie/sub_090/Guibourtia ehie_TLYO895_9_(352).png,val/Guibourtia ehie/Guibourtia ehie_TLYO895_9_(352).png
Afzelia bella/sub_016/Afzelia bella_FFCA657_9_32132.png,val/Afzelia bella/Afzelia bella_FFCA657_9_32132.png
Guibourtia coleosperma/sub_083/Guibourtia coleosperma_3253.4 (7).png,val/Guibourtia coleosperma/Guibourtia coleosperma_3253.4 (7).png
Guibourtia ehie/sub_056/Guibourtia ehie_UORX694_10_(364).png,val/Guibourtia ehie/Guibourtia ehie_UORX694_10_(364).png
Pterocarpus sp/sub_038/164.png,val/Pterocarpus sp/164.png
Pterocarpus macrocarpus/sub_024/119_3.png,val/Pterocarpus macrocarpus/119_3.png
Dalbergia melanoxylon/sub_017/3352. Dalbergia melanoxylon.6.(164).png,val/Dalbergia melanoxylon/3352. Dalbergia melanoxylon.6.(164).png
Afzelia africana/sub_035/doussie32_2.png,val/Afzelia africana/doussie32_2.png
Dalbergia rimosa/sub_007/3414. Dalbergia rimosa.7 (189).png,val/Dalbergia rimosa/3414. Dalbergia rimosa.7 (189).png
Guibourtia coleosperma/sub_015/Guibourtia coleosperma_3253.10 (20).png,val/Guibourtia coleosperma/Guibourtia coleosperma_3253.10 (20).png
Afzelia quanzensis/sub_024/133_2.png,val/Afzelia quanzensis/133_2.png
Dalbergia oliveri/sub_030/Dalbergia oliveri_3237.4_ (27).png,val/Dalbergia oliveri/Dalbergia oliveri_3237.4_ (27).png
Sindora cochinchinensis/sub_049/gụ7_1.png,val/Sindora cochinchinensis/gụ7_1.png
Dalbergia cochinchinensis/sub_003/Dalbergia cochinchinensis.3280.9 (33).png,val/Dalbergia cochinchinensis/Dalbergia cochinchinensis.3280.9 (33).png
Dalbergia tonkinensis/sub_032/3353. Dalbergia tonkinensis.4.(108).png,val/Dalbergia tonkinensis/3353. Dalbergia tonkinensis.4.(108).png
Pterocarpus soyauxii/sub_047/11.png,val/Pterocarpus soyauxii/11.png
Guibourtia arnoldiana/sub_040/3411. Guibourtia arnoldiana.5 (130).png,val/Guibourtia arnoldiana/3411. Guibourtia arnoldiana.5 (130).png
Guibourtia coleosperma/sub_027/Guibourtia coleosperma_3253.10 (18).png,val/Guibourtia coleosperma/Guibourtia coleosperma_3253.10 (18).png
Dalbergia rimosa/sub_071/3414. Dalbergia rimosa.8 (214).png,val/Dalbergia rimosa/3414. Dalbergia rimosa.8 (214).png
Pterocarpus macrocarpus/sub_011/13_2.png,val/Pterocarpus macrocarpus/13_2.png
Dalbergia oliveri/sub_004/Dalbergia oliveri_3237.5_ (32).png,val/Dalbergia oliveri/Dalbergia oliveri_3237.5_ (32).png
Pterocarpus erinaceus/sub_008/3403. Pterocarpus erinaceus.5 (156).png,val/Pterocarpus erinaceus/3403. Pterocarpus erinaceus.5 (156).png
Afzelia quanzensis/sub_039/148_2.png,val/Afzelia quanzensis/148_2.png
Pterocarpus erinaceus/sub_033/3403. Pterocarpus erinaceus.10 (334).png,val/Pterocarpus erinaceus/3403. Pterocarpus erinaceus.10 (334).png
Pterocarpus sp/sub_107/12.png,val/Pterocarpus sp/12.png
Afzelia pachyloba/sub_002/3.2.png,val/Afzelia pachyloba/3.2.png
Dalbergia tonkinensis/sub_041/3353. Dalbergia tonkinensis.4.(106).png,val/Dalbergia tonkinensis/3353. Dalbergia tonkinensis.4.(106).png
Afzelia bella/sub_036/Afzelia bella_QCYD170_(280).png,val/Afzelia bella/Afzelia bella_QCYD170_(280).png
Guibourtia coleosperma/sub_001/Guibourtia coleosperma_3253.4 (25).png,val/Guibourtia coleosperma/Guibourtia coleosperma_3253.4 (25).png
Dalbergia rimosa/sub_019/3414. Dalbergia rimosa.5 (129).png,val/Dalbergia rimosa/3414. Dalbergia rimosa.5 (129).png
Dalbergia cochinchinensis/sub_007/Dalbergia cochinchinensis.3280.9 (24).png,val/Dalbergia cochinchinensis/Dalbergia cochinchinensis.3280.9 (24).png
Guibourtia coleosperma/sub_020/Guibourtia coleosperma_3253.8 (25).png,val/Guibourtia coleosperma/Guibourtia coleosperma_3253.8 (25).png
Afzelia quanzensis/sub_080/11_4.png,val/Afzelia quanzensis/11_4.png
Pterocarpus sp/sub_005/121_1.png,val/Pterocarpus sp/121_1.png
Guibourtia arnoldiana/sub_024/3411. Guibourtia arnoldiana.2 (37).png,test/Guibourtia arnoldiana/3411. Guibourtia arnoldiana.2 (37).png
Guibourtia ehie/sub_002/Guibourtia ehie_KREW954_4_(146).png,test/Guibourtia ehie/Guibourtia ehie_KREW954_4_(146).png
Dalbergia tonkinensis/sub_029/3353. Dalbergia tonkinensis.9.(277).png,test/Dalbergia tonkinensis/3353. Dalbergia tonkinensis.9.(277).png
Afzelia pachyloba/sub_025/1.2_1.png,test/Afzelia pachyloba/1.2_1.png
Guibourtia arnoldiana/sub_012/3411. Guibourtia arnoldiana.6 (181).png,test/Guibourtia arnoldiana/3411. Guibourtia arnoldiana.6 (181).png
Guibourtia arnoldiana/sub_014/3411. Guibourtia arnoldiana.1 (28).png,test/Guibourtia arnoldiana/3411. Guibourtia arnoldiana.1 (28).png
Afzelia quanzensis/sub_049/18_4.png,test/Afzelia quanzensis/18_4.png
Dalbergia melanoxylon/sub_017/3352. Dalbergia melanoxylon.10.(280).png,test/Dalbergia melanoxylon/3352. Dalbergia melanoxylon.10.(280).png
Sindora tonkinensis/sub_021/3381. Sindora tonkinensis.6 (187).png,test/Sindora tonkinensis/3381. Sindora tonkinensis.6 (187).png
Guibourtia ehie/sub_089/Guibourtia ehie_PVFM153_6_(212).png,test/Guibourtia ehie/Guibourtia ehie_PVFM153_6_(212).png
Guibourtia ehie/sub_004/Guibourtia ehie_PVFM153_6_(210).png,test/Guibourtia ehie/Guibourtia ehie_PVFM153_6_(210).png
Afzelia africana/sub_005/doussie15.png,test/Afzelia africana/doussie15.png
Dalbergia tonkinensis/sub_004/3353. Dalbergia tonkinensis.5.(142).png,test/Dalbergia tonkinensis/3353. Dalbergia tonkinensis.5.(142).png
Peltogyne pubescens/sub_019/3377. Peltogyne pubescens.5 (161).png,test/Peltogyne pubescens/3377. Peltogyne pubescens.5 (161).png
Pterocarpus sp/sub_069/18.png,test/Pterocarpus sp/18.png
Sindora tonkinensis/sub_028/3381. Sindora tonkinensis.3 (69).png,test/Sindora tonkinensis/3381. Sindora tonkinensis.3 (69).png
Dalbergia oliveri/sub_052/Dalbergia oliveri_3237.3_ (3).png,test/Dalbergia oliveri/Dalbergia oliveri_3237.3_ (3).png
Sindora tonkinensis/sub_030/3381. Sindora tonkinensis.2 (63).png,test/Sindora tonkinensis/3381. Sindora tonkinensis.2 (63).png
Peltogyne pubescens/sub_035/3377. Peltogyne pubescens.10 (371).png,test/Peltogyne pubescens/3377. Peltogyne pubescens.10 (371).png
Dalbergia melanoxylon/sub_029/3352. Dalbergia melanoxylon.1.(9).png,test/Dalbergia melanoxylon/3352. Dalbergia melanoxylon.1.(9).png
Pterocarpus soyauxii/sub_032/134.png,test/Pterocarpus soyauxii/134.png
Pterocarpus soyauxii/sub_008/128.png,test/Pterocarpus soyauxii/128.png
Pterocarpus macrocarpus/sub_010/135_2.png,test/Pterocarpus macrocarpus/135_2.png
Pterocarpus indicus/sub_005/3395. Pterocarpus indicus.3 (66).png,test/Pterocarpus indicus/3395. Pterocarpus indicus.3 (66).png
Dalbergia rimosa/sub_049/3414. Dalbergia rimosa.8 (230).png,test/Dalbergia rimosa/3414. Dalbergia rimosa.8 (230).png
Pterocarpus macrocarpus/sub_019/146_2_1.png,test/Pterocarpus macrocarpus/146_2_1.png
Pterocarpus macrocarpus/sub_009/12_3.png,test/Pterocarpus macrocarpus/12_3.png
Afzelia pachyloba/sub_031/1.4_1.png,test/Afzelia pachyloba/1.4_1.png
Dalbergia oliveri/sub_052/Dalbergia oliveri_3237.3_ (14).png,test/Dalbergia oliveri/Dalbergia oliveri_3237.3_ (14).png
Dalbergia tonkinensis/sub_020/3353. Dalbergia tonkinensis.9.(263).png,test/Dalbergia tonkinensis/3353. Dalbergia tonkinensis.9.(263).png
Guibourtia arnoldiana/sub_041/3411. Guibourtia arnoldiana.7 (202).png,test/Guibourtia arnoldiana/3411. Guibourtia arnoldiana.7 (202).png
Sindora tonkinensis/sub_046/3381. Sindora tonkinensis.2 (35).png,test/Sindora tonkinensis/3381. Sindora tonkinensis.2 (35).png
Guibourtia ehie/sub_026/Guibourtia ehie_KREW954_4_(142).png,test/Guibourtia ehie/Guibourtia ehie_KREW954_4_(142).png
Pterocarpus indicus/sub_032/3395. Pterocarpus indicus.7 (206).png,test/Pterocarpus indicus/3395. Pterocarpus indicus.7 (206).png
Afzelia pachyloba/sub_028/3.4.png,test/Afzelia pachyloba/3.4.png
Dalbergia melanoxylon/sub_024/3352. Dalbergia melanoxylon.6.(178).png,test/Dalbergia melanoxylon/3352. Dalbergia melanoxylon.6.(178).png
Peltogyne pubescens/sub_027/3377. Peltogyne pubescens.1 (16).png,test/Peltogyne pubescens/3377. Peltogyne pubescens.1 (16).png
Afzelia pachyloba/sub_005/6.3_1.png,test/Afzelia pachyloba/6.3_1.png
Afzelia bella/sub_026/Afzelia bella_LYSV052_(193).png,test/Afzelia bella/Afzelia bella_LYSV052_(193).png
Afzelia bella/sub_044/Afzelia bella_AKMX287_(25).png,test/Afzelia bella/Afzelia bella_AKMX287_(25).png
Pterocarpus erinaceus/sub_019/3403. Pterocarpus erinaceus.1(3).png,test/Pterocarpus erinaceus/3403. Pterocarpus erinaceus.1(3).png
Pterocarpus sp/sub_090/126.png,test/Pterocarpus sp/126.png
Afzelia quanzensis/sub_006/149_4.png,test/Afzelia quanzensis/149_4.png
Pterocarpus sp/sub_026/145_2.png,test/Pterocarpus sp/145_2.png
Pterocarpus soyauxii/sub_009/1121.png,test/Pterocarpus soyauxii/1121.png
Dalbergia cochinchinensis/sub_006/Dalbergia cochinchinensis.3280.2 (3).png,test/Dalbergia cochinchinensis/Dalbergia cochinchinensis.3280.2 (3).png
Pterocarpus indicus/sub_005/3395. Pterocarpus indicus.7 (214).png,test/Pterocarpus indicus/3395. Pterocarpus indicus.7 (214).png
Afzelia bella/sub_080/Afzelia bella_WJSV740_10_36121.png,test/Afzelia bella/Afzelia bella_WJSV740_10_36121.png
Pterocarpus sp/sub_007/147_4.png,test/Pterocarpus sp/147_4.png
Pterocarpus macrocarpus/sub_014/113.png,test/Pterocarpus macrocarpus/113.png
Pterocarpus sp/sub_042/112_3.png,test/Pterocarpus sp/112_3.png
Dalbergia tonkinensis/sub_048/3353. Dalbergia tonkinensis.3.(87).png,test/Dalbergia tonkinensis/3353. Dalbergia tonkinensis.3.(87).png
Pterocarpus indicus/sub_008/3395. Pterocarpus indicus.4 (124).png,test/Pterocarpus indicus/3395. Pterocarpus indicus.4 (124).png
Pterocarpus macrocarpus/sub_006/14.png,test/Pterocarpus macrocarpus/14.png
Peltogyne pubescens/sub_017/3377. Peltogyne pubescens.9 (333).png,test/Peltogyne pubescens/3377. Peltogyne pubescens.9 (333).png
Guibourtia arnoldiana/sub_020/3411. Guibourtia arnoldiana.2 (35).png,test/Guibourtia arnoldiana/3411. Guibourtia arnoldiana.2 (35).png
Dalbergia oliveri/sub_023/Dalbergia oliveri_3237.2_ (12).png,test/Dalbergia oliveri/Dalbergia oliveri_3237.2_ (12).png
Dalbergia rimosa/sub_007/3414. Dalbergia rimosa.8 (231).png,test/Dalbergia rimosa/3414. Dalbergia rimosa.8 (231).png
Pterocarpus soyauxii/sub_043/115_1_1.png,test/Pterocarpus soyauxii/115_1_1.png
Afzelia africana/sub_016/doussie28_1.png,test/Afzelia africana/doussie28_1.png
Guibourtia ehie/sub_045/Guibourtia ehie_PVFM153_6_(201).png,test/Guibourtia ehie/Guibourtia ehie_PVFM153_6_(201).png
Pterocarpus indicus/sub_001/3395. Pterocarpus indicus.6 (174).png,test/Pterocarpus indicus/3395. Pterocarpus indicus.6 (174).png
Sindora cochinchinensis/sub_006/gụ100_1.png,test/Sindora cochinchinensis/gụ100_1.png
Afzelia quanzensis/sub_013/138.png,test/Afzelia quanzensis/138.png
Guibourtia ehie/sub_046/Guibourtia ehie_PVFM153_6_(232).png,test/Guibourtia ehie/Guibourtia ehie_PVFM153_6_(232).png
Dalbergia cochinchinensis/sub_033/Dalbergia cochinchinensis.3280.4 (20).png,test/Dalbergia cochinchinensis/Dalbergia cochinchinensis.3280.4 (20).png
Pterocarpus soyauxii/sub_012/165_1.png,test/Pterocarpus soyauxii/165_1.png
Pterocarpus soyauxii/sub_089/1101.png,test/Pterocarpus soyauxii/1101.png
Dalbergia oliveri/sub_019/Dalbergia oliveri_3237.3_ (15).png,test/Dalbergia oliveri/Dalbergia oliveri_3237.3_ (15).png
Afzelia bella/sub_043/Afzelia bella_LYSV052_(192).png,test/Afzelia bella/Afzelia bella_LYSV052_(192).png
Peltogyne pubescens/sub_016/3377. Peltogyne pubescens.4 (150).png,test/Peltogyne pubescens/3377. Peltogyne pubescens.4 (150).png
Pterocarpus erinaceus/sub_067/3403. Pterocarpus erinaceus.4 (121).png,test/Pterocarpus erinaceus/3403. Pterocarpus erinaceus.4 (121).png
Afzelia africana/sub_061/doussie72.png,test/Afzelia africana/doussie72.png
Peltogyne pubescens/sub_007/3377. Peltogyne pubescens.10 (357).png,test/Peltogyne pubescens/3377. Peltogyne pubescens.10 (357).png
Pterocarpus macrocarpus/sub_044/19_1.png,test/Pterocarpus macrocarpus/19_1.png
Afzelia bella/sub_015/Afzelia bella_FFCA657_9_32128.png,test/Afzelia bella/Afzelia bella_FFCA657_9_32128.png
Afzelia africana/sub_012/doussie38_1_1.png,test/Afzelia africana/doussie38_1_1.png
Guibourtia ehie/sub_032/Guibourtia ehie_QAMZ768_7_(275).png,test/Guibourtia ehie/Guibourtia ehie_QAMZ768_7_(275).png
Guibourtia coleosperma/sub_016/Guibourtia coleosperma_3253.10 (32).png,test/Guibourtia coleosperma/Guibourtia coleosperma_3253.10 (32).png
Pterocarpus sp/sub_048/146_2.png,test/Pterocarpus sp/146_2.png
Afzelia africana/sub_041/doussie52_1_1.png,test/Afzelia africana/doussie52_1_1.png
Pterocarpus soyauxii/sub_032/149.png,test/Pterocarpus soyauxii/149.png
Sindora tonkinensis/sub_003/3381. Sindora tonkinensis.3 (72).png,test/Sindora tonkinensis/3381. Sindora tonkinensis.3 (72).png
Peltogyne pubescens/sub_011/3377. Peltogyne pubescens.3 (92).png,test/Peltogyne pubescens/3377. Peltogyne pubescens.3 (92).png
Guibourtia arnoldiana/sub_029/3411. Guibourtia arnoldiana.6 (162).png,test/Guibourtia arnoldiana/3411. Guibourtia arnoldiana.6 (162).png
Guibourtia arnoldiana/sub_012/3411. Guibourtia arnoldiana.4 (119).png,test/Guibourtia arnoldiana/3411. Guibourtia arnoldiana.4 (119).png
Sindora tonkinensis/sub_059/3381. Sindora tonkinensis.6 (186).png,test/Sindora tonkinensis/3381. Sindora tonkinensis.6 (186).png
Pterocarpus soyauxii/sub_052/165.png,test/Pterocarpus soyauxii/165.png
Guibourtia arnoldiana/sub_008/3411. Guibourtia arnoldiana.1 (30).png,test/Guibourtia arnoldiana/3411. Guibourtia arnoldiana.1 (30).png
Guibourtia ehie/sub_056/Guibourtia ehie_GHQN943_3_(109).png,test/Guibourtia ehie/Guibourtia ehie_GHQN943_3_(109).png
Sindora tonkinensis/sub_019/3381. Sindora tonkinensis.1 (14).png,test/Sindora tonkinensis/3381. Sindora tonkinensis.1 (14).png
Peltogyne pubescens/sub_022/3377. Peltogyne pubescens.9 (302).png,test/Peltogyne pubescens/3377. Peltogyne pubescens.9 (302).png
Dalbergia cochinchinensis/sub_044/Dalbergia cochinchinensis.3280.2 (16).png,test/Dalbergia cochinchinensis/Dalbergia cochinchinensis.3280.2 (16).png
Guibourtia ehie/sub_003/Guibourtia ehie_FEHC134_2_(46).png,test/Guibourtia ehie/Guibourtia ehie_FEHC134_2_(46).png
Pterocarpus indicus/sub_041/3395. Pterocarpus indicus.8 (234).png,test/Pterocarpus indicus/3395. Pterocarpus indicus.8 (234).png
Dalbergia rimosa/sub_042/3414. Dalbergia rimosa.1(7).png,test/Dalbergia rimosa/3414. Dalbergia rimosa.1(7).png
Guibourtia arnoldiana/sub_008/3411. Guibourtia arnoldiana.2 (33).png,test/Guibourtia arnoldiana/3411. Guibourtia arnoldiana.2 (33).png
Peltogyne pubescens/sub_004/3377. Peltogyne pubescens.1 (31).png,test/Peltogyne pubescens/3377. Peltogyne pubescens.1 (31).png
Afzelia bella/sub_023/Afzelia bella_AKMX287_(13).png,test/Afzelia bella/Afzelia bella_AKMX287_(13).png
Peltogyne pubescens/sub_008/3377. Peltogyne pubescens.2 (44).png,test/Peltogyne pubescens/3377. Peltogyne pubescens.2 (44).png
Pterocarpus sp/sub_018/111.png,test/Pterocarpus sp/111.png
Pterocarpus indicus/sub_033/3395. Pterocarpus indicus.5 (160).png,test/Pterocarpus indicus/3395. Pterocarpus indicus.5 (160).png
Pterocarpus macrocarpus/sub_028/13_4.png,test/Pterocarpus macrocarpus/13_4.png
Pterocarpus sp/sub_024/156.png,test/Pterocarpus sp/156.png
Afzelia bella/sub_040/Afzelia bella_HYBT691_(138).png,test/Afzelia bella/Afzelia bella_HYBT691_(138).png
Pterocarpus indicus/sub_015/3395. Pterocarpus indicus.3 (87).png,test/Pterocarpus indicus/3395. Pterocarpus indicus.3 (87).png
Afzelia bella/sub_031/Afzelia bella_GCJA653_(110).png,test/Afzelia bella/Afzelia bella_GCJA653_(110).png
Dalbergia melanoxylon/sub_024/3352. Dalbergia melanoxylon.6.(173).png,test/Dalbergia melanoxylon/3352. Dalbergia melanoxylon.6.(173).png
Dalbergia cochinchinensis/sub_001/Dalbergia cochinchinensis.3280.4 (18).png,test/Dalbergia cochinchinensis/Dalbergia cochinchinensis.3280.4 (18).png
Pterocarpus macrocarpus/sub_015/118_4.png,test/Pterocarpus macrocarpus/118_4.png
Dalbergia tonkinensis/sub_007/3353. Dalbergia tonkinensis.3.(94).png,test/Dalbergia tonkinensis/3353. Dalbergia tonkinensis.3.(94).png
Sindora cochinchinensis/sub_009/gụ32_1.png,test/Sindora cochinchinensis/gụ32_1.png
Pterocarpus sp/sub_062/115_2.png,test/Pterocarpus sp/115_2.png
Sindora tonkinensis/sub_062/3381. Sindora tonkinensis.2 (37).png,test/Sindora tonkinensis/3381. Sindora tonkinensis.2 (37).png
Pterocarpus soyauxii/sub_038/163.png,test/Pterocarpus soyauxii/163.png
Dalbergia tonkinensis/sub_015/3353. Dalbergia tonkinensis.9.(259).png,test/Dalbergia tonkinensis/3353. Dalbergia tonkinensis.9.(259).png
Dalbergia cochinchinensis/sub_006/Dalbergia cochinchinensis.3280.4 (12).png,test/Dalbergia cochinchinensis/Dalbergia cochinchinensis.3280.4 (12).png
Pterocarpus erinaceus/sub_024/3403. Pterocarpus erinaceus.2 (44).png,test/Pterocarpus erinaceus/3403. Pterocarpus erinaceus.2 (44).png
Pterocarpus macrocarpus/sub_046/116.png,test/Pterocarpus macrocarpus/116.png
Guibourtia ehie/sub_030/Guibourtia ehie_QAMZ768_7_(247).png,test/Guibourtia ehie/Guibourtia ehie_QAMZ768_7_(247).png
Pterocarpus erinaceus/sub_007/3403. Pterocarpus erinaceus.6 (175).png,test/Pterocarpus erinaceus/3403. Pterocarpus erinaceus.6 (175).png
Afzelia pachyloba/sub_046/4.1_2.png,test/Afzelia pachyloba/4.1_2.png
Dalbergia oliveri/sub_009/Dalbergia oliveri_3237.5_ (3).png,test/Dalbergia oliveri/Dalbergia oliveri_3237.5_ (3).png
Afzelia bella/sub_021/Afzelia bella_FFCA657_9_32115.png,test/Afzelia bella/Afzelia bella_FFCA657_9_32115.png
Afzelia bella/sub_063/Afzelia bella_HYBT691_(128).png,test/Afzelia bella/Afzelia bella_HYBT691_(128).png
Pterocarpus sp/sub_068/165.png,test/Pterocarpus sp/165.png
Pterocarpus soyauxii/sub_083/198_1.png,test/Pterocarpus soyauxii/198_1.png
Pterocarpus sp/sub_075/132_3.png,test/Pterocarpus sp/132_3.png
Dalbergia melanoxylon/sub_001/3352. Dalbergia melanoxylon.7.(189).png,test/Dalbergia melanoxylon/3352. Dalbergia melanoxylon.7.(189).png
Pterocarpus erinaceus/sub_063/3403. Pterocarpus erinaceus.10 (316).png,test/Pterocarpus erinaceus/3403. Pterocarpus erinaceus.10 (316).png
Dalbergia rimosa/sub_011/3414. Dalbergia rimosa.9 (246).png,test/Dalbergia rimosa/3414. Dalbergia rimosa.9 (246).png
Dalbergia rimosa/sub_029/3414. Dalbergia rimosa.7 (193).png,test/Dalbergia rimosa/3414. Dalbergia rimosa.7 (193).png
Afzelia africana/sub_005/doussie36_2.png,test/Afzelia africana/doussie36_2.png
Pterocarpus soyauxii/sub_027/12_2.png,test/Pterocarpus soyauxii/12_2.png
Dalbergia oliveri/sub_073/Dalbergia oliveri_3237.7_ (26).png,test/Dalbergia oliveri/Dalbergia oliveri_3237.7_ (26).png
Dalbergia tonkinensis/sub_029/3353. Dalbergia tonkinensis.5.(150).png,test/Dalbergia tonkinensis/3353. Dalbergia tonkinensis.5.(150).png
Sindora tonkinensis/sub_005/3381. Sindora tonkinensis.1 (15).png,test/Sindora tonkinensis/3381. Sindora tonkinensis.1 (15).png
Guibourtia arnoldiana/sub_045/3411. Guibourtia arnoldiana.2 (48).png,test/Guibourtia arnoldiana/3411. Guibourtia arnoldiana.2 (48).png
Pterocarpus macrocarpus/sub_017/136_3.png,test/Pterocarpus macrocarpus/136_3.png
Guibourtia ehie/sub_062/Guibourtia ehie_PRQC042_5_(181).png,test/Guibourtia ehie/Guibourtia ehie_PRQC042_5_(181).png
Guibourtia ehie/sub_065/Guibourtia ehie_UORX694_10_(383).png,test/Guibourtia ehie/Guibourtia ehie_UORX694_10_(383).png
Sindora cochinchinensis/sub_018/gụ12_1.png,test/Sindora cochinchinensis/gụ12_1.png
Sindora cochinchinensis/sub_026/gụ37.png,test/Sindora cochinchinensis/gụ37.png
Peltogyne pubescens/sub_006/3377. Peltogyne pubescens.8 (258).png,test/Peltogyne pubescens/3377. Peltogyne pubescens.8 (258).png
Dalbergia cochinchinensis/sub_075/Dalbergia cochinchinensis.3280.2 (6).png,test/Dalbergia cochinchinensis/Dalbergia cochinchinensis.3280.2 (6).png
Guibourtia ehie/sub_023/Guibourtia ehie_UORX694_10_(361).png,test/Guibourtia ehie/Guibourtia ehie_UORX694_10_(361).png
Pterocarpus macrocarpus/sub_031/149_1.png,test/Pterocarpus macrocarpus/149_1.png
Guibourtia coleosperma/sub_018/Guibourtia coleosperma_3253.9 (24).png,test/Guibourtia coleosperma/Guibourtia coleosperma_3253.9 (24).png
Pterocarpus sp/sub_050/124_3.png,test/Pterocarpus sp/124_3.png
Sindora cochinchinensis/sub_019/gụ6_1.png,test/Sindora cochinchinensis/gụ6_1.png
Pterocarpus erinaceus/sub_008/3403. Pterocarpus erinaceus.1(13).png,test/Pterocarpus erinaceus/3403. Pterocarpus erinaceus.1(13).png
Dalbergia cochinchinensis/sub_027/Dalbergia cochinchinensis.3280.4 (14).png,test/Dalbergia cochinchinensis/Dalbergia cochinchinensis.3280.4 (14).png
Dalbergia cochinchinensis/sub_055/Dalbergia cochinchinensis.3280.2 (8).png,test/Dalbergia cochinchinensis/Dalbergia cochinchinensis.3280.2 (8).png
Pterocarpus sp/sub_080/15.png,test/Pterocarpus sp/15.png
Dalbergia oliveri/sub_023/Dalbergia oliveri_3237.9_ (9).png,test/Dalbergia oliveri/Dalbergia oliveri_3237.9_ (9).png
Afzelia pachyloba/sub_014/3.4_1.png,test/Afzelia pachyloba/3.4_1.png
Pterocarpus macrocarpus/sub_012/160.png,test/Pterocarpus macrocarpus/160.png
Afzelia bella/sub_010/Afzelia bella_WJSV740_10_36128.png,test/Afzelia bella/Afzelia bella_WJSV740_10_36128.png
Afzelia quanzensis/sub_011/132.png,test/Afzelia quanzensis/132.png
Guibourtia coleosperma/sub_037/Guibourtia coleosperma_3253.6 (22).png,test/Guibourtia coleosperma/Guibourtia coleosperma_3253.6 (22).png
Afzelia africana/sub_063/doussie57_2.png,test/Afzelia africana/doussie57_2.png
Afzelia bella/sub_031/Afzelia bella_AKMX287_(22).png,test/Afzelia bella/Afzelia bella_AKMX287_(22).png
Guibourtia coleosperma/sub_062/Guibourtia coleosperma_3253.10 (5).png,test/Guibourtia coleosperma/Guibourtia coleosperma_3253.10 (5).png
Afzelia bella/sub_002/Afzelia bella_AKMX287_(28).png,test/Afzelia bella/Afzelia bella_AKMX287_(28).png
Guibourtia ehie/sub_010/Guibourtia ehie_KREW954_4_(141).png,test/Guibourtia ehie/Guibourtia ehie_KREW954_4_(141).png
Pterocarpus indicus/sub_014/3395. Pterocarpus indicus.10 (310).png,test/Pterocarpus indicus/3395. Pterocarpus indicus.10 (310).png
Dalbergia oliveri/sub_037/Dalbergia oliveri_3237.4_ (11).png,test/Dalbergia oliveri/Dalbergia oliveri_3237.4_ (11).png
Pterocarpus macrocarpus/sub_003/120.png,test/Pterocarpus macrocarpus/120.png
Dalbergia rimosa/sub_065/3414. Dalbergia rimosa.9 (267).png,test/Dalbergia rimosa/3414. Dalbergia rimosa.9 (267).png
Guibourtia ehie/sub_002/Guibourtia ehie_FEHC134_2_(42).png,test/Guibourtia ehie/Guibourtia ehie_FEHC134_2_(42).png
Sindora cochinchinensis/sub_009/gụ8_3.png,test/Sindora cochinchinensis/gụ8_3.png
Sindora cochinchinensis/sub_019/gụ26.png,test/Sindora cochinchinensis/gụ26.png
Dalbergia rimosa/sub_026/3414. Dalbergia rimosa.4 (93).png,test/Dalbergia rimosa/3414. Dalbergia rimosa.4 (93).png
Pterocarpus erinaceus/sub_006/3403. Pterocarpus erinaceus.1(14).png,test/Pterocarpus erinaceus/3403. Pterocarpus erinaceus.1(14).png
Dalbergia cochinchinensis/sub_045/Dalbergia cochinchinensis.3280.2 (32).png,test/Dalbergia cochinchinensis/Dalbergia cochinchinensis.3280.2 (32).png
Pterocarpus soyauxii/sub_004/173.png,test/Pterocarpus soyauxii/173.png
Sindora cochinchinensis/sub_043/gụ27.png,test/Sindora cochinchinensis/gụ27.png
Dalbergia oliveri/sub_010/Dalbergia oliveri_3237.1_ (1).png,test/Dalbergia oliveri/Dalbergia oliveri_3237.1_ (1).png
Sindora cochinchinensis/sub_048/gụ49_2.png,test/Sindora cochinchinensis/gụ49_2.png
Dalbergia rimosa/sub_038/3414. Dalbergia rimosa.8 (219).png,test/Dalbergia rimosa/3414. Dalbergia rimosa.8 (219).png
Dalbergia rimosa/sub_009/3414. Dalbergia rimosa.3 (73).png,test/Dalbergia rimosa/3414. Dalbergia rimosa.3 (73).png
Dalbergia rimosa/sub_019/3414. Dalbergia rimosa.1(9).png,test/Dalbergia rimosa/3414. Dalbergia rimosa.1(9).png
Afzelia bella/sub_028/Afzelia bella_AKMX287_(2).png,test/Afzelia bella/Afzelia bella_AKMX287_(2).png
Dalbergia rimosa/sub_028/3414. Dalbergia rimosa.8 (228).png,test/Dalbergia rimosa/3414. Dalbergia rimosa.8 (228).png
Guibourtia coleosperma/sub_035/Guibourtia coleosperma_3253.2 (26).png,test/Guibourtia coleosperma/Guibourtia coleosperma_3253.2 (26).png
Afzelia bella/sub_002/Afzelia bella_QCYD170_(263).png,test/Afzelia bella/Afzelia bella_QCYD170_(263).png
Peltogyne pubescens/sub_016/3377. Peltogyne pubescens.4 (120).png,test/Peltogyne pubescens/3377. Peltogyne pubescens.4 (120).png
Guibourtia coleosperma/sub_035/Guibourtia coleosperma_3253.1 (30).png,test/Guibourtia coleosperma/Guibourtia coleosperma_3253.1 (30).png
Guibourtia arnoldiana/sub_043/3411. Guibourtia arnoldiana.1 (29).png,test/Guibourtia arnoldiana/3411. Guibourtia arnoldiana.1 (29).png
Dalbergia cochinchinensis/sub_044/Dalbergia cochinchinensis.3280.4 (2).png,test/Dalbergia cochinchinensis/Dalbergia cochinchinensis.3280.4 (2).png
Dalbergia cochinchinensis/sub_019/Dalbergia cochinchinensis.3280.2 (15).png,test/Dalbergia cochinchinensis/Dalbergia cochinchinensis.3280.2 (15).png
Peltogyne pubescens/sub_031/3377. Peltogyne pubescens.7 (242).png,test/Peltogyne pubescens/3377. Peltogyne pubescens.7 (242).png
Dalbergia oliveri/sub_037/Dalbergia oliveri_3237.3_ (7).png,test/Dalbergia oliveri/Dalbergia oliveri_3237.3_ (7).png
Dalbergia rimosa/sub_012/3414. Dalbergia rimosa.1(11).png,test/Dalbergia rimosa/3414. Dalbergia rimosa.1(11).png
Dalbergia rimosa/sub_012/3414. Dalbergia rimosa.4 (100).png,test/Dalbergia rimosa/3414. Dalbergia rimosa.4 (100).png
Pterocarpus indicus/sub_005/3395. Pterocarpus indicus.7 (195).png,test/Pterocarpus indicus/3395. Pterocarpus indicus.7 (195).png
Guibourtia coleosperma/sub_042/Guibourtia coleosperma_3253.10 (35).png,test/Guibourtia coleosperma/Guibourtia coleosperma_3253.10 (35).png
Dalbergia rimosa/sub_018/3414. Dalbergia rimosa.2 (31).png,test/Dalbergia rimosa/3414. Dalbergia rimosa.2 (31).png
Guibourtia coleosperma/sub_046/Guibourtia coleosperma_3253.2 (25).png,test/Guibourtia coleosperma/Guibourtia coleosperma_3253.2 (25).png
Dalbergia melanoxylon/sub_004/3352. Dalbergia melanoxylon.10.(273).png,test/Dalbergia melanoxylon/3352. Dalbergia melanoxylon.10.(273).png
Afzelia pachyloba/sub_020/6.1_1.png,test/Afzelia pachyloba/6.1_1.png
Peltogyne pubescens/sub_057/3377. Peltogyne pubescens.8 (268).png,test/Peltogyne pubescens/3377. Peltogyne pubescens.8 (268).png
Guibourtia ehie/sub_030/Guibourtia ehie_PVFM153_6_(211).png,test/Guibourtia ehie/Guibourtia ehie_PVFM153_6_(211).png
Dalbergia tonkinensis/sub_009/3353. Dalbergia tonkinensis.5.(159).png,test/Dalbergia tonkinensis/3353. Dalbergia tonkinensis.5.(159).png
Pterocarpus soyauxii/sub_027/133.png,test/Pterocarpus soyauxii/133.png
Dalbergia oliveri/sub_027/Dalbergia oliveri_3237.5_ (18).png,test/Dalbergia oliveri/Dalbergia oliveri_3237.5_ (18).png
Pterocarpus erinaceus/sub_014/3403. Pterocarpus erinaceus.10 (318).png,test/Pterocarpus erinaceus/3403. Pterocarpus erinaceus.10 (318).png
Dalbergia oliveri/sub_005/Dalbergia oliveri_3237.2_ (17).png,test/Dalbergia oliveri/Dalbergia oliveri_3237.2_ (17).png
Peltogyne pubescens/sub_021/3377. Peltogyne pubescens.5 (172).png,test/Peltogyne pubescens/3377. Peltogyne pubescens.5 (172).png
Guibourtia coleosperma/sub_016/Guibourtia coleosperma_3253.6 (21).png,test/Guibourtia coleosperma/Guibourtia coleosperma_3253.6 (21).png
Pterocarpus erinaceus/sub_036/3403. Pterocarpus erinaceus.1(8).png,test/Pterocarpus erinaceus/3403. Pterocarpus erinaceus.1(8).png
Pterocarpus sp/sub_052/137_3.png,test/Pterocarpus sp/137_3.png
Sindora tonkinensis/sub_005/3381. Sindora tonkinensis.9 (285).png,test/Sindora tonkinensis/3381. Sindora tonkinensis.9 (285).png
Pterocarpus macrocarpus/sub_065/18.png,test/Pterocarpus macrocarpus/18.png
Afzelia quanzensis/sub_071/135_1.png,test/Afzelia quanzensis/135_1.png
Sindora cochinchinensis/sub_077/gụ96.png,test/Sindora cochinchinensis/gụ96.png
Sindora tonkinensis/sub_013/3381. Sindora tonkinensis.7 (199).png,test/Sindora tonkinensis/3381. Sindora tonkinensis.7 (199).png
Dalbergia oliveri/sub_057/Dalbergia oliveri_3237.10_ (28).png,test/Dalbergia oliveri/Dalbergia oliveri_3237.10_ (28).png
Sindora cochinchinensis/sub_063/gụ9.png,test/Sindora cochinchinensis/gụ9.png
Sindora cochinchinensis/sub_068/gụ0.png,test/Sindora cochinchinensis/gụ0.png
Pterocarpus soyauxii/sub_043/145.png,test/Pterocarpus soyauxii/145.png
Dalbergia melanoxylon/sub_014/3352. Dalbergia melanoxylon.4.(105).png,test/Dalbergia melanoxylon/3352. Dalbergia melanoxylon.4.(105).png
Pterocarpus soyauxii/sub_052/125.png,test/Pterocarpus soyauxii/125.png
Dalbergia cochinchinensis/sub_030/Dalbergia cochinchinensis.3280.4 (17).png,test/Dalbergia cochinchinensis/Dalbergia cochinchinensis.3280.4 (17).png
Pterocarpus macrocarpus/sub_075/10.png,test/Pterocarpus macrocarpus/10.png
Guibourtia arnoldiana/sub_029/3411. Guibourtia arnoldiana.5 (135).png,test/Guibourtia arnoldiana/3411. Guibourtia arnoldiana.5 (135).png
Pterocarpus soyauxii/sub_063/13.png,test/Pterocarpus soyauxii/13.png
Pterocarpus macrocarpus/sub_036/160.png,test/Pterocarpus macrocarpus/160__e863d992.png
Pterocarpus soyauxii/sub_042/158_2.png,test/Pterocarpus soyauxii/158_2.png
Dalbergia tonkinensis/sub_027/3353. Dalbergia tonkinensis.9.(262).png,test/Dalbergia tonkinensis/3353. Dalbergia tonkinensis.9.(262).png
Afzelia bella/sub_019/Afzelia bella_WJSV740_10_36111.png,test/Afzelia bella/Afzelia bella_WJSV740_10_36111.png
Afzelia africana/sub_045/doussie4.png,test/Afzelia africana/doussie4.png
Dalbergia oliveri/sub_043/Dalbergia oliveri_3237.9_ (24).png,test/Dalbergia oliveri/Dalbergia oliveri_3237.9_ (24).png
Guibourtia ehie/sub_060/Guibourtia ehie_PRQC042_5_(183).png,test/Guibourtia ehie/Guibourtia ehie_PRQC042_5_(183).png
Afzelia bella/sub_075/Afzelia bella_AMRX692_(69).png,test/Afzelia bella/Afzelia bella_AMRX692_(69).png
Pterocarpus erinaceus/sub_068/3403. Pterocarpus erinaceus.5 (144).png,test/Pterocarpus erinaceus/3403. Pterocarpus erinaceus.5 (144).png
Pterocarpus erinaceus/sub_065/3403. Pterocarpus erinaceus.6 (183).png,test/Pterocarpus erinaceus/3403. Pterocarpus erinaceus.6 (183).png
Pterocarpus erinaceus/sub_021/3403. Pterocarpus erinaceus.6 (196).png,test/Pterocarpus erinaceus/3403. Pterocarpus erinaceus.6 (196).png
Afzelia quanzensis/sub_067/122_2.png,test/Afzelia quanzensis/122_2.png
Peltogyne pubescens/sub_003/3377. Peltogyne pubescens.9 (327).png,test/Peltogyne pubescens/3377. Peltogyne pubescens.9 (327).png
Dalbergia cochinchinensis/sub_068/Dalbergia cochinchinensis.3280.2 (21).png,test/Dalbergia cochinchinensis/Dalbergia cochinchinensis.3280.2 (21).png
Pterocarpus indicus/sub_002/3395. Pterocarpus indicus.5 (128).png,test/Pterocarpus indicus/3395. Pterocarpus indicus.5 (128).png
Afzelia bella/sub_062/Afzelia bella_FFCA657_9_32139.png,test/Afzelia bella/Afzelia bella_FFCA657_9_32139.png
Afzelia quanzensis/sub_040/156.png,test/Afzelia quanzensis/156.png
Peltogyne pubescens/sub_009/3377. Peltogyne pubescens.8 (260).png,test/Peltogyne pubescens/3377. Peltogyne pubescens.8 (260).png
Dalbergia tonkinensis/sub_064/3353. Dalbergia tonkinensis.9.(261).png,test/Dalbergia tonkinensis/3353. Dalbergia tonkinensis.9.(261).png
Pterocarpus sp/sub_003/146_1.png,test/Pterocarpus sp/146_1.png
Guibourtia arnoldiana/sub_030/3411. Guibourtia arnoldiana.9 (283).png,test/Guibourtia arnoldiana/3411. Guibourtia arnoldiana.9 (283).png
Dalbergia rimosa/sub_010/3414. Dalbergia rimosa.7 (201).png,test/Dalbergia rimosa/3414. Dalbergia rimosa.7 (201).png
Pterocarpus soyauxii/sub_026/127.png,test/Pterocarpus soyauxii/127.png
Sindora cochinchinensis/sub_041/gụ99.png,test/Sindora cochinchinensis/gụ99.png
Pterocarpus soyauxii/sub_048/111_3.png,test/Pterocarpus soyauxii/111_3.png
Pterocarpus indicus/sub_053/3395. Pterocarpus indicus.10 (309).png,test/Pterocarpus indicus/3395. Pterocarpus indicus.10 (309).png
Dalbergia melanoxylon/sub_032/3352. Dalbergia melanoxylon.8.(230).png,test/Dalbergia melanoxylon/3352. Dalbergia melanoxylon.8.(230).png
Dalbergia melanoxylon/sub_002/3352. Dalbergia melanoxylon.1.(14).png,test/Dalbergia melanoxylon/3352. Dalbergia melanoxylon.1.(14).png
Dalbergia oliveri/sub_009/Dalbergia oliveri_3237.2_ (29).png,test/Dalbergia oliveri/Dalbergia oliveri_3237.2_ (29).png
Dalbergia melanoxylon/sub_041/3352. Dalbergia melanoxylon.1.(10).png,test/Dalbergia melanoxylon/3352. Dalbergia melanoxylon.1.(10).png
Dalbergia rimosa/sub_006/3414. Dalbergia rimosa.6 (161).png,test/Dalbergia rimosa/3414. Dalbergia rimosa.6 (161).png
Sindora tonkinensis/sub_014/3381. Sindora tonkinensis.5 (140).png,test/Sindora tonkinensis/3381. Sindora tonkinensis.5 (140).png
Sindora cochinchinensis/sub_010/gụ21_1_1.png,test/Sindora cochinchinensis/gụ21_1_1.png
Dalbergia melanoxylon/sub_051/3352. Dalbergia melanoxylon.7.(179).png,test/Dalbergia melanoxylon/3352. Dalbergia melanoxylon.7.(179).png
Guibourtia ehie/sub_039/Guibourtia ehie_PRQC042_5_(185).png,test/Guibourtia ehie/Guibourtia ehie_PRQC042_5_(185).png
Dalbergia tonkinensis/sub_038/3353. Dalbergia tonkinensis.4.(109).png,test/Dalbergia tonkinensis/3353. Dalbergia tonkinensis.4.(109).png
Afzelia bella/sub_002/Afzelia bella_AKMX287_(21).png,test/Afzelia bella/Afzelia bella_AKMX287_(21).png
Afzelia bella/sub_078/Afzelia bella_AKMX287_(33).png,test/Afzelia bella/Afzelia bella_AKMX287_(33).png
Afzelia africana/sub_066/doussie46.png,test/Afzelia africana/doussie46.png
Dalbergia melanoxylon/sub_032/3352. Dalbergia melanoxylon.7.(182).png,test/Dalbergia melanoxylon/3352. Dalbergia melanoxylon.7.(182).png
Dalbergia cochinchinensis/sub_032/Dalbergia cochinchinensis.3280.4 (22).png,test/Dalbergia cochinchinensis/Dalbergia cochinchinensis.3280.4 (22).png
Dalbergia rimosa/sub_025/3414. Dalbergia rimosa.10 (286).png,test/Dalbergia rimosa/3414. Dalbergia rimosa.10 (286).png
Peltogyne pubescens/sub_001/3377. Peltogyne pubescens.1 (1).png,test/Peltogyne pubescens/3377. Peltogyne pubescens.1 (1).png
Pterocarpus indicus/sub_059/3395. Pterocarpus indicus.5 (136).png,test/Pterocarpus indicus/3395. Pterocarpus indicus.5 (136).png
Afzelia bella/sub_064/Afzelia bella_AMRX692_(68).png,test/Afzelia bella/Afzelia bella_AMRX692_(68).png
Afzelia bella/sub_023/Afzelia bella_WJSV740_10_36136.png,test/Afzelia bella/Afzelia bella_WJSV740_10_36136.png
Pterocarpus erinaceus/sub_005/3403. Pterocarpus erinaceus.10 (315).png,test/Pterocarpus erinaceus/3403. Pterocarpus erinaceus.10 (315).png
Afzelia bella/sub_020/Afzelia bella_GCJA653_(88).png,test/Afzelia bella/Afzelia bella_GCJA653_(88).png
Dalbergia tonkinensis/sub_019/3353. Dalbergia tonkinensis.4.(103).png,test/Dalbergia tonkinensis/3353. Dalbergia tonkinensis.4.(103).png
Peltogyne pubescens/sub_004/3377. Peltogyne pubescens.7 (240).png,test/Peltogyne pubescens/3377. Peltogyne pubescens.7 (240).png
Pterocarpus sp/sub_074/11.png,test/Pterocarpus sp/11.png
Pterocarpus sp/sub_097/142_3.png,test/Pterocarpus sp/142_3.png
Guibourtia ehie/sub_003/Guibourtia ehie_KREW954_4_(143).png,test/Guibourtia ehie/Guibourtia ehie_KREW954_4_(143).png
Guibourtia arnoldiana/sub_004/3411. Guibourtia arnoldiana.2 (47).png,test/Guibourtia arnoldiana/3411. Guibourtia arnoldiana.2 (47).png
Dalbergia oliveri/sub_036/Dalbergia oliveri_3237.4_ (13).png,test/Dalbergia oliveri/Dalbergia oliveri_3237.4_ (13).png
Afzelia africana/sub_049/doussie19_1.png,test/Afzelia africana/doussie19_1.png
Guibourtia arnoldiana/sub_001/3411. Guibourtia arnoldiana.10 (296).png,test/Guibourtia arnoldiana/3411. Guibourtia arnoldiana.10 (296).png
Sindora tonkinensis/sub_016/3381. Sindora tonkinensis.5 (158).png,test/Sindora tonkinensis/3381. Sindora tonkinensis.5 (158).png
Afzelia pachyloba/sub_002/1.3_1.png,test/Afzelia pachyloba/1.3_1.png
Dalbergia oliveri/sub_016/Dalbergia oliveri_3237.2_ (6).png,test/Dalbergia oliveri/Dalbergia oliveri_3237.2_ (6).png
Guibourtia arnoldiana/sub_017/3411. Guibourtia arnoldiana.3 (87).png,test/Guibourtia arnoldiana/3411. Guibourtia arnoldiana.3 (87).png
Pterocarpus indicus/sub_017/3395. Pterocarpus indicus.1 (11).png,test/Pterocarpus indicus/3395. Pterocarpus indicus.1 (11).png
Pterocarpus sp/sub_051/142_1.png,test/Pterocarpus sp/142_1.png
Dalbergia oliveri/sub_005/Dalbergia oliveri_3237.5_ (5).png,test/Dalbergia oliveri/Dalbergia oliveri_3237.5_ (5).png
Dalbergia oliveri/sub_009/Dalbergia oliveri_3237.2_ (1).png,test/Dalbergia oliveri/Dalbergia oliveri_3237.2_ (1).png
Pterocarpus soyauxii/sub_012/1111.png,test/Pterocarpus soyauxii/1111.png
Peltogyne pubescens/sub_016/3377. Peltogyne pubescens.2 (63).png,test/Peltogyne pubescens/3377. Peltogyne pubescens.2 (63).png
Dalbergia rimosa/sub_031/3414. Dalbergia rimosa.6 (169).png,test/Dalbergia rimosa/3414. Dalbergia rimosa.6 (169).png
Pterocarpus sp/sub_037/152_1.png,test/Pterocarpus sp/152_1.png
Pterocarpus sp/sub_068/155_3.png,test/Pterocarpus sp/155_3.png
Guibourtia ehie/sub_053/Guibourtia ehie_PRQC042_5_(182).png,test/Guibourtia ehie/Guibourtia ehie_PRQC042_5_(182).png
Afzelia quanzensis/sub_010/127_5.png,test/Afzelia quanzensis/127_5.png
Sindora cochinchinensis/sub_061/gụ90.png,test/Sindora cochinchinensis/gụ90.png
Dalbergia melanoxylon/sub_021/3352. Dalbergia melanoxylon.1.(15).png,test/Dalbergia melanoxylon/3352. Dalbergia melanoxylon.1.(15).png
Pterocarpus soyauxii/sub_037/170_1.png,test/Pterocarpus soyauxii/170_1.png
Pterocarpus soyauxii/sub_026/185.png,test/Pterocarpus soyauxii/185.png
Afzelia africana/sub_036/doussie35_1.png,test/Afzelia africana/doussie35_1.png
Peltogyne pubescens/sub_034/3377. Peltogyne pubescens.8 (261).png,test/Peltogyne pubescens/3377. Peltogyne pubescens.8 (261).png
Dalbergia cochinchinensis/sub_025/Dalbergia cochinchinensis.3280.2 (30).png,test/Dalbergia cochinchinensis/Dalbergia cochinchinensis.3280.2 (30).png
Pterocarpus erinaceus/sub_025/3403. Pterocarpus erinaceus.4 (130).png,test/Pterocarpus erinaceus/3403. Pterocarpus erinaceus.4 (130).png
Afzelia bella/sub_002/Afzelia bella_AKMX287_(12).png,test/Afzelia bella/Afzelia bella_AKMX287_(12).png
Sindora tonkinensis/sub_007/3381. Sindora tonkinensis.7 (223).png,test/Sindora tonkinensis/3381. Sindora tonkinensis.7 (223).png
Guibourtia ehie/sub_071/Guibourtia ehie_KREW954_4_(121).png,test/Guibourtia ehie/Guibourtia ehie_KREW954_4_(121).png
Pterocarpus erinaceus/sub_008/3403. Pterocarpus erinaceus.4 (120).png,test/Pterocarpus erinaceus/3403. Pterocarpus erinaceus.4 (120).png
Dalbergia melanoxylon/sub_033/3352. Dalbergia melanoxylon.9.(259).png,test/Dalbergia melanoxylon/3352. Dalbergia melanoxylon.9.(259).png
Dalbergia rimosa/sub_030/3414. Dalbergia rimosa.5 (134).png,test/Dalbergia rimosa/3414. Dalbergia rimosa.5 (134).png
Dalbergia cochinchinensis/sub_005/Dalbergia cochinchinensis.3280.9 (22).png,test/Dalbergia cochinchinensis/Dalbergia cochinchinensis.3280.9 (22).png
Pterocarpus soyauxii/sub_007/114.png,test/Pterocarpus soyauxii/114.png
Guibourtia coleosperma/sub_005/Guibourtia coleosperma_3253.8 (34).png,test/Guibourtia coleosperma/Guibourtia coleosperma_3253.8 (34).png
Sindora tonkinensis/sub_013/3381. Sindora tonkinensis.9 (261).png,test/Sindora tonkinensis/3381. Sindora tonkinensis.9 (261).png
Dalbergia melanoxylon/sub_013/3352. Dalbergia melanoxylon.7.(203).png,test/Dalbergia melanoxylon/3352. Dalbergia melanoxylon.7.(203).png
Pterocarpus sp/sub_067/156_1.png,test/Pterocarpus sp/156_1.png
Guibourtia coleosperma/sub_019/Guibourtia coleosperma_3253.3 (6).png,test/Guibourtia coleosperma/Guibourtia coleosperma_3253.3 (6).png
Pterocarpus soyauxii/sub_048/147_1.png,test/Pterocarpus soyauxii/147_1.png
Dalbergia cochinchinensis/sub_035/Dalbergia cochinchinensis.3280.2 (4).png,test/Dalbergia cochinchinensis/Dalbergia cochinchinensis.3280.2 (4).png
Sindora cochinchinensis/sub_072/gụ28_1.png,test/Sindora cochinchinensis/gụ28_1.png
Guibourtia arnoldiana/sub_024/3411. Guibourtia arnoldiana.5 (138).png,test/Guibourtia arnoldiana/3411. Guibourtia arnoldiana.5 (138).png
Sindora cochinchinensis/sub_020/gụ35_1.png,test/Sindora cochinchinensis/gụ35_1.png
Guibourtia ehie/sub_017/Guibourtia ehie_UORX694_10_(382).png,test/Guibourtia ehie/Guibourtia ehie_UORX694_10_(382).png
Dalbergia rimosa/sub_041/3414. Dalbergia rimosa.9 (260).png,test/Dalbergia rimosa/3414. Dalbergia rimosa.9 (260).png
Pterocarpus indicus/sub_033/3395. Pterocarpus indicus.6 (181).png,test/Pterocarpus indicus/3395. Pterocarpus indicus.6 (181).png
Afzelia africana/sub_007/doussie14_1_1.png,test/Afzelia africana/doussie14_1_1.png
Afzelia quanzensis/sub_009/136.png,test/Afzelia quanzensis/136.png
Pterocarpus erinaceus/sub_008/3403. Pterocarpus erinaceus.6 (171).png,test/Pterocarpus erinaceus/3403. Pterocarpus erinaceus.6 (171).png
Guibourtia coleosperma/sub_038/Guibourtia coleosperma_3253.11 (4).png,test/Guibourtia coleosperma/Guibourtia coleosperma_3253.11 (4).png
Dalbergia rimosa/sub_039/3414. Dalbergia rimosa.6 (155).png,test/Dalbergia rimosa/3414. Dalbergia rimosa.6 (155).png
Guibourtia ehie/sub_086/Guibourtia ehie_KREW954_4_(144).png,test/Guibourtia ehie/Guibourtia ehie_KREW954_4_(144).png
Guibourtia arnoldiana/sub_004/3411. Guibourtia arnoldiana.1 (26).png,test/Guibourtia arnoldiana/3411. Guibourtia arnoldiana.1 (26).png
Sindora tonkinensis/sub_013/3381. Sindora tonkinensis.7 (209).png,test/Sindora tonkinensis/3381. Sindora tonkinensis.7 (209).png
Peltogyne pubescens/sub_021/3377. Peltogyne pubescens.5 (170).png,test/Peltogyne pubescens/3377. Peltogyne pubescens.5 (170).png
Sindora tonkinensis/sub_049/3381. Sindora tonkinensis.7 (191).png,test/Sindora tonkinensis/3381. Sindora tonkinensis.7 (191).png
Peltogyne pubescens/sub_031/3377. Peltogyne pubescens.5 (183).png,test/Peltogyne pubescens/3377. Peltogyne pubescens.5 (183).png
Sindora cochinchinensis/sub_020/gụ87_1.png,test/Sindora cochinchinensis/gụ87_1.png
Peltogyne pubescens/sub_013/3377. Peltogyne pubescens.9 (314).png,test/Peltogyne pubescens/3377. Peltogyne pubescens.9 (314).png
Guibourtia coleosperma/sub_007/Guibourtia coleosperma_3253.8 (26).png,test/Guibourtia coleosperma/Guibourtia coleosperma_3253.8 (26).png
Guibourtia ehie/sub_080/Guibourtia ehie_QAMZ768_7_(276).png,test/Guibourtia ehie/Guibourtia ehie_QAMZ768_7_(276).png
Pterocarpus erinaceus/sub_022/3403. Pterocarpus erinaceus.10 (333).png,test/Pterocarpus erinaceus/3403. Pterocarpus erinaceus.10 (333).png
Pterocarpus macrocarpus/sub_019/156.png,test/Pterocarpus macrocarpus/156.png
Guibourtia coleosperma/sub_011/Guibourtia coleosperma_3253.8 (27).png,test/Guibourtia coleosperma/Guibourtia coleosperma_3253.8 (27).png
Guibourtia ehie/sub_047/Guibourtia ehie_KREW954_4_(122).png,test/Guibourtia ehie/Guibourtia ehie_KREW954_4_(122).png
Dalbergia melanoxylon/sub_020/3352. Dalbergia melanoxylon.8.(227).png,test/Dalbergia melanoxylon/3352. Dalbergia melanoxylon.8.(227).png
Pterocarpus macrocarpus/sub_081/144_3.png,test/Pterocarpus macrocarpus/144_3.png
Pterocarpus macrocarpus/sub_054/12_2.png,test/Pterocarpus macrocarpus/12_2.png
Dalbergia cochinchinensis/sub_013/Dalbergia cochinchinensis.3280.9 (23).png,test/Dalbergia cochinchinensis/Dalbergia cochinchinensis.3280.9 (23).png
Afzelia bella/sub_076/Afzelia bella_HYBT691_(147).png,test/Afzelia bella/Afzelia bella_HYBT691_(147).png
Afzelia quanzensis/sub_071/138_3.png,test/Afzelia quanzensis/138_3.png
Dalbergia oliveri/sub_010/Dalbergia oliveri_3237.4_ (15).png,test/Dalbergia oliveri/Dalbergia oliveri_3237.4_ (15).png
Pterocarpus erinaceus/sub_023/3403. Pterocarpus erinaceus.9 (285).png,test/Pterocarpus erinaceus/3403. Pterocarpus erinaceus.9 (285).png
Dalbergia tonkinensis/sub_052/3353. Dalbergia tonkinensis.9.(265).png,test/Dalbergia tonkinensis/3353. Dalbergia tonkinensis.9.(265).png
Guibourtia ehie/sub_002/Guibourtia ehie_QAMZ768_7_(280).png,test/Guibourtia ehie/Guibourtia ehie_QAMZ768_7_(280).png
Guibourtia coleosperma/sub_029/Guibourtia coleosperma_3253.9 (22).png,test/Guibourtia coleosperma/Guibourtia coleosperma_3253.9 (22).png
Afzelia bella/sub_035/Afzelia bella_QCYD170_(259).png,test/Afzelia bella/Afzelia bella_QCYD170_(259).png
Dalbergia tonkinensis/sub_025/3353. Dalbergia tonkinensis.7.(220).png,test/Dalbergia tonkinensis/3353. Dalbergia tonkinensis.7.(220).png
Afzelia quanzensis/sub_029/13_2.png,test/Afzelia quanzensis/13_2.png
Peltogyne pubescens/sub_013/3377. Peltogyne pubescens.8 (281).png,test/Peltogyne pubescens/3377. Peltogyne pubescens.8 (281).png
Dalbergia rimosa/sub_050/3414. Dalbergia rimosa.6 (174).png,test/Dalbergia rimosa/3414. Dalbergia rimosa.6 (174).png
Pterocarpus erinaceus/sub_017/3403. Pterocarpus erinaceus.4 (123).png,test/Pterocarpus erinaceus/3403. Pterocarpus erinaceus.4 (123).png
Guibourtia coleosperma/sub_054/Guibourtia coleosperma_3253.10 (25).png,test/Guibourtia coleosperma/Guibourtia coleosperma_3253.10 (25).png
Pterocarpus soyauxii/sub_058/158.png,test/Pterocarpus soyauxii/158.png
Afzelia africana/sub_029/doussie3.png,test/Afzelia africana/doussie3.png
Pterocarpus indicus/sub_013/3395. Pterocarpus indicus.4 (123).png,test/Pterocarpus indicus/3395. Pterocarpus indicus.4 (123).png
Dalbergia rimosa/sub_019/3414. Dalbergia rimosa.9 (250).png,test/Dalbergia rimosa/3414. Dalbergia rimosa.9 (250).png
Pterocarpus soyauxii/sub_022/175.png,test/Pterocarpus soyauxii/175.png
Pterocarpus sp/sub_023/160.png,test/Pterocarpus sp/160.png
Pterocarpus soyauxii/sub_017/122.png,test/Pterocarpus soyauxii/122.png
Pterocarpus sp/sub_101/131_2.png,test/Pterocarpus sp/131_2.png
Sindora cochinchinensis/sub_005/gụ39_1.png,test/Sindora cochinchinensis/gụ39_1.png
Guibourtia arnoldiana/sub_004/3411. Guibourtia arnoldiana.1 (6).png,test/Guibourtia arnoldiana/3411. Guibourtia arnoldiana.1 (6).png
Dalbergia cochinchinensis/sub_056/Dalbergia cochinchinensis.3280.3 (32).png,test/Dalbergia cochinchinensis/Dalbergia cochinchinensis.3280.3 (32).png
Afzelia quanzensis/sub_022/127.png,test/Afzelia quanzensis/127.png
Guibourtia arnoldiana/sub_007/3411. Guibourtia arnoldiana.1 (16).png,test/Guibourtia arnoldiana/3411. Guibourtia arnoldiana.1 (16).png
Pterocarpus sp/sub_009/118_2.png,test/Pterocarpus sp/118_2.png
Peltogyne pubescens/sub_010/3377. Peltogyne pubescens.10 (342).png,test/Peltogyne pubescens/3377. Peltogyne pubescens.10 (342).png
Sindora cochinchinensis/sub_064/gụ15.png,test/Sindora cochinchinensis/gụ15.png
Afzelia bella/sub_002/Afzelia bella_AKMX287_(19).png,test/Afzelia bella/Afzelia bella_AKMX287_(19).png
Sindora cochinchinensis/sub_007/gụ13_1.png,test/Sindora cochinchinensis/gụ13_1.png
Dalbergia cochinchinensis/sub_001/Dalbergia cochinchinensis.3280.2 (28).png,test/Dalbergia cochinchinensis/Dalbergia cochinchinensis.3280.2 (28).png
Dalbergia tonkinensis/sub_017/3353. Dalbergia tonkinensis.9.(260).png,test/Dalbergia tonkinensis/3353. Dalbergia tonkinensis.9.(260).png
Dalbergia oliveri/sub_041/Dalbergia oliveri_3237.3_ (24).png,test/Dalbergia oliveri/Dalbergia oliveri_3237.3_ (24).png
Pterocarpus sp/sub_021/17_3.png,test/Pterocarpus sp/17_3.png
Afzelia bella/sub_034/Afzelia bella_OGHV743_(201).png,test/Afzelia bella/Afzelia bella_OGHV743_(201).png
Dalbergia oliveri/sub_005/Dalbergia oliveri_3237.5_ (27).png,test/Dalbergia oliveri/Dalbergia oliveri_3237.5_ (27).png
Afzelia quanzensis/sub_012/130_2.png,test/Afzelia quanzensis/130_2.png
Dalbergia oliveri/sub_036/Dalbergia oliveri_3237.4_ (4).png,test/Dalbergia oliveri/Dalbergia oliveri_3237.4_ (4).png
Guibourtia coleosperma/sub_004/Guibourtia coleosperma_3253.3 (20).png,test/Guibourtia coleosperma/Guibourtia coleosperma_3253.3 (20).png
Dalbergia rimosa/sub_039/3414. Dalbergia rimosa.7 (181).png,test/Dalbergia rimosa/3414. Dalbergia rimosa.7 (181).png
Afzelia quanzensis/sub_027/114_1.png,test/Afzelia quanzensis/114_1.png
Guibourtia coleosperma/sub_039/Guibourtia coleosperma_3253.11 (6).png,test/Guibourtia coleosperma/Guibourtia coleosperma_3253.11 (6).png
Peltogyne pubescens/sub_038/3377. Peltogyne pubescens.5 (162).png,test/Peltogyne pubescens/3377. Peltogyne pubescens.5 (162).png
Pterocarpus erinaceus/sub_066/3403. Pterocarpus erinaceus.1(16).png,test/Pterocarpus erinaceus/3403. Pterocarpus erinaceus.1(16).png
Afzelia quanzensis/sub_073/140_1_1.png,test/Afzelia quanzensis/140_1_1.png
Guibourtia arnoldiana/sub_001/3411. Guibourtia arnoldiana.6 (189).png,test/Guibourtia arnoldiana/3411. Guibourtia arnoldiana.6 (189).png
Afzelia quanzensis/sub_050/142_3.png,test/Afzelia quanzensis/142_3.png
Afzelia africana/sub_062/doussie12.png,test/Afzelia africana/doussie12.png
Peltogyne pubescens/sub_006/3377. Peltogyne pubescens.9 (308).png,test/Peltogyne pubescens/3377. Peltogyne pubescens.9 (308).png
Dalbergia cochinchinensis/sub_028/Dalbergia cochinchinensis.3280.2 (18).png,test/Dalbergia cochinchinensis/Dalbergia cochinchinensis.3280.2 (18).png
Guibourtia arnoldiana/sub_021/3411. Guibourtia arnoldiana.1 (23).png,test/Guibourtia arnoldiana/3411. Guibourtia arnoldiana.1 (23).png
Pterocarpus erinaceus/sub_021/3403. Pterocarpus erinaceus.6 (168).png,test/Pterocarpus erinaceus/3403. Pterocarpus erinaceus.6 (168).png
Peltogyne pubescens/sub_039/3377. Peltogyne pubescens.5 (163).png,test/Peltogyne pubescens/3377. Peltogyne pubescens.5 (163).png
Dalbergia cochinchinensis/sub_064/Dalbergia cochinchinensis.3280.3 (5).png,test/Dalbergia cochinchinensis/Dalbergia cochinchinensis.3280.3 (5).png
Guibourtia ehie/sub_001/Guibourtia ehie_PRQC042_5_(176).png,test/Guibourtia ehie/Guibourtia ehie_PRQC042_5_(176).png
Afzelia quanzensis/sub_081/142_2.png,test/Afzelia quanzensis/142_2.png
Dalbergia cochinchinensis/sub_019/Dalbergia cochinchinensis.3280.2 (26).png,test/Dalbergia cochinchinensis/Dalbergia cochinchinensis.3280.2 (26).png
Afzelia africana/sub_001/doussie55_2.png,test/Afzelia africana/doussie55_2.png
Pterocarpus erinaceus/sub_026/3403. Pterocarpus erinaceus.6 (173).png,test/Pterocarpus erinaceus/3403. Pterocarpus erinaceus.6 (173).png
Guibourtia ehie/sub_012/Guibourtia ehie_PRQC042_5_(186).png,test/Guibourtia ehie/Guibourtia ehie_PRQC042_5_(186).png
Pterocarpus sp/sub_019/145_3.png,test/Pterocarpus sp/145_3.png
Afzelia bella/sub_012/Afzelia bella_AKMX287_(38).png,test/Afzelia bella/Afzelia bella_AKMX287_(38).png
Pterocarpus macrocarpus/sub_015/13_1.png,test/Pterocarpus macrocarpus/13_1.png
Sindora cochinchinensis/sub_037/gụ43_2.png,test/Sindora cochinchinensis/gụ43_2.png
Dalbergia melanoxylon/sub_013/3352. Dalbergia melanoxylon.9.(260).png,test/Dalbergia melanoxylon/3352. Dalbergia melanoxylon.9.(260).png
Afzelia quanzensis/sub_038/137.png,test/Afzelia quanzensis/137.png
Pterocarpus soyauxii/sub_040/139.png,test/Pterocarpus soyauxii/139.png
Dalbergia melanoxylon/sub_017/3352. Dalbergia melanoxylon.7.(198).png,test/Dalbergia melanoxylon/3352. Dalbergia melanoxylon.7.(198).png
Dalbergia cochinchinensis/sub_020/Dalbergia cochinchinensis.3280.5 (20).png,test/Dalbergia cochinchinensis/Dalbergia cochinchinensis.3280.5 (20).png
Sindora tonkinensis/sub_024/3381. Sindora tonkinensis.5 (149).png,test/Sindora tonkinensis/3381. Sindora tonkinensis.5 (149).png
Pterocarpus indicus/sub_015/3395. Pterocarpus indicus.2 (52).png,test/Pterocarpus indicus/3395. Pterocarpus indicus.2 (52).png
Afzelia quanzensis/sub_011/140_3.png,test/Afzelia quanzensis/140_3.png
Sindora tonkinensis/sub_064/3381. Sindora tonkinensis.3 (97).png,test/Sindora tonkinensis/3381. Sindora tonkinensis.3 (97).png
Guibourtia arnoldiana/sub_018/3411. Guibourtia arnoldiana.1 (24).png,test/Guibourtia arnoldiana/3411. Guibourtia arnoldiana.1 (24).png
Pterocarpus macrocarpus/sub_009/163.png,test/Pterocarpus macrocarpus/163.png
Guibourtia arnoldiana/sub_028/3411. Guibourtia arnoldiana.5 (129).png,test/Guibourtia arnoldiana/3411. Guibourtia arnoldiana.5 (129).png
Dalbergia cochinchinensis/sub_038/Dalbergia cochinchinensis.3280.2 (22).png,test/Dalbergia cochinchinensis/Dalbergia cochinchinensis.3280.2 (22).png
Afzelia bella/sub_002/Afzelia bella_AMRX692_(65).png,test/Afzelia bella/Afzelia bella_AMRX692_(65).png
Pterocarpus erinaceus/sub_065/3403. Pterocarpus erinaceus.9 (296).png,test/Pterocarpus erinaceus/3403. Pterocarpus erinaceus.9 (296).png
Afzelia pachyloba/sub_001/1.1_2.png,test/Afzelia pachyloba/1.1_2.png
Peltogyne pubescens/sub_022/3377. Peltogyne pubescens.10 (356).png,test/Peltogyne pubescens/3377. Peltogyne pubescens.10 (356).png
Afzelia bella/sub_013/Afzelia bella_QCYD170_(250).png,test/Afzelia bella/Afzelia bella_QCYD170_(250).png
Guibourtia arnoldiana/sub_028/3411. Guibourtia arnoldiana.2 (45).png,test/Guibourtia arnoldiana/3411. Guibourtia arnoldiana.2 (45).png
Guibourtia coleosperma/sub_001/Guibourtia coleosperma_3253.11 (2).png,test/Guibourtia coleosperma/Guibourtia coleosperma_3253.11 (2).png
Pterocarpus indicus/sub_005/3395. Pterocarpus indicus.5 (130).png,test/Pterocarpus indicus/3395. Pterocarpus indicus.5 (130).png
Pterocarpus sp/sub_064/146.png,test/Pterocarpus sp/146.png
Guibourtia arnoldiana/sub_020/3411. Guibourtia arnoldiana.6 (187).png,test/Guibourtia arnoldiana/3411. Guibourtia arnoldiana.6 (187).png
Afzelia africana/sub_005/doussie37.png,test/Afzelia africana/doussie37.png
Sindora tonkinensis/sub_022/3381. Sindora tonkinensis.7 (212).png,test/Sindora tonkinensis/3381. Sindora tonkinensis.7 (212).png
Pterocarpus macrocarpus/sub_018/144_2.png,test/Pterocarpus macrocarpus/144_2.png
Guibourtia ehie/sub_054/Guibourtia ehie_QAMZ768_7_(277).png,test/Guibourtia ehie/Guibourtia ehie_QAMZ768_7_(277).png
Pterocarpus erinaceus/sub_001/3403. Pterocarpus erinaceus.8 (251).png,test/Pterocarpus erinaceus/3403. Pterocarpus erinaceus.8 (251).png
Pterocarpus macrocarpus/sub_029/110.png,test/Pterocarpus macrocarpus/110.png
Sindora tonkinensis/sub_018/3381. Sindora tonkinensis.4 (105).png,test/Sindora tonkinensis/3381. Sindora tonkinensis.4 (105).png
Dalbergia rimosa/sub_059/3414. Dalbergia rimosa.4 (96).png,test/Dalbergia rimosa/3414. Dalbergia rimosa.4 (96).png
Afzelia bella/sub_041/Afzelia bella_AKMX287_(32).png,test/Afzelia bella/Afzelia bella_AKMX287_(32).png
Dalbergia tonkinensis/sub_036/3353. Dalbergia tonkinensis.3.(82).png,test/Dalbergia tonkinensis/3353. Dalbergia tonkinensis.3.(82).png
Guibourtia ehie/sub_089/Guibourtia ehie_UORX694_10_(397).png,test/Guibourtia ehie/Guibourtia ehie_UORX694_10_(397).png
Sindora cochinchinensis/sub_040/gụ92_1.png,test/Sindora cochinchinensis/gụ92_1.png
Pterocarpus erinaceus/sub_044/3403. Pterocarpus erinaceus.1(25).png,test/Pterocarpus erinaceus/3403. Pterocarpus erinaceus.1(25).png
Dalbergia oliveri/sub_019/Dalbergia oliveri_3237.1_ (4).png,test/Dalbergia oliveri/Dalbergia oliveri_3237.1_ (4).png
Guibourtia ehie/sub_014/Guibourtia ehie_UORX694_10_(385).png,test/Guibourtia ehie/Guibourtia ehie_UORX694_10_(385).png
Pterocarpus macrocarpus/sub_043/14_1.png,test/Pterocarpus macrocarpus/14_1.png
Pterocarpus indicus/sub_021/3395. Pterocarpus indicus.6 (175).png,test/Pterocarpus indicus/3395. Pterocarpus indicus.6 (175).png
Guibourtia arnoldiana/sub_029/3411. Guibourtia arnoldiana.2 (44).png,test/Guibourtia arnoldiana/3411. Guibourtia arnoldiana.2 (44).png
Dalbergia tonkinensis/sub_031/3353. Dalbergia tonkinensis.9.(269).png,test/Dalbergia tonkinensis/3353. Dalbergia tonkinensis.9.(269).png
Guibourtia ehie/sub_014/Guibourtia ehie_PRQC042_5_(161).png,test/Guibourtia ehie/Guibourtia ehie_PRQC042_5_(161).png
Pterocarpus soyauxii/sub_013/136.png,test/Pterocarpus soyauxii/136.png
Afzelia africana/sub_062/doussie50_2.png,test/Afzelia africana/doussie50_2.png
Pterocarpus soyauxii/sub_026/167_1.png,test/Pterocarpus soyauxii/167_1.png
Guibourtia ehie/sub_001/Guibourtia ehie_QAMZ768_7_(255).png,test/Guibourtia ehie/Guibourtia ehie_QAMZ768_7_(255).png
Peltogyne pubescens/sub_028/3377. Peltogyne pubescens.9 (322).png,test/Peltogyne pubescens/3377. Peltogyne pubescens.9 (322).png
Guibourtia ehie/sub_024/Guibourtia ehie_PRQC042_5_(180).png,test/Guibourtia ehie/Guibourtia ehie_PRQC042_5_(180).png
Dalbergia tonkinensis/sub_005/3353. Dalbergia tonkinensis.3.(64).png,test/Dalbergia tonkinensis/3353. Dalbergia tonkinensis.3.(64).png
Afzelia bella/sub_068/Afzelia bella_GCJA653_(89).png,test/Afzelia bella/Afzelia bella_GCJA653_(89).png
Afzelia bella/sub_007/Afzelia bella_QCYD170_(270).png,test/Afzelia bella/Afzelia bella_QCYD170_(270).png
Guibourtia coleosperma/sub_014/Guibourtia coleosperma_3253.9 (30).png,test/Guibourtia coleosperma/Guibourtia coleosperma_3253.9 (30).png
Dalbergia oliveri/sub_032/Dalbergia oliveri_3237.9_ (29).png,test/Dalbergia oliveri/Dalbergia oliveri_3237.9_ (29).png
Dalbergia oliveri/sub_044/Dalbergia oliveri_3237.1_ (19).png,test/Dalbergia oliveri/Dalbergia oliveri_3237.1_ (19).png
Dalbergia tonkinensis/sub_045/3353. Dalbergia tonkinensis.3.(74).png,test/Dalbergia tonkinensis/3353. Dalbergia tonkinensis.3.(74).png
Dalbergia rimosa/sub_019/3414. Dalbergia rimosa.6 (152).png,test/Dalbergia rimosa/3414. Dalbergia rimosa.6 (152).png
Guibourtia coleosperma/sub_014/Guibourtia coleosperma_3253.2 (21).png,test/Guibourtia coleosperma/Guibourtia coleosperma_3253.2 (21).png
Dalbergia oliveri/sub_023/Dalbergia oliveri_3237.7_ (1).png,test/Dalbergia oliveri/Dalbergia oliveri_3237.7_ (1).png
Afzelia africana/sub_011/doussie3_1.png,test/Afzelia africana/doussie3_1.png
Dalbergia cochinchinensis/sub_005/Dalbergia cochinchinensis.3280.2 (24).png,test/Dalbergia cochinchinensis/Dalbergia cochinchinensis.3280.2 (24).png
Dalbergia tonkinensis/sub_019/3353. Dalbergia tonkinensis.9.(278).png,test/Dalbergia tonkinensis/3353. Dalbergia tonkinensis.9.(278).png
Pterocarpus macrocarpus/sub_071/124_2.png,test/Pterocarpus macrocarpus/124_2.png
Pterocarpus sp/sub_099/154_2.png,test/Pterocarpus sp/154_2.png
Dalbergia melanoxylon/sub_046/3352. Dalbergia melanoxylon.4.(114).png,test/Dalbergia melanoxylon/3352. Dalbergia melanoxylon.4.(114).png
Peltogyne pubescens/sub_009/3377. Peltogyne pubescens.3 (80).png,test/Peltogyne pubescens/3377. Peltogyne pubescens.3 (80).png
Pterocarpus sp/sub_046/139.png,test/Pterocarpus sp/139.png
Sindora cochinchinensis/sub_002/gụ60.png,test/Sindora cochinchinensis/gụ60.png
Peltogyne pubescens/sub_004/3377. Peltogyne pubescens.2 (64).png,test/Peltogyne pubescens/3377. Peltogyne pubescens.2 (64).png
Guibourtia coleosperma/sub_016/Guibourtia coleosperma_3253.7 (9).png,test/Guibourtia coleosperma/Guibourtia coleosperma_3253.7 (9).png
Pterocarpus sp/sub_089/14.png,test/Pterocarpus sp/14.png
Pterocarpus erinaceus/sub_015/3403. Pterocarpus erinaceus.4 (118).png,test/Pterocarpus erinaceus/3403. Pterocarpus erinaceus.4 (118).png
Dalbergia cochinchinensis/sub_039/Dalbergia cochinchinensis.3280.5 (1).png,test/Dalbergia cochinchinensis/Dalbergia cochinchinensis.3280.5 (1).png
Pterocarpus soyauxii/sub_021/16_1.png,test/Pterocarpus soyauxii/16_1.png
Pterocarpus erinaceus/sub_006/3403. Pterocarpus erinaceus.6 (182).png,test/Pterocarpus erinaceus/3403. Pterocarpus erinaceus.6 (182).png
Pterocarpus macrocarpus/sub_087/123_3.png,test/Pterocarpus macrocarpus/123_3.png
Guibourtia coleosperma/sub_043/Guibourtia coleosperma_3253.11 (31).png,test/Guibourtia coleosperma/Guibourtia coleosperma_3253.11 (31).png
Guibourtia ehie/sub_025/Guibourtia ehie_PVFM153_6_(204).png,test/Guibourtia ehie/Guibourtia ehie_PVFM153_6_(204).png
Dalbergia tonkinensis/sub_061/3353. Dalbergia tonkinensis.5.(140).png,test/Dalbergia tonkinensis/3353. Dalbergia tonkinensis.5.(140).png
Afzelia quanzensis/sub_016/155_1.png,test/Afzelia quanzensis/155_1.png
Dalbergia melanoxylon/sub_010/3352. Dalbergia melanoxylon.7.(191).png,test/Dalbergia melanoxylon/3352. Dalbergia melanoxylon.7.(191).png
Pterocarpus sp/sub_038/136_3.png,test/Pterocarpus sp/136_3.png
Pterocarpus sp/sub_036/16_3.png,test/Pterocarpus sp/16_3.png
Pterocarpus indicus/sub_030/3395. Pterocarpus indicus.4 (96).png,test/Pterocarpus indicus/3395. Pterocarpus indicus.4 (96).png
Dalbergia tonkinensis/sub_003/3353. Dalbergia tonkinensis.3.(76).png,test/Dalbergia tonkinensis/3353. Dalbergia tonkinensis.3.(76).png
Guibourtia arnoldiana/sub_025/3411. Guibourtia arnoldiana.5 (141).png,test/Guibourtia arnoldiana/3411. Guibourtia arnoldiana.5 (141).png
Afzelia bella/sub_018/Afzelia bella_WJSV740_10_36137.png,test/Afzelia bella/Afzelia bella_WJSV740_10_36137.png
Pterocarpus sp/sub_033/158.png,test/Pterocarpus sp/158.png
Afzelia quanzensis/sub_006/148_2.png,test/Afzelia quanzensis/148_2.png
Guibourtia coleosperma/sub_052/Guibourtia coleosperma_3253.11 (10).png,test/Guibourtia coleosperma/Guibourtia coleosperma_3253.11 (10).png
Peltogyne pubescens/sub_003/3377. Peltogyne pubescens.6 (197).png,test/Peltogyne pubescens/3377. Peltogyne pubescens.6 (197).png
Peltogyne pubescens/sub_047/3377. Peltogyne pubescens.5 (159).png,test/Peltogyne pubescens/3377. Peltogyne pubescens.5 (159).png
Dalbergia tonkinensis/sub_051/3353. Dalbergia tonkinensis.4.(98).png,test/Dalbergia tonkinensis/3353. Dalbergia tonkinensis.4.(98).png
Afzelia pachyloba/sub_013/2.2_1.png,test/Afzelia pachyloba/2.2_1.png
Afzelia quanzensis/sub_049/150.png,test/Afzelia quanzensis/150.png
Guibourtia arnoldiana/sub_056/3411. Guibourtia arnoldiana.2 (49).png,test/Guibourtia arnoldiana/3411. Guibourtia arnoldiana.2 (49).png
Afzelia bella/sub_050/Afzelia bella_AKMX287_(18).png,test/Afzelia bella/Afzelia bella_AKMX287_(18).png
Sindora cochinchinensis/sub_033/gụ19_1.png,test/Sindora cochinchinensis/gụ19_1.png
Pterocarpus sp/sub_007/120.png,test/Pterocarpus sp/120.png
Pterocarpus erinaceus/sub_038/3403. Pterocarpus erinaceus.10 (327).png,test/Pterocarpus erinaceus/3403. Pterocarpus erinaceus.10 (327).png
Pterocarpus erinaceus/sub_007/3403. Pterocarpus erinaceus.4 (119).png,test/Pterocarpus erinaceus/3403. Pterocarpus erinaceus.4 (119).png
Afzelia africana/sub_065/doussie66.png,test/Afzelia africana/doussie66.png
Dalbergia tonkinensis/sub_010/3353. Dalbergia tonkinensis.3.(83).png,test/Dalbergia tonkinensis/3353. Dalbergia tonkinensis.3.(83).png
Guibourtia ehie/sub_049/Guibourtia ehie_TLYO895_9_(338).png,test/Guibourtia ehie/Guibourtia ehie_TLYO895_9_(338).png
Afzelia bella/sub_024/Afzelia bella_AKMX287_(27).png,test/Afzelia bella/Afzelia bella_AKMX287_(27).png
Afzelia quanzensis/sub_062/160.png,test/Afzelia quanzensis/160.png
Guibourtia arnoldiana/sub_008/3411. Guibourtia arnoldiana.2 (46).png,test/Guibourtia arnoldiana/3411. Guibourtia arnoldiana.2 (46).png
Pterocarpus soyauxii/sub_051/136_1.png,test/Pterocarpus soyauxii/136_1.png
Guibourtia arnoldiana/sub_057/3411. Guibourtia arnoldiana.1 (20).png,test/Guibourtia arnoldiana/3411. Guibourtia arnoldiana.1 (20).png
Pterocarpus sp/sub_031/135_2_1.png,test/Pterocarpus sp/135_2_1.png
Sindora tonkinensis/sub_037/3381. Sindora tonkinensis.7 (213).png,test/Sindora tonkinensis/3381. Sindora tonkinensis.7 (213).png
Pterocarpus macrocarpus/sub_014/136_1.png,test/Pterocarpus macrocarpus/136_1.png
Pterocarpus macrocarpus/sub_038/15_3.png,test/Pterocarpus macrocarpus/15_3.png
Dalbergia melanoxylon/sub_012/3352. Dalbergia melanoxylon.6.(172).png,test/Dalbergia melanoxylon/3352. Dalbergia melanoxylon.6.(172).png
Dalbergia rimosa/sub_056/3414. Dalbergia rimosa.7 (195).png,test/Dalbergia rimosa/3414. Dalbergia rimosa.7 (195).png
Afzelia africana/sub_046/doussie50_1.png,test/Afzelia africana/doussie50_1.png
Sindora cochinchinensis/sub_001/gụ14.png,test/Sindora cochinchinensis/gụ14.png
Dalbergia rimosa/sub_006/3414. Dalbergia rimosa.2 (55).png,test/Dalbergia rimosa/3414. Dalbergia rimosa.2 (55).png
Pterocarpus soyauxii/sub_012/145_1.png,test/Pterocarpus soyauxii/145_1.png
Dalbergia melanoxylon/sub_010/3352. Dalbergia melanoxylon.8.(229).png,test/Dalbergia melanoxylon/3352. Dalbergia melanoxylon.8.(229).png
Dalbergia cochinchinensis/sub_009/Dalbergia cochinchinensis.3280.2 (34).png,test/Dalbergia cochinchinensis/Dalbergia cochinchinensis.3280.2 (34).png
Sindora tonkinensis/sub_008/3381. Sindora tonkinensis.3 (95).png,test/Sindora tonkinensis/3381. Sindora tonkinensis.3 (95).png
Guibourtia ehie/sub_025/Guibourtia ehie_QAMZ768_7_(251).png,test/Guibourtia ehie/Guibourtia ehie_QAMZ768_7_(251).png
Afzelia africana/sub_047/doussie49.png,test/Afzelia africana/doussie49.png
Dalbergia tonkinensis/sub_039/3353. Dalbergia tonkinensis.9.(274).png,test/Dalbergia tonkinensis/3353. Dalbergia tonkinensis.9.(274).png
Pterocarpus indicus/sub_011/3395. Pterocarpus indicus.7 (215).png,test/Pterocarpus indicus/3395. Pterocarpus indicus.7 (215).png
Pterocarpus sp/sub_028/125_1.png,test/Pterocarpus sp/125_1.png
Dalbergia rimosa/sub_021/3414. Dalbergia rimosa.8 (212).png,test/Dalbergia rimosa/3414. Dalbergia rimosa.8 (212).png
Guibourtia arnoldiana/sub_023/3411. Guibourtia arnoldiana.2 (34).png,test/Guibourtia arnoldiana/3411. Guibourtia arnoldiana.2 (34).png
Pterocarpus soyauxii/sub_004/127_1.png,test/Pterocarpus soyauxii/127_1.png
Pterocarpus sp/sub_012/116.png,test/Pterocarpus sp/116.png
Dalbergia cochinchinensis/sub_034/Dalbergia cochinchinensis.3280.7 (19).png,test/Dalbergia cochinchinensis/Dalbergia cochinchinensis.3280.7 (19).png
Pterocarpus erinaceus/sub_019/3403. Pterocarpus erinaceus.5 (153).png,test/Pterocarpus erinaceus/3403. Pterocarpus erinaceus.5 (153).png
Afzelia bella/sub_004/Afzelia bella_QCYD170_(258).png,test/Afzelia bella/Afzelia bella_QCYD170_(258).png
Peltogyne pubescens/sub_008/3377. Peltogyne pubescens.10 (363).png,test/Peltogyne pubescens/3377. Peltogyne pubescens.10 (363).png
Afzelia bella/sub_063/Afzelia bella_AMRX692_(63).png,test/Afzelia bella/Afzelia bella_AMRX692_(63).png
Pterocarpus sp/sub_071/110_5.png,test/Pterocarpus sp/110_5.png
Dalbergia oliveri/sub_008/Dalbergia oliveri_3237.2_ (20).png,test/Dalbergia oliveri/Dalbergia oliveri_3237.2_ (20).png
Pterocarpus soyauxii/sub_046/169_1.png,test/Pterocarpus soyauxii/169_1.png
Guibourtia arnoldiana/sub_007/3411. Guibourtia arnoldiana.6 (161).png,test/Guibourtia arnoldiana/3411. Guibourtia arnoldiana.6 (161).png
Afzelia quanzensis/sub_011/135_2.png,test/Afzelia quanzensis/135_2.png
Afzelia bella/sub_055/Afzelia bella_AKMX287_(39).png,test/Afzelia bella/Afzelia bella_AKMX287_(39).png
Pterocarpus macrocarpus/sub_013/127.png,test/Pterocarpus macrocarpus/127.png
Guibourtia arnoldiana/sub_036/3411. Guibourtia arnoldiana.8 (225).png,test/Guibourtia arnoldiana/3411. Guibourtia arnoldiana.8 (225).png
Dalbergia cochinchinensis/sub_022/Dalbergia cochinchinensis.3280.2 (19).png,test/Dalbergia cochinchinensis/Dalbergia cochinchinensis.3280.2 (19).png
Dalbergia oliveri/sub_024/Dalbergia oliveri_3237.3_ (13).png,test/Dalbergia oliveri/Dalbergia oliveri_3237.3_ (13).png
Dalbergia melanoxylon/sub_002/3352. Dalbergia melanoxylon.10.(276).png,test/Dalbergia melanoxylon/3352. Dalbergia melanoxylon.10.(276).png
Guibourtia coleosperma/sub_019/Guibourtia coleosperma_3253.3 (34).png,test/Guibourtia coleosperma/Guibourtia coleosperma_3253.3 (34).png
Guibourtia ehie/sub_062/Guibourtia ehie_QAMZ768_7_(279).png,test/Guibourtia ehie/Guibourtia ehie_QAMZ768_7_(279).png
Afzelia quanzensis/sub_011/15_2.png,test/Afzelia quanzensis/15_2.png
Pterocarpus soyauxii/sub_097/114_1.png,test/Pterocarpus soyauxii/114_1.png
Guibourtia ehie/sub_020/Guibourtia ehie_UORX694_10_(381).png,test/Guibourtia ehie/Guibourtia ehie_UORX694_10_(381).png
Peltogyne pubescens/sub_025/3377. Peltogyne pubescens.7 (232).png,test/Peltogyne pubescens/3377. Peltogyne pubescens.7 (232).png
Peltogyne pubescens/sub_035/3377. Peltogyne pubescens.2 (43).png,test/Peltogyne pubescens/3377. Peltogyne pubescens.2 (43).png
Afzelia quanzensis/sub_077/133.png,test/Afzelia quanzensis/133.png
Afzelia quanzensis/sub_012/129_2.png,test/Afzelia quanzensis/129_2.png
Guibourtia coleosperma/sub_075/Guibourtia coleosperma_3253.8 (30).png,test/Guibourtia coleosperma/Guibourtia coleosperma_3253.8 (30).png
Pterocarpus sp/sub_002/131_2.png,test/Pterocarpus sp/131_2__d3580c7d.png
Afzelia bella/sub_035/Afzelia bella_AKMX287_(24).png,test/Afzelia bella/Afzelia bella_AKMX287_(24).png
Pterocarpus indicus/sub_040/3395. Pterocarpus indicus.5 (155).png,test/Pterocarpus indicus/3395. Pterocarpus indicus.5 (155).png
Sindora cochinchinensis/sub_013/gụ1.png,test/Sindora cochinchinensis/gụ1.png
Dalbergia tonkinensis/sub_020/3353. Dalbergia tonkinensis.10.(312).png,test/Dalbergia tonkinensis/3353. Dalbergia tonkinensis.10.(312).png
Dalbergia oliveri/sub_017/Dalbergia oliveri_3237.1_ (5).png,test/Dalbergia oliveri/Dalbergia oliveri_3237.1_ (5).png
Afzelia bella/sub_025/Afzelia bella_QCYD170_(275).png,test/Afzelia bella/Afzelia bella_QCYD170_(275).png
Dalbergia rimosa/sub_024/3414. Dalbergia rimosa.1(19).png,test/Dalbergia rimosa/3414. Dalbergia rimosa.1(19).png
Dalbergia cochinchinensis/sub_002/Dalbergia cochinchinensis.3280.2 (29).png,test/Dalbergia cochinchinensis/Dalbergia cochinchinensis.3280.2 (29).png
Afzelia pachyloba/sub_037/3.3_1.png,test/Afzelia pachyloba/3.3_1.png
Sindora cochinchinensis/sub_058/gụ24_1.png,test/Sindora cochinchinensis/gụ24_1.png
Pterocarpus macrocarpus/sub_050/130.png,test/Pterocarpus macrocarpus/130.png
Pterocarpus sp/sub_058/148_1.png,test/Pterocarpus sp/148_1.png
Dalbergia melanoxylon/sub_014/3352. Dalbergia melanoxylon.7.(201).png,test/Dalbergia melanoxylon/3352. Dalbergia melanoxylon.7.(201).png
Guibourtia arnoldiana/sub_012/3411. Guibourtia arnoldiana.6 (171).png,test/Guibourtia arnoldiana/3411. Guibourtia arnoldiana.6 (171).png
Pterocarpus sp/sub_088/160.png,test/Pterocarpus sp/160__075b2cca.png
Dalbergia oliveri/sub_064/Dalbergia oliveri_3237.5_ (1).png,test/Dalbergia oliveri/Dalbergia oliveri_3237.5_ (1).png
Dalbergia rimosa/sub_007/3414. Dalbergia rimosa.10 (281).png,test/Dalbergia rimosa/3414. Dalbergia rimosa.10 (281).png
Pterocarpus macrocarpus/sub_009/145_2.png,test/Pterocarpus macrocarpus/145_2.png
Sindora tonkinensis/sub_012/3381. Sindora tonkinensis.9 (277).png,test/Sindora tonkinensis/3381. Sindora tonkinensis.9 (277).png
Afzelia quanzensis/sub_016/151_3.png,test/Afzelia quanzensis/151_3.png
Afzelia quanzensis/sub_010/161.png,test/Afzelia quanzensis/161.png
Pterocarpus soyauxii/sub_016/123_1.png,test/Pterocarpus soyauxii/123_1.png
Pterocarpus soyauxii/sub_006/166_1.png,test/Pterocarpus soyauxii/166_1.png
Afzelia bella/sub_014/Afzelia bella_AKMX287_(9).png,test/Afzelia bella/Afzelia bella_AKMX287_(9).png
Dalbergia rimosa/sub_014/3414. Dalbergia rimosa.9 (255).png,test/Dalbergia rimosa/3414. Dalbergia rimosa.9 (255).png
Sindora cochinchinensis/sub_020/gụ15.png,test/Sindora cochinchinensis/gụ15__b61bbc28.png
Afzelia quanzensis/sub_002/19_1.png,test/Afzelia quanzensis/19_1.png
Guibourtia coleosperma/sub_016/Guibourtia coleosperma_3253.7 (15).png,test/Guibourtia coleosperma/Guibourtia coleosperma_3253.7 (15).png
Dalbergia tonkinensis/sub_032/3353. Dalbergia tonkinensis.4.(112).png,test/Dalbergia tonkinensis/3353. Dalbergia tonkinensis.4.(112).png
Pterocarpus erinaceus/sub_052/3403. Pterocarpus erinaceus.9 (287).png,test/Pterocarpus erinaceus/3403. Pterocarpus erinaceus.9 (287).png
Dalbergia rimosa/sub_011/3414. Dalbergia rimosa.9 (245).png,test/Dalbergia rimosa/3414. Dalbergia rimosa.9 (245).png
Afzelia africana/sub_029/doussie31_1.png,test/Afzelia africana/doussie31_1.png
Pterocarpus soyauxii/sub_001/114.png,test/Pterocarpus soyauxii/114__834e2df7.png
Pterocarpus soyauxii/sub_072/166.png,test/Pterocarpus soyauxii/166.png
Pterocarpus soyauxii/sub_016/163.png,test/Pterocarpus soyauxii/163__4a113436.png
Guibourtia arnoldiana/sub_052/3411. Guibourtia arnoldiana.8 (227).png,test/Guibourtia arnoldiana/3411. Guibourtia arnoldiana.8 (227).png
Guibourtia ehie/sub_073/Guibourtia ehie_PRQC042_5_(162).png,test/Guibourtia ehie/Guibourtia ehie_PRQC042_5_(162).png
Pterocarpus soyauxii/sub_048/168.png,test/Pterocarpus soyauxii/168.png
Afzelia bella/sub_054/Afzelia bella_WJSV740_10_36119.png,test/Afzelia bella/Afzelia bella_WJSV740_10_36119.png
Dalbergia cochinchinensis/sub_023/Dalbergia cochinchinensis.3280.2 (10).png,test/Dalbergia cochinchinensis/Dalbergia cochinchinensis.3280.2 (10).png
Dalbergia melanoxylon/sub_050/3352. Dalbergia melanoxylon.8.(235).png,test/Dalbergia melanoxylon/3352. Dalbergia melanoxylon.8.(235).png
Pterocarpus sp/sub_066/148.png,test/Pterocarpus sp/148.png
Pterocarpus indicus/sub_005/3395. Pterocarpus indicus.3 (65).png,test/Pterocarpus indicus/3395. Pterocarpus indicus.3 (65).png
Pterocarpus soyauxii/sub_013/178.png,test/Pterocarpus soyauxii/178.png
Pterocarpus sp/sub_032/147.png,test/Pterocarpus sp/147.png
Afzelia quanzensis/sub_040/150.png,test/Afzelia quanzensis/150__9d1a9c2b.png
Dalbergia oliveri/sub_028/Dalbergia oliveri_3237.9_ (30).png,test/Dalbergia oliveri/Dalbergia oliveri_3237.9_ (30).png
Sindora cochinchinensis/sub_005/gụ28_1.png,test/Sindora cochinchinensis/gụ28_1__8c1635e6.png
Peltogyne pubescens/sub_019/3377. Peltogyne pubescens.9 (318).png,test/Peltogyne pubescens/3377. Peltogyne pubescens.9 (318).png
Pterocarpus macrocarpus/sub_013/119.png,test/Pterocarpus macrocarpus/119.png
Afzelia africana/sub_045/doussie40.png,test/Afzelia africana/doussie40.png
Afzelia quanzensis/sub_031/120.png,test/Afzelia quanzensis/120.png
Dalbergia rimosa/sub_013/3414. Dalbergia rimosa.9 (262).png,test/Dalbergia rimosa/3414. Dalbergia rimosa.9 (262).png
Dalbergia melanoxylon/sub_039/3352. Dalbergia melanoxylon.4.(108).png,test/Dalbergia melanoxylon/3352. Dalbergia melanoxylon.4.(108).png
Pterocarpus indicus/sub_016/3395. Pterocarpus indicus.10 (303).png,test/Pterocarpus indicus/3395. Pterocarpus indicus.10 (303).png
Sindora tonkinensis/sub_017/3381. Sindora tonkinensis.2 (61).png,test/Sindora tonkinensis/3381. Sindora tonkinensis.2 (61).png
Dalbergia cochinchinensis/sub_034/Dalbergia cochinchinensis.3280.4 (16).png,test/Dalbergia cochinchinensis/Dalbergia cochinchinensis.3280.4 (16).png
Afzelia quanzensis/sub_026/18_2.png,test/Afzelia quanzensis/18_2.png
Pterocarpus sp/sub_031/145_1.png,test/Pterocarpus sp/145_1.png
Peltogyne pubescens/sub_004/3377. Peltogyne pubescens.8 (274).png,test/Peltogyne pubescens/3377. Peltogyne pubescens.8 (274).png
Dalbergia cochinchinensis/sub_069/Dalbergia cochinchinensis.3280.2 (9).png,test/Dalbergia cochinchinensis/Dalbergia cochinchinensis.3280.2 (9).png
Dalbergia oliveri/sub_021/Dalbergia oliveri_3237.3_ (8).png,test/Dalbergia oliveri/Dalbergia oliveri_3237.3_ (8).png
Pterocarpus soyauxii/sub_067/143.png,test/Pterocarpus soyauxii/143.png
Pterocarpus macrocarpus/sub_097/125_2.png,test/Pterocarpus macrocarpus/125_2.png
Pterocarpus macrocarpus/sub_068/16_2.png,test/Pterocarpus macrocarpus/16_2.png
Pterocarpus indicus/sub_038/3395. Pterocarpus indicus.2 (44).png,test/Pterocarpus indicus/3395. Pterocarpus indicus.2 (44).png
Pterocarpus indicus/sub_017/3395. Pterocarpus indicus.1 (13).png,test/Pterocarpus indicus/3395. Pterocarpus indicus.1 (13).png
Guibourtia ehie/sub_010/Guibourtia ehie_PVFM153_6_(208).png,test/Guibourtia ehie/Guibourtia ehie_PVFM153_6_(208).png
Sindora tonkinensis/sub_003/3381. Sindora tonkinensis.5 (151).png,test/Sindora tonkinensis/3381. Sindora tonkinensis.5 (151).png
Afzelia bella/sub_038/Afzelia bella_WJSV740_10_36129.png,test/Afzelia bella/Afzelia bella_WJSV740_10_36129.png
Sindora cochinchinensis/sub_011/gụ82_1.png,test/Sindora cochinchinensis/gụ82_1.png
Afzelia quanzensis/sub_064/15.png,test/Afzelia quanzensis/15.png
Sindora cochinchinensis/sub_008/gụ22.png,test/Sindora cochinchinensis/gụ22.png
Dalbergia cochinchinensis/sub_071/Dalbergia cochinchinensis.3280.2 (27).png,test/Dalbergia cochinchinensis/Dalbergia cochinchinensis.3280.2 (27).png
Afzelia africana/sub_015/doussie23.png,test/Afzelia africana/doussie23.png
Guibourtia ehie/sub_005/Guibourtia ehie_QAMZ768_7_(241).png,test/Guibourtia ehie/Guibourtia ehie_QAMZ768_7_(241).png
Afzelia bella/sub_055/Afzelia bella_AKMX287_(11).png,test/Afzelia bella/Afzelia bella_AKMX287_(11).png
Sindora tonkinensis/sub_004/3381. Sindora tonkinensis.9 (279).png,test/Sindora tonkinensis/3381. Sindora tonkinensis.9 (279).png
Pterocarpus sp/sub_085/17_5.png,test/Pterocarpus sp/17_5.png
Guibourtia ehie/sub_030/Guibourtia ehie_QAMZ768_7_(261).png,test/Guibourtia ehie/Guibourtia ehie_QAMZ768_7_(261).png
Pterocarpus indicus/sub_017/3395. Pterocarpus indicus.3 (72).png,test/Pterocarpus indicus/3395. Pterocarpus indicus.3 (72).png
Guibourtia coleosperma/sub_029/Guibourtia coleosperma_3253.11 (1).png,test/Guibourtia coleosperma/Guibourtia coleosperma_3253.11 (1).png
Dalbergia oliveri/sub_011/Dalbergia oliveri_3237.10_ (16).png,test/Dalbergia oliveri/Dalbergia oliveri_3237.10_ (16).png
Pterocarpus macrocarpus/sub_094/115_1.png,test/Pterocarpus macrocarpus/115_1.png
Pterocarpus indicus/sub_017/3395. Pterocarpus indicus.8 (224).png,test/Pterocarpus indicus/3395. Pterocarpus indicus.8 (224).png
Dalbergia melanoxylon/sub_042/3352. Dalbergia melanoxylon.6.(174).png,test/Dalbergia melanoxylon/3352. Dalbergia melanoxylon.6.(174).png
Afzelia africana/sub_003/doussie48.png,test/Afzelia africana/doussie48.png
Pterocarpus soyauxii/sub_004/174_1.png,test/Pterocarpus soyauxii/174_1.png
Guibourtia arnoldiana/sub_008/3411. Guibourtia arnoldiana.5 (134).png,test/Guibourtia arnoldiana/3411. Guibourtia arnoldiana.5 (134).png
Sindora tonkinensis/sub_016/3381. Sindora tonkinensis.2 (36).png,test/Sindora tonkinensis/3381. Sindora tonkinensis.2 (36).png
Dalbergia tonkinensis/sub_010/3353. Dalbergia tonkinensis.9.(258).png,test/Dalbergia tonkinensis/3353. Dalbergia tonkinensis.9.(258).png
Dalbergia melanoxylon/sub_007/3352. Dalbergia melanoxylon.4.(107).png,test/Dalbergia melanoxylon/3352. Dalbergia melanoxylon.4.(107).png
Afzelia bella/sub_004/Afzelia bella_AKMX287_(20).png,test/Afzelia bella/Afzelia bella_AKMX287_(20).png
Sindora tonkinensis/sub_026/3381. Sindora tonkinensis.2 (62).png,test/Sindora tonkinensis/3381. Sindora tonkinensis.2 (62).png
Dalbergia tonkinensis/sub_032/3353. Dalbergia tonkinensis.3.(79).png,test/Dalbergia tonkinensis/3353. Dalbergia tonkinensis.3.(79).png
Guibourtia coleosperma/sub_046/Guibourtia coleosperma_3253.2 (31).png,test/Guibourtia coleosperma/Guibourtia coleosperma_3253.2 (31).png
Sindora tonkinensis/sub_006/3381. Sindora tonkinensis.7 (219).png,test/Sindora tonkinensis/3381. Sindora tonkinensis.7 (219).png
Pterocarpus sp/sub_007/113_4.png,test/Pterocarpus sp/113_4.png
Pterocarpus macrocarpus/sub_068/126_4.png,test/Pterocarpus macrocarpus/126_4.png
Pterocarpus macrocarpus/sub_043/142.png,test/Pterocarpus macrocarpus/142.png
Dalbergia cochinchinensis/sub_004/Dalbergia cochinchinensis.3280.2 (20).png,test/Dalbergia cochinchinensis/Dalbergia cochinchinensis.3280.2 (20).png
Pterocarpus sp/sub_047/145_4.png,test/Pterocarpus sp/145_4.png
Pterocarpus sp/sub_080/13_3.png,test/Pterocarpus sp/13_3.png
Guibourtia coleosperma/sub_001/Guibourtia coleosperma_3253.1 (1).png,test/Guibourtia coleosperma/Guibourtia coleosperma_3253.1 (1).png
Sindora tonkinensis/sub_038/3381. Sindora tonkinensis.9 (275).png,test/Sindora tonkinensis/3381. Sindora tonkinensis.9 (275).png
Pterocarpus sp/sub_046/117_1.png,test/Pterocarpus sp/117_1.png
Peltogyne pubescens/sub_028/3377. Peltogyne pubescens.10 (370).png,test/Peltogyne pubescens/3377. Peltogyne pubescens.10 (370).png
Sindora tonkinensis/sub_066/3381. Sindora tonkinensis.9 (278).png,test/Sindora tonkinensis/3381. Sindora tonkinensis.9 (278).png
Pterocarpus indicus/sub_020/3395. Pterocarpus indicus.2 (45).png,test/Pterocarpus indicus/3395. Pterocarpus indicus.2 (45).png
Afzelia quanzensis/sub_007/131_2.png,test/Afzelia quanzensis/131_2.png
Pterocarpus macrocarpus/sub_085/138_2.png,test/Pterocarpus macrocarpus/138_2.png
Afzelia quanzensis/sub_040/13.png,test/Afzelia quanzensis/13.png
Pterocarpus indicus/sub_021/3395. Pterocarpus indicus.6 (180).png,test/Pterocarpus indicus/3395. Pterocarpus indicus.6 (180).png
Sindora cochinchinensis/sub_001/gụ30_1.png,test/Sindora cochinchinensis/gụ30_1.png
Sindora tonkinensis/sub_001/3381. Sindora tonkinensis.3 (77).png,test/Sindora tonkinensis/3381. Sindora tonkinensis.3 (77).png
Afzelia pachyloba/sub_039/2.3_2.png,test/Afzelia pachyloba/2.3_2.png
Dalbergia melanoxylon/sub_052/3352. Dalbergia melanoxylon.4.(91).png,test/Dalbergia melanoxylon/3352. Dalbergia melanoxylon.4.(91).png
Pterocarpus indicus/sub_006/3395. Pterocarpus indicus.3 (88).png,test/Pterocarpus indicus/3395. Pterocarpus indicus.3 (88).png
Afzelia pachyloba/sub_002/1.3_1_1.png,test/Afzelia pachyloba/1.3_1_1.png
Guibourtia arnoldiana/sub_006/3411. Guibourtia arnoldiana.6 (174).png,test/Guibourtia arnoldiana/3411. Guibourtia arnoldiana.6 (174).png
Guibourtia arnoldiana/sub_011/3411. Guibourtia arnoldiana.2 (38).png,test/Guibourtia arnoldiana/3411. Guibourtia arnoldiana.2 (38).png
Pterocarpus macrocarpus/sub_069/169.png,test/Pterocarpus macrocarpus/169.png
Peltogyne pubescens/sub_010/3377. Peltogyne pubescens.8 (259).png,test/Peltogyne pubescens/3377. Peltogyne pubescens.8 (259).png
Pterocarpus soyauxii/sub_031/1108.png,test/Pterocarpus soyauxii/1108.png
Pterocarpus indicus/sub_046/3395. Pterocarpus indicus.7 (197).png,test/Pterocarpus indicus/3395. Pterocarpus indicus.7 (197).png
Afzelia quanzensis/sub_007/15_1.png,test/Afzelia quanzensis/15_1.png
Afzelia bella/sub_043/Afzelia bella_HYBT691_(151).png,test/Afzelia bella/Afzelia bella_HYBT691_(151).png
Afzelia quanzensis/sub_015/146_1.png,test/Afzelia quanzensis/146_1.png
Dalbergia tonkinensis/sub_001/3353. Dalbergia tonkinensis.3.(84).png,test/Dalbergia tonkinensis/3353. Dalbergia tonkinensis.3.(84).png
Sindora cochinchinensis/sub_006/gụ34.png,test/Sindora cochinchinensis/gụ34.png
Dalbergia cochinchinensis/sub_004/Dalbergia cochinchinensis.3280.9 (28).png,test/Dalbergia cochinchinensis/Dalbergia cochinchinensis.3280.9 (28).png
Pterocarpus erinaceus/sub_009/3403. Pterocarpus erinaceus.1(12).png,test/Pterocarpus erinaceus/3403. Pterocarpus erinaceus.1(12).png
Sindora cochinchinensis/sub_077/gụ87.png,test/Sindora cochinchinensis/gụ87.png
Pterocarpus soyauxii/sub_017/120_1.png,test/Pterocarpus soyauxii/120_1.png
Afzelia africana/sub_017/doussie9_1.png,test/Afzelia africana/doussie9_1.png
Pterocarpus soyauxii/sub_048/118_1_1.png,test/Pterocarpus soyauxii/118_1_1.png
Afzelia bella/sub_014/Afzelia bella_QCYD170_(247).png,test/Afzelia bella/Afzelia bella_QCYD170_(247).png
Guibourtia coleosperma/sub_069/Guibourtia coleosperma_3253.8 (3).png,test/Guibourtia coleosperma/Guibourtia coleosperma_3253.8 (3).png
Pterocarpus erinaceus/sub_019/3403. Pterocarpus erinaceus.9 (286).png,test/Pterocarpus erinaceus/3403. Pterocarpus erinaceus.9 (286).png
Dalbergia melanoxylon/sub_016/3352. Dalbergia melanoxylon.1.(11).png,test/Dalbergia melanoxylon/3352. Dalbergia melanoxylon.1.(11).png
Dalbergia oliveri/sub_012/Dalbergia oliveri_3237.5_ (4).png,test/Dalbergia oliveri/Dalbergia oliveri_3237.5_ (4).png
Pterocarpus macrocarpus/sub_030/15_1.png,test/Pterocarpus macrocarpus/15_1.png
Peltogyne pubescens/sub_011/3377. Peltogyne pubescens.9 (321).png,test/Peltogyne pubescens/3377. Peltogyne pubescens.9 (321).png
Pterocarpus erinaceus/sub_015/3403. Pterocarpus erinaceus.4 (128).png,test/Pterocarpus erinaceus/3403. Pterocarpus erinaceus.4 (128).png
Pterocarpus macrocarpus/sub_007/123_1.png,test/Pterocarpus macrocarpus/123_1.png
Pterocarpus macrocarpus/sub_003/121.png,test/Pterocarpus macrocarpus/121.png
Dalbergia melanoxylon/sub_032/3352. Dalbergia melanoxylon.7.(197).png,test/Dalbergia melanoxylon/3352. Dalbergia melanoxylon.7.(197).png
Peltogyne pubescens/sub_006/3377. Peltogyne pubescens.1 (10).png,test/Peltogyne pubescens/3377. Peltogyne pubescens.1 (10).png
Dalbergia oliveri/sub_064/Dalbergia oliveri_3237.1_ (18).png,test/Dalbergia oliveri/Dalbergia oliveri_3237.1_ (18).png
Guibourtia arnoldiana/sub_057/3411. Guibourtia arnoldiana.10 (294).png,test/Guibourtia arnoldiana/3411. Guibourtia arnoldiana.10 (294).png
Afzelia quanzensis/sub_034/131_1.png,test/Afzelia quanzensis/131_1.png
Sindora cochinchinensis/sub_032/gụ88_1.png,test/Sindora cochinchinensis/gụ88_1.png
Pterocarpus erinaceus/sub_014/3403. Pterocarpus erinaceus.4 (124).png,test/Pterocarpus erinaceus/3403. Pterocarpus erinaceus.4 (124).png
Pterocarpus sp/sub_013/131_4.png,test/Pterocarpus sp/131_4.png
Guibourtia ehie/sub_029/Guibourtia ehie_KREW954_4_(124).png,test/Guibourtia ehie/Guibourtia ehie_KREW954_4_(124).png
Sindora cochinchinensis/sub_010/gụ72_1.png,test/Sindora cochinchinensis/gụ72_1.png
Guibourtia coleosperma/sub_007/Guibourtia coleosperma_3253.3 (17).png,test/Guibourtia coleosperma/Guibourtia coleosperma_3253.3 (17).png
Pterocarpus indicus/sub_008/3395. Pterocarpus indicus.7 (207).png,test/Pterocarpus indicus/3395. Pterocarpus indicus.7 (207).png
Afzelia quanzensis/sub_011/129.png,test/Afzelia quanzensis/129.png
Afzelia quanzensis/sub_007/136_1.png,test/Afzelia quanzensis/136_1.png
Sindora tonkinensis/sub_003/3381. Sindora tonkinensis.2 (60).png,test/Sindora tonkinensis/3381. Sindora tonkinensis.2 (60).png
Sindora cochinchinensis/sub_067/gụ80_1.png,test/Sindora cochinchinensis/gụ80_1.png
Pterocarpus sp/sub_035/164_1.png,test/Pterocarpus sp/164_1.png
Pterocarpus erinaceus/sub_002/3403. Pterocarpus erinaceus.6 (174).png,test/Pterocarpus erinaceus/3403. Pterocarpus erinaceus.6 (174).png
Dalbergia rimosa/sub_060/3414. Dalbergia rimosa.7 (186).png,test/Dalbergia rimosa/3414. Dalbergia rimosa.7 (186).png
Guibourtia coleosperma/sub_089/Guibourtia coleosperma_3253.11 (30).png,test/Guibourtia coleosperma/Guibourtia coleosperma_3253.11 (30).png
Dalbergia rimosa/sub_031/3414. Dalbergia rimosa.7 (207).png,test/Dalbergia rimosa/3414. Dalbergia rimosa.7 (207).png
Dalbergia cochinchinensis/sub_034/Dalbergia cochinchinensis.3280.2 (23).png,test/Dalbergia cochinchinensis/Dalbergia cochinchinensis.3280.2 (23).png
Afzelia quanzensis/sub_024/117_1.png,test/Afzelia quanzensis/117_1.png
Pterocarpus sp/sub_037/113_1.png,test/Pterocarpus sp/113_1.png
Peltogyne pubescens/sub_022/3377. Peltogyne pubescens.9 (317).png,test/Peltogyne pubescens/3377. Peltogyne pubescens.9 (317).png
Afzelia quanzensis/sub_034/153_2.png,test/Afzelia quanzensis/153_2.png
Sindora tonkinensis/sub_010/3381. Sindora tonkinensis.2 (65).png,test/Sindora tonkinensis/3381. Sindora tonkinensis.2 (65).png
Dalbergia cochinchinensis/sub_004/Dalbergia cochinchinensis.3280.2 (31).png,test/Dalbergia cochinchinensis/Dalbergia cochinchinensis.3280.2 (31).png
Peltogyne pubescens/sub_036/3377. Peltogyne pubescens.10 (351).png,test/Peltogyne pubescens/3377. Peltogyne pubescens.10 (351).png
Dalbergia oliveri/sub_085/Dalbergia oliveri_3237.9_ (4).png,test/Dalbergia oliveri/Dalbergia oliveri_3237.9_ (4).png
Dalbergia oliveri/sub_055/Dalbergia oliveri_3237.5_ (2).png,test/Dalbergia oliveri/Dalbergia oliveri_3237.5_ (2).png
Dalbergia tonkinensis/sub_066/3353. Dalbergia tonkinensis.4.(113).png,test/Dalbergia tonkinensis/3353. Dalbergia tonkinensis.4.(113).png
Afzelia quanzensis/sub_021/157.png,test/Afzelia quanzensis/157.png
Dalbergia cochinchinensis/sub_008/Dalbergia cochinchinensis.3280.2 (7).png,test/Dalbergia cochinchinensis/Dalbergia cochinchinensis.3280.2 (7).png
Dalbergia cochinchinensis/sub_001/Dalbergia cochinchinensis.3280.2 (2).png,test/Dalbergia cochinchinensis/Dalbergia cochinchinensis.3280.2 (2).png
Guibourtia arnoldiana/sub_024/3411. Guibourtia arnoldiana.4 (102).png,test/Guibourtia arnoldiana/3411. Guibourtia arnoldiana.4 (102).png
Dalbergia melanoxylon/sub_016/3352. Dalbergia melanoxylon.8.(226).png,test/Dalbergia melanoxylon/3352. Dalbergia melanoxylon.8.(226).png
Guibourtia arnoldiana/sub_022/3411. Guibourtia arnoldiana.2 (39).png,test/Guibourtia arnoldiana/3411. Guibourtia arnoldiana.2 (39).png
Pterocarpus soyauxii/sub_024/140_1.png,test/Pterocarpus soyauxii/140_1.png
Pterocarpus soyauxii/sub_047/114_1.png,test/Pterocarpus soyauxii/114_1__c48f9a4b.png
Sindora cochinchinensis/sub_087/gụ93.png,test/Sindora cochinchinensis/gụ93.png
Pterocarpus soyauxii/sub_001/10.png,test/Pterocarpus soyauxii/10.png
Pterocarpus sp/sub_052/134.png,test/Pterocarpus sp/134.png
Afzelia quanzensis/sub_053/14.png,test/Afzelia quanzensis/14.png
Pterocarpus erinaceus/sub_010/3403. Pterocarpus erinaceus.10 (317).png,test/Pterocarpus erinaceus/3403. Pterocarpus erinaceus.10 (317).png
Dalbergia tonkinensis/sub_032/3353. Dalbergia tonkinensis.3.(81).png,test/Dalbergia tonkinensis/3353. Dalbergia tonkinensis.3.(81).png
Pterocarpus soyauxii/sub_044/155.png,test/Pterocarpus soyauxii/155.png
Pterocarpus soyauxii/sub_032/128_1.png,test/Pterocarpus soyauxii/128_1.png
Pterocarpus macrocarpus/sub_022/125.png,test/Pterocarpus macrocarpus/125.png
Sindora cochinchinensis/sub_010/gụ65.png,test/Sindora cochinchinensis/gụ65.png
Dalbergia cochinchinensis/sub_016/Dalbergia cochinchinensis.3280.8 (29).png,test/Dalbergia cochinchinensis/Dalbergia cochinchinensis.3280.8 (29).png
Pterocarpus erinaceus/sub_044/3403. Pterocarpus erinaceus.5 (155).png,test/Pterocarpus erinaceus/3403. Pterocarpus erinaceus.5 (155).png
Sindora cochinchinensis/sub_056/gụ64.png,test/Sindora cochinchinensis/gụ64.png
Pterocarpus sp/sub_011/114_1.png,test/Pterocarpus sp/114_1.png
Pterocarpus soyauxii/sub_002/112_1.png,test/Pterocarpus soyauxii/112_1.png
Sindora cochinchinensis/sub_005/gụ60.png,test/Sindora cochinchinensis/gụ60__b89c19c5.png
Pterocarpus erinaceus/sub_068/3403. Pterocarpus erinaceus.2 (45).png,test/Pterocarpus erinaceus/3403. Pterocarpus erinaceus.2 (45).png
Pterocarpus sp/sub_010/119.png,test/Pterocarpus sp/119.png
Pterocarpus soyauxii/sub_010/19.png,test/Pterocarpus soyauxii/19.png
Dalbergia tonkinensis/sub_038/3353. Dalbergia tonkinensis.9.(275).png,test/Dalbergia tonkinensis/3353. Dalbergia tonkinensis.9.(275).png
Sindora tonkinensis/sub_067/3381. Sindora tonkinensis.1 (23).png,test/Sindora tonkinensis/3381. Sindora tonkinensis.1 (23).png
Guibourtia ehie/sub_086/Guibourtia ehie_GHQN943_3_(119).png,test/Guibourtia ehie/Guibourtia ehie_GHQN943_3_(119).png
Dalbergia oliveri/sub_013/Dalbergia oliveri_3237.1_ (13).png,test/Dalbergia oliveri/Dalbergia oliveri_3237.1_ (13).png
Pterocarpus soyauxii/sub_074/164.png,test/Pterocarpus soyauxii/164.png
Guibourtia arnoldiana/sub_017/3411. Guibourtia arnoldiana.2 (58).png,test/Guibourtia arnoldiana/3411. Guibourtia arnoldiana.2 (58).png
Guibourtia coleosperma/sub_028/Guibourtia coleosperma_3253.10 (36).png,test/Guibourtia coleosperma/Guibourtia coleosperma_3253.10 (36).png
Afzelia pachyloba/sub_033/5.2.png,test/Afzelia pachyloba/5.2.png
Pterocarpus indicus/sub_034/3395. Pterocarpus indicus.3 (92).png,test/Pterocarpus indicus/3395. Pterocarpus indicus.3 (92).png
Dalbergia melanoxylon/sub_014/3352. Dalbergia melanoxylon.4.(97).png,test/Dalbergia melanoxylon/3352. Dalbergia melanoxylon.4.(97).png
Sindora cochinchinensis/sub_089/gụ29_2.png,test/Sindora cochinchinensis/gụ29_2.png
Peltogyne pubescens/sub_003/3377. Peltogyne pubescens.9 (305).png,test/Peltogyne pubescens/3377. Peltogyne pubescens.9 (305).png
Pterocarpus indicus/sub_005/3395. Pterocarpus indicus.1 (12).png,test/Pterocarpus indicus/3395. Pterocarpus indicus.1 (12).png
Dalbergia tonkinensis/sub_011/3353. Dalbergia tonkinensis.3.(93).png,test/Dalbergia tonkinensis/3353. Dalbergia tonkinensis.3.(93).png
Sindora tonkinensis/sub_016/3381. Sindora tonkinensis.5 (150).png,test/Sindora tonkinensis/3381. Sindora tonkinensis.5 (150).png
Pterocarpus sp/sub_049/139_2.png,test/Pterocarpus sp/139_2.png
Dalbergia melanoxylon/sub_003/3352. Dalbergia melanoxylon.2 (42).png,test/Dalbergia melanoxylon/3352. Dalbergia melanoxylon.2 (42).png
Pterocarpus sp/sub_088/136_5.png,test/Pterocarpus sp/136_5.png
Pterocarpus indicus/sub_001/3395. Pterocarpus indicus.5 (152).png,test/Pterocarpus indicus/3395. Pterocarpus indicus.5 (152).png
Dalbergia rimosa/sub_042/3414. Dalbergia rimosa.1(8).png,test/Dalbergia rimosa/3414. Dalbergia rimosa.1(8).png
Pterocarpus erinaceus/sub_033/3403. Pterocarpus erinaceus.1(7).png,test/Pterocarpus erinaceus/3403. Pterocarpus erinaceus.1(7).png
Guibourtia arnoldiana/sub_015/3411. Guibourtia arnoldiana.6 (168).png,test/Guibourtia arnoldiana/3411. Guibourtia arnoldiana.6 (168).png
Sindora cochinchinensis/sub_063/gụ90.png,test/Sindora cochinchinensis/gụ90__622b1d3e.png
Pterocarpus indicus/sub_016/3395. Pterocarpus indicus.2 (56).png,test/Pterocarpus indicus/3395. Pterocarpus indicus.2 (56).png
Dalbergia tonkinensis/sub_005/3353. Dalbergia tonkinensis.9.(279).png,test/Dalbergia tonkinensis/3353. Dalbergia tonkinensis.9.(279).png
Dalbergia melanoxylon/sub_008/3352. Dalbergia melanoxylon.7.(187).png,test/Dalbergia melanoxylon/3352. Dalbergia melanoxylon.7.(187).png
Pterocarpus macrocarpus/sub_013/145_1.png,test/Pterocarpus macrocarpus/145_1.png
Pterocarpus erinaceus/sub_006/3403. Pterocarpus erinaceus.9 (280).png,test/Pterocarpus erinaceus/3403. Pterocarpus erinaceus.9 (280).png
Pterocarpus erinaceus/sub_040/3403. Pterocarpus erinaceus.4 (127).png,test/Pterocarpus erinaceus/3403. Pterocarpus erinaceus.4 (127).png
Dalbergia oliveri/sub_043/Dalbergia oliveri_3237.10_ (14).png,test/Dalbergia oliveri/Dalbergia oliveri_3237.10_ (14).png
Dalbergia tonkinensis/sub_022/3353. Dalbergia tonkinensis.7.(225).png,test/Dalbergia tonkinensis/3353. Dalbergia tonkinensis.7.(225).png
Dalbergia tonkinensis/sub_026/3353. Dalbergia tonkinensis.4.(117).png,test/Dalbergia tonkinensis/3353. Dalbergia tonkinensis.4.(117).png
Dalbergia melanoxylon/sub_020/3352. Dalbergia melanoxylon.6.(160).png,test/Dalbergia melanoxylon/3352. Dalbergia melanoxylon.6.(160).png
Sindora tonkinensis/sub_067/3381. Sindora tonkinensis.6 (166).png,test/Sindora tonkinensis/3381. Sindora tonkinensis.6 (166).png
Pterocarpus soyauxii/sub_070/187.png,test/Pterocarpus soyauxii/187.png
Guibourtia coleosperma/sub_040/Guibourtia coleosperma_3253.10 (19).png,test/Guibourtia coleosperma/Guibourtia coleosperma_3253.10 (19).png
Dalbergia rimosa/sub_025/3414. Dalbergia rimosa.5 (139).png,test/Dalbergia rimosa/3414. Dalbergia rimosa.5 (139).png
Guibourtia coleosperma/sub_038/Guibourtia coleosperma_3253.7 (33).png,test/Guibourtia coleosperma/Guibourtia coleosperma_3253.7 (33).png
Pterocarpus erinaceus/sub_021/3403. Pterocarpus erinaceus.7 (210).png,test/Pterocarpus erinaceus/3403. Pterocarpus erinaceus.7 (210).png
Sindora tonkinensis/sub_008/3381. Sindora tonkinensis.3 (80).png,test/Sindora tonkinensis/3381. Sindora tonkinensis.3 (80).png
Pterocarpus soyauxii/sub_019/164_2.png,test/Pterocarpus soyauxii/164_2.png
Sindora cochinchinensis/sub_001/gụ46.png,test/Sindora cochinchinensis/gụ46.png
Sindora cochinchinensis/sub_013/gụ87.png,test/Sindora cochinchinensis/gụ87__a5f82dad.png
Peltogyne pubescens/sub_005/3377. Peltogyne pubescens.8 (271).png,test/Peltogyne pubescens/3377. Peltogyne pubescens.8 (271).png
Pterocarpus sp/sub_004/122_3.png,test/Pterocarpus sp/122_3.png
Sindora tonkinensis/sub_007/3381. Sindora tonkinensis.9 (281).png,test/Sindora tonkinensis/3381. Sindora tonkinensis.9 (281).png
Pterocarpus erinaceus/sub_017/3403. Pterocarpus erinaceus.6 (167).png,test/Pterocarpus erinaceus/3403. Pterocarpus erinaceus.6 (167).png
Pterocarpus sp/sub_092/168.png,test/Pterocarpus sp/168.png
Guibourtia ehie/sub_009/Guibourtia ehie_SXGM640_8_(301).png,test/Guibourtia ehie/Guibourtia ehie_SXGM640_8_(301).png
Sindora tonkinensis/sub_025/3381. Sindora tonkinensis.9 (282).png,test/Sindora tonkinensis/3381. Sindora tonkinensis.9 (282).png
Peltogyne pubescens/sub_016/3377. Peltogyne pubescens.10 (355).png,test/Peltogyne pubescens/3377. Peltogyne pubescens.10 (355).png
Pterocarpus soyauxii/sub_012/182.png,test/Pterocarpus soyauxii/182.png
Afzelia bella/sub_045/Afzelia bella_WJSV740_10_36120.png,test/Afzelia bella/Afzelia bella_WJSV740_10_36120.png
Dalbergia melanoxylon/sub_048/3352. Dalbergia melanoxylon.1.(24).png,test/Dalbergia melanoxylon/3352. Dalbergia melanoxylon.1.(24).png
Pterocarpus indicus/sub_013/3395. Pterocarpus indicus.9 (277).png,test/Pterocarpus indicus/3395. Pterocarpus indicus.9 (277).png
Afzelia quanzensis/sub_034/146_1.png,test/Afzelia quanzensis/146_1__eb2b1323.png
Guibourtia ehie/sub_016/Guibourtia ehie_PVFM153_6_(209).png,test/Guibourtia ehie/Guibourtia ehie_PVFM153_6_(209).png
Afzelia africana/sub_069/doussie0.png,test/Afzelia africana/doussie0.png
Guibourtia ehie/sub_029/Guibourtia ehie_PVFM153_6_(207).png,test/Guibourtia ehie/Guibourtia ehie_PVFM153_6_(207).png
Dalbergia cochinchinensis/sub_023/Dalbergia cochinchinensis.3280.2 (25).png,test/Dalbergia cochinchinensis/Dalbergia cochinchinensis.3280.2 (25).png
Pterocarpus erinaceus/sub_005/3403. Pterocarpus erinaceus.5 (154).png,test/Pterocarpus erinaceus/3403. Pterocarpus erinaceus.5 (154).png
Pterocarpus sp/sub_068/10_1.png,test/Pterocarpus sp/10_1.png
Pterocarpus sp/sub_049/127_3.png,test/Pterocarpus sp/127_3.png
Sindora tonkinensis/sub_041/3381. Sindora tonkinensis.2 (64).png,test/Sindora tonkinensis/3381. Sindora tonkinensis.2 (64).png
Sindora tonkinensis/sub_030/3381. Sindora tonkinensis.9 (292).png,test/Sindora tonkinensis/3381. Sindora tonkinensis.9 (292).png
Pterocarpus macrocarpus/sub_019/148_2_1.png,test/Pterocarpus macrocarpus/148_2_1.png
Afzelia bella/sub_020/Afzelia bella_AKMX287_(30).png,test/Afzelia bella/Afzelia bella_AKMX287_(30).png
Guibourtia ehie/sub_002/Guibourtia ehie_QAMZ768_7_(250).png,test/Guibourtia ehie/Guibourtia ehie_QAMZ768_7_(250).png
Dalbergia melanoxylon/sub_001/3352. Dalbergia melanoxylon.6.(165).png,test/Dalbergia melanoxylon/3352. Dalbergia melanoxylon.6.(165).png
Pterocarpus macrocarpus/sub_014/112_2.png,test/Pterocarpus macrocarpus/112_2.png
Peltogyne pubescens/sub_030/3377. Peltogyne pubescens.2 (42).png,test/Peltogyne pubescens/3377. Peltogyne pubescens.2 (42).png
Pterocarpus indicus/sub_035/3395. Pterocarpus indicus.7 (203).png,test/Pterocarpus indicus/3395. Pterocarpus indicus.7 (203).png
Guibourtia coleosperma/sub_095/Guibourtia coleosperma_3253.7 (19).png,test/Guibourtia coleosperma/Guibourtia coleosperma_3253.7 (19).png
Guibourtia ehie/sub_034/Guibourtia ehie_QAMZ768_7_(278).png,test/Guibourtia ehie/Guibourtia ehie_QAMZ768_7_(278).png
Pterocarpus sp/sub_025/125_1.png,test/Pterocarpus sp/125_1__ecc5e7bd.png
Dalbergia cochinchinensis/sub_023/Dalbergia cochinchinensis.3280.2 (13).png,test/Dalbergia cochinchinensis/Dalbergia cochinchinensis.3280.2 (13).png
Dalbergia tonkinensis/sub_053/3353. Dalbergia tonkinensis.3.(77).png,test/Dalbergia tonkinensis/3353. Dalbergia tonkinensis.3.(77).png
Pterocarpus soyauxii/sub_013/131_2.png,test/Pterocarpus soyauxii/131_2.png
Dalbergia tonkinensis/sub_062/3353. Dalbergia tonkinensis.5.(149).png,test/Dalbergia tonkinensis/3353. Dalbergia tonkinensis.5.(149).png
Pterocarpus macrocarpus/sub_087/165.png,test/Pterocarpus macrocarpus/165.png
Pterocarpus sp/sub_014/17_1.png,test/Pterocarpus sp/17_1.png
Dalbergia cochinchinensis/sub_034/Dalbergia cochinchinensis.3280.4 (11).png,test/Dalbergia cochinchinensis/Dalbergia cochinchinensis.3280.4 (11).png
Afzelia africana/sub_036/doussie18.png,test/Afzelia africana/doussie18.png
Pterocarpus macrocarpus/sub_042/143_4.png,test/Pterocarpus macrocarpus/143_4.png
Pterocarpus erinaceus/sub_042/3403. Pterocarpus erinaceus.4 (122).png,test/Pterocarpus erinaceus/3403. Pterocarpus erinaceus.4 (122).png
Sindora cochinchinensis/sub_062/gụ76_1.png,test/Sindora cochinchinensis/gụ76_1.png
Peltogyne pubescens/sub_028/3377. Peltogyne pubescens.9 (306).png,test/Peltogyne pubescens/3377. Peltogyne pubescens.9 (306).png
Pterocarpus macrocarpus/sub_061/142_1.png,test/Pterocarpus macrocarpus/142_1.png
Guibourtia ehie/sub_034/Guibourtia ehie_QAMZ768_7_(257).png,test/Guibourtia ehie/Guibourtia ehie_QAMZ768_7_(257).png
Pterocarpus macrocarpus/sub_086/143_1.png,test/Pterocarpus macrocarpus/143_1.png
Pterocarpus indicus/sub_021/3395. Pterocarpus indicus.7 (220).png,test/Pterocarpus indicus/3395. Pterocarpus indicus.7 (220).png
Afzelia pachyloba/sub_006/3.1_1.png,test/Afzelia pachyloba/3.1_1.png
Pterocarpus soyauxii/sub_078/186.png,test/Pterocarpus soyauxii/186.png
Pterocarpus macrocarpus/sub_014/132_2.png,test/Pterocarpus macrocarpus/132_2.png
Peltogyne pubescens/sub_011/3377. Peltogyne pubescens.9 (326).png,test/Peltogyne pubescens/3377. Peltogyne pubescens.9 (326).png
Guibourtia arnoldiana/sub_055/3411. Guibourtia arnoldiana.2 (36).png,test/Guibourtia arnoldiana/3411. Guibourtia arnoldiana.2 (36).png
Guibourtia coleosperma/sub_030/Guibourtia coleosperma_3253.2 (32).png,test/Guibourtia coleosperma/Guibourtia coleosperma_3253.2 (32).png
Afzelia bella/sub_001/Afzelia bella_AKMX287_(1).png,test/Afzelia bella/Afzelia bella_AKMX287_(1).png
Afzelia africana/sub_008/doussie20_1.png,test/Afzelia africana/doussie20_1.png
Pterocarpus macrocarpus/sub_007/139_3.png,test/Pterocarpus macrocarpus/139_3.png
Pterocarpus soyauxii/sub_005/121.png,test/Pterocarpus soyauxii/121.png
Dalbergia cochinchinensis/sub_058/Dalbergia cochinchinensis.3280.2 (17).png,test/Dalbergia cochinchinensis/Dalbergia cochinchinensis.3280.2 (17).png
Afzelia quanzensis/sub_010/127.png,test/Afzelia quanzensis/127__af0e03f4.png
Afzelia africana/sub_062/doussie35_1.png,test/Afzelia africana/doussie35_1__4c1712bb.png
Pterocarpus sp/sub_070/115_5.png,test/Pterocarpus sp/115_5.png
Dalbergia melanoxylon/sub_025/3352. Dalbergia melanoxylon.3.(72).png,test/Dalbergia melanoxylon/3352. Dalbergia melanoxylon.3.(72).png
Guibourtia coleosperma/sub_064/Guibourtia coleosperma_3253.6 (26).png,test/Guibourtia coleosperma/Guibourtia coleosperma_3253.6 (26).png
Pterocarpus macrocarpus/sub_056/112_3.png,test/Pterocarpus macrocarpus/112_3.png
Dalbergia tonkinensis/sub_038/3353. Dalbergia tonkinensis.9.(271).png,test/Dalbergia tonkinensis/3353. Dalbergia tonkinensis.9.(271).png
Dalbergia oliveri/sub_001/Dalbergia oliveri_3237.10_ (32).png,test/Dalbergia oliveri/Dalbergia oliveri_3237.10_ (32).png
Guibourtia arnoldiana/sub_018/3411. Guibourtia arnoldiana.2 (41).png,test/Guibourtia arnoldiana/3411. Guibourtia arnoldiana.2 (41).png
Pterocarpus indicus/sub_034/3395. Pterocarpus indicus.7 (199).png,test/Pterocarpus indicus/3395. Pterocarpus indicus.7 (199).png
Dalbergia tonkinensis/sub_024/3353. Dalbergia tonkinensis.5.(157).png,test/Dalbergia tonkinensis/3353. Dalbergia tonkinensis.5.(157).png
Peltogyne pubescens/sub_053/3377. Peltogyne pubescens.7 (253).png,test/Peltogyne pubescens/3377. Peltogyne pubescens.7 (253).png
Guibourtia coleosperma/sub_001/Guibourtia coleosperma_3253.10 (27).png,test/Guibourtia coleosperma/Guibourtia coleosperma_3253.10 (27).png
Afzelia quanzensis/sub_001/151.png,test/Afzelia quanzensis/151.png
Afzelia bella/sub_083/Afzelia bella_HYBT691_(132).png,test/Afzelia bella/Afzelia bella_HYBT691_(132).png
Guibourtia coleosperma/sub_023/Guibourtia coleosperma_3253.6 (15).png,test/Guibourtia coleosperma/Guibourtia coleosperma_3253.6 (15).png
Pterocarpus erinaceus/sub_006/3403. Pterocarpus erinaceus.3 (84).png,test/Pterocarpus erinaceus/3403. Pterocarpus erinaceus.3 (84).png
Afzelia quanzensis/sub_007/120_2.png,test/Afzelia quanzensis/120_2.png
Sindora tonkinensis/sub_012/3381. Sindora tonkinensis.5 (154).png,test/Sindora tonkinensis/3381. Sindora tonkinensis.5 (154).png
Guibourtia ehie/sub_035/Guibourtia ehie_QAMZ768_7_(256).png,test/Guibourtia ehie/Guibourtia ehie_QAMZ768_7_(256).png
Pterocarpus soyauxii/sub_014/18_1.png,test/Pterocarpus soyauxii/18_1.png
Sindora tonkinensis/sub_011/3381. Sindora tonkinensis.9 (293).png,test/Sindora tonkinensis/3381. Sindora tonkinensis.9 (293).png
Afzelia bella/sub_037/Afzelia bella_AKMX287_(10).png,test/Afzelia bella/Afzelia bella_AKMX287_(10).png
Pterocarpus soyauxii/sub_074/168.png,test/Pterocarpus soyauxii/168__f292936e.png
Afzelia africana/sub_016/doussie51_1.png,test/Afzelia africana/doussie51_1.png
Afzelia quanzensis/sub_007/17_1.png,test/Afzelia quanzensis/17_1.png
Afzelia bella/sub_043/Afzelia bella_QCYD170_(272).png,test/Afzelia bella/Afzelia bella_QCYD170_(272).png
Guibourtia coleosperma/sub_067/Guibourtia coleosperma_3253.8 (28).png,test/Guibourtia coleosperma/Guibourtia coleosperma_3253.8 (28).png
Dalbergia tonkinensis/sub_009/3353. Dalbergia tonkinensis.7.(211).png,test/Dalbergia tonkinensis/3353. Dalbergia tonkinensis.7.(211).png
Dalbergia cochinchinensis/sub_001/Dalbergia cochinchinensis.3280.2 (5).png,test/Dalbergia cochinchinensis/Dalbergia cochinchinensis.3280.2 (5).png
Pterocarpus macrocarpus/sub_018/142_3.png,test/Pterocarpus macrocarpus/142_3.png
Dalbergia cochinchinensis/sub_014/Dalbergia cochinchinensis.3280.4 (26).png,test/Dalbergia cochinchinensis/Dalbergia cochinchinensis.3280.4 (26).png
Pterocarpus soyauxii/sub_100/151.png,test/Pterocarpus soyauxii/151.png
Afzelia bella/sub_032/Afzelia bella_AKMX287_(40).png,test/Afzelia bella/Afzelia bella_AKMX287_(40).png
Pterocarpus sp/sub_049/19_3.png,test/Pterocarpus sp/19_3.png
Dalbergia rimosa/sub_021/3414. Dalbergia rimosa.3 (69).png,test/Dalbergia rimosa/3414. Dalbergia rimosa.3 (69).png
Pterocarpus macrocarpus/sub_040/115.png,test/Pterocarpus macrocarpus/115.png
Pterocarpus macrocarpus/sub_022/136_2_1.png,test/Pterocarpus macrocarpus/136_2_1.png
Pterocarpus macrocarpus/sub_053/116_1.png,test/Pterocarpus macrocarpus/116_1.png
Dalbergia oliveri/sub_023/Dalbergia oliveri_3237.2_ (2).png,test/Dalbergia oliveri/Dalbergia oliveri_3237.2_ (2).png
Pterocarpus indicus/sub_003/3395. Pterocarpus indicus.2 (34).png,test/Pterocarpus indicus/3395. Pterocarpus indicus.2 (34).png
Dalbergia melanoxylon/sub_021/3352. Dalbergia melanoxylon.6.(150).png,test/Dalbergia melanoxylon/3352. Dalbergia melanoxylon.6.(150).png
Pterocarpus macrocarpus/sub_012/116_2.png,test/Pterocarpus macrocarpus/116_2.png
Guibourtia coleosperma/sub_003/Guibourtia coleosperma_3253.7 (10).png,test/Guibourtia coleosperma/Guibourtia coleosperma_3253.7 (10).png
Guibourtia coleosperma/sub_016/Guibourtia coleosperma_3253.8 (17).png,test/Guibourtia coleosperma/Guibourtia coleosperma_3253.8 (17).png
Dalbergia oliveri/sub_012/Dalbergia oliveri_3237.3_ (12).png,test/Dalbergia oliveri/Dalbergia oliveri_3237.3_ (12).png
Pterocarpus soyauxii/sub_078/148_2.png,test/Pterocarpus soyauxii/148_2.png
Pterocarpus sp/sub_032/120_1.png,test/Pterocarpus sp/120_1.png
Dalbergia oliveri/sub_047/Dalbergia oliveri_3237.9_ (28).png,test/Dalbergia oliveri/Dalbergia oliveri_3237.9_ (28).png
Dalbergia cochinchinensis/sub_046/Dalbergia cochinchinensis.3280.2 (12).png,test/Dalbergia cochinchinensis/Dalbergia cochinchinensis.3280.2 (12).png
Afzelia quanzensis/sub_005/16_4.png,test/Afzelia quanzensis/16_4.png
Guibourtia ehie/sub_030/Guibourtia ehie_SXGM640_8_(282).png,test/Guibourtia ehie/Guibourtia ehie_SXGM640_8_(282).png
Pterocarpus macrocarpus/sub_058/130_1.png,test/Pterocarpus macrocarpus/130_1.png
Dalbergia tonkinensis/sub_021/3353. Dalbergia tonkinensis.4.(101).png,test/Dalbergia tonkinensis/3353. Dalbergia tonkinensis.4.(101).png
Pterocarpus indicus/sub_033/3395. Pterocarpus indicus.6 (190).png,test/Pterocarpus indicus/3395. Pterocarpus indicus.6 (190).png
Guibourtia coleosperma/sub_038/Guibourtia coleosperma_3253.6 (32).png,test/Guibourtia coleosperma/Guibourtia coleosperma_3253.6 (32).png
Pterocarpus soyauxii/sub_027/164_1.png,test/Pterocarpus soyauxii/164_1.png
Pterocarpus macrocarpus/sub_008/19_1_1.png,test/Pterocarpus macrocarpus/19_1_1.png
Afzelia pachyloba/sub_024/7.2.png,test/Afzelia pachyloba/7.2.png
Guibourtia ehie/sub_046/Guibourtia ehie_UORX694_10_(395).png,test/Guibourtia ehie/Guibourtia ehie_UORX694_10_(395).png
Dalbergia tonkinensis/sub_014/3353. Dalbergia tonkinensis.4.(111).png,test/Dalbergia tonkinensis/3353. Dalbergia tonkinensis.4.(111).png
Afzelia africana/sub_046/doussie54_2.png,test/Afzelia africana/doussie54_2.png
Sindora cochinchinensis/sub_038/gụ78.png,test/Sindora cochinchinensis/gụ78.png
Sindora tonkinensis/sub_003/3381. Sindora tonkinensis.6 (170).png,test/Sindora tonkinensis/3381. Sindora tonkinensis.6 (170).png
Guibourtia ehie/sub_001/Guibourtia ehie_UORX694_10_(400).png,test/Guibourtia ehie/Guibourtia ehie_UORX694_10_(400).png
Sindora cochinchinensis/sub_002/gụ89.png,test/Sindora cochinchinensis/gụ89.png
Afzelia bella/sub_014/Afzelia bella_OGHV743_(206).png,test/Afzelia bella/Afzelia bella_OGHV743_(206).png
Dalbergia cochinchinensis/sub_043/Dalbergia cochinchinensis.3280.5 (19).png,test/Dalbergia cochinchinensis/Dalbergia cochinchinensis.3280.5 (19).png
Afzelia africana/sub_003/doussie21_1.png,test/Afzelia africana/doussie21_1.png
Sindora cochinchinensis/sub_001/gụ0.png,test/Sindora cochinchinensis/gụ0__ddb4b815.png
Pterocarpus macrocarpus/sub_014/122_1_1.png,test/Pterocarpus macrocarpus/122_1_1.png
Guibourtia ehie/sub_038/Guibourtia ehie_PRQC042_5_(200).png,test/Guibourtia ehie/Guibourtia ehie_PRQC042_5_(200).png
Guibourtia arnoldiana/sub_010/3411. Guibourtia arnoldiana.6 (166).png,test/Guibourtia arnoldiana/3411. Guibourtia arnoldiana.6 (166).png
Guibourtia coleosperma/sub_008/Guibourtia coleosperma_3253.8 (13).png,test/Guibourtia coleosperma/Guibourtia coleosperma_3253.8 (13).png
Sindora tonkinensis/sub_050/3381. Sindora tonkinensis.9 (291).png,test/Sindora tonkinensis/3381. Sindora tonkinensis.9 (291).png
Dalbergia tonkinensis/sub_020/3353. Dalbergia tonkinensis.9.(266).png,test/Dalbergia tonkinensis/3353. Dalbergia tonkinensis.9.(266).png
Afzelia bella/sub_034/Afzelia bella_LYSV052_(181).png,test/Afzelia bella/Afzelia bella_LYSV052_(181).png
Dalbergia rimosa/sub_034/3414. Dalbergia rimosa.6 (166).png,test/Dalbergia rimosa/3414. Dalbergia rimosa.6 (166).png
Pterocarpus sp/sub_027/149_2.png,test/Pterocarpus sp/149_2.png
Guibourtia ehie/sub_081/Guibourtia ehie_PRQC042_5_(184).png,test/Guibourtia ehie/Guibourtia ehie_PRQC042_5_(184).png
Dalbergia rimosa/sub_026/3414. Dalbergia rimosa.8 (233).png,test/Dalbergia rimosa/3414. Dalbergia rimosa.8 (233).png
Pterocarpus macrocarpus/sub_033/120_2.png,test/Pterocarpus macrocarpus/120_2.png
Dalbergia melanoxylon/sub_027/3352. Dalbergia melanoxylon.4.(106).png,test/Dalbergia melanoxylon/3352. Dalbergia melanoxylon.4.(106).png
Afzelia africana/sub_022/doussie56_1.png,test/Afzelia africana/doussie56_1.png
Dalbergia rimosa/sub_002/3414. Dalbergia rimosa.5 (135).png,test/Dalbergia rimosa/3414. Dalbergia rimosa.5 (135).png
Peltogyne pubescens/sub_016/3377. Peltogyne pubescens.6 (195).png,test/Peltogyne pubescens/3377. Peltogyne pubescens.6 (195).png
Dalbergia tonkinensis/sub_005/3353. Dalbergia tonkinensis.9.(276).png,test/Dalbergia tonkinensis/3353. Dalbergia tonkinensis.9.(276).png
Dalbergia oliveri/sub_064/Dalbergia oliveri_3237.9_ (27).png,test/Dalbergia oliveri/Dalbergia oliveri_3237.9_ (27).png
Afzelia quanzensis/sub_046/10_2.png,test/Afzelia quanzensis/10_2.png
Pterocarpus soyauxii/sub_027/196.png,test/Pterocarpus soyauxii/196.png
Afzelia africana/sub_013/doussie8_1.png,test/Afzelia africana/doussie8_1.png
Pterocarpus erinaceus/sub_036/3403. Pterocarpus erinaceus.9 (281).png,test/Pterocarpus erinaceus/3403. Pterocarpus erinaceus.9 (281).png
Pterocarpus soyauxii/sub_014/119.png,test/Pterocarpus soyauxii/119.png
Guibourtia coleosperma/sub_044/Guibourtia coleosperma_3253.6 (20).png,test/Guibourtia coleosperma/Guibourtia coleosperma_3253.6 (20).png
Sindora tonkinensis/sub_002/3381. Sindora tonkinensis.4 (123).png,test/Sindora tonkinensis/3381. Sindora tonkinensis.4 (123).png
Guibourtia coleosperma/sub_006/Guibourtia coleosperma_3253.10 (6).png,test/Guibourtia coleosperma/Guibourtia coleosperma_3253.10 (6).png
Pterocarpus soyauxii/sub_038/15_1.png,test/Pterocarpus soyauxii/15_1.png
Dalbergia melanoxylon/sub_016/3352. Dalbergia melanoxylon.9.(256).png,test/Dalbergia melanoxylon/3352. Dalbergia melanoxylon.9.(256).png
Peltogyne pubescens/sub_002/3377. Peltogyne pubescens.5 (182).png,test/Peltogyne pubescens/3377. Peltogyne pubescens.5 (182).png
Pterocarpus sp/sub_019/137_2.png,test/Pterocarpus sp/137_2.png
Guibourtia ehie/sub_042/Guibourtia ehie_QAMZ768_7_(273).png,test/Guibourtia ehie/Guibourtia ehie_QAMZ768_7_(273).png
Sindora tonkinensis/sub_008/3381. Sindora tonkinensis.9 (283).png,test/Sindora tonkinensis/3381. Sindora tonkinensis.9 (283).png
Pterocarpus indicus/sub_023/3395. Pterocarpus indicus.6 (176).png,test/Pterocarpus indicus/3395. Pterocarpus indicus.6 (176).png
Sindora cochinchinensis/sub_038/gụ38_1.png,test/Sindora cochinchinensis/gụ38_1.png
Dalbergia cochinchinensis/sub_073/Dalbergia cochinchinensis.3280.2 (11).png,test/Dalbergia cochinchinensis/Dalbergia cochinchinensis.3280.2 (11).png
Pterocarpus soyauxii/sub_053/165.png,test/Pterocarpus soyauxii/165__5fe26dfd.png
Sindora cochinchinensis/sub_030/gụ20.png,test/Sindora cochinchinensis/gụ20.png
Pterocarpus indicus/sub_001/3395. Pterocarpus indicus.1 (10).png,test/Pterocarpus indicus/3395. Pterocarpus indicus.1 (10).png
Guibourtia coleosperma/sub_006/Guibourtia coleosperma_3253.11 (5).png,test/Guibourtia coleosperma/Guibourtia coleosperma_3253.11 (5).png
Pterocarpus indicus/sub_021/3395. Pterocarpus indicus.10 (311).png,test/Pterocarpus indicus/3395. Pterocarpus indicus.10 (311).png
Guibourtia ehie/sub_043/Guibourtia ehie_PRQC042_5_(187).png,test/Guibourtia ehie/Guibourtia ehie_PRQC042_5_(187).png
Afzelia bella/sub_045/Afzelia bella_GCJA653_(111).png,test/Afzelia bella/Afzelia bella_GCJA653_(111).png
Guibourtia coleosperma/sub_020/Guibourtia coleosperma_3253.11 (3).png,test/Guibourtia coleosperma/Guibourtia coleosperma_3253.11 (3).png
Guibourtia ehie/sub_085/Guibourtia ehie_QAMZ768_7_(274).png,test/Guibourtia ehie/Guibourtia ehie_QAMZ768_7_(274).png
Pterocarpus sp/sub_041/12_4.png,test/Pterocarpus sp/12_4.png
Pterocarpus macrocarpus/sub_030/15.png,test/Pterocarpus macrocarpus/15.png
Dalbergia melanoxylon/sub_005/3352. Dalbergia melanoxylon.7.(190).png,test/Dalbergia melanoxylon/3352. Dalbergia melanoxylon.7.(190).png
Afzelia africana/sub_005/doussie36_1.png,test/Afzelia africana/doussie36_1.png
Dalbergia rimosa/sub_014/3414. Dalbergia rimosa.1(15).png,test/Dalbergia rimosa/3414. Dalbergia rimosa.1(15).png
Guibourtia coleosperma/sub_006/Guibourtia coleosperma_3253.7 (12).png,test/Guibourtia coleosperma/Guibourtia coleosperma_3253.7 (12).png
Afzelia quanzensis/sub_040/144_1_1.png,test/Afzelia quanzensis/144_1_1.png
Dalbergia oliveri/sub_027/Dalbergia oliveri_3237.5_ (28).png,test/Dalbergia oliveri/Dalbergia oliveri_3237.5_ (28).png
Sindora cochinchinensis/sub_006/gụ71.png,test/Sindora cochinchinensis/gụ71.png
Dalbergia cochinchinensis/sub_003/Dalbergia cochinchinensis.3280.2 (33).png,test/Dalbergia cochinchinensis/Dalbergia cochinchinensis.3280.2 (33).png
Dalbergia tonkinensis/sub_028/3353. Dalbergia tonkinensis.4.(105).png,test/Dalbergia tonkinensis/3353. Dalbergia tonkinensis.4.(105).png
Pterocarpus soyauxii/sub_071/158_1.png,test/Pterocarpus soyauxii/158_1.png
Guibourtia arnoldiana/sub_017/3411. Guibourtia arnoldiana.5 (136).png,test/Guibourtia arnoldiana/3411. Guibourtia arnoldiana.5 (136).png
Guibourtia coleosperma/sub_019/Guibourtia coleosperma_3253.10 (26).png,test/Guibourtia coleosperma/Guibourtia coleosperma_3253.10 (26).png
Dalbergia rimosa/sub_027/3414. Dalbergia rimosa.4 (110).png,test/Dalbergia rimosa/3414. Dalbergia rimosa.4 (110).png
Pterocarpus macrocarpus/sub_018/152_2.png,test/Pterocarpus macrocarpus/152_2.png
Dalbergia oliveri/sub_009/Dalbergia oliveri_3237.2_ (15).png,test/Dalbergia oliveri/Dalbergia oliveri_3237.2_ (15).png
Pterocarpus erinaceus/sub_057/3403. Pterocarpus erinaceus.9 (284).png,test/Pterocarpus erinaceus/3403. Pterocarpus erinaceus.9 (284).png
Afzelia quanzensis/sub_017/132_2.png,test/Afzelia quanzensis/132_2.png
Pterocarpus erinaceus/sub_013/3403. Pterocarpus erinaceus.6 (172).png,test/Pterocarpus erinaceus/3403. Pterocarpus erinaceus.6 (172).png
Pterocarpus sp/sub_094/144_5.png,test/Pterocarpus sp/144_5.png
Afzelia pachyloba/sub_040/2.4_3.png,test/Afzelia pachyloba/2.4_3.png
Dalbergia tonkinensis/sub_033/3353. Dalbergia tonkinensis.3.(75).png,test/Dalbergia tonkinensis/3353. Dalbergia tonkinensis.3.(75).png
Afzelia bella/sub_025/Afzelia bella_QCYD170_(266).png,test/Afzelia bella/Afzelia bella_QCYD170_(266).png
Guibourtia coleosperma/sub_006/Guibourtia coleosperma_3253.8 (16).png,test/Guibourtia coleosperma/Guibourtia coleosperma_3253.8 (16).png
Dalbergia rimosa/sub_036/3414. Dalbergia rimosa.1(14).png,test/Dalbergia rimosa/3414. Dalbergia rimosa.1(14).png
Dalbergia cochinchinensis/sub_015/Dalbergia cochinchinensis.3280.4 (15).png,test/Dalbergia cochinchinensis/Dalbergia cochinchinensis.3280.4 (15).png
Guibourtia coleosperma/sub_054/Guibourtia coleosperma_3253.4 (15).png,test/Guibourtia coleosperma/Guibourtia coleosperma_3253.4 (15).png
Afzelia quanzensis/sub_034/138.png,test/Afzelia quanzensis/138__37520d53.png
Pterocarpus sp/sub_026/147_1.png,test/Pterocarpus sp/147_1.png
