path,label,genus,species,subfolder
/kaggle/input/datasets/b23dckh002lvitanh/s3-origin/S3/Afzelia africana/ngang 1/doussie44.png,Afzelia africana,Afzelia,africana,ngang 1
/kaggle/input/datasets/b23dckh002lvitanh/s3-origin/S3/Afzelia africana/ngang 1/doussie25.png,Afzelia africana,Afzelia,africana,ngang 1
/kaggle/input/datasets/b23dckh002lvitanh/s3-origin/S3/Afzelia africana/ngang 1/doussie35.png,Afzelia africana,Afzelia,africana,ngang 1
/kaggle/input/datasets/b23dckh002lvitanh/s3-origin/S3/Afzelia africana/ngang 2/doussie54.png,Afzelia africana,Afzelia,africana,ngang 2
/kaggle/input/datasets/b23dckh002lvitanh/s3-origin/S3/Afzelia africana/ngang 1/doussie39.png,Afzelia africana,Afzelia,africana,ngang 1
/kaggle/input/datasets/b23dckh002lvitanh/s3-origin/S3/Afzelia africana/ngang 2/doussie6.png,Afzelia africana,Afzelia,africana,ngang 2
/kaggle/input/datasets/b23dckh002lvitanh/s3-origin/S3/Afzelia africana/dọc 1/doussie35.png,Afzelia africana,Afzelia,africana,dọc 1
/kaggle/input/datasets/b23dckh002lvitanh/s3-origin/S3/Afzelia africana/ngang 2/doussie27.png,Afzelia africana,Afzelia,africana,ngang 2
/kaggle/input/datasets/b23dckh002lvitanh/s3-origin/S3/Afzelia africana/ngang 1/doussie69.png,Afzelia africana,Afzelia,africana,ngang 1
/kaggle/input/datasets/b23dckh002lvitanh/s3-origin/S3/Afzelia africana/dọc 1/doussie30.png,Afzelia africana,Afzelia,africana,dọc 1
/kaggle/input/datasets/b23dckh002lvitanh/s3-origin/S3/Afzelia africana/dọc 2/doussie31.png,Afzelia africana,Afzelia,africana,dọc 2
/kaggle/input/datasets/b23dckh002lvitanh/s3-origin/S3/Afzelia africana/ngang 1/doussie6.png,Afzelia africana,Afzelia,africana,ngang 1
/kaggle/input/datasets/b23dckh002lvitanh/s3-origin/S3/Afzelia africana/dọc 2/doussie20.png,Afzelia africana,Afzelia,africana,dọc 2
/kaggle/input/datasets/b23dckh002lvitanh/s3-origin/S3/Afzelia africana/ngang 2/doussie35.png,Afzelia africana,Afzelia,africana,ngang 2
/kaggle/input/datasets/b23dckh002lvitanh/s3-origin/S3/Afzelia africana/ngang 2/doussie11.png,Afzelia africana,Afzelia,africana,ngang 2
/kaggle/input/datasets/b23dckh002lvitanh/s3-origin/S3/Afzelia africana/ngang 2/doussie24.png,Afzelia africana,Afzelia,africana,ngang 2
/kaggle/input/datasets/b23dckh002lvitanh/s3-origin/S3/Afzelia africana/ngang 1/doussie65.png,Afzelia africana,Afzelia,africana,ngang 1
/kaggle/input/datasets/b23dckh002lvitanh/s3-origin/S3/Afzelia africana/ngang 1/doussie4.png,Afzelia africana,Afzelia,africana,ngang 1
/kaggle/input/datasets/b23dckh002lvitanh/s3-origin/S3/Afzelia africana/dọc 1/doussie37.png,Afzelia africana,Afzelia,africana,dọc 1
/kaggle/input/datasets/b23dckh002lvitanh/s3-origin/S3/Afzelia africana/dọc 2/doussie35.png,Afzelia africana,Afzelia,africana,dọc 2
/kaggle/input/datasets/b23dckh002lvitanh/s3-origin/S3/Afzelia africana/ngang 1/doussie78.png,Afzelia africana,Afzelia,africana,ngang 1
/kaggle/input/datasets/b23dckh002lvitanh/s3-origin/S3/Afzelia africana/dọc 2/doussie26.png,Afzelia africana,Afzelia,africana,dọc 2
/kaggle/input/datasets/b23dckh002lvitanh/s3-origin/S3/Afzelia africana/dọc 2/doussie25.png,Afzelia africana,Afzelia,africana,dọc 2
/kaggle/input/datasets/b23dckh002lvitanh/s3-origin/S3/Afzelia africana/dọc 2/doussie5.png,Afzelia africana,Afzelia,africana,dọc 2
/kaggle/input/datasets/b23dckh002lvitanh/s3-origin/S3/Afzelia africana/ngang 2/doussie10.png,Afzelia africana,Afzelia,africana,ngang 2
/kaggle/input/datasets/b23dckh002lvitanh/s3-origin/S3/Afzelia africana/dọc 1/doussie29.png,Afzelia africana,Afzelia,africana,dọc 1
/kaggle/input/datasets/b23dckh002lvitanh/s3-origin/S3/Afzelia africana/ngang 1/doussie79.png,Afzelia africana,Afzelia,africana,ngang 1
/kaggle/input/datasets/b23dckh002lvitanh/s3-origin/S3/Afzelia africana/ngang 2/doussie16.png,Afzelia africana,Afzelia,africana,ngang 2
/kaggle/input/datasets/b23dckh002lvitanh/s3-origin/S3/Afzelia africana/ngang 1/doussie0.png,Afzelia africana,Afzelia,africana,ngang 1
/kaggle/input/datasets/b23dckh002lvitanh/s3-origin/S3/Afzelia africana/dọc 1/doussie31.png,Afzelia africana,Afzelia,africana,dọc 1
/kaggle/input/datasets/b23dckh002lvitanh/s3-origin/S3/Afzelia africana/ngang 1/doussie42.png,Afzelia africana,Afzelia,africana,ngang 1
/kaggle/input/datasets/b23dckh002lvitanh/s3-origin/S3/Afzelia africana/ngang 1/doussie77.png,Afzelia africana,Afzelia,africana,ngang 1
/kaggle/input/datasets/b23dckh002lvitanh/s3-origin/S3/Afzelia africana/ngang 2/doussie17.png,Afzelia africana,Afzelia,africana,ngang 2
/kaggle/input/datasets/b23dckh002lvitanh/s3-origin/S3/Afzelia africana/ngang 1/doussie9.png,Afzelia africana,Afzelia,africana,ngang 1
/kaggle/input/datasets/b23dckh002lvitanh/s3-origin/S3/Afzelia africana/dọc 2/doussie24.png,Afzelia africana,Afzelia,africana,dọc 2
/kaggle/input/datasets/b23dckh002lvitanh/s3-origin/S3/Afzelia africana/ngang 1/doussie58.png,Afzelia africana,Afzelia,africana,ngang 1
/kaggle/input/datasets/b23dckh002lvitanh/s3-origin/S3/Afzelia africana/ngang 2/doussie4.png,Afzelia africana,Afzelia,africana,ngang 2
/kaggle/input/datasets/b23dckh002lvitanh/s3-origin/S3/Afzelia africana/ngang 2/doussie22.png,Afzelia africana,Afzelia,africana,ngang 2
/kaggle/input/datasets/b23dckh002lvitanh/s3-origin/S3/Afzelia africana/ngang 2/doussie31.png,Afzelia africana,Afzelia,africana,ngang 2
/kaggle/input/datasets/b23dckh002lvitanh/s3-origin/S3/Afzelia africana/dọc 1/doussie36.png,Afzelia africana,Afzelia,africana,dọc 1
/kaggle/input/datasets/b23dckh002lvitanh/s3-origin/S3/Afzelia africana/ngang 2/doussie41.png,Afzelia africana,Afzelia,africana,ngang 2
/kaggle/input/datasets/b23dckh002lvitanh/s3-origin/S3/Afzelia africana/dọc 1/doussie2.png,Afzelia africana,Afzelia,africana,dọc 1
/kaggle/input/datasets/b23dckh002lvitanh/s3-origin/S3/Afzelia africana/ngang 1/doussie60.png,Afzelia africana,Afzelia,africana,ngang 1
/kaggle/input/datasets/b23dckh002lvitanh/s3-origin/S3/Afzelia africana/ngang 1/doussie19.png,Afzelia africana,Afzelia,africana,ngang 1
/kaggle/input/datasets/b23dckh002lvitanh/s3-origin/S3/Afzelia africana/ngang 1/doussie64.png,Afzelia africana,Afzelia,africana,ngang 1
/kaggle/input/datasets/b23dckh002lvitanh/s3-origin/S3/Afzelia africana/ngang 2/doussie51.png,Afzelia africana,Afzelia,africana,ngang 2
/kaggle/input/datasets/b23dckh002lvitanh/s3-origin/S3/Afzelia africana/ngang 1/doussie41.png,Afzelia africana,Afzelia,africana,ngang 1
/kaggle/input/datasets/b23dckh002lvitanh/s3-origin/S3/Afzelia africana/ngang 2/doussie2.png,Afzelia africana,Afzelia,africana,ngang 2
/kaggle/input/datasets/b23dckh002lvitanh/s3-origin/S3/Afzelia africana/ngang 1/doussie20.png,Afzelia africana,Afzelia,africana,ngang 1
/kaggle/input/datasets/b23dckh002lvitanh/s3-origin/S3/Afzelia africana/ngang 2/doussie0.png,Afzelia africana,Afzelia,africana,ngang 2
/kaggle/input/datasets/b23dckh002lvitanh/s3-origin/S3/Afzelia africana/ngang 1/doussie7.png,Afzelia africana,Afzelia,africana,ngang 1
/kaggle/input/datasets/b23dckh002lvitanh/s3-origin/S3/Afzelia africana/dọc 2/doussie15.png,Afzelia africana,Afzelia,africana,dọc 2
/kaggle/input/datasets/b23dckh002lvitanh/s3-origin/S3/Afzelia africana/ngang 2/doussie32.png,Afzelia africana,Afzelia,africana,ngang 2
/kaggle/input/datasets/b23dckh002lvitanh/s3-origin/S3/Afzelia africana/ngang 1/doussie24.png,Afzelia africana,Afzelia,africana,ngang 1
/kaggle/input/datasets/b23dckh002lvitanh/s3-origin/S3/Afzelia africana/dọc 2/doussie38.png,Afzelia africana,Afzelia,africana,dọc 2
/kaggle/input/datasets/b23dckh002lvitanh/s3-origin/S3/Afzelia africana/ngang 2/doussie33.png,Afzelia africana,Afzelia,africana,ngang 2
/kaggle/input/datasets/b23dckh002lvitanh/s3-origin/S3/Afzelia africana/ngang 1/doussie71.png,Afzelia africana,Afzelia,africana,ngang 1
/kaggle/input/datasets/b23dckh002lvitanh/s3-origin/S3/Afzelia africana/dọc 1/doussie33.png,Afzelia africana,Afzelia,africana,dọc 1
/kaggle/input/datasets/b23dckh002lvitanh/s3-origin/S3/Afzelia africana/ngang 2/doussie39.png,Afzelia africana,Afzelia,africana,ngang 2
/kaggle/input/datasets/b23dckh002lvitanh/s3-origin/S3/Afzelia africana/ngang 2/doussie57.png,Afzelia africana,Afzelia,africana,ngang 2
/kaggle/input/datasets/b23dckh002lvitanh/s3-origin/S3/Afzelia africana/dọc 2/doussie39.png,Afzelia africana,Afzelia,africana,dọc 2
/kaggle/input/datasets/b23dckh002lvitanh/s3-origin/S3/Afzelia africana/ngang 1/doussie45.png,Afzelia africana,Afzelia,africana,ngang 1
/kaggle/input/datasets/b23dckh002lvitanh/s3-origin/S3/Afzelia africana/ngang 2/doussie23.png,Afzelia africana,Afzelia,africana,ngang 2
/kaggle/input/datasets/b23dckh002lvitanh/s3-origin/S3/Afzelia africana/dọc 1/doussie38.png,Afzelia africana,Afzelia,africana,dọc 1
/kaggle/input/datasets/b23dckh002lvitanh/s3-origin/S3/Afzelia africana/ngang 1/doussie56.png,Afzelia africana,Afzelia,africana,ngang 1
/kaggle/input/datasets/b23dckh002lvitanh/s3-origin/S3/Afzelia africana/ngang 2/doussie26.png,Afzelia africana,Afzelia,africana,ngang 2
/kaggle/input/datasets/b23dckh002lvitanh/s3-origin/S3/Afzelia africana/dọc 2/doussie27.png,Afzelia africana,Afzelia,africana,dọc 2
/kaggle/input/datasets/b23dckh002lvitanh/s3-origin/S3/Afzelia africana/ngang 1/doussie55.png,Afzelia africana,Afzelia,africana,ngang 1
/kaggle/input/datasets/b23dckh002lvitanh/s3-origin/S3/Afzelia africana/ngang 1/doussie5.png,Afzelia africana,Afzelia,africana,ngang 1
/kaggle/input/datasets/b23dckh002lvitanh/s3-origin/S3/Afzelia africana/dọc 2/doussie41.png,Afzelia africana,Afzelia,africana,dọc 2
/kaggle/input/datasets/b23dckh002lvitanh/s3-origin/S3/Afzelia africana/ngang 1/doussie37.png,Afzelia africana,Afzelia,africana,ngang 1
/kaggle/input/datasets/b23dckh002lvitanh/s3-origin/S3/Afzelia africana/ngang 1/doussie36.png,Afzelia africana,Afzelia,africana,ngang 1
/kaggle/input/datasets/b23dckh002lvitanh/s3-origin/S3/Afzelia africana/ngang 2/doussie14.png,Afzelia africana,Afzelia,africana,ngang 2
/kaggle/input/datasets/b23dckh002lvitanh/s3-origin/S3/Afzelia africana/ngang 2/doussie30.png,Afzelia africana,Afzelia,africana,ngang 2
/kaggle/input/datasets/b23dckh002lvitanh/s3-origin/S3/Afzelia africana/dọc 1/doussie4.png,Afzelia africana,Afzelia,africana,dọc 1
/kaggle/input/datasets/b23dckh002lvitanh/s3-origin/S3/Afzelia africana/ngang 2/doussie9.png,Afzelia africana,Afzelia,africana,ngang 2
/kaggle/input/datasets/b23dckh002lvitanh/s3-origin/S3/Afzelia africana/ngang 2/doussie7.png,Afzelia africana,Afzelia,africana,ngang 2
/kaggle/input/datasets/b23dckh002lvitanh/s3-origin/S3/Afzelia africana/ngang 1/doussie15.png,Afzelia africana,Afzelia,africana,ngang 1
/kaggle/input/datasets/b23dckh002lvitanh/s3-origin/S3/Afzelia africana/ngang 2/doussie12.png,Afzelia africana,Afzelia,africana,ngang 2
/kaggle/input/datasets/b23dckh002lvitanh/s3-origin/S3/Afzelia africana/ngang 2/doussie53.png,Afzelia africana,Afzelia,africana,ngang 2
/kaggle/input/datasets/b23dckh002lvitanh/s3-origin/S3/Afzelia africana/ngang 1/doussie74.png,Afzelia africana,Afzelia,africana,ngang 1
/kaggle/input/datasets/b23dckh002lvitanh/s3-origin/S3/Afzelia africana/ngang 1/doussie12.png,Afzelia africana,Afzelia,africana,ngang 1
/kaggle/input/datasets/b23dckh002lvitanh/s3-origin/S3/Afzelia africana/ngang 1/doussie11.png,Afzelia africana,Afzelia,africana,ngang 1
/kaggle/input/datasets/b23dckh002lvitanh/s3-origin/S3/Afzelia africana/ngang 2/doussie55.png,Afzelia africana,Afzelia,africana,ngang 2
/kaggle/input/datasets/b23dckh002lvitanh/s3-origin/S3/Afzelia africana/ngang 1/doussie8.png,Afzelia africana,Afzelia,africana,ngang 1
/kaggle/input/datasets/b23dckh002lvitanh/s3-origin/S3/Afzelia africana/ngang 1/doussie13.png,Afzelia africana,Afzelia,africana,ngang 1
/kaggle/input/datasets/b23dckh002lvitanh/s3-origin/S3/Afzelia africana/dọc 1/doussie26.png,Afzelia africana,Afzelia,africana,dọc 1
/kaggle/input/datasets/b23dckh002lvitanh/s3-origin/S3/Afzelia africana/ngang 1/doussie31.png,Afzelia africana,Afzelia,africana,ngang 1
/kaggle/input/datasets/b23dckh002lvitanh/s3-origin/S3/Afzelia africana/ngang 2/doussie13.png,Afzelia africana,Afzelia,africana,ngang 2
/kaggle/input/datasets/b23dckh002lvitanh/s3-origin/S3/Afzelia africana/ngang 1/doussie17.png,Afzelia africana,Afzelia,africana,ngang 1
/kaggle/input/datasets/b23dckh002lvitanh/s3-origin/S3/Afzelia africana/ngang 2/doussie20.png,Afzelia africana,Afzelia,africana,ngang 2
/kaggle/input/datasets/b23dckh002lvitanh/s3-origin/S3/Afzelia africana/ngang 1/doussie2.png,Afzelia africana,Afzelia,africana,ngang 1
/kaggle/input/datasets/b23dckh002lvitanh/s3-origin/S3/Afzelia africana/ngang 2/doussie1.png,Afzelia africana,Afzelia,africana,ngang 2
/kaggle/input/datasets/b23dckh002lvitanh/s3-origin/S3/Afzelia africana/ngang 1/doussie27.png,Afzelia africana,Afzelia,africana,ngang 1
/kaggle/input/datasets/b23dckh002lvitanh/s3-origin/S3/Afzelia africana/ngang 1/doussie66.png,Afzelia africana,Afzelia,africana,ngang 1
/kaggle/input/datasets/b23dckh002lvitanh/s3-origin/S3/Afzelia africana/ngang 1/doussie40.png,Afzelia africana,Afzelia,africana,ngang 1
/kaggle/input/datasets/b23dckh002lvitanh/s3-origin/S3/Afzelia africana/ngang 2/doussie29.png,Afzelia africana,Afzelia,africana,ngang 2
/kaggle/input/datasets/b23dckh002lvitanh/s3-origin/S3/Afzelia africana/dọc 1/doussie3.png,Afzelia africana,Afzelia,africana,dọc 1
/kaggle/input/datasets/b23dckh002lvitanh/s3-origin/S3/Afzelia africana/ngang 1/doussie22.png,Afzelia africana,Afzelia,africana,ngang 1
/kaggle/input/datasets/b23dckh002lvitanh/s3-origin/S3/Afzelia africana/ngang 1/doussie70.png,Afzelia africana,Afzelia,africana,ngang 1
/kaggle/input/datasets/b23dckh002lvitanh/s3-origin/S3/Afzelia africana/ngang 2/doussie25.png,Afzelia africana,Afzelia,africana,ngang 2
/kaggle/input/datasets/b23dckh002lvitanh/s3-origin/S3/Afzelia africana/dọc 2/doussie55.png,Afzelia africana,Afzelia,africana,dọc 2
/kaggle/input/datasets/b23dckh002lvitanh/s3-origin/S3/Afzelia africana/ngang 1/doussie54.png,Afzelia africana,Afzelia,africana,ngang 1
/kaggle/input/datasets/b23dckh002lvitanh/s3-origin/S3/Afzelia africana/ngang 1/doussie29.png,Afzelia africana,Afzelia,africana,ngang 1
/kaggle/input/datasets/b23dckh002lvitanh/s3-origin/S3/Afzelia africana/dọc 1/doussie16.png,Afzelia africana,Afzelia,africana,dọc 1
/kaggle/input/datasets/b23dckh002lvitanh/s3-origin/S3/Afzelia africana/ngang 2/doussie52.png,Afzelia africana,Afzelia,africana,ngang 2
/kaggle/input/datasets/b23dckh002lvitanh/s3-origin/S3/Afzelia africana/ngang 2/doussie47.png,Afzelia africana,Afzelia,africana,ngang 2
/kaggle/input/datasets/b23dckh002lvitanh/s3-origin/S3/Afzelia africana/ngang 1/doussie49.png,Afzelia africana,Afzelia,africana,ngang 1
/kaggle/input/datasets/b23dckh002lvitanh/s3-origin/S3/Afzelia africana/ngang 1/doussie61.png,Afzelia africana,Afzelia,africana,ngang 1
/kaggle/input/datasets/b23dckh002lvitanh/s3-origin/S3/Afzelia africana/ngang 2/doussie8.png,Afzelia africana,Afzelia,africana,ngang 2
/kaggle/input/datasets/b23dckh002lvitanh/s3-origin/S3/Afzelia africana/ngang 2/doussie21.png,Afzelia africana,Afzelia,africana,ngang 2
/kaggle/input/datasets/b23dckh002lvitanh/s3-origin/S3/Afzelia africana/dọc 2/doussie21.png,Afzelia africana,Afzelia,africana,dọc 2
/kaggle/input/datasets/b23dckh002lvitanh/s3-origin/S3/Afzelia africana/ngang 2/doussie38.png,Afzelia africana,Afzelia,africana,ngang 2
/kaggle/input/datasets/b23dckh002lvitanh/s3-origin/S3/Afzelia africana/ngang 2/doussie3.png,Afzelia africana,Afzelia,africana,ngang 2
/kaggle/input/datasets/b23dckh002lvitanh/s3-origin/S3/Afzelia africana/ngang 1/doussie73.png,Afzelia africana,Afzelia,africana,ngang 1
/kaggle/input/datasets/b23dckh002lvitanh/s3-origin/S3/Afzelia africana/ngang 1/doussie52.png,Afzelia africana,Afzelia,africana,ngang 1
/kaggle/input/datasets/b23dckh002lvitanh/s3-origin/S3/Afzelia africana/ngang 1/doussie47.png,Afzelia africana,Afzelia,africana,ngang 1
/kaggle/input/datasets/b23dckh002lvitanh/s3-origin/S3/Afzelia africana/ngang 1/doussie33.png,Afzelia africana,Afzelia,africana,ngang 1
/kaggle/input/datasets/b23dckh002lvitanh/s3-origin/S3/Afzelia africana/dọc 1/doussie52.png,Afzelia africana,Afzelia,africana,dọc 1
/kaggle/input/datasets/b23dckh002lvitanh/s3-origin/S3/Afzelia africana/dọc 1/doussie27.png,Afzelia africana,Afzelia,africana,dọc 1
/kaggle/input/datasets/b23dckh002lvitanh/s3-origin/S3/Afzelia africana/ngang 1/doussie1.png,Afzelia africana,Afzelia,africana,ngang 1
/kaggle/input/datasets/b23dckh002lvitanh/s3-origin/S3/Afzelia africana/dọc 2/doussie13.png,Afzelia africana,Afzelia,africana,dọc 2
/kaggle/input/datasets/b23dckh002lvitanh/s3-origin/S3/Afzelia africana/dọc 1/doussie32.png,Afzelia africana,Afzelia,africana,dọc 1
/kaggle/input/datasets/b23dckh002lvitanh/s3-origin/S3/Afzelia africana/ngang 1/doussie46.png,Afzelia africana,Afzelia,africana,ngang 1
/kaggle/input/datasets/b23dckh002lvitanh/s3-origin/S3/Afzelia africana/dọc 2/doussie16.png,Afzelia africana,Afzelia,africana,dọc 2
/kaggle/input/datasets/b23dckh002lvitanh/s3-origin/S3/Afzelia africana/ngang 2/doussie36.png,Afzelia africana,Afzelia,africana,ngang 2
/kaggle/input/datasets/b23dckh002lvitanh/s3-origin/S3/Afzelia africana/ngang 1/doussie34.png,Afzelia africana,Afzelia,africana,ngang 1
/kaggle/input/datasets/b23dckh002lvitanh/s3-origin/S3/Afzelia africana/dọc 2/doussie8.png,Afzelia africana,Afzelia,africana,dọc 2
/kaggle/input/datasets/b23dckh002lvitanh/s3-origin/S3/Afzelia africana/dọc 2/doussie44.png,Afzelia africana,Afzelia,africana,dọc 2
/kaggle/input/datasets/b23dckh002lvitanh/s3-origin/S3/Afzelia africana/ngang 2/doussie50.png,Afzelia africana,Afzelia,africana,ngang 2
/kaggle/input/datasets/b23dckh002lvitanh/s3-origin/S3/Afzelia africana/dọc 1/doussie10.png,Afzelia africana,Afzelia,africana,dọc 1
/kaggle/input/datasets/b23dckh002lvitanh/s3-origin/S3/Afzelia africana/ngang 1/doussie26.png,Afzelia africana,Afzelia,africana,ngang 1
/kaggle/input/datasets/b23dckh002lvitanh/s3-origin/S3/Afzelia africana/dọc 1/doussie43.png,Afzelia africana,Afzelia,africana,dọc 1
/kaggle/input/datasets/b23dckh002lvitanh/s3-origin/S3/Afzelia africana/ngang 2/doussie40.png,Afzelia africana,Afzelia,africana,ngang 2
/kaggle/input/datasets/b23dckh002lvitanh/s3-origin/S3/Afzelia africana/ngang 2/doussie43.png,Afzelia africana,Afzelia,africana,ngang 2
/kaggle/input/datasets/b23dckh002lvitanh/s3-origin/S3/Afzelia africana/ngang 1/doussie28.png,Afzelia africana,Afzelia,africana,ngang 1
/kaggle/input/datasets/b23dckh002lvitanh/s3-origin/S3/Afzelia africana/ngang 2/doussie5.png,Afzelia africana,Afzelia,africana,ngang 2
/kaggle/input/datasets/b23dckh002lvitanh/s3-origin/S3/Afzelia africana/dọc 1/doussie45.png,Afzelia africana,Afzelia,africana,dọc 1
/kaggle/input/datasets/b23dckh002lvitanh/s3-origin/S3/Afzelia africana/ngang 2/doussie18.png,Afzelia africana,Afzelia,africana,ngang 2
/kaggle/input/datasets/b23dckh002lvitanh/s3-origin/S3/Afzelia africana/ngang 2/doussie56.png,Afzelia africana,Afzelia,africana,ngang 2
/kaggle/input/datasets/b23dckh002lvitanh/s3-origin/S3/Afzelia africana/ngang 1/doussie68.png,Afzelia africana,Afzelia,africana,ngang 1
/kaggle/input/datasets/b23dckh002lvitanh/s3-origin/S3/Afzelia africana/dọc 2/doussie42.png,Afzelia africana,Afzelia,africana,dọc 2
/kaggle/input/datasets/b23dckh002lvitanh/s3-origin/S3/Afzelia africana/ngang 2/doussie37.png,Afzelia africana,Afzelia,africana,ngang 2
/kaggle/input/datasets/b23dckh002lvitanh/s3-origin/S3/Afzelia africana/dọc 1/doussie44.png,Afzelia africana,Afzelia,africana,dọc 1
/kaggle/input/datasets/b23dckh002lvitanh/s3-origin/S3/Afzelia africana/ngang 1/doussie76.png,Afzelia africana,Afzelia,africana,ngang 1
/kaggle/input/datasets/b23dckh002lvitanh/s3-origin/S3/Afzelia africana/ngang 2/doussie19.png,Afzelia africana,Afzelia,africana,ngang 2
/kaggle/input/datasets/b23dckh002lvitanh/s3-origin/S3/Afzelia africana/dọc 1/doussie20.png,Afzelia africana,Afzelia,africana,dọc 1
/kaggle/input/datasets/b23dckh002lvitanh/s3-origin/S3/Afzelia africana/dọc 2/doussie6.png,Afzelia africana,Afzelia,africana,dọc 2
/kaggle/input/datasets/b23dckh002lvitanh/s3-origin/S3/Afzelia africana/ngang 2/doussie15.png,Afzelia africana,Afzelia,africana,ngang 2
/kaggle/input/datasets/b23dckh002lvitanh/s3-origin/S3/Afzelia africana/ngang 1/doussie32.png,Afzelia africana,Afzelia,africana,ngang 1
/kaggle/input/datasets/b23dckh002lvitanh/s3-origin/S3/Afzelia africana/ngang 1/doussie30.png,Afzelia africana,Afzelia,africana,ngang 1
/kaggle/input/datasets/b23dckh002lvitanh/s3-origin/S3/Afzelia africana/ngang 1/doussie57.png,Afzelia africana,Afzelia,africana,ngang 1
/kaggle/input/datasets/b23dckh002lvitanh/s3-origin/S3/Afzelia africana/ngang 1/doussie43.png,Afzelia africana,Afzelia,africana,ngang 1
/kaggle/input/datasets/b23dckh002lvitanh/s3-origin/S3/Afzelia africana/ngang 1/doussie10.png,Afzelia africana,Afzelia,africana,ngang 1
/kaggle/input/datasets/b23dckh002lvitanh/s3-origin/S3/Afzelia africana/ngang 1/doussie53.png,Afzelia africana,Afzelia,africana,ngang 1
/kaggle/input/datasets/b23dckh002lvitanh/s3-origin/S3/Afzelia africana/ngang 1/doussie16.png,Afzelia africana,Afzelia,africana,ngang 1
/kaggle/input/datasets/b23dckh002lvitanh/s3-origin/S3/Afzelia africana/dọc 1/doussie34.png,Afzelia africana,Afzelia,africana,dọc 1
/kaggle/input/datasets/b23dckh002lvitanh/s3-origin/S3/Afzelia africana/dọc 2/doussie45.png,Afzelia africana,Afzelia,africana,dọc 2
/kaggle/input/datasets/b23dckh002lvitanh/s3-origin/S3/Afzelia africana/ngang 2/doussie34.png,Afzelia africana,Afzelia,africana,ngang 2
/kaggle/input/datasets/b23dckh002lvitanh/s3-origin/S3/Afzelia africana/ngang 1/doussie21.png,Afzelia africana,Afzelia,africana,ngang 1
/kaggle/input/datasets/b23dckh002lvitanh/s3-origin/S3/Afzelia africana/dọc 2/doussie17.png,Afzelia africana,Afzelia,africana,dọc 2
/kaggle/input/datasets/b23dckh002lvitanh/s3-origin/S3/Afzelia africana/ngang 1/doussie51.png,Afzelia africana,Afzelia,africana,ngang 1
/kaggle/input/datasets/b23dckh002lvitanh/s3-origin/S3/Afzelia africana/ngang 1/doussie48.png,Afzelia africana,Afzelia,africana,ngang 1
/kaggle/input/datasets/b23dckh002lvitanh/s3-origin/S3/Afzelia bella/Afzelia bella_AMRX692/Afzelia bella_AMRX692_(53).png,Afzelia bella,Afzelia,bella,Afzelia bella_AMRX692
/kaggle/input/datasets/b23dckh002lvitanh/s3-origin/S3/Afzelia bella/Afzelia bella_QUAV174/Afzelia bella_QUAV174_(304).png,Afzelia bella,Afzelia,bella,Afzelia bella_QUAV174
/kaggle/input/datasets/b23dckh002lvitanh/s3-origin/S3/Afzelia bella/Afzelia bella_HYBT691/Afzelia bella_HYBT691_(138).png,Afzelia bella,Afzelia,bella,Afzelia bella_HYBT691
/kaggle/input/datasets/b23dckh002lvitanh/s3-origin/S3/Afzelia bella/Afzelia bella_AKMX287/Afzelia bella_AKMX287_(35).png,Afzelia bella,Afzelia,bella,Afzelia bella_AKMX287
/kaggle/input/datasets/b23dckh002lvitanh/s3-origin/S3/Afzelia bella/Afzelia bella_QUAV174/Afzelia bella_QUAV174_(293).png,Afzelia bella,Afzelia,bella,Afzelia bella_QUAV174
/kaggle/input/datasets/b23dckh002lvitanh/s3-origin/S3/Afzelia bella/Afzelia bella_OGHV743/Afzelia bella_OGHV743_(230).png,Afzelia bella,Afzelia,bella,Afzelia bella_OGHV743
/kaggle/input/datasets/b23dckh002lvitanh/s3-origin/S3/Afzelia bella/Afzelia bella_QCYD170/Afzelia bella_QCYD170_(258).png,Afzelia bella,Afzelia,bella,Afzelia bella_QCYD170
/kaggle/input/datasets/b23dckh002lvitanh/s3-origin/S3/Afzelia bella/Afzelia bella_WJSV740_10/Afzelia bella_WJSV740_10_3610.png,Afzelia bella,Afzelia,bella,Afzelia bella_WJSV740_10
/kaggle/input/datasets/b23dckh002lvitanh/s3-origin/S3/Afzelia bella/Afzelia bella_FFCA657/Afzelia bella_FFCA657_9_3214.png,Afzelia bella,Afzelia,bella,Afzelia bella_FFCA657
/kaggle/input/datasets/b23dckh002lvitanh/s3-origin/S3/Afzelia bella/Afzelia bella_WJSV740_10/Afzelia bella_WJSV740_10_3614.png,Afzelia bella,Afzelia,bella,Afzelia bella_WJSV740_10
/kaggle/input/datasets/b23dckh002lvitanh/s3-origin/S3/Afzelia bella/Afzelia bella_FFCA657/Afzelia bella_FFCA657_9_3217.png,Afzelia bella,Afzelia,bella,Afzelia bella_FFCA657
/kaggle/input/datasets/b23dckh002lvitanh/s3-origin/S3/Afzelia bella/Afzelia bella_QUAV174/Afzelia bella_QUAV174_(305).png,Afzelia bella,Afzelia,bella,Afzelia bella_QUAV174
/kaggle/input/datasets/b23dckh002lvitanh/s3-origin/S3/Afzelia bella/Afzelia bella_GCJA653/Afzelia bella_GCJA653_(92).png,Afzelia bella,Afzelia,bella,Afzelia bella_GCJA653
/kaggle/input/datasets/b23dckh002lvitanh/s3-origin/S3/Afzelia bella/Afzelia bella_QUAV174/Afzelia bella_QUAV174_(281).png,Afzelia bella,Afzelia,bella,Afzelia bella_QUAV174
/kaggle/input/datasets/b23dckh002lvitanh/s3-origin/S3/Afzelia bella/Afzelia bella_WJSV740_10/Afzelia bella_WJSV740_10_3619.png,Afzelia bella,Afzelia,bella,Afzelia bella_WJSV740_10
/kaggle/input/datasets/b23dckh002lvitanh/s3-origin/S3/Afzelia bella/Afzelia bella_OGHV743/Afzelia bella_OGHV743_(240).png,Afzelia bella,Afzelia,bella,Afzelia bella_OGHV743
/kaggle/input/datasets/b23dckh002lvitanh/s3-origin/S3/Afzelia bella/Afzelia bella_FFCA657/Afzelia bella_FFCA657_9_32114.png,Afzelia bella,Afzelia,bella,Afzelia bella_FFCA657
/kaggle/input/datasets/b23dckh002lvitanh/s3-origin/S3/Afzelia bella/Afzelia bella_GCJA653/Afzelia bella_GCJA653_(110).png,Afzelia bella,Afzelia,bella,Afzelia bella_GCJA653
/kaggle/input/datasets/b23dckh002lvitanh/s3-origin/S3/Afzelia bella/Afzelia bella_LYSV052/Afzelia bella_LYSV052_(168).png,Afzelia bella,Afzelia,bella,Afzelia bella_LYSV052
/kaggle/input/datasets/b23dckh002lvitanh/s3-origin/S3/Afzelia bella/Afzelia bella_QCYD170/Afzelia bella_QCYD170_(241).png,Afzelia bella,Afzelia,bella,Afzelia bella_QCYD170
/kaggle/input/datasets/b23dckh002lvitanh/s3-origin/S3/Afzelia bella/Afzelia bella_HYBT691/Afzelia bella_HYBT691_(133).png,Afzelia bella,Afzelia,bella,Afzelia bella_HYBT691
/kaggle/input/datasets/b23dckh002lvitanh/s3-origin/S3/Afzelia bella/Afzelia bella_OGHV743/Afzelia bella_OGHV743_(226).png,Afzelia bella,Afzelia,bella,Afzelia bella_OGHV743
/kaggle/input/datasets/b23dckh002lvitanh/s3-origin/S3/Afzelia bella/Afzelia bella_QCYD170/Afzelia bella_QCYD170_(254).png,Afzelia bella,Afzelia,bella,Afzelia bella_QCYD170
/kaggle/input/datasets/b23dckh002lvitanh/s3-origin/S3/Afzelia bella/Afzelia bella_FFCA657/Afzelia bella_FFCA657_9_3215.png,Afzelia bella,Afzelia,bella,Afzelia bella_FFCA657
/kaggle/input/datasets/b23dckh002lvitanh/s3-origin/S3/Afzelia bella/Afzelia bella_LYSV052/Afzelia bella_LYSV052_(187).png,Afzelia bella,Afzelia,bella,Afzelia bella_LYSV052
/kaggle/input/datasets/b23dckh002lvitanh/s3-origin/S3/Afzelia bella/Afzelia bella_OGHV743/Afzelia bella_OGHV743_(223).png,Afzelia bella,Afzelia,bella,Afzelia bella_OGHV743
/kaggle/input/datasets/b23dckh002lvitanh/s3-origin/S3/Afzelia bella/Afzelia bella_GCJA653/Afzelia bella_GCJA653_(103).png,Afzelia bella,Afzelia,bella,Afzelia bella_GCJA653
/kaggle/input/datasets/b23dckh002lvitanh/s3-origin/S3/Afzelia bella/Afzelia bella_AMRX692/Afzelia bella_AMRX692_(67).png,Afzelia bella,Afzelia,bella,Afzelia bella_AMRX692
/kaggle/input/datasets/b23dckh002lvitanh/s3-origin/S3/Afzelia bella/Afzelia bella_AMRX692/Afzelia bella_AMRX692_(73).png,Afzelia bella,Afzelia,bella,Afzelia bella_AMRX692
/kaggle/input/datasets/b23dckh002lvitanh/s3-origin/S3/Afzelia bella/Afzelia bella_LYSV052/Afzelia bella_LYSV052_(178).png,Afzelia bella,Afzelia,bella,Afzelia bella_LYSV052
/kaggle/input/datasets/b23dckh002lvitanh/s3-origin/S3/Afzelia bella/Afzelia bella_HYBT691/Afzelia bella_HYBT691_(160).png,Afzelia bella,Afzelia,bella,Afzelia bella_HYBT691
/kaggle/input/datasets/b23dckh002lvitanh/s3-origin/S3/Afzelia bella/Afzelia bella_WJSV740_10/Afzelia bella_WJSV740_10_36123.png,Afzelia bella,Afzelia,bella,Afzelia bella_WJSV740_10
/kaggle/input/datasets/b23dckh002lvitanh/s3-origin/S3/Afzelia bella/Afzelia bella_QUAV174/Afzelia bella_QUAV174_(296).png,Afzelia bella,Afzelia,bella,Afzelia bella_QUAV174
/kaggle/input/datasets/b23dckh002lvitanh/s3-origin/S3/Afzelia bella/Afzelia bella_LYSV052/Afzelia bella_LYSV052_(165).png,Afzelia bella,Afzelia,bella,Afzelia bella_LYSV052
/kaggle/input/datasets/b23dckh002lvitanh/s3-origin/S3/Afzelia bella/Afzelia bella_AMRX692/Afzelia bella_AMRX692_(75).png,Afzelia bella,Afzelia,bella,Afzelia bella_AMRX692
/kaggle/input/datasets/b23dckh002lvitanh/s3-origin/S3/Afzelia bella/Afzelia bella_WJSV740_10/Afzelia bella_WJSV740_10_36112.png,Afzelia bella,Afzelia,bella,Afzelia bella_WJSV740_10
/kaggle/input/datasets/b23dckh002lvitanh/s3-origin/S3/Afzelia bella/Afzelia bella_QUAV174/Afzelia bella_QUAV174_(306).png,Afzelia bella,Afzelia,bella,Afzelia bella_QUAV174
/kaggle/input/datasets/b23dckh002lvitanh/s3-origin/S3/Afzelia bella/Afzelia bella_HYBT691/Afzelia bella_HYBT691_(149).png,Afzelia bella,Afzelia,bella,Afzelia bella_HYBT691
/kaggle/input/datasets/b23dckh002lvitanh/s3-origin/S3/Afzelia bella/Afzelia bella_AKMX287/Afzelia bella_AKMX287_(5).png,Afzelia bella,Afzelia,bella,Afzelia bella_AKMX287
/kaggle/input/datasets/b23dckh002lvitanh/s3-origin/S3/Afzelia bella/Afzelia bella_AMRX692/Afzelia bella_AMRX692_(71).png,Afzelia bella,Afzelia,bella,Afzelia bella_AMRX692
/kaggle/input/datasets/b23dckh002lvitanh/s3-origin/S3/Afzelia bella/Afzelia bella_GCJA653/Afzelia bella_GCJA653_(120).png,Afzelia bella,Afzelia,bella,Afzelia bella_GCJA653
/kaggle/input/datasets/b23dckh002lvitanh/s3-origin/S3/Afzelia bella/Afzelia bella_LYSV052/Afzelia bella_LYSV052_(179).png,Afzelia bella,Afzelia,bella,Afzelia bella_LYSV052
/kaggle/input/datasets/b23dckh002lvitanh/s3-origin/S3/Afzelia bella/Afzelia bella_HYBT691/Afzelia bella_HYBT691_(141).png,Afzelia bella,Afzelia,bella,Afzelia bella_HYBT691
/kaggle/input/datasets/b23dckh002lvitanh/s3-origin/S3/Afzelia bella/Afzelia bella_FFCA657/Afzelia bella_FFCA657_9_32111.png,Afzelia bella,Afzelia,bella,Afzelia bella_FFCA657
/kaggle/input/datasets/b23dckh002lvitanh/s3-origin/S3/Afzelia bella/Afzelia bella_WJSV740_10/Afzelia bella_WJSV740_10_3612.png,Afzelia bella,Afzelia,bella,Afzelia bella_WJSV740_10
/kaggle/input/datasets/b23dckh002lvitanh/s3-origin/S3/Afzelia bella/Afzelia bella_LYSV052/Afzelia bella_LYSV052_(167).png,Afzelia bella,Afzelia,bella,Afzelia bella_LYSV052
/kaggle/input/datasets/b23dckh002lvitanh/s3-origin/S3/Afzelia bella/Afzelia bella_QCYD170/Afzelia bella_QCYD170_(271).png,Afzelia bella,Afzelia,bella,Afzelia bella_QCYD170
/kaggle/input/datasets/b23dckh002lvitanh/s3-origin/S3/Afzelia bella/Afzelia bella_QUAV174/Afzelia bella_QUAV174_(300).png,Afzelia bella,Afzelia,bella,Afzelia bella_QUAV174
/kaggle/input/datasets/b23dckh002lvitanh/s3-origin/S3/Afzelia bella/Afzelia bella_HYBT691/Afzelia bella_HYBT691_(131).png,Afzelia bella,Afzelia,bella,Afzelia bella_HYBT691
/kaggle/input/datasets/b23dckh002lvitanh/s3-origin/S3/Afzelia bella/Afzelia bella_QUAV174/Afzelia bella_QUAV174_(311).png,Afzelia bella,Afzelia,bella,Afzelia bella_QUAV174
/kaggle/input/datasets/b23dckh002lvitanh/s3-origin/S3/Afzelia bella/Afzelia bella_GCJA653/Afzelia bella_GCJA653_(107).png,Afzelia bella,Afzelia,bella,Afzelia bella_GCJA653
/kaggle/input/datasets/b23dckh002lvitanh/s3-origin/S3/Afzelia bella/Afzelia bella_AMRX692/Afzelia bella_AMRX692_(78).png,Afzelia bella,Afzelia,bella,Afzelia bella_AMRX692
/kaggle/input/datasets/b23dckh002lvitanh/s3-origin/S3/Afzelia bella/Afzelia bella_FFCA657/Afzelia bella_FFCA657_9_32124.png,Afzelia bella,Afzelia,bella,Afzelia bella_FFCA657
/kaggle/input/datasets/b23dckh002lvitanh/s3-origin/S3/Afzelia bella/Afzelia bella_OGHV743/Afzelia bella_OGHV743_(201).png,Afzelia bella,Afzelia,bella,Afzelia bella_OGHV743
/kaggle/input/datasets/b23dckh002lvitanh/s3-origin/S3/Afzelia bella/Afzelia bella_AMRX692/Afzelia bella_AMRX692_(44).png,Afzelia bella,Afzelia,bella,Afzelia bella_AMRX692
/kaggle/input/datasets/b23dckh002lvitanh/s3-origin/S3/Afzelia bella/Afzelia bella_LYSV052/Afzelia bella_LYSV052_(183).png,Afzelia bella,Afzelia,bella,Afzelia bella_LYSV052
/kaggle/input/datasets/b23dckh002lvitanh/s3-origin/S3/Afzelia bella/Afzelia bella_QCYD170/Afzelia bella_QCYD170_(256).png,Afzelia bella,Afzelia,bella,Afzelia bella_QCYD170
/kaggle/input/datasets/b23dckh002lvitanh/s3-origin/S3/Afzelia bella/Afzelia bella_HYBT691/Afzelia bella_HYBT691_(146).png,Afzelia bella,Afzelia,bella,Afzelia bella_HYBT691
/kaggle/input/datasets/b23dckh002lvitanh/s3-origin/S3/Afzelia bella/Afzelia bella_FFCA657/Afzelia bella_FFCA657_9_3218.png,Afzelia bella,Afzelia,bella,Afzelia bella_FFCA657
/kaggle/input/datasets/b23dckh002lvitanh/s3-origin/S3/Afzelia bella/Afzelia bella_QCYD170/Afzelia bella_QCYD170_(268).png,Afzelia bella,Afzelia,bella,Afzelia bella_QCYD170
/kaggle/input/datasets/b23dckh002lvitanh/s3-origin/S3/Afzelia bella/Afzelia bella_LYSV052/Afzelia bella_LYSV052_(174).png,Afzelia bella,Afzelia,bella,Afzelia bella_LYSV052
/kaggle/input/datasets/b23dckh002lvitanh/s3-origin/S3/Afzelia bella/Afzelia bella_FFCA657/Afzelia bella_FFCA657_9_32133.png,Afzelia bella,Afzelia,bella,Afzelia bella_FFCA657
/kaggle/input/datasets/b23dckh002lvitanh/s3-origin/S3/Afzelia bella/Afzelia bella_QCYD170/Afzelia bella_QCYD170_(259).png,Afzelia bella,Afzelia,bella,Afzelia bella_QCYD170
/kaggle/input/datasets/b23dckh002lvitanh/s3-origin/S3/Afzelia bella/Afzelia bella_QUAV174/Afzelia bella_QUAV174_(298).png,Afzelia bella,Afzelia,bella,Afzelia bella_QUAV174
/kaggle/input/datasets/b23dckh002lvitanh/s3-origin/S3/Afzelia bella/Afzelia bella_FFCA657/Afzelia bella_FFCA657_9_32132.png,Afzelia bella,Afzelia,bella,Afzelia bella_FFCA657
/kaggle/input/datasets/b23dckh002lvitanh/s3-origin/S3/Afzelia bella/Afzelia bella_QCYD170/Afzelia bella_QCYD170_(242).png,Afzelia bella,Afzelia,bella,Afzelia bella_QCYD170
/kaggle/input/datasets/b23dckh002lvitanh/s3-origin/S3/Afzelia bella/Afzelia bella_GCJA653/Afzelia bella_GCJA653_(96).png,Afzelia bella,Afzelia,bella,Afzelia bella_GCJA653
/kaggle/input/datasets/b23dckh002lvitanh/s3-origin/S3/Afzelia bella/Afzelia bella_WJSV740_10/Afzelia bella_WJSV740_10_36126.png,Afzelia bella,Afzelia,bella,Afzelia bella_WJSV740_10
/kaggle/input/datasets/b23dckh002lvitanh/s3-origin/S3/Afzelia bella/Afzelia bella_AKMX287/Afzelia bella_AKMX287_(23).png,Afzelia bella,Afzelia,bella,Afzelia bella_AKMX287
/kaggle/input/datasets/b23dckh002lvitanh/s3-origin/S3/Afzelia bella/Afzelia bella_QCYD170/Afzelia bella_QCYD170_(270).png,Afzelia bella,Afzelia,bella,Afzelia bella_QCYD170
/kaggle/input/datasets/b23dckh002lvitanh/s3-origin/S3/Afzelia bella/Afzelia bella_QCYD170/Afzelia bella_QCYD170_(275).png,Afzelia bella,Afzelia,bella,Afzelia bella_QCYD170
/kaggle/input/datasets/b23dckh002lvitanh/s3-origin/S3/Afzelia bella/Afzelia bella_LYSV052/Afzelia bella_LYSV052_(162).png,Afzelia bella,Afzelia,bella,Afzelia bella_LYSV052
/kaggle/input/datasets/b23dckh002lvitanh/s3-origin/S3/Afzelia bella/Afzelia bella_AKMX287/Afzelia bella_AKMX287_(12).png,Afzelia bella,Afzelia,bella,Afzelia bella_AKMX287
/kaggle/input/datasets/b23dckh002lvitanh/s3-origin/S3/Afzelia bella/Afzelia bella_OGHV743/Afzelia bella_OGHV743_(210).png,Afzelia bella,Afzelia,bella,Afzelia bella_OGHV743
/kaggle/input/datasets/b23dckh002lvitanh/s3-origin/S3/Afzelia bella/Afzelia bella_LYSV052/Afzelia bella_LYSV052_(175).png,Afzelia bella,Afzelia,bella,Afzelia bella_LYSV052
/kaggle/input/datasets/b23dckh002lvitanh/s3-origin/S3/Afzelia bella/Afzelia bella_LYSV052/Afzelia bella_LYSV052_(163).png,Afzelia bella,Afzelia,bella,Afzelia bella_LYSV052
/kaggle/input/datasets/b23dckh002lvitanh/s3-origin/S3/Afzelia bella/Afzelia bella_QCYD170/Afzelia bella_QCYD170_(272).png,Afzelia bella,Afzelia,bella,Afzelia bella_QCYD170
/kaggle/input/datasets/b23dckh002lvitanh/s3-origin/S3/Afzelia bella/Afzelia bella_QCYD170/Afzelia bella_QCYD170_(269).png,Afzelia bella,Afzelia,bella,Afzelia bella_QCYD170
/kaggle/input/datasets/b23dckh002lvitanh/s3-origin/S3/Afzelia bella/Afzelia bella_LYSV052/Afzelia bella_LYSV052_(166).png,Afzelia bella,Afzelia,bella,Afzelia bella_LYSV052
/kaggle/input/datasets/b23dckh002lvitanh/s3-origin/S3/Afzelia bella/Afzelia bella_HYBT691/Afzelia bella_HYBT691_(139).png,Afzelia bella,Afzelia,bella,Afzelia bella_HYBT691
/kaggle/input/datasets/b23dckh002lvitanh/s3-origin/S3/Afzelia bella/Afzelia bella_QUAV174/Afzelia bella_QUAV174_(309).png,Afzelia bella,Afzelia,bella,Afzelia bella_QUAV174
/kaggle/input/datasets/b23dckh002lvitanh/s3-origin/S3/Afzelia bella/Afzelia bella_FFCA657/Afzelia bella_FFCA657_9_32131.png,Afzelia bella,Afzelia,bella,Afzelia bella_FFCA657
/kaggle/input/datasets/b23dckh002lvitanh/s3-origin/S3/Afzelia bella/Afzelia bella_HYBT691/Afzelia bella_HYBT691_(132).png,Afzelia bella,Afzelia,bella,Afzelia bella_HYBT691
/kaggle/input/datasets/b23dckh002lvitanh/s3-origin/S3/Afzelia bella/Afzelia bella_WJSV740_10/Afzelia bella_WJSV740_10_3616.png,Afzelia bella,Afzelia,bella,Afzelia bella_WJSV740_10
/kaggle/input/datasets/b23dckh002lvitanh/s3-origin/S3/Afzelia bella/Afzelia bella_WJSV740_10/Afzelia bella_WJSV740_10_36114.png,Afzelia bella,Afzelia,bella,Afzelia bella_WJSV740_10
/kaggle/input/datasets/b23dckh002lvitanh/s3-origin/S3/Afzelia bella/Afzelia bella_AKMX287/Afzelia bella_AKMX287_(17).png,Afzelia bella,Afzelia,bella,Afzelia bella_AKMX287
/kaggle/input/datasets/b23dckh002lvitanh/s3-origin/S3/Afzelia bella/Afzelia bella_AKMX287/Afzelia bella_AKMX287_(6).png,Afzelia bella,Afzelia,bella,Afzelia bella_AKMX287
/kaggle/input/datasets/b23dckh002lvitanh/s3-origin/S3/Afzelia bella/Afzelia bella_AKMX287/Afzelia bella_AKMX287_(16).png,Afzelia bella,Afzelia,bella,Afzelia bella_AKMX287
/kaggle/input/datasets/b23dckh002lvitanh/s3-origin/S3/Afzelia bella/Afzelia bella_LYSV052/Afzelia bella_LYSV052_(200).png,Afzelia bella,Afzelia,bella,Afzelia bella_LYSV052
/kaggle/input/datasets/b23dckh002lvitanh/s3-origin/S3/Afzelia bella/Afzelia bella_WJSV740_10/Afzelia bella_WJSV740_10_36113.png,Afzelia bella,Afzelia,bella,Afzelia bella_WJSV740_10
/kaggle/input/datasets/b23dckh002lvitanh/s3-origin/S3/Afzelia bella/Afzelia bella_AKMX287/Afzelia bella_AKMX287_(25).png,Afzelia bella,Afzelia,bella,Afzelia bella_AKMX287
/kaggle/input/datasets/b23dckh002lvitanh/s3-origin/S3/Afzelia bella/Afzelia bella_QUAV174/Afzelia bella_QUAV174_(312).png,Afzelia bella,Afzelia,bella,Afzelia bella_QUAV174
/kaggle/input/datasets/b23dckh002lvitanh/s3-origin/S3/Afzelia bella/Afzelia bella_OGHV743/Afzelia bella_OGHV743_(233).png,Afzelia bella,Afzelia,bella,Afzelia bella_OGHV743
/kaggle/input/datasets/b23dckh002lvitanh/s3-origin/S3/Afzelia bella/Afzelia bella_AKMX287/Afzelia bella_AKMX287_(19).png,Afzelia bella,Afzelia,bella,Afzelia bella_AKMX287
/kaggle/input/datasets/b23dckh002lvitanh/s3-origin/S3/Afzelia bella/Afzelia bella_WJSV740_10/Afzelia bella_WJSV740_10_36124.png,Afzelia bella,Afzelia,bella,Afzelia bella_WJSV740_10
/kaggle/input/datasets/b23dckh002lvitanh/s3-origin/S3/Afzelia bella/Afzelia bella_GCJA653/Afzelia bella_GCJA653_(90).png,Afzelia bella,Afzelia,bella,Afzelia bella_GCJA653
/kaggle/input/datasets/b23dckh002lvitanh/s3-origin/S3/Afzelia bella/Afzelia bella_WJSV740_10/Afzelia bella_WJSV740_10_3613.png,Afzelia bella,Afzelia,bella,Afzelia bella_WJSV740_10
/kaggle/input/datasets/b23dckh002lvitanh/s3-origin/S3/Afzelia bella/Afzelia bella_HYBT691/Afzelia bella_HYBT691_(137).png,Afzelia bella,Afzelia,bella,Afzelia bella_HYBT691
/kaggle/input/datasets/b23dckh002lvitanh/s3-origin/S3/Afzelia bella/Afzelia bella_AMRX692/Afzelia bella_AMRX692_(45).png,Afzelia bella,Afzelia,bella,Afzelia bella_AMRX692
/kaggle/input/datasets/b23dckh002lvitanh/s3-origin/S3/Afzelia bella/Afzelia bella_HYBT691/Afzelia bella_HYBT691_(128).png,Afzelia bella,Afzelia,bella,Afzelia bella_HYBT691
/kaggle/input/datasets/b23dckh002lvitanh/s3-origin/S3/Afzelia bella/Afzelia bella_OGHV743/Afzelia bella_OGHV743_(221).png,Afzelia bella,Afzelia,bella,Afzelia bella_OGHV743
/kaggle/input/datasets/b23dckh002lvitanh/s3-origin/S3/Afzelia bella/Afzelia bella_AKMX287/Afzelia bella_AKMX287_(3).png,Afzelia bella,Afzelia,bella,Afzelia bella_AKMX287
/kaggle/input/datasets/b23dckh002lvitanh/s3-origin/S3/Afzelia bella/Afzelia bella_LYSV052/Afzelia bella_LYSV052_(171).png,Afzelia bella,Afzelia,bella,Afzelia bella_LYSV052
/kaggle/input/datasets/b23dckh002lvitanh/s3-origin/S3/Afzelia bella/Afzelia bella_OGHV743/Afzelia bella_OGHV743_(207).png,Afzelia bella,Afzelia,bella,Afzelia bella_OGHV743
/kaggle/input/datasets/b23dckh002lvitanh/s3-origin/S3/Afzelia bella/Afzelia bella_WJSV740_10/Afzelia bella_WJSV740_10_36137.png,Afzelia bella,Afzelia,bella,Afzelia bella_WJSV740_10
/kaggle/input/datasets/b23dckh002lvitanh/s3-origin/S3/Afzelia bella/Afzelia bella_AMRX692/Afzelia bella_AMRX692_(76).png,Afzelia bella,Afzelia,bella,Afzelia bella_AMRX692
/kaggle/input/datasets/b23dckh002lvitanh/s3-origin/S3/Afzelia bella/Afzelia bella_GCJA653/Afzelia bella_GCJA653_(101).png,Afzelia bella,Afzelia,bella,Afzelia bella_GCJA653
/kaggle/input/datasets/b23dckh002lvitanh/s3-origin/S3/Afzelia bella/Afzelia bella_LYSV052/Afzelia bella_LYSV052_(199).png,Afzelia bella,Afzelia,bella,Afzelia bella_LYSV052
/kaggle/input/datasets/b23dckh002lvitanh/s3-origin/S3/Afzelia bella/Afzelia bella_FFCA657/Afzelia bella_FFCA657_9_32139.png,Afzelia bella,Afzelia,bella,Afzelia bella_FFCA657
/kaggle/input/datasets/b23dckh002lvitanh/s3-origin/S3/Afzelia bella/Afzelia bella_AMRX692/Afzelia bella_AMRX692_(79).png,Afzelia bella,Afzelia,bella,Afzelia bella_AMRX692
/kaggle/input/datasets/b23dckh002lvitanh/s3-origin/S3/Afzelia bella/Afzelia bella_FFCA657/Afzelia bella_FFCA657_9_3212.png,Afzelia bella,Afzelia,bella,Afzelia bella_FFCA657
/kaggle/input/datasets/b23dckh002lvitanh/s3-origin/S3/Afzelia bella/Afzelia bella_GCJA653/Afzelia bella_GCJA653_(104).png,Afzelia bella,Afzelia,bella,Afzelia bella_GCJA653
/kaggle/input/datasets/b23dckh002lvitanh/s3-origin/S3/Afzelia bella/Afzelia bella_FFCA657/Afzelia bella_FFCA657_9_32120.png,Afzelia bella,Afzelia,bella,Afzelia bella_FFCA657
/kaggle/input/datasets/b23dckh002lvitanh/s3-origin/S3/Afzelia bella/Afzelia bella_HYBT691/Afzelia bella_HYBT691_(148).png,Afzelia bella,Afzelia,bella,Afzelia bella_HYBT691
/kaggle/input/datasets/b23dckh002lvitanh/s3-origin/S3/Afzelia bella/Afzelia bella_AKMX287/Afzelia bella_AKMX287_(13).png,Afzelia bella,Afzelia,bella,Afzelia bella_AKMX287
/kaggle/input/datasets/b23dckh002lvitanh/s3-origin/S3/Afzelia bella/Afzelia bella_QCYD170/Afzelia bella_QCYD170_(244).png,Afzelia bella,Afzelia,bella,Afzelia bella_QCYD170
/kaggle/input/datasets/b23dckh002lvitanh/s3-origin/S3/Afzelia bella/Afzelia bella_GCJA653/Afzelia bella_GCJA653_(117).png,Afzelia bella,Afzelia,bella,Afzelia bella_GCJA653
/kaggle/input/datasets/b23dckh002lvitanh/s3-origin/S3/Afzelia bella/Afzelia bella_HYBT691/Afzelia bella_HYBT691_(142).png,Afzelia bella,Afzelia,bella,Afzelia bella_HYBT691
/kaggle/input/datasets/b23dckh002lvitanh/s3-origin/S3/Afzelia bella/Afzelia bella_FFCA657/Afzelia bella_FFCA657_9_32128.png,Afzelia bella,Afzelia,bella,Afzelia bella_FFCA657
/kaggle/input/datasets/b23dckh002lvitanh/s3-origin/S3/Afzelia bella/Afzelia bella_QCYD170/Afzelia bella_QCYD170_(277).png,Afzelia bella,Afzelia,bella,Afzelia bella_QCYD170
/kaggle/input/datasets/b23dckh002lvitanh/s3-origin/S3/Afzelia bella/Afzelia bella_FFCA657/Afzelia bella_FFCA657_9_3219.png,Afzelia bella,Afzelia,bella,Afzelia bella_FFCA657
/kaggle/input/datasets/b23dckh002lvitanh/s3-origin/S3/Afzelia bella/Afzelia bella_WJSV740_10/Afzelia bella_WJSV740_10_36120.png,Afzelia bella,Afzelia,bella,Afzelia bella_WJSV740_10
/kaggle/input/datasets/b23dckh002lvitanh/s3-origin/S3/Afzelia bella/Afzelia bella_HYBT691/Afzelia bella_HYBT691_(158).png,Afzelia bella,Afzelia,bella,Afzelia bella_HYBT691
/kaggle/input/datasets/b23dckh002lvitanh/s3-origin/S3/Afzelia bella/Afzelia bella_QUAV174/Afzelia bella_QUAV174_(294).png,Afzelia bella,Afzelia,bella,Afzelia bella_QUAV174
/kaggle/input/datasets/b23dckh002lvitanh/s3-origin/S3/Afzelia bella/Afzelia bella_AMRX692/Afzelia bella_AMRX692_(63).png,Afzelia bella,Afzelia,bella,Afzelia bella_AMRX692
/kaggle/input/datasets/b23dckh002lvitanh/s3-origin/S3/Afzelia bella/Afzelia bella_OGHV743/Afzelia bella_OGHV743_(235).png,Afzelia bella,Afzelia,bella,Afzelia bella_OGHV743
/kaggle/input/datasets/b23dckh002lvitanh/s3-origin/S3/Afzelia bella/Afzelia bella_AMRX692/Afzelia bella_AMRX692_(64).png,Afzelia bella,Afzelia,bella,Afzelia bella_AMRX692
/kaggle/input/datasets/b23dckh002lvitanh/s3-origin/S3/Afzelia bella/Afzelia bella_FFCA657/Afzelia bella_FFCA657_9_32112.png,Afzelia bella,Afzelia,bella,Afzelia bella_FFCA657
/kaggle/input/datasets/b23dckh002lvitanh/s3-origin/S3/Afzelia bella/Afzelia bella_AMRX692/Afzelia bella_AMRX692_(77).png,Afzelia bella,Afzelia,bella,Afzelia bella_AMRX692
/kaggle/input/datasets/b23dckh002lvitanh/s3-origin/S3/Afzelia bella/Afzelia bella_AKMX287/Afzelia bella_AKMX287_(11).png,Afzelia bella,Afzelia,bella,Afzelia bella_AKMX287
/kaggle/input/datasets/b23dckh002lvitanh/s3-origin/S3/Afzelia bella/Afzelia bella_AMRX692/Afzelia bella_AMRX692_(47).png,Afzelia bella,Afzelia,bella,Afzelia bella_AMRX692
/kaggle/input/datasets/b23dckh002lvitanh/s3-origin/S3/Afzelia bella/Afzelia bella_QUAV174/Afzelia bella_QUAV174_(285).png,Afzelia bella,Afzelia,bella,Afzelia bella_QUAV174
/kaggle/input/datasets/b23dckh002lvitanh/s3-origin/S3/Afzelia bella/Afzelia bella_WJSV740_10/Afzelia bella_WJSV740_10_36135.png,Afzelia bella,Afzelia,bella,Afzelia bella_WJSV740_10
/kaggle/input/datasets/b23dckh002lvitanh/s3-origin/S3/Afzelia bella/Afzelia bella_AMRX692/Afzelia bella_AMRX692_(54).png,Afzelia bella,Afzelia,bella,Afzelia bella_AMRX692
/kaggle/input/datasets/b23dckh002lvitanh/s3-origin/S3/Afzelia bella/Afzelia bella_HYBT691/Afzelia bella_HYBT691_(152).png,Afzelia bella,Afzelia,bella,Afzelia bella_HYBT691
/kaggle/input/datasets/b23dckh002lvitanh/s3-origin/S3/Afzelia bella/Afzelia bella_FFCA657/Afzelia bella_FFCA657_9_32138.png,Afzelia bella,Afzelia,bella,Afzelia bella_FFCA657
/kaggle/input/datasets/b23dckh002lvitanh/s3-origin/S3/Afzelia bella/Afzelia bella_GCJA653/Afzelia bella_GCJA653_(99).png,Afzelia bella,Afzelia,bella,Afzelia bella_GCJA653
/kaggle/input/datasets/b23dckh002lvitanh/s3-origin/S3/Afzelia bella/Afzelia bella_HYBT691/Afzelia bella_HYBT691_(136).png,Afzelia bella,Afzelia,bella,Afzelia bella_HYBT691
/kaggle/input/datasets/b23dckh002lvitanh/s3-origin/S3/Afzelia bella/Afzelia bella_AMRX692/Afzelia bella_AMRX692_(56).png,Afzelia bella,Afzelia,bella,Afzelia bella_AMRX692
/kaggle/input/datasets/b23dckh002lvitanh/s3-origin/S3/Afzelia bella/Afzelia bella_QCYD170/Afzelia bella_QCYD170_(245).png,Afzelia bella,Afzelia,bella,Afzelia bella_QCYD170
/kaggle/input/datasets/b23dckh002lvitanh/s3-origin/S3/Afzelia bella/Afzelia bella_QCYD170/Afzelia bella_QCYD170_(273).png,Afzelia bella,Afzelia,bella,Afzelia bella_QCYD170
/kaggle/input/datasets/b23dckh002lvitanh/s3-origin/S3/Afzelia bella/Afzelia bella_FFCA657/Afzelia bella_FFCA657_9_3211.png,Afzelia bella,Afzelia,bella,Afzelia bella_FFCA657
/kaggle/input/datasets/b23dckh002lvitanh/s3-origin/S3/Afzelia bella/Afzelia bella_GCJA653/Afzelia bella_GCJA653_(116).png,Afzelia bella,Afzelia,bella,Afzelia bella_GCJA653
/kaggle/input/datasets/b23dckh002lvitanh/s3-origin/S3/Afzelia bella/Afzelia bella_OGHV743/Afzelia bella_OGHV743_(205).png,Afzelia bella,Afzelia,bella,Afzelia bella_OGHV743
/kaggle/input/datasets/b23dckh002lvitanh/s3-origin/S3/Afzelia bella/Afzelia bella_OGHV743/Afzelia bella_OGHV743_(219).png,Afzelia bella,Afzelia,bella,Afzelia bella_OGHV743
/kaggle/input/datasets/b23dckh002lvitanh/s3-origin/S3/Afzelia bella/Afzelia bella_GCJA653/Afzelia bella_GCJA653_(87).png,Afzelia bella,Afzelia,bella,Afzelia bella_GCJA653
/kaggle/input/datasets/b23dckh002lvitanh/s3-origin/S3/Afzelia bella/Afzelia bella_OGHV743/Afzelia bella_OGHV743_(202).png,Afzelia bella,Afzelia,bella,Afzelia bella_OGHV743
/kaggle/input/datasets/b23dckh002lvitanh/s3-origin/S3/Afzelia bella/Afzelia bella_QCYD170/Afzelia bella_QCYD170_(249).png,Afzelia bella,Afzelia,bella,Afzelia bella_QCYD170
/kaggle/input/datasets/b23dckh002lvitanh/s3-origin/S3/Afzelia bella/Afzelia bella_QUAV174/Afzelia bella_QUAV174_(286).png,Afzelia bella,Afzelia,bella,Afzelia bella_QUAV174
/kaggle/input/datasets/b23dckh002lvitanh/s3-origin/S3/Afzelia bella/Afzelia bella_AKMX287/Afzelia bella_AKMX287_(24).png,Afzelia bella,Afzelia,bella,Afzelia bella_AKMX287
/kaggle/input/datasets/b23dckh002lvitanh/s3-origin/S3/Afzelia bella/Afzelia bella_QCYD170/Afzelia bella_QCYD170_(257).png,Afzelia bella,Afzelia,bella,Afzelia bella_QCYD170
/kaggle/input/datasets/b23dckh002lvitanh/s3-origin/S3/Afzelia bella/Afzelia bella_AMRX692/Afzelia bella_AMRX692_(50).png,Afzelia bella,Afzelia,bella,Afzelia bella_AMRX692
/kaggle/input/datasets/b23dckh002lvitanh/s3-origin/S3/Afzelia bella/Afzelia bella_FFCA657/Afzelia bella_FFCA657_9_32137.png,Afzelia bella,Afzelia,bella,Afzelia bella_FFCA657
/kaggle/input/datasets/b23dckh002lvitanh/s3-origin/S3/Afzelia bella/Afzelia bella_QCYD170/Afzelia bella_QCYD170_(251).png,Afzelia bella,Afzelia,bella,Afzelia bella_QCYD170
/kaggle/input/datasets/b23dckh002lvitanh/s3-origin/S3/Afzelia bella/Afzelia bella_OGHV743/Afzelia bella_OGHV743_(237).png,Afzelia bella,Afzelia,bella,Afzelia bella_OGHV743
/kaggle/input/datasets/b23dckh002lvitanh/s3-origin/S3/Afzelia bella/Afzelia bella_QUAV174/Afzelia bella_QUAV174_(282).png,Afzelia bella,Afzelia,bella,Afzelia bella_QUAV174
/kaggle/input/datasets/b23dckh002lvitanh/s3-origin/S3/Afzelia bella/Afzelia bella_HYBT691/Afzelia bella_HYBT691_(154).png,Afzelia bella,Afzelia,bella,Afzelia bella_HYBT691
/kaggle/input/datasets/b23dckh002lvitanh/s3-origin/S3/Afzelia bella/Afzelia bella_QUAV174/Afzelia bella_QUAV174_(289).png,Afzelia bella,Afzelia,bella,Afzelia bella_QUAV174
/kaggle/input/datasets/b23dckh002lvitanh/s3-origin/S3/Afzelia bella/Afzelia bella_AMRX692/Afzelia bella_AMRX692_(52).png,Afzelia bella,Afzelia,bella,Afzelia bella_AMRX692
/kaggle/input/datasets/b23dckh002lvitanh/s3-origin/S3/Afzelia bella/Afzelia bella_WJSV740_10/Afzelia bella_WJSV740_10_36127.png,Afzelia bella,Afzelia,bella,Afzelia bella_WJSV740_10
/kaggle/input/datasets/b23dckh002lvitanh/s3-origin/S3/Afzelia bella/Afzelia bella_QUAV174/Afzelia bella_QUAV174_(297).png,Afzelia bella,Afzelia,bella,Afzelia bella_QUAV174
/kaggle/input/datasets/b23dckh002lvitanh/s3-origin/S3/Afzelia bella/Afzelia bella_AKMX287/Afzelia bella_AKMX287_(29).png,Afzelia bella,Afzelia,bella,Afzelia bella_AKMX287
/kaggle/input/datasets/b23dckh002lvitanh/s3-origin/S3/Afzelia bella/Afzelia bella_GCJA653/Afzelia bella_GCJA653_(119).png,Afzelia bella,Afzelia,bella,Afzelia bella_GCJA653
/kaggle/input/datasets/b23dckh002lvitanh/s3-origin/S3/Afzelia bella/Afzelia bella_FFCA657/Afzelia bella_FFCA657_9_32110.png,Afzelia bella,Afzelia,bella,Afzelia bella_FFCA657
/kaggle/input/datasets/b23dckh002lvitanh/s3-origin/S3/Afzelia bella/Afzelia bella_GCJA653/Afzelia bella_GCJA653_(84).png,Afzelia bella,Afzelia,bella,Afzelia bella_GCJA653
/kaggle/input/datasets/b23dckh002lvitanh/s3-origin/S3/Afzelia bella/Afzelia bella_WJSV740_10/Afzelia bella_WJSV740_10_36121.png,Afzelia bella,Afzelia,bella,Afzelia bella_WJSV740_10
/kaggle/input/datasets/b23dckh002lvitanh/s3-origin/S3/Afzelia bella/Afzelia bella_AMRX692/Afzelia bella_AMRX692_(69).png,Afzelia bella,Afzelia,bella,Afzelia bella_AMRX692
/kaggle/input/datasets/b23dckh002lvitanh/s3-origin/S3/Afzelia bella/Afzelia bella_OGHV743/Afzelia bella_OGHV743_(220).png,Afzelia bella,Afzelia,bella,Afzelia bella_OGHV743
/kaggle/input/datasets/b23dckh002lvitanh/s3-origin/S3/Afzelia bella/Afzelia bella_QCYD170/Afzelia bella_QCYD170_(250).png,Afzelia bella,Afzelia,bella,Afzelia bella_QCYD170
/kaggle/input/datasets/b23dckh002lvitanh/s3-origin/S3/Afzelia bella/Afzelia bella_AKMX287/Afzelia bella_AKMX287_(1).png,Afzelia bella,Afzelia,bella,Afzelia bella_AKMX287
/kaggle/input/datasets/b23dckh002lvitanh/s3-origin/S3/Afzelia bella/Afzelia bella_AKMX287/Afzelia bella_AKMX287_(37).png,Afzelia bella,Afzelia,bella,Afzelia bella_AKMX287
/kaggle/input/datasets/b23dckh002lvitanh/s3-origin/S3/Afzelia bella/Afzelia bella_AKMX287/Afzelia bella_AKMX287_(32).png,Afzelia bella,Afzelia,bella,Afzelia bella_AKMX287
/kaggle/input/datasets/b23dckh002lvitanh/s3-origin/S3/Afzelia bella/Afzelia bella_LYSV052/Afzelia bella_LYSV052_(176).png,Afzelia bella,Afzelia,bella,Afzelia bella_LYSV052
/kaggle/input/datasets/b23dckh002lvitanh/s3-origin/S3/Afzelia bella/Afzelia bella_FFCA657/Afzelia bella_FFCA657_9_32117.png,Afzelia bella,Afzelia,bella,Afzelia bella_FFCA657
/kaggle/input/datasets/b23dckh002lvitanh/s3-origin/S3/Afzelia bella/Afzelia bella_AMRX692/Afzelia bella_AMRX692_(74).png,Afzelia bella,Afzelia,bella,Afzelia bella_AMRX692
/kaggle/input/datasets/b23dckh002lvitanh/s3-origin/S3/Afzelia bella/Afzelia bella_LYSV052/Afzelia bella_LYSV052_(169).png,Afzelia bella,Afzelia,bella,Afzelia bella_LYSV052
/kaggle/input/datasets/b23dckh002lvitanh/s3-origin/S3/Afzelia bella/Afzelia bella_OGHV743/Afzelia bella_OGHV743_(232).png,Afzelia bella,Afzelia,bella,Afzelia bella_OGHV743
/kaggle/input/datasets/b23dckh002lvitanh/s3-origin/S3/Afzelia bella/Afzelia bella_FFCA657/Afzelia bella_FFCA657_9_3213.png,Afzelia bella,Afzelia,bella,Afzelia bella_FFCA657
/kaggle/input/datasets/b23dckh002lvitanh/s3-origin/S3/Afzelia bella/Afzelia bella_WJSV740_10/Afzelia bella_WJSV740_10_36115.png,Afzelia bella,Afzelia,bella,Afzelia bella_WJSV740_10
/kaggle/input/datasets/b23dckh002lvitanh/s3-origin/S3/Afzelia bella/Afzelia bella_QUAV174/Afzelia bella_QUAV174_(284).png,Afzelia bella,Afzelia,bella,Afzelia bella_QUAV174
/kaggle/input/datasets/b23dckh002lvitanh/s3-origin/S3/Afzelia bella/Afzelia bella_HYBT691/Afzelia bella_HYBT691_(125).png,Afzelia bella,Afzelia,bella,Afzelia bella_HYBT691
/kaggle/input/datasets/b23dckh002lvitanh/s3-origin/S3/Afzelia bella/Afzelia bella_GCJA653/Afzelia bella_GCJA653_(89).png,Afzelia bella,Afzelia,bella,Afzelia bella_GCJA653
/kaggle/input/datasets/b23dckh002lvitanh/s3-origin/S3/Afzelia bella/Afzelia bella_OGHV743/Afzelia bella_OGHV743_(229).png,Afzelia bella,Afzelia,bella,Afzelia bella_OGHV743
/kaggle/input/datasets/b23dckh002lvitanh/s3-origin/S3/Afzelia bella/Afzelia bella_WJSV740_10/Afzelia bella_WJSV740_10_36117.png,Afzelia bella,Afzelia,bella,Afzelia bella_WJSV740_10
/kaggle/input/datasets/b23dckh002lvitanh/s3-origin/S3/Afzelia bella/Afzelia bella_OGHV743/Afzelia bella_OGHV743_(209).png,Afzelia bella,Afzelia,bella,Afzelia bella_OGHV743
/kaggle/input/datasets/b23dckh002lvitanh/s3-origin/S3/Afzelia bella/Afzelia bella_FFCA657/Afzelia bella_FFCA657_9_32122.png,Afzelia bella,Afzelia,bella,Afzelia bella_FFCA657
/kaggle/input/datasets/b23dckh002lvitanh/s3-origin/S3/Afzelia bella/Afzelia bella_GCJA653/Afzelia bella_GCJA653_(113).png,Afzelia bella,Afzelia,bella,Afzelia bella_GCJA653
/kaggle/input/datasets/b23dckh002lvitanh/s3-origin/S3/Afzelia bella/Afzelia bella_WJSV740_10/Afzelia bella_WJSV740_10_36129.png,Afzelia bella,Afzelia,bella,Afzelia bella_WJSV740_10
/kaggle/input/datasets/b23dckh002lvitanh/s3-origin/S3/Afzelia bella/Afzelia bella_LYSV052/Afzelia bella_LYSV052_(170).png,Afzelia bella,Afzelia,bella,Afzelia bella_LYSV052
/kaggle/input/datasets/b23dckh002lvitanh/s3-origin/S3/Afzelia bella/Afzelia bella_LYSV052/Afzelia bella_LYSV052_(184).png,Afzelia bella,Afzelia,bella,Afzelia bella_LYSV052
/kaggle/input/datasets/b23dckh002lvitanh/s3-origin/S3/Afzelia bella/Afzelia bella_FFCA657/Afzelia bella_FFCA657_9_3210.png,Afzelia bella,Afzelia,bella,Afzelia bella_FFCA657
/kaggle/input/datasets/b23dckh002lvitanh/s3-origin/S3/Afzelia bella/Afzelia bella_LYSV052/Afzelia bella_LYSV052_(191).png,Afzelia bella,Afzelia,bella,Afzelia bella_LYSV052
/kaggle/input/datasets/b23dckh002lvitanh/s3-origin/S3/Afzelia bella/Afzelia bella_AMRX692/Afzelia bella_AMRX692_(59).png,Afzelia bella,Afzelia,bella,Afzelia bella_AMRX692
/kaggle/input/datasets/b23dckh002lvitanh/s3-origin/S3/Afzelia bella/Afzelia bella_FFCA657/Afzelia bella_FFCA657_9_32130.png,Afzelia bella,Afzelia,bella,Afzelia bella_FFCA657
/kaggle/input/datasets/b23dckh002lvitanh/s3-origin/S3/Afzelia bella/Afzelia bella_GCJA653/Afzelia bella_GCJA653_(112).png,Afzelia bella,Afzelia,bella,Afzelia bella_GCJA653
/kaggle/input/datasets/b23dckh002lvitanh/s3-origin/S3/Afzelia bella/Afzelia bella_AMRX692/Afzelia bella_AMRX692_(41).png,Afzelia bella,Afzelia,bella,Afzelia bella_AMRX692
/kaggle/input/datasets/b23dckh002lvitanh/s3-origin/S3/Afzelia bella/Afzelia bella_GCJA653/Afzelia bella_GCJA653_(94).png,Afzelia bella,Afzelia,bella,Afzelia bella_GCJA653
/kaggle/input/datasets/b23dckh002lvitanh/s3-origin/S3/Afzelia bella/Afzelia bella_HYBT691/Afzelia bella_HYBT691_(145).png,Afzelia bella,Afzelia,bella,Afzelia bella_HYBT691
/kaggle/input/datasets/b23dckh002lvitanh/s3-origin/S3/Afzelia bella/Afzelia bella_WJSV740_10/Afzelia bella_WJSV740_10_36128.png,Afzelia bella,Afzelia,bella,Afzelia bella_WJSV740_10
/kaggle/input/datasets/b23dckh002lvitanh/s3-origin/S3/Afzelia bella/Afzelia bella_OGHV743/Afzelia bella_OGHV743_(216).png,Afzelia bella,Afzelia,bella,Afzelia bella_OGHV743
/kaggle/input/datasets/b23dckh002lvitanh/s3-origin/S3/Afzelia bella/Afzelia bella_GCJA653/Afzelia bella_GCJA653_(97).png,Afzelia bella,Afzelia,bella,Afzelia bella_GCJA653
/kaggle/input/datasets/b23dckh002lvitanh/s3-origin/S3/Afzelia bella/Afzelia bella_GCJA653/Afzelia bella_GCJA653_(115).png,Afzelia bella,Afzelia,bella,Afzelia bella_GCJA653
/kaggle/input/datasets/b23dckh002lvitanh/s3-origin/S3/Afzelia bella/Afzelia bella_WJSV740_10/Afzelia bella_WJSV740_10_36116.png,Afzelia bella,Afzelia,bella,Afzelia bella_WJSV740_10
/kaggle/input/datasets/b23dckh002lvitanh/s3-origin/S3/Afzelia bella/Afzelia bella_FFCA657/Afzelia bella_FFCA657_9_32126.png,Afzelia bella,Afzelia,bella,Afzelia bella_FFCA657
/kaggle/input/datasets/b23dckh002lvitanh/s3-origin/S3/Afzelia bella/Afzelia bella_OGHV743/Afzelia bella_OGHV743_(218).png,Afzelia bella,Afzelia,bella,Afzelia bella_OGHV743
/kaggle/input/datasets/b23dckh002lvitanh/s3-origin/S3/Afzelia bella/Afzelia bella_AKMX287/Afzelia bella_AKMX287_(38).png,Afzelia bella,Afzelia,bella,Afzelia bella_AKMX287
/kaggle/input/datasets/b23dckh002lvitanh/s3-origin/S3/Afzelia bella/Afzelia bella_WJSV740_10/Afzelia bella_WJSV740_10_36111.png,Afzelia bella,Afzelia,bella,Afzelia bella_WJSV740_10
/kaggle/input/datasets/b23dckh002lvitanh/s3-origin/S3/Afzelia bella/Afzelia bella_QCYD170/Afzelia bella_QCYD170_(248).png,Afzelia bella,Afzelia,bella,Afzelia bella_QCYD170
/kaggle/input/datasets/b23dckh002lvitanh/s3-origin/S3/Afzelia bella/Afzelia bella_AKMX287/Afzelia bella_AKMX287_(15).png,Afzelia bella,Afzelia,bella,Afzelia bella_AKMX287
/kaggle/input/datasets/b23dckh002lvitanh/s3-origin/S3/Afzelia bella/Afzelia bella_HYBT691/Afzelia bella_HYBT691_(156).png,Afzelia bella,Afzelia,bella,Afzelia bella_HYBT691
/kaggle/input/datasets/b23dckh002lvitanh/s3-origin/S3/Afzelia bella/Afzelia bella_QCYD170/Afzelia bella_QCYD170_(262).png,Afzelia bella,Afzelia,bella,Afzelia bella_QCYD170
/kaggle/input/datasets/b23dckh002lvitanh/s3-origin/S3/Afzelia bella/Afzelia bella_AKMX287/Afzelia bella_AKMX287_(9).png,Afzelia bella,Afzelia,bella,Afzelia bella_AKMX287
/kaggle/input/datasets/b23dckh002lvitanh/s3-origin/S3/Afzelia bella/Afzelia bella_WJSV740_10/Afzelia bella_WJSV740_10_36122.png,Afzelia bella,Afzelia,bella,Afzelia bella_WJSV740_10
/kaggle/input/datasets/b23dckh002lvitanh/s3-origin/S3/Afzelia bella/Afzelia bella_AKMX287/Afzelia bella_AKMX287_(39).png,Afzelia bella,Afzelia,bella,Afzelia bella_AKMX287
/kaggle/input/datasets/b23dckh002lvitanh/s3-origin/S3/Afzelia bella/Afzelia bella_GCJA653/Afzelia bella_GCJA653_(109).png,Afzelia bella,Afzelia,bella,Afzelia bella_GCJA653
/kaggle/input/datasets/b23dckh002lvitanh/s3-origin/S3/Afzelia bella/Afzelia bella_WJSV740_10/Afzelia bella_WJSV740_10_36110.png,Afzelia bella,Afzelia,bella,Afzelia bella_WJSV740_10
/kaggle/input/datasets/b23dckh002lvitanh/s3-origin/S3/Afzelia bella/Afzelia bella_OGHV743/Afzelia bella_OGHV743_(217).png,Afzelia bella,Afzelia,bella,Afzelia bella_OGHV743
/kaggle/input/datasets/b23dckh002lvitanh/s3-origin/S3/Afzelia bella/Afzelia bella_LYSV052/Afzelia bella_LYSV052_(196).png,Afzelia bella,Afzelia,bella,Afzelia bella_LYSV052
/kaggle/input/datasets/b23dckh002lvitanh/s3-origin/S3/Afzelia bella/Afzelia bella_QUAV174/Afzelia bella_QUAV174_(290).png,Afzelia bella,Afzelia,bella,Afzelia bella_QUAV174
/kaggle/input/datasets/b23dckh002lvitanh/s3-origin/S3/Afzelia bella/Afzelia bella_LYSV052/Afzelia bella_LYSV052_(182).png,Afzelia bella,Afzelia,bella,Afzelia bella_LYSV052
/kaggle/input/datasets/b23dckh002lvitanh/s3-origin/S3/Afzelia bella/Afzelia bella_QUAV174/Afzelia bella_QUAV174_(315).png,Afzelia bella,Afzelia,bella,Afzelia bella_QUAV174
/kaggle/input/datasets/b23dckh002lvitanh/s3-origin/S3/Afzelia bella/Afzelia bella_AKMX287/Afzelia bella_AKMX287_(27).png,Afzelia bella,Afzelia,bella,Afzelia bella_AKMX287
/kaggle/input/datasets/b23dckh002lvitanh/s3-origin/S3/Afzelia bella/Afzelia bella_QCYD170/Afzelia bella_QCYD170_(263).png,Afzelia bella,Afzelia,bella,Afzelia bella_QCYD170
/kaggle/input/datasets/b23dckh002lvitanh/s3-origin/S3/Afzelia bella/Afzelia bella_OGHV743/Afzelia bella_OGHV743_(213).png,Afzelia bella,Afzelia,bella,Afzelia bella_OGHV743
/kaggle/input/datasets/b23dckh002lvitanh/s3-origin/S3/Afzelia bella/Afzelia bella_QCYD170/Afzelia bella_QCYD170_(255).png,Afzelia bella,Afzelia,bella,Afzelia bella_QCYD170
/kaggle/input/datasets/b23dckh002lvitanh/s3-origin/S3/Afzelia bella/Afzelia bella_AMRX692/Afzelia bella_AMRX692_(57).png,Afzelia bella,Afzelia,bella,Afzelia bella_AMRX692
/kaggle/input/datasets/b23dckh002lvitanh/s3-origin/S3/Afzelia bella/Afzelia bella_HYBT691/Afzelia bella_HYBT691_(130).png,Afzelia bella,Afzelia,bella,Afzelia bella_HYBT691
/kaggle/input/datasets/b23dckh002lvitanh/s3-origin/S3/Afzelia bella/Afzelia bella_QUAV174/Afzelia bella_QUAV174_(283).png,Afzelia bella,Afzelia,bella,Afzelia bella_QUAV174
/kaggle/input/datasets/b23dckh002lvitanh/s3-origin/S3/Afzelia bella/Afzelia bella_HYBT691/Afzelia bella_HYBT691_(153).png,Afzelia bella,Afzelia,bella,Afzelia bella_HYBT691
/kaggle/input/datasets/b23dckh002lvitanh/s3-origin/S3/Afzelia bella/Afzelia bella_AMRX692/Afzelia bella_AMRX692_(60).png,Afzelia bella,Afzelia,bella,Afzelia bella_AMRX692
/kaggle/input/datasets/b23dckh002lvitanh/s3-origin/S3/Afzelia bella/Afzelia bella_AMRX692/Afzelia bella_AMRX692_(58).png,Afzelia bella,Afzelia,bella,Afzelia bella_AMRX692
/kaggle/input/datasets/b23dckh002lvitanh/s3-origin/S3/Afzelia bella/Afzelia bella_GCJA653/Afzelia bella_GCJA653_(98).png,Afzelia bella,Afzelia,bella,Afzelia bella_GCJA653
/kaggle/input/datasets/b23dckh002lvitanh/s3-origin/S3/Afzelia bella/Afzelia bella_AMRX692/Afzelia bella_AMRX692_(49).png,Afzelia bella,Afzelia,bella,Afzelia bella_AMRX692
/kaggle/input/datasets/b23dckh002lvitanh/s3-origin/S3/Afzelia bella/Afzelia bella_GCJA653/Afzelia bella_GCJA653_(102).png,Afzelia bella,Afzelia,bella,Afzelia bella_GCJA653
/kaggle/input/datasets/b23dckh002lvitanh/s3-origin/S3/Afzelia bella/Afzelia bella_GCJA653/Afzelia bella_GCJA653_(91).png,Afzelia bella,Afzelia,bella,Afzelia bella_GCJA653
/kaggle/input/datasets/b23dckh002lvitanh/s3-origin/S3/Afzelia bella/Afzelia bella_WJSV740_10/Afzelia bella_WJSV740_10_36138.png,Afzelia bella,Afzelia,bella,Afzelia bella_WJSV740_10
/kaggle/input/datasets/b23dckh002lvitanh/s3-origin/S3/Afzelia bella/Afzelia bella_GCJA653/Afzelia bella_GCJA653_(100).png,Afzelia bella,Afzelia,bella,Afzelia bella_GCJA653
/kaggle/input/datasets/b23dckh002lvitanh/s3-origin/S3/Afzelia bella/Afzelia bella_QUAV174/Afzelia bella_QUAV174_(301).png,Afzelia bella,Afzelia,bella,Afzelia bella_QUAV174
/kaggle/input/datasets/b23dckh002lvitanh/s3-origin/S3/Afzelia bella/Afzelia bella_FFCA657/Afzelia bella_FFCA657_9_32134.png,Afzelia bella,Afzelia,bella,Afzelia bella_FFCA657
/kaggle/input/datasets/b23dckh002lvitanh/s3-origin/S3/Afzelia bella/Afzelia bella_QCYD170/Afzelia bella_QCYD170_(278).png,Afzelia bella,Afzelia,bella,Afzelia bella_QCYD170
/kaggle/input/datasets/b23dckh002lvitanh/s3-origin/S3/Afzelia bella/Afzelia bella_LYSV052/Afzelia bella_LYSV052_(189).png,Afzelia bella,Afzelia,bella,Afzelia bella_LYSV052
/kaggle/input/datasets/b23dckh002lvitanh/s3-origin/S3/Afzelia bella/Afzelia bella_OGHV743/Afzelia bella_OGHV743_(211).png,Afzelia bella,Afzelia,bella,Afzelia bella_OGHV743
/kaggle/input/datasets/b23dckh002lvitanh/s3-origin/S3/Afzelia bella/Afzelia bella_OGHV743/Afzelia bella_OGHV743_(206).png,Afzelia bella,Afzelia,bella,Afzelia bella_OGHV743
/kaggle/input/datasets/b23dckh002lvitanh/s3-origin/S3/Afzelia bella/Afzelia bella_WJSV740_10/Afzelia bella_WJSV740_10_36136.png,Afzelia bella,Afzelia,bella,Afzelia bella_WJSV740_10
/kaggle/input/datasets/b23dckh002lvitanh/s3-origin/S3/Afzelia bella/Afzelia bella_QUAV174/Afzelia bella_QUAV174_(303).png,Afzelia bella,Afzelia,bella,Afzelia bella_QUAV174
/kaggle/input/datasets/b23dckh002lvitanh/s3-origin/S3/Afzelia bella/Afzelia bella_QCYD170/Afzelia bella_QCYD170_(252).png,Afzelia bella,Afzelia,bella,Afzelia bella_QCYD170
/kaggle/input/datasets/b23dckh002lvitanh/s3-origin/S3/Afzelia bella/Afzelia bella_FFCA657/Afzelia bella_FFCA657_9_32116.png,Afzelia bella,Afzelia,bella,Afzelia bella_FFCA657
/kaggle/input/datasets/b23dckh002lvitanh/s3-origin/S3/Afzelia bella/Afzelia bella_OGHV743/Afzelia bella_OGHV743_(231).png,Afzelia bella,Afzelia,bella,Afzelia bella_OGHV743
/kaggle/input/datasets/b23dckh002lvitanh/s3-origin/S3/Afzelia bella/Afzelia bella_WJSV740_10/Afzelia bella_WJSV740_10_36133.png,Afzelia bella,Afzelia,bella,Afzelia bella_WJSV740_10
/kaggle/input/datasets/b23dckh002lvitanh/s3-origin/S3/Afzelia bella/Afzelia bella_HYBT691/Afzelia bella_HYBT691_(150).png,Afzelia bella,Afzelia,bella,Afzelia bella_HYBT691
/kaggle/input/datasets/b23dckh002lvitanh/s3-origin/S3/Afzelia bella/Afzelia bella_LYSV052/Afzelia bella_LYSV052_(181).png,Afzelia bella,Afzelia,bella,Afzelia bella_LYSV052
/kaggle/input/datasets/b23dckh002lvitanh/s3-origin/S3/Afzelia bella/Afzelia bella_WJSV740_10/Afzelia bella_WJSV740_10_36132.png,Afzelia bella,Afzelia,bella,Afzelia bella_WJSV740_10
/kaggle/input/datasets/b23dckh002lvitanh/s3-origin/S3/Afzelia bella/Afzelia bella_GCJA653/Afzelia bella_GCJA653_(85).png,Afzelia bella,Afzelia,bella,Afzelia bella_GCJA653
/kaggle/input/datasets/b23dckh002lvitanh/s3-origin/S3/Afzelia bella/Afzelia bella_AKMX287/Afzelia bella_AKMX287_(36).png,Afzelia bella,Afzelia,bella,Afzelia bella_AKMX287
/kaggle/input/datasets/b23dckh002lvitanh/s3-origin/S3/Afzelia bella/Afzelia bella_HYBT691/Afzelia bella_HYBT691_(140).png,Afzelia bella,Afzelia,bella,Afzelia bella_HYBT691
/kaggle/input/datasets/b23dckh002lvitanh/s3-origin/S3/Afzelia bella/Afzelia bella_HYBT691/Afzelia bella_HYBT691_(155).png,Afzelia bella,Afzelia,bella,Afzelia bella_HYBT691
/kaggle/input/datasets/b23dckh002lvitanh/s3-origin/S3/Afzelia bella/Afzelia bella_AKMX287/Afzelia bella_AKMX287_(4).png,Afzelia bella,Afzelia,bella,Afzelia bella_AKMX287
/kaggle/input/datasets/b23dckh002lvitanh/s3-origin/S3/Afzelia bella/Afzelia bella_QCYD170/Afzelia bella_QCYD170_(261).png,Afzelia bella,Afzelia,bella,Afzelia bella_QCYD170
/kaggle/input/datasets/b23dckh002lvitanh/s3-origin/S3/Afzelia bella/Afzelia bella_GCJA653/Afzelia bella_GCJA653_(83).png,Afzelia bella,Afzelia,bella,Afzelia bella_GCJA653
/kaggle/input/datasets/b23dckh002lvitanh/s3-origin/S3/Afzelia bella/Afzelia bella_AKMX287/Afzelia bella_AKMX287_(18).png,Afzelia bella,Afzelia,bella,Afzelia bella_AKMX287
/kaggle/input/datasets/b23dckh002lvitanh/s3-origin/S3/Afzelia bella/Afzelia bella_OGHV743/Afzelia bella_OGHV743_(204).png,Afzelia bella,Afzelia,bella,Afzelia bella_OGHV743
/kaggle/input/datasets/b23dckh002lvitanh/s3-origin/S3/Afzelia bella/Afzelia bella_AMRX692/Afzelia bella_AMRX692_(80).png,Afzelia bella,Afzelia,bella,Afzelia bella_AMRX692
/kaggle/input/datasets/b23dckh002lvitanh/s3-origin/S3/Afzelia bella/Afzelia bella_QCYD170/Afzelia bella_QCYD170_(267).png,Afzelia bella,Afzelia,bella,Afzelia bella_QCYD170
/kaggle/input/datasets/b23dckh002lvitanh/s3-origin/S3/Afzelia bella/Afzelia bella_GCJA653/Afzelia bella_GCJA653_(82).png,Afzelia bella,Afzelia,bella,Afzelia bella_GCJA653
/kaggle/input/datasets/b23dckh002lvitanh/s3-origin/S3/Afzelia bella/Afzelia bella_QUAV174/Afzelia bella_QUAV174_(291).png,Afzelia bella,Afzelia,bella,Afzelia bella_QUAV174
/kaggle/input/datasets/b23dckh002lvitanh/s3-origin/S3/Afzelia bella/Afzelia bella_QUAV174/Afzelia bella_QUAV174_(316).png,Afzelia bella,Afzelia,bella,Afzelia bella_QUAV174
/kaggle/input/datasets/b23dckh002lvitanh/s3-origin/S3/Afzelia bella/Afzelia bella_QUAV174/Afzelia bella_QUAV174_(302).png,Afzelia bella,Afzelia,bella,Afzelia bella_QUAV174
/kaggle/input/datasets/b23dckh002lvitanh/s3-origin/S3/Afzelia bella/Afzelia bella_OGHV743/Afzelia bella_OGHV743_(239).png,Afzelia bella,Afzelia,bella,Afzelia bella_OGHV743
/kaggle/input/datasets/b23dckh002lvitanh/s3-origin/S3/Afzelia bella/Afzelia bella_AKMX287/Afzelia bella_AKMX287_(7).png,Afzelia bella,Afzelia,bella,Afzelia bella_AKMX287
/kaggle/input/datasets/b23dckh002lvitanh/s3-origin/S3/Afzelia bella/Afzelia bella_HYBT691/Afzelia bella_HYBT691_(144).png,Afzelia bella,Afzelia,bella,Afzelia bella_HYBT691
/kaggle/input/datasets/b23dckh002lvitanh/s3-origin/S3/Afzelia bella/Afzelia bella_FFCA657/Afzelia bella_FFCA657_9_32119.png,Afzelia bella,Afzelia,bella,Afzelia bella_FFCA657
/kaggle/input/datasets/b23dckh002lvitanh/s3-origin/S3/Afzelia bella/Afzelia bella_GCJA653/Afzelia bella_GCJA653_(86).png,Afzelia bella,Afzelia,bella,Afzelia bella_GCJA653
/kaggle/input/datasets/b23dckh002lvitanh/s3-origin/S3/Afzelia bella/Afzelia bella_FFCA657/Afzelia bella_FFCA657_9_32127.png,Afzelia bella,Afzelia,bella,Afzelia bella_FFCA657
/kaggle/input/datasets/b23dckh002lvitanh/s3-origin/S3/Afzelia bella/Afzelia bella_AMRX692/Afzelia bella_AMRX692_(46).png,Afzelia bella,Afzelia,bella,Afzelia bella_AMRX692
/kaggle/input/datasets/b23dckh002lvitanh/s3-origin/S3/Afzelia bella/Afzelia bella_AKMX287/Afzelia bella_AKMX287_(10).png,Afzelia bella,Afzelia,bella,Afzelia bella_AKMX287
/kaggle/input/datasets/b23dckh002lvitanh/s3-origin/S3/Afzelia bella/Afzelia bella_WJSV740_10/Afzelia bella_WJSV740_10_36131.png,Afzelia bella,Afzelia,bella,Afzelia bella_WJSV740_10
/kaggle/input/datasets/b23dckh002lvitanh/s3-origin/S3/Afzelia bella/Afzelia bella_QUAV174/Afzelia bella_QUAV174_(299).png,Afzelia bella,Afzelia,bella,Afzelia bella_QUAV174
/kaggle/input/datasets/b23dckh002lvitanh/s3-origin/S3/Afzelia bella/Afzelia bella_WJSV740_10/Afzelia bella_WJSV740_10_36134.png,Afzelia bella,Afzelia,bella,Afzelia bella_WJSV740_10
/kaggle/input/datasets/b23dckh002lvitanh/s3-origin/S3/Afzelia bella/Afzelia bella_WJSV740_10/Afzelia bella_WJSV740_10_3611.png,Afzelia bella,Afzelia,bella,Afzelia bella_WJSV740_10
/kaggle/input/datasets/b23dckh002lvitanh/s3-origin/S3/Afzelia bella/Afzelia bella_HYBT691/Afzelia bella_HYBT691_(151).png,Afzelia bella,Afzelia,bella,Afzelia bella_HYBT691
/kaggle/input/datasets/b23dckh002lvitanh/s3-origin/S3/Afzelia bella/Afzelia bella_QUAV174/Afzelia bella_QUAV174_(307).png,Afzelia bella,Afzelia,bella,Afzelia bella_QUAV174
/kaggle/input/datasets/b23dckh002lvitanh/s3-origin/S3/Afzelia bella/Afzelia bella_HYBT691/Afzelia bella_HYBT691_(129).png,Afzelia bella,Afzelia,bella,Afzelia bella_HYBT691
/kaggle/input/datasets/b23dckh002lvitanh/s3-origin/S3/Afzelia bella/Afzelia bella_AMRX692/Afzelia bella_AMRX692_(72).png,Afzelia bella,Afzelia,bella,Afzelia bella_AMRX692
/kaggle/input/datasets/b23dckh002lvitanh/s3-origin/S3/Afzelia bella/Afzelia bella_QUAV174/Afzelia bella_QUAV174_(318).png,Afzelia bella,Afzelia,bella,Afzelia bella_QUAV174
/kaggle/input/datasets/b23dckh002lvitanh/s3-origin/S3/Afzelia bella/Afzelia bella_LYSV052/Afzelia bella_LYSV052_(172).png,Afzelia bella,Afzelia,bella,Afzelia bella_LYSV052
/kaggle/input/datasets/b23dckh002lvitanh/s3-origin/S3/Afzelia bella/Afzelia bella_LYSV052/Afzelia bella_LYSV052_(188).png,Afzelia bella,Afzelia,bella,Afzelia bella_LYSV052
/kaggle/input/datasets/b23dckh002lvitanh/s3-origin/S3/Afzelia bella/Afzelia bella_GCJA653/Afzelia bella_GCJA653_(81).png,Afzelia bella,Afzelia,bella,Afzelia bella_GCJA653
/kaggle/input/datasets/b23dckh002lvitanh/s3-origin/S3/Afzelia bella/Afzelia bella_FFCA657/Afzelia bella_FFCA657_9_32123.png,Afzelia bella,Afzelia,bella,Afzelia bella_FFCA657
/kaggle/input/datasets/b23dckh002lvitanh/s3-origin/S3/Afzelia bella/Afzelia bella_AKMX287/Afzelia bella_AKMX287_(21).png,Afzelia bella,Afzelia,bella,Afzelia bella_AKMX287
/kaggle/input/datasets/b23dckh002lvitanh/s3-origin/S3/Afzelia bella/Afzelia bella_GCJA653/Afzelia bella_GCJA653_(95).png,Afzelia bella,Afzelia,bella,Afzelia bella_GCJA653
/kaggle/input/datasets/b23dckh002lvitanh/s3-origin/S3/Afzelia bella/Afzelia bella_OGHV743/Afzelia bella_OGHV743_(227).png,Afzelia bella,Afzelia,bella,Afzelia bella_OGHV743
/kaggle/input/datasets/b23dckh002lvitanh/s3-origin/S3/Afzelia bella/Afzelia bella_OGHV743/Afzelia bella_OGHV743_(203).png,Afzelia bella,Afzelia,bella,Afzelia bella_OGHV743
/kaggle/input/datasets/b23dckh002lvitanh/s3-origin/S3/Afzelia bella/Afzelia bella_LYSV052/Afzelia bella_LYSV052_(161).png,Afzelia bella,Afzelia,bella,Afzelia bella_LYSV052
/kaggle/input/datasets/b23dckh002lvitanh/s3-origin/S3/Afzelia bella/Afzelia bella_GCJA653/Afzelia bella_GCJA653_(88).png,Afzelia bella,Afzelia,bella,Afzelia bella_GCJA653
/kaggle/input/datasets/b23dckh002lvitanh/s3-origin/S3/Afzelia bella/Afzelia bella_LYSV052/Afzelia bella_LYSV052_(186).png,Afzelia bella,Afzelia,bella,Afzelia bella_LYSV052
/kaggle/input/datasets/b23dckh002lvitanh/s3-origin/S3/Afzelia bella/Afzelia bella_LYSV052/Afzelia bella_LYSV052_(173).png,Afzelia bella,Afzelia,bella,Afzelia bella_LYSV052
/kaggle/input/datasets/b23dckh002lvitanh/s3-origin/S3/Afzelia bella/Afzelia bella_FFCA657/Afzelia bella_FFCA657_9_32125.png,Afzelia bella,Afzelia,bella,Afzelia bella_FFCA657
/kaggle/input/datasets/b23dckh002lvitanh/s3-origin/S3/Afzelia bella/Afzelia bella_OGHV743/Afzelia bella_OGHV743_(212).png,Afzelia bella,Afzelia,bella,Afzelia bella_OGHV743
/kaggle/input/datasets/b23dckh002lvitanh/s3-origin/S3/Afzelia bella/Afzelia bella_AMRX692/Afzelia bella_AMRX692_(51).png,Afzelia bella,Afzelia,bella,Afzelia bella_AMRX692
/kaggle/input/datasets/b23dckh002lvitanh/s3-origin/S3/Afzelia bella/Afzelia bella_QUAV174/Afzelia bella_QUAV174_(320).png,Afzelia bella,Afzelia,bella,Afzelia bella_QUAV174
/kaggle/input/datasets/b23dckh002lvitanh/s3-origin/S3/Afzelia bella/Afzelia bella_GCJA653/Afzelia bella_GCJA653_(93).png,Afzelia bella,Afzelia,bella,Afzelia bella_GCJA653
/kaggle/input/datasets/b23dckh002lvitanh/s3-origin/S3/Afzelia bella/Afzelia bella_OGHV743/Afzelia bella_OGHV743_(208).png,Afzelia bella,Afzelia,bella,Afzelia bella_OGHV743
/kaggle/input/datasets/b23dckh002lvitanh/s3-origin/S3/Afzelia bella/Afzelia bella_FFCA657/Afzelia bella_FFCA657_9_32113.png,Afzelia bella,Afzelia,bella,Afzelia bella_FFCA657
/kaggle/input/datasets/b23dckh002lvitanh/s3-origin/S3/Afzelia bella/Afzelia bella_QCYD170/Afzelia bella_QCYD170_(253).png,Afzelia bella,Afzelia,bella,Afzelia bella_QCYD170
/kaggle/input/datasets/b23dckh002lvitanh/s3-origin/S3/Afzelia bella/Afzelia bella_QUAV174/Afzelia bella_QUAV174_(313).png,Afzelia bella,Afzelia,bella,Afzelia bella_QUAV174
/kaggle/input/datasets/b23dckh002lvitanh/s3-origin/S3/Afzelia bella/Afzelia bella_HYBT691/Afzelia bella_HYBT691_(127).png,Afzelia bella,Afzelia,bella,Afzelia bella_HYBT691
/kaggle/input/datasets/b23dckh002lvitanh/s3-origin/S3/Afzelia bella/Afzelia bella_QUAV174/Afzelia bella_QUAV174_(314).png,Afzelia bella,Afzelia,bella,Afzelia bella_QUAV174
/kaggle/input/datasets/b23dckh002lvitanh/s3-origin/S3/Afzelia bella/Afzelia bella_QCYD170/Afzelia bella_QCYD170_(246).png,Afzelia bella,Afzelia,bella,Afzelia bella_QCYD170
/kaggle/input/datasets/b23dckh002lvitanh/s3-origin/S3/Afzelia bella/Afzelia bella_OGHV743/Afzelia bella_OGHV743_(222).png,Afzelia bella,Afzelia,bella,Afzelia bella_OGHV743
/kaggle/input/datasets/b23dckh002lvitanh/s3-origin/S3/Afzelia bella/Afzelia bella_QUAV174/Afzelia bella_QUAV174_(287).png,Afzelia bella,Afzelia,bella,Afzelia bella_QUAV174
/kaggle/input/datasets/b23dckh002lvitanh/s3-origin/S3/Afzelia bella/Afzelia bella_FFCA657/Afzelia bella_FFCA657_9_32129.png,Afzelia bella,Afzelia,bella,Afzelia bella_FFCA657
/kaggle/input/datasets/b23dckh002lvitanh/s3-origin/S3/Afzelia bella/Afzelia bella_QCYD170/Afzelia bella_QCYD170_(265).png,Afzelia bella,Afzelia,bella,Afzelia bella_QCYD170
/kaggle/input/datasets/b23dckh002lvitanh/s3-origin/S3/Afzelia bella/Afzelia bella_QUAV174/Afzelia bella_QUAV174_(295).png,Afzelia bella,Afzelia,bella,Afzelia bella_QUAV174
/kaggle/input/datasets/b23dckh002lvitanh/s3-origin/S3/Afzelia bella/Afzelia bella_FFCA657/Afzelia bella_FFCA657_9_3216.png,Afzelia bella,Afzelia,bella,Afzelia bella_FFCA657
/kaggle/input/datasets/b23dckh002lvitanh/s3-origin/S3/Afzelia bella/Afzelia bella_GCJA653/Afzelia bella_GCJA653_(106).png,Afzelia bella,Afzelia,bella,Afzelia bella_GCJA653
/kaggle/input/datasets/b23dckh002lvitanh/s3-origin/S3/Afzelia bella/Afzelia bella_HYBT691/Afzelia bella_HYBT691_(135).png,Afzelia bella,Afzelia,bella,Afzelia bella_HYBT691
/kaggle/input/datasets/b23dckh002lvitanh/s3-origin/S3/Afzelia bella/Afzelia bella_AKMX287/Afzelia bella_AKMX287_(20).png,Afzelia bella,Afzelia,bella,Afzelia bella_AKMX287
/kaggle/input/datasets/b23dckh002lvitanh/s3-origin/S3/Afzelia bella/Afzelia bella_QCYD170/Afzelia bella_QCYD170_(264).png,Afzelia bella,Afzelia,bella,Afzelia bella_QCYD170
/kaggle/input/datasets/b23dckh002lvitanh/s3-origin/S3/Afzelia bella/Afzelia bella_FFCA657/Afzelia bella_FFCA657_9_32115.png,Afzelia bella,Afzelia,bella,Afzelia bella_FFCA657
/kaggle/input/datasets/b23dckh002lvitanh/s3-origin/S3/Afzelia bella/Afzelia bella_AMRX692/Afzelia bella_AMRX692_(48).png,Afzelia bella,Afzelia,bella,Afzelia bella_AMRX692
/kaggle/input/datasets/b23dckh002lvitanh/s3-origin/S3/Afzelia bella/Afzelia bella_LYSV052/Afzelia bella_LYSV052_(195).png,Afzelia bella,Afzelia,bella,Afzelia bella_LYSV052
/kaggle/input/datasets/b23dckh002lvitanh/s3-origin/S3/Afzelia bella/Afzelia bella_WJSV740_10/Afzelia bella_WJSV740_10_3617.png,Afzelia bella,Afzelia,bella,Afzelia bella_WJSV740_10
/kaggle/input/datasets/b23dckh002lvitanh/s3-origin/S3/Afzelia bella/Afzelia bella_AKMX287/Afzelia bella_AKMX287_(8).png,Afzelia bella,Afzelia,bella,Afzelia bella_AKMX287
/kaggle/input/datasets/b23dckh002lvitanh/s3-origin/S3/Afzelia bella/Afzelia bella_LYSV052/Afzelia bella_LYSV052_(185).png,Afzelia bella,Afzelia,bella,Afzelia bella_LYSV052
/kaggle/input/datasets/b23dckh002lvitanh/s3-origin/S3/Afzelia bella/Afzelia bella_AKMX287/Afzelia bella_AKMX287_(33).png,Afzelia bella,Afzelia,bella,Afzelia bella_AKMX287
/kaggle/input/datasets/b23dckh002lvitanh/s3-origin/S3/Afzelia bella/Afzelia bella_GCJA653/Afzelia bella_GCJA653_(114).png,Afzelia bella,Afzelia,bella,Afzelia bella_GCJA653
/kaggle/input/datasets/b23dckh002lvitanh/s3-origin/S3/Afzelia bella/Afzelia bella_QUAV174/Afzelia bella_QUAV174_(288).png,Afzelia bella,Afzelia,bella,Afzelia bella_QUAV174
/kaggle/input/datasets/b23dckh002lvitanh/s3-origin/S3/Afzelia bella/Afzelia bella_QUAV174/Afzelia bella_QUAV174_(292).png,Afzelia bella,Afzelia,bella,Afzelia bella_QUAV174
/kaggle/input/datasets/b23dckh002lvitanh/s3-origin/S3/Afzelia bella/Afzelia bella_AMRX692/Afzelia bella_AMRX692_(70).png,Afzelia bella,Afzelia,bella,Afzelia bella_AMRX692
/kaggle/input/datasets/b23dckh002lvitanh/s3-origin/S3/Afzelia bella/Afzelia bella_OGHV743/Afzelia bella_OGHV743_(214).png,Afzelia bella,Afzelia,bella,Afzelia bella_OGHV743
/kaggle/input/datasets/b23dckh002lvitanh/s3-origin/S3/Afzelia bella/Afzelia bella_LYSV052/Afzelia bella_LYSV052_(180).png,Afzelia bella,Afzelia,bella,Afzelia bella_LYSV052
/kaggle/input/datasets/b23dckh002lvitanh/s3-origin/S3/Afzelia bella/Afzelia bella_OGHV743/Afzelia bella_OGHV743_(215).png,Afzelia bella,Afzelia,bella,Afzelia bella_OGHV743
/kaggle/input/datasets/b23dckh002lvitanh/s3-origin/S3/Afzelia bella/Afzelia bella_AMRX692/Afzelia bella_AMRX692_(55).png,Afzelia bella,Afzelia,bella,Afzelia bella_AMRX692
/kaggle/input/datasets/b23dckh002lvitanh/s3-origin/S3/Afzelia bella/Afzelia bella_QUAV174/Afzelia bella_QUAV174_(317).png,Afzelia bella,Afzelia,bella,Afzelia bella_QUAV174
/kaggle/input/datasets/b23dckh002lvitanh/s3-origin/S3/Afzelia bella/Afzelia bella_QUAV174/Afzelia bella_QUAV174_(319).png,Afzelia bella,Afzelia,bella,Afzelia bella_QUAV174
/kaggle/input/datasets/b23dckh002lvitanh/s3-origin/S3/Afzelia bella/Afzelia bella_GCJA653/Afzelia bella_GCJA653_(108).png,Afzelia bella,Afzelia,bella,Afzelia bella_GCJA653
/kaggle/input/datasets/b23dckh002lvitanh/s3-origin/S3/Afzelia bella/Afzelia bella_GCJA653/Afzelia bella_GCJA653_(105).png,Afzelia bella,Afzelia,bella,Afzelia bella_GCJA653
/kaggle/input/datasets/b23dckh002lvitanh/s3-origin/S3/Afzelia bella/Afzelia bella_HYBT691/Afzelia bella_HYBT691_(134).png,Afzelia bella,Afzelia,bella,Afzelia bella_HYBT691
/kaggle/input/datasets/b23dckh002lvitanh/s3-origin/S3/Afzelia bella/Afzelia bella_AKMX287/Afzelia bella_AKMX287_(14).png,Afzelia bella,Afzelia,bella,Afzelia bella_AKMX287
/kaggle/input/datasets/b23dckh002lvitanh/s3-origin/S3/Afzelia bella/Afzelia bella_AMRX692/Afzelia bella_AMRX692_(62).png,Afzelia bella,Afzelia,bella,Afzelia bella_AMRX692
/kaggle/input/datasets/b23dckh002lvitanh/s3-origin/S3/Afzelia bella/Afzelia bella_FFCA657/Afzelia bella_FFCA657_9_32121.png,Afzelia bella,Afzelia,bella,Afzelia bella_FFCA657
/kaggle/input/datasets/b23dckh002lvitanh/s3-origin/S3/Afzelia bella/Afzelia bella_OGHV743/Afzelia bella_OGHV743_(225).png,Afzelia bella,Afzelia,bella,Afzelia bella_OGHV743
/kaggle/input/datasets/b23dckh002lvitanh/s3-origin/S3/Afzelia bella/Afzelia bella_AKMX287/Afzelia bella_AKMX287_(22).png,Afzelia bella,Afzelia,bella,Afzelia bella_AKMX287
/kaggle/input/datasets/b23dckh002lvitanh/s3-origin/S3/Afzelia bella/Afzelia bella_FFCA657/Afzelia bella_FFCA657_9_32118.png,Afzelia bella,Afzelia,bella,Afzelia bella_FFCA657
/kaggle/input/datasets/b23dckh002lvitanh/s3-origin/S3/Afzelia bella/Afzelia bella_AKMX287/Afzelia bella_AKMX287_(2).png,Afzelia bella,Afzelia,bella,Afzelia bella_AKMX287
/kaggle/input/datasets/b23dckh002lvitanh/s3-origin/S3/Afzelia bella/Afzelia bella_AMRX692/Afzelia bella_AMRX692_(43).png,Afzelia bella,Afzelia,bella,Afzelia bella_AMRX692
/kaggle/input/datasets/b23dckh002lvitanh/s3-origin/S3/Afzelia bella/Afzelia bella_WJSV740_10/Afzelia bella_WJSV740_10_36125.png,Afzelia bella,Afzelia,bella,Afzelia bella_WJSV740_10
/kaggle/input/datasets/b23dckh002lvitanh/s3-origin/S3/Afzelia bella/Afzelia bella_AMRX692/Afzelia bella_AMRX692_(42).png,Afzelia bella,Afzelia,bella,Afzelia bella_AMRX692
/kaggle/input/datasets/b23dckh002lvitanh/s3-origin/S3/Afzelia bella/Afzelia bella_QCYD170/Afzelia bella_QCYD170_(276).png,Afzelia bella,Afzelia,bella,Afzelia bella_QCYD170
/kaggle/input/datasets/b23dckh002lvitanh/s3-origin/S3/Afzelia bella/Afzelia bella_QCYD170/Afzelia bella_QCYD170_(260).png,Afzelia bella,Afzelia,bella,Afzelia bella_QCYD170
/kaggle/input/datasets/b23dckh002lvitanh/s3-origin/S3/Afzelia bella/Afzelia bella_LYSV052/Afzelia bella_LYSV052_(177).png,Afzelia bella,Afzelia,bella,Afzelia bella_LYSV052
/kaggle/input/datasets/b23dckh002lvitanh/s3-origin/S3/Afzelia bella/Afzelia bella_GCJA653/Afzelia bella_GCJA653_(118).png,Afzelia bella,Afzelia,bella,Afzelia bella_GCJA653
/kaggle/input/datasets/b23dckh002lvitanh/s3-origin/S3/Afzelia bella/Afzelia bella_WJSV740_10/Afzelia bella_WJSV740_10_3615.png,Afzelia bella,Afzelia,bella,Afzelia bella_WJSV740_10
/kaggle/input/datasets/b23dckh002lvitanh/s3-origin/S3/Afzelia bella/Afzelia bella_LYSV052/Afzelia bella_LYSV052_(198).png,Afzelia bella,Afzelia,bella,Afzelia bella_LYSV052
/kaggle/input/datasets/b23dckh002lvitanh/s3-origin/S3/Afzelia bella/Afzelia bella_HYBT691/Afzelia bella_HYBT691_(126).png,Afzelia bella,Afzelia,bella,Afzelia bella_HYBT691
/kaggle/input/datasets/b23dckh002lvitanh/s3-origin/S3/Afzelia bella/Afzelia bella_OGHV743/Afzelia bella_OGHV743_(238).png,Afzelia bella,Afzelia,bella,Afzelia bella_OGHV743
/kaggle/input/datasets/b23dckh002lvitanh/s3-origin/S3/Afzelia bella/Afzelia bella_QCYD170/Afzelia bella_QCYD170_(243).png,Afzelia bella,Afzelia,bella,Afzelia bella_QCYD170
/kaggle/input/datasets/b23dckh002lvitanh/s3-origin/S3/Afzelia bella/Afzelia bella_QCYD170/Afzelia bella_QCYD170_(247).png,Afzelia bella,Afzelia,bella,Afzelia bella_QCYD170
/kaggle/input/datasets/b23dckh002lvitanh/s3-origin/S3/Afzelia bella/Afzelia bella_FFCA657/Afzelia bella_FFCA657_9_32136.png,Afzelia bella,Afzelia,bella,Afzelia bella_FFCA657
/kaggle/input/datasets/b23dckh002lvitanh/s3-origin/S3/Afzelia bella/Afzelia bella_LYSV052/Afzelia bella_LYSV052_(164).png,Afzelia bella,Afzelia,bella,Afzelia bella_LYSV052
/kaggle/input/datasets/b23dckh002lvitanh/s3-origin/S3/Afzelia bella/Afzelia bella_QCYD170/Afzelia bella_QCYD170_(274).png,Afzelia bella,Afzelia,bella,Afzelia bella_QCYD170
/kaggle/input/datasets/b23dckh002lvitanh/s3-origin/S3/Afzelia pachyloba/m.5/2.2.png,Afzelia pachyloba,Afzelia,pachyloba,m.5
/kaggle/input/datasets/b23dckh002lvitanh/s3-origin/S3/Afzelia pachyloba/m.3/2.2.png,Afzelia pachyloba,Afzelia,pachyloba,m.3
/kaggle/input/datasets/b23dckh002lvitanh/s3-origin/S3/Afzelia pachyloba/m.5/5.2.png,Afzelia pachyloba,Afzelia,pachyloba,m.5
/kaggle/input/datasets/b23dckh002lvitanh/s3-origin/S3/Afzelia pachyloba/m.4/6.4.png,Afzelia pachyloba,Afzelia,pachyloba,m.4
/kaggle/input/datasets/b23dckh002lvitanh/s3-origin/S3/Afzelia pachyloba/m.3/3.4.png,Afzelia pachyloba,Afzelia,pachyloba,m.3
/kaggle/input/datasets/b23dckh002lvitanh/s3-origin/S3/Afzelia pachyloba/m.5/2.3.png,Afzelia pachyloba,Afzelia,pachyloba,m.5
/kaggle/input/datasets/b23dckh002lvitanh/s3-origin/S3/Afzelia pachyloba/m.3/4.3.png,Afzelia pachyloba,Afzelia,pachyloba,m.3
/kaggle/input/datasets/b23dckh002lvitanh/s3-origin/S3/Afzelia pachyloba/m.3/1.3.png,Afzelia pachyloba,Afzelia,pachyloba,m.3
/kaggle/input/datasets/b23dckh002lvitanh/s3-origin/S3/Afzelia pachyloba/m.4/4.4.png,Afzelia pachyloba,Afzelia,pachyloba,m.4
/kaggle/input/datasets/b23dckh002lvitanh/s3-origin/S3/Afzelia pachyloba/m.5/1.4.png,Afzelia pachyloba,Afzelia,pachyloba,m.5
/kaggle/input/datasets/b23dckh002lvitanh/s3-origin/S3/Afzelia pachyloba/m.5/6.2.png,Afzelia pachyloba,Afzelia,pachyloba,m.5
/kaggle/input/datasets/b23dckh002lvitanh/s3-origin/S3/Afzelia pachyloba/m.4/5.1.png,Afzelia pachyloba,Afzelia,pachyloba,m.4
/kaggle/input/datasets/b23dckh002lvitanh/s3-origin/S3/Afzelia pachyloba/m.3/1.4.png,Afzelia pachyloba,Afzelia,pachyloba,m.3
/kaggle/input/datasets/b23dckh002lvitanh/s3-origin/S3/Afzelia pachyloba/m.4/4.1.png,Afzelia pachyloba,Afzelia,pachyloba,m.4
/kaggle/input/datasets/b23dckh002lvitanh/s3-origin/S3/Afzelia pachyloba/m.5/3.3.png,Afzelia pachyloba,Afzelia,pachyloba,m.5
/kaggle/input/datasets/b23dckh002lvitanh/s3-origin/S3/Afzelia pachyloba/m.4/5.4.png,Afzelia pachyloba,Afzelia,pachyloba,m.4
/kaggle/input/datasets/b23dckh002lvitanh/s3-origin/S3/Afzelia pachyloba/m.3/1.1.png,Afzelia pachyloba,Afzelia,pachyloba,m.3
/kaggle/input/datasets/b23dckh002lvitanh/s3-origin/S3/Afzelia pachyloba/m.5/8.2.png,Afzelia pachyloba,Afzelia,pachyloba,m.5
/kaggle/input/datasets/b23dckh002lvitanh/s3-origin/S3/Afzelia pachyloba/m.5/4.4.png,Afzelia pachyloba,Afzelia,pachyloba,m.5
/kaggle/input/datasets/b23dckh002lvitanh/s3-origin/S3/Afzelia pachyloba/m.3/5.4.png,Afzelia pachyloba,Afzelia,pachyloba,m.3
/kaggle/input/datasets/b23dckh002lvitanh/s3-origin/S3/Afzelia pachyloba/m.5/3.2.png,Afzelia pachyloba,Afzelia,pachyloba,m.5
/kaggle/input/datasets/b23dckh002lvitanh/s3-origin/S3/Afzelia pachyloba/m.4/5.2.png,Afzelia pachyloba,Afzelia,pachyloba,m.4
/kaggle/input/datasets/b23dckh002lvitanh/s3-origin/S3/Afzelia pachyloba/m.4/6.3.png,Afzelia pachyloba,Afzelia,pachyloba,m.4
/kaggle/input/datasets/b23dckh002lvitanh/s3-origin/S3/Afzelia pachyloba/m.4/4.2.png,Afzelia pachyloba,Afzelia,pachyloba,m.4
/kaggle/input/datasets/b23dckh002lvitanh/s3-origin/S3/Afzelia pachyloba/m.3/5.2.png,Afzelia pachyloba,Afzelia,pachyloba,m.3
/kaggle/input/datasets/b23dckh002lvitanh/s3-origin/S3/Afzelia pachyloba/m.5/6.3.png,Afzelia pachyloba,Afzelia,pachyloba,m.5
/kaggle/input/datasets/b23dckh002lvitanh/s3-origin/S3/Afzelia pachyloba/m.5/7.1.png,Afzelia pachyloba,Afzelia,pachyloba,m.5
/kaggle/input/datasets/b23dckh002lvitanh/s3-origin/S3/Afzelia pachyloba/m.5/1.1.png,Afzelia pachyloba,Afzelia,pachyloba,m.5
/kaggle/input/datasets/b23dckh002lvitanh/s3-origin/S3/Afzelia pachyloba/m.5/5.3.png,Afzelia pachyloba,Afzelia,pachyloba,m.5
/kaggle/input/datasets/b23dckh002lvitanh/s3-origin/S3/Afzelia pachyloba/m.4/6.2.png,Afzelia pachyloba,Afzelia,pachyloba,m.4
/kaggle/input/datasets/b23dckh002lvitanh/s3-origin/S3/Afzelia pachyloba/m.5/6.1.png,Afzelia pachyloba,Afzelia,pachyloba,m.5
/kaggle/input/datasets/b23dckh002lvitanh/s3-origin/S3/Afzelia pachyloba/m.5/2.4.png,Afzelia pachyloba,Afzelia,pachyloba,m.5
/kaggle/input/datasets/b23dckh002lvitanh/s3-origin/S3/Afzelia pachyloba/m.5/3.1.png,Afzelia pachyloba,Afzelia,pachyloba,m.5
/kaggle/input/datasets/b23dckh002lvitanh/s3-origin/S3/Afzelia pachyloba/m.4/2.4.png,Afzelia pachyloba,Afzelia,pachyloba,m.4
/kaggle/input/datasets/b23dckh002lvitanh/s3-origin/S3/Afzelia pachyloba/m.5/3.4.png,Afzelia pachyloba,Afzelia,pachyloba,m.5
/kaggle/input/datasets/b23dckh002lvitanh/s3-origin/S3/Afzelia pachyloba/m.5/4.3.png,Afzelia pachyloba,Afzelia,pachyloba,m.5
/kaggle/input/datasets/b23dckh002lvitanh/s3-origin/S3/Afzelia pachyloba/m.4/4.3.png,Afzelia pachyloba,Afzelia,pachyloba,m.4
/kaggle/input/datasets/b23dckh002lvitanh/s3-origin/S3/Afzelia pachyloba/m.4/5.3.png,Afzelia pachyloba,Afzelia,pachyloba,m.4
/kaggle/input/datasets/b23dckh002lvitanh/s3-origin/S3/Afzelia pachyloba/m.3/1.2.png,Afzelia pachyloba,Afzelia,pachyloba,m.3
/kaggle/input/datasets/b23dckh002lvitanh/s3-origin/S3/Afzelia pachyloba/m.4/1.2.png,Afzelia pachyloba,Afzelia,pachyloba,m.4
/kaggle/input/datasets/b23dckh002lvitanh/s3-origin/S3/Afzelia pachyloba/m.4/3.1.png,Afzelia pachyloba,Afzelia,pachyloba,m.4
/kaggle/input/datasets/b23dckh002lvitanh/s3-origin/S3/Afzelia pachyloba/m.5/4.2.png,Afzelia pachyloba,Afzelia,pachyloba,m.5
/kaggle/input/datasets/b23dckh002lvitanh/s3-origin/S3/Afzelia pachyloba/m.5/6.4.png,Afzelia pachyloba,Afzelia,pachyloba,m.5
/kaggle/input/datasets/b23dckh002lvitanh/s3-origin/S3/Afzelia pachyloba/m.5/2.1.png,Afzelia pachyloba,Afzelia,pachyloba,m.5
/kaggle/input/datasets/b23dckh002lvitanh/s3-origin/S3/Afzelia pachyloba/m.5/7.2.png,Afzelia pachyloba,Afzelia,pachyloba,m.5
/kaggle/input/datasets/b23dckh002lvitanh/s3-origin/S3/Afzelia pachyloba/m.3/2.4.png,Afzelia pachyloba,Afzelia,pachyloba,m.3
/kaggle/input/datasets/b23dckh002lvitanh/s3-origin/S3/Afzelia pachyloba/m.4/1.3.png,Afzelia pachyloba,Afzelia,pachyloba,m.4
/kaggle/input/datasets/b23dckh002lvitanh/s3-origin/S3/Afzelia pachyloba/m.3/5.1.png,Afzelia pachyloba,Afzelia,pachyloba,m.3
/kaggle/input/datasets/b23dckh002lvitanh/s3-origin/S3/Afzelia pachyloba/m.5/5.4.png,Afzelia pachyloba,Afzelia,pachyloba,m.5
/kaggle/input/datasets/b23dckh002lvitanh/s3-origin/S3/Afzelia pachyloba/m.4/1.4.png,Afzelia pachyloba,Afzelia,pachyloba,m.4
/kaggle/input/datasets/b23dckh002lvitanh/s3-origin/S3/Afzelia pachyloba/m.3/5.3.png,Afzelia pachyloba,Afzelia,pachyloba,m.3
/kaggle/input/datasets/b23dckh002lvitanh/s3-origin/S3/Afzelia pachyloba/m.4/1.1.png,Afzelia pachyloba,Afzelia,pachyloba,m.4
/kaggle/input/datasets/b23dckh002lvitanh/s3-origin/S3/Afzelia pachyloba/m.3/4.1.png,Afzelia pachyloba,Afzelia,pachyloba,m.3
/kaggle/input/datasets/b23dckh002lvitanh/s3-origin/S3/Afzelia pachyloba/m.3/2.3.png,Afzelia pachyloba,Afzelia,pachyloba,m.3
/kaggle/input/datasets/b23dckh002lvitanh/s3-origin/S3/Afzelia pachyloba/m.5/1.3.png,Afzelia pachyloba,Afzelia,pachyloba,m.5
/kaggle/input/datasets/b23dckh002lvitanh/s3-origin/S3/Afzelia pachyloba/m.5/8.1.png,Afzelia pachyloba,Afzelia,pachyloba,m.5
/kaggle/input/datasets/b23dckh002lvitanh/s3-origin/S3/Afzelia pachyloba/m.5/7.4.png,Afzelia pachyloba,Afzelia,pachyloba,m.5
/kaggle/input/datasets/b23dckh002lvitanh/s3-origin/S3/Afzelia pachyloba/m.4/2.1.png,Afzelia pachyloba,Afzelia,pachyloba,m.4
/kaggle/input/datasets/b23dckh002lvitanh/s3-origin/S3/Afzelia pachyloba/m.5/4.1.png,Afzelia pachyloba,Afzelia,pachyloba,m.5
/kaggle/input/datasets/b23dckh002lvitanh/s3-origin/S3/Afzelia pachyloba/m.5/8.3.png,Afzelia pachyloba,Afzelia,pachyloba,m.5
/kaggle/input/datasets/b23dckh002lvitanh/s3-origin/S3/Afzelia pachyloba/m.5/5.1.png,Afzelia pachyloba,Afzelia,pachyloba,m.5
/kaggle/input/datasets/b23dckh002lvitanh/s3-origin/S3/Afzelia pachyloba/m.5/8.4.png,Afzelia pachyloba,Afzelia,pachyloba,m.5
/kaggle/input/datasets/b23dckh002lvitanh/s3-origin/S3/Afzelia pachyloba/m.4/3.3.png,Afzelia pachyloba,Afzelia,pachyloba,m.4
/kaggle/input/datasets/b23dckh002lvitanh/s3-origin/S3/Afzelia pachyloba/m.4/2.2.png,Afzelia pachyloba,Afzelia,pachyloba,m.4
/kaggle/input/datasets/b23dckh002lvitanh/s3-origin/S3/Afzelia pachyloba/m.4/6.1.png,Afzelia pachyloba,Afzelia,pachyloba,m.4
/kaggle/input/datasets/b23dckh002lvitanh/s3-origin/S3/Afzelia pachyloba/m.5/1.2.png,Afzelia pachyloba,Afzelia,pachyloba,m.5
/kaggle/input/datasets/b23dckh002lvitanh/s3-origin/S3/Afzelia pachyloba/m.3/4.4.png,Afzelia pachyloba,Afzelia,pachyloba,m.3
/kaggle/input/datasets/b23dckh002lvitanh/s3-origin/S3/Afzelia pachyloba/m.3/2.1.png,Afzelia pachyloba,Afzelia,pachyloba,m.3
/kaggle/input/datasets/b23dckh002lvitanh/s3-origin/S3/Afzelia pachyloba/m.3/3.2.png,Afzelia pachyloba,Afzelia,pachyloba,m.3
/kaggle/input/datasets/b23dckh002lvitanh/s3-origin/S3/Afzelia pachyloba/m.4/2.3.png,Afzelia pachyloba,Afzelia,pachyloba,m.4
/kaggle/input/datasets/b23dckh002lvitanh/s3-origin/S3/Afzelia pachyloba/m.4/3.4.png,Afzelia pachyloba,Afzelia,pachyloba,m.4
/kaggle/input/datasets/b23dckh002lvitanh/s3-origin/S3/Afzelia pachyloba/m.3/4.2.png,Afzelia pachyloba,Afzelia,pachyloba,m.3
/kaggle/input/datasets/b23dckh002lvitanh/s3-origin/S3/Afzelia pachyloba/m.3/3.3.png,Afzelia pachyloba,Afzelia,pachyloba,m.3
/kaggle/input/datasets/b23dckh002lvitanh/s3-origin/S3/Afzelia pachyloba/m.4/3.2.png,Afzelia pachyloba,Afzelia,pachyloba,m.4
/kaggle/input/datasets/b23dckh002lvitanh/s3-origin/S3/Afzelia pachyloba/m.5/7.3.png,Afzelia pachyloba,Afzelia,pachyloba,m.5
/kaggle/input/datasets/b23dckh002lvitanh/s3-origin/S3/Afzelia pachyloba/m.3/3.1.png,Afzelia pachyloba,Afzelia,pachyloba,m.3
/kaggle/input/datasets/b23dckh002lvitanh/s3-origin/S3/Afzelia quanzensis/dọc 4/142.png,Afzelia quanzensis,Afzelia,quanzensis,dọc 4
/kaggle/input/datasets/b23dckh002lvitanh/s3-origin/S3/Afzelia quanzensis/dọc 1/132.png,Afzelia quanzensis,Afzelia,quanzensis,dọc 1
/kaggle/input/datasets/b23dckh002lvitanh/s3-origin/S3/Afzelia quanzensis/dọc 2/122.png,Afzelia quanzensis,Afzelia,quanzensis,dọc 2
/kaggle/input/datasets/b23dckh002lvitanh/s3-origin/S3/Afzelia quanzensis/ngang 2/19.png,Afzelia quanzensis,Afzelia,quanzensis,ngang 2
/kaggle/input/datasets/b23dckh002lvitanh/s3-origin/S3/Afzelia quanzensis/dọc 2/124.png,Afzelia quanzensis,Afzelia,quanzensis,dọc 2
/kaggle/input/datasets/b23dckh002lvitanh/s3-origin/S3/Afzelia quanzensis/dọc 1/148.png,Afzelia quanzensis,Afzelia,quanzensis,dọc 1
/kaggle/input/datasets/b23dckh002lvitanh/s3-origin/S3/Afzelia quanzensis/dọc 3/120.png,Afzelia quanzensis,Afzelia,quanzensis,dọc 3
/kaggle/input/datasets/b23dckh002lvitanh/s3-origin/S3/Afzelia quanzensis/ngang 2/118.png,Afzelia quanzensis,Afzelia,quanzensis,ngang 2
/kaggle/input/datasets/b23dckh002lvitanh/s3-origin/S3/Afzelia quanzensis/ngang 1/130.png,Afzelia quanzensis,Afzelia,quanzensis,ngang 1
/kaggle/input/datasets/b23dckh002lvitanh/s3-origin/S3/Afzelia quanzensis/ngang 1/148.png,Afzelia quanzensis,Afzelia,quanzensis,ngang 1
/kaggle/input/datasets/b23dckh002lvitanh/s3-origin/S3/Afzelia quanzensis/dọc 2/18.png,Afzelia quanzensis,Afzelia,quanzensis,dọc 2
/kaggle/input/datasets/b23dckh002lvitanh/s3-origin/S3/Afzelia quanzensis/ngang 4/14.png,Afzelia quanzensis,Afzelia,quanzensis,ngang 4
/kaggle/input/datasets/b23dckh002lvitanh/s3-origin/S3/Afzelia quanzensis/dọc 1/120.png,Afzelia quanzensis,Afzelia,quanzensis,dọc 1
/kaggle/input/datasets/b23dckh002lvitanh/s3-origin/S3/Afzelia quanzensis/ngang 3/117.png,Afzelia quanzensis,Afzelia,quanzensis,ngang 3
/kaggle/input/datasets/b23dckh002lvitanh/s3-origin/S3/Afzelia quanzensis/dọc 3/156.png,Afzelia quanzensis,Afzelia,quanzensis,dọc 3
/kaggle/input/datasets/b23dckh002lvitanh/s3-origin/S3/Afzelia quanzensis/ngang 3/144.png,Afzelia quanzensis,Afzelia,quanzensis,ngang 3
/kaggle/input/datasets/b23dckh002lvitanh/s3-origin/S3/Afzelia quanzensis/ngang 3/112.png,Afzelia quanzensis,Afzelia,quanzensis,ngang 3
/kaggle/input/datasets/b23dckh002lvitanh/s3-origin/S3/Afzelia quanzensis/ngang 3/134.png,Afzelia quanzensis,Afzelia,quanzensis,ngang 3
/kaggle/input/datasets/b23dckh002lvitanh/s3-origin/S3/Afzelia quanzensis/dọc 2/159.png,Afzelia quanzensis,Afzelia,quanzensis,dọc 2
/kaggle/input/datasets/b23dckh002lvitanh/s3-origin/S3/Afzelia quanzensis/dọc 3/159.png,Afzelia quanzensis,Afzelia,quanzensis,dọc 3
/kaggle/input/datasets/b23dckh002lvitanh/s3-origin/S3/Afzelia quanzensis/ngang 3/145.png,Afzelia quanzensis,Afzelia,quanzensis,ngang 3
/kaggle/input/datasets/b23dckh002lvitanh/s3-origin/S3/Afzelia quanzensis/ngang 3/139.png,Afzelia quanzensis,Afzelia,quanzensis,ngang 3
/kaggle/input/datasets/b23dckh002lvitanh/s3-origin/S3/Afzelia quanzensis/dọc 1/127.png,Afzelia quanzensis,Afzelia,quanzensis,dọc 1
/kaggle/input/datasets/b23dckh002lvitanh/s3-origin/S3/Afzelia quanzensis/ngang 1/133.png,Afzelia quanzensis,Afzelia,quanzensis,ngang 1
/kaggle/input/datasets/b23dckh002lvitanh/s3-origin/S3/Afzelia quanzensis/ngang 4/116.png,Afzelia quanzensis,Afzelia,quanzensis,ngang 4
/kaggle/input/datasets/b23dckh002lvitanh/s3-origin/S3/Afzelia quanzensis/ngang 3/126.png,Afzelia quanzensis,Afzelia,quanzensis,ngang 3
/kaggle/input/datasets/b23dckh002lvitanh/s3-origin/S3/Afzelia quanzensis/dọc 3/136.png,Afzelia quanzensis,Afzelia,quanzensis,dọc 3
/kaggle/input/datasets/b23dckh002lvitanh/s3-origin/S3/Afzelia quanzensis/dọc 1/16.png,Afzelia quanzensis,Afzelia,quanzensis,dọc 1
/kaggle/input/datasets/b23dckh002lvitanh/s3-origin/S3/Afzelia quanzensis/ngang 2/112.png,Afzelia quanzensis,Afzelia,quanzensis,ngang 2
/kaggle/input/datasets/b23dckh002lvitanh/s3-origin/S3/Afzelia quanzensis/dọc 1/139.png,Afzelia quanzensis,Afzelia,quanzensis,dọc 1
/kaggle/input/datasets/b23dckh002lvitanh/s3-origin/S3/Afzelia quanzensis/ngang 2/10.png,Afzelia quanzensis,Afzelia,quanzensis,ngang 2
/kaggle/input/datasets/b23dckh002lvitanh/s3-origin/S3/Afzelia quanzensis/dọc 1/124.png,Afzelia quanzensis,Afzelia,quanzensis,dọc 1
/kaggle/input/datasets/b23dckh002lvitanh/s3-origin/S3/Afzelia quanzensis/dọc 2/112.png,Afzelia quanzensis,Afzelia,quanzensis,dọc 2
/kaggle/input/datasets/b23dckh002lvitanh/s3-origin/S3/Afzelia quanzensis/dọc 2/140.png,Afzelia quanzensis,Afzelia,quanzensis,dọc 2
/kaggle/input/datasets/b23dckh002lvitanh/s3-origin/S3/Afzelia quanzensis/dọc 3/146.png,Afzelia quanzensis,Afzelia,quanzensis,dọc 3
/kaggle/input/datasets/b23dckh002lvitanh/s3-origin/S3/Afzelia quanzensis/dọc 3/158.png,Afzelia quanzensis,Afzelia,quanzensis,dọc 3
/kaggle/input/datasets/b23dckh002lvitanh/s3-origin/S3/Afzelia quanzensis/ngang 2/140.png,Afzelia quanzensis,Afzelia,quanzensis,ngang 2
/kaggle/input/datasets/b23dckh002lvitanh/s3-origin/S3/Afzelia quanzensis/dọc 3/119.png,Afzelia quanzensis,Afzelia,quanzensis,dọc 3
/kaggle/input/datasets/b23dckh002lvitanh/s3-origin/S3/Afzelia quanzensis/dọc 4/123.png,Afzelia quanzensis,Afzelia,quanzensis,dọc 4
/kaggle/input/datasets/b23dckh002lvitanh/s3-origin/S3/Afzelia quanzensis/ngang 3/132.png,Afzelia quanzensis,Afzelia,quanzensis,ngang 3
/kaggle/input/datasets/b23dckh002lvitanh/s3-origin/S3/Afzelia quanzensis/dọc 4/136.png,Afzelia quanzensis,Afzelia,quanzensis,dọc 4
/kaggle/input/datasets/b23dckh002lvitanh/s3-origin/S3/Afzelia quanzensis/dọc 4/139.png,Afzelia quanzensis,Afzelia,quanzensis,dọc 4
/kaggle/input/datasets/b23dckh002lvitanh/s3-origin/S3/Afzelia quanzensis/ngang 2/18.png,Afzelia quanzensis,Afzelia,quanzensis,ngang 2
/kaggle/input/datasets/b23dckh002lvitanh/s3-origin/S3/Afzelia quanzensis/ngang 2/17.png,Afzelia quanzensis,Afzelia,quanzensis,ngang 2
/kaggle/input/datasets/b23dckh002lvitanh/s3-origin/S3/Afzelia quanzensis/ngang 3/130.png,Afzelia quanzensis,Afzelia,quanzensis,ngang 3
/kaggle/input/datasets/b23dckh002lvitanh/s3-origin/S3/Afzelia quanzensis/dọc 2/137.png,Afzelia quanzensis,Afzelia,quanzensis,dọc 2
/kaggle/input/datasets/b23dckh002lvitanh/s3-origin/S3/Afzelia quanzensis/dọc 3/127.png,Afzelia quanzensis,Afzelia,quanzensis,dọc 3
/kaggle/input/datasets/b23dckh002lvitanh/s3-origin/S3/Afzelia quanzensis/dọc 4/128.png,Afzelia quanzensis,Afzelia,quanzensis,dọc 4
/kaggle/input/datasets/b23dckh002lvitanh/s3-origin/S3/Afzelia quanzensis/ngang 3/133.png,Afzelia quanzensis,Afzelia,quanzensis,ngang 3
/kaggle/input/datasets/b23dckh002lvitanh/s3-origin/S3/Afzelia quanzensis/dọc 1/137.png,Afzelia quanzensis,Afzelia,quanzensis,dọc 1
/kaggle/input/datasets/b23dckh002lvitanh/s3-origin/S3/Afzelia quanzensis/dọc 2/134.png,Afzelia quanzensis,Afzelia,quanzensis,dọc 2
/kaggle/input/datasets/b23dckh002lvitanh/s3-origin/S3/Afzelia quanzensis/ngang 1/121.png,Afzelia quanzensis,Afzelia,quanzensis,ngang 1
/kaggle/input/datasets/b23dckh002lvitanh/s3-origin/S3/Afzelia quanzensis/ngang 1/131.png,Afzelia quanzensis,Afzelia,quanzensis,ngang 1
/kaggle/input/datasets/b23dckh002lvitanh/s3-origin/S3/Afzelia quanzensis/ngang 4/127.png,Afzelia quanzensis,Afzelia,quanzensis,ngang 4
/kaggle/input/datasets/b23dckh002lvitanh/s3-origin/S3/Afzelia quanzensis/ngang 3/129.png,Afzelia quanzensis,Afzelia,quanzensis,ngang 3
/kaggle/input/datasets/b23dckh002lvitanh/s3-origin/S3/Afzelia quanzensis/dọc 3/133.png,Afzelia quanzensis,Afzelia,quanzensis,dọc 3
/kaggle/input/datasets/b23dckh002lvitanh/s3-origin/S3/Afzelia quanzensis/ngang 4/113.png,Afzelia quanzensis,Afzelia,quanzensis,ngang 4
/kaggle/input/datasets/b23dckh002lvitanh/s3-origin/S3/Afzelia quanzensis/dọc 2/11.png,Afzelia quanzensis,Afzelia,quanzensis,dọc 2
/kaggle/input/datasets/b23dckh002lvitanh/s3-origin/S3/Afzelia quanzensis/ngang 3/141.png,Afzelia quanzensis,Afzelia,quanzensis,ngang 3
/kaggle/input/datasets/b23dckh002lvitanh/s3-origin/S3/Afzelia quanzensis/ngang 2/120.png,Afzelia quanzensis,Afzelia,quanzensis,ngang 2
/kaggle/input/datasets/b23dckh002lvitanh/s3-origin/S3/Afzelia quanzensis/dọc 1/142.png,Afzelia quanzensis,Afzelia,quanzensis,dọc 1
/kaggle/input/datasets/b23dckh002lvitanh/s3-origin/S3/Afzelia quanzensis/dọc 1/125.png,Afzelia quanzensis,Afzelia,quanzensis,dọc 1
/kaggle/input/datasets/b23dckh002lvitanh/s3-origin/S3/Afzelia quanzensis/dọc 3/144.png,Afzelia quanzensis,Afzelia,quanzensis,dọc 3
/kaggle/input/datasets/b23dckh002lvitanh/s3-origin/S3/Afzelia quanzensis/ngang 4/124.png,Afzelia quanzensis,Afzelia,quanzensis,ngang 4
/kaggle/input/datasets/b23dckh002lvitanh/s3-origin/S3/Afzelia quanzensis/dọc 2/121.png,Afzelia quanzensis,Afzelia,quanzensis,dọc 2
/kaggle/input/datasets/b23dckh002lvitanh/s3-origin/S3/Afzelia quanzensis/dọc 1/143.png,Afzelia quanzensis,Afzelia,quanzensis,dọc 1
/kaggle/input/datasets/b23dckh002lvitanh/s3-origin/S3/Afzelia quanzensis/dọc 2/147.png,Afzelia quanzensis,Afzelia,quanzensis,dọc 2
/kaggle/input/datasets/b23dckh002lvitanh/s3-origin/S3/Afzelia quanzensis/ngang 1/122.png,Afzelia quanzensis,Afzelia,quanzensis,ngang 1
/kaggle/input/datasets/b23dckh002lvitanh/s3-origin/S3/Afzelia quanzensis/dọc 2/146.png,Afzelia quanzensis,Afzelia,quanzensis,dọc 2
/kaggle/input/datasets/b23dckh002lvitanh/s3-origin/S3/Afzelia quanzensis/dọc 3/19.png,Afzelia quanzensis,Afzelia,quanzensis,dọc 3
/kaggle/input/datasets/b23dckh002lvitanh/s3-origin/S3/Afzelia quanzensis/ngang 4/121.png,Afzelia quanzensis,Afzelia,quanzensis,ngang 4
/kaggle/input/datasets/b23dckh002lvitanh/s3-origin/S3/Afzelia quanzensis/ngang 4/141.png,Afzelia quanzensis,Afzelia,quanzensis,ngang 4
/kaggle/input/datasets/b23dckh002lvitanh/s3-origin/S3/Afzelia quanzensis/dọc 3/11.png,Afzelia quanzensis,Afzelia,quanzensis,dọc 3
/kaggle/input/datasets/b23dckh002lvitanh/s3-origin/S3/Afzelia quanzensis/dọc 1/135.png,Afzelia quanzensis,Afzelia,quanzensis,dọc 1
/kaggle/input/datasets/b23dckh002lvitanh/s3-origin/S3/Afzelia quanzensis/ngang 1/128.png,Afzelia quanzensis,Afzelia,quanzensis,ngang 1
/kaggle/input/datasets/b23dckh002lvitanh/s3-origin/S3/Afzelia quanzensis/ngang 2/146.png,Afzelia quanzensis,Afzelia,quanzensis,ngang 2
/kaggle/input/datasets/b23dckh002lvitanh/s3-origin/S3/Afzelia quanzensis/dọc 2/118.png,Afzelia quanzensis,Afzelia,quanzensis,dọc 2
/kaggle/input/datasets/b23dckh002lvitanh/s3-origin/S3/Afzelia quanzensis/ngang 3/147.png,Afzelia quanzensis,Afzelia,quanzensis,ngang 3
/kaggle/input/datasets/b23dckh002lvitanh/s3-origin/S3/Afzelia quanzensis/ngang 3/15.png,Afzelia quanzensis,Afzelia,quanzensis,ngang 3
/kaggle/input/datasets/b23dckh002lvitanh/s3-origin/S3/Afzelia quanzensis/ngang 1/15.png,Afzelia quanzensis,Afzelia,quanzensis,ngang 1
/kaggle/input/datasets/b23dckh002lvitanh/s3-origin/S3/Afzelia quanzensis/ngang 3/136.png,Afzelia quanzensis,Afzelia,quanzensis,ngang 3
/kaggle/input/datasets/b23dckh002lvitanh/s3-origin/S3/Afzelia quanzensis/ngang 3/128.png,Afzelia quanzensis,Afzelia,quanzensis,ngang 3
/kaggle/input/datasets/b23dckh002lvitanh/s3-origin/S3/Afzelia quanzensis/ngang 2/121.png,Afzelia quanzensis,Afzelia,quanzensis,ngang 2
/kaggle/input/datasets/b23dckh002lvitanh/s3-origin/S3/Afzelia quanzensis/dọc 2/123.png,Afzelia quanzensis,Afzelia,quanzensis,dọc 2
/kaggle/input/datasets/b23dckh002lvitanh/s3-origin/S3/Afzelia quanzensis/dọc 1/18.png,Afzelia quanzensis,Afzelia,quanzensis,dọc 1
/kaggle/input/datasets/b23dckh002lvitanh/s3-origin/S3/Afzelia quanzensis/dọc 3/130.png,Afzelia quanzensis,Afzelia,quanzensis,dọc 3
/kaggle/input/datasets/b23dckh002lvitanh/s3-origin/S3/Afzelia quanzensis/dọc 4/129.png,Afzelia quanzensis,Afzelia,quanzensis,dọc 4
/kaggle/input/datasets/b23dckh002lvitanh/s3-origin/S3/Afzelia quanzensis/dọc 1/114.png,Afzelia quanzensis,Afzelia,quanzensis,dọc 1
/kaggle/input/datasets/b23dckh002lvitanh/s3-origin/S3/Afzelia quanzensis/ngang 2/115.png,Afzelia quanzensis,Afzelia,quanzensis,ngang 2
/kaggle/input/datasets/b23dckh002lvitanh/s3-origin/S3/Afzelia quanzensis/ngang 2/132.png,Afzelia quanzensis,Afzelia,quanzensis,ngang 2
/kaggle/input/datasets/b23dckh002lvitanh/s3-origin/S3/Afzelia quanzensis/ngang 1/17.png,Afzelia quanzensis,Afzelia,quanzensis,ngang 1
/kaggle/input/datasets/b23dckh002lvitanh/s3-origin/S3/Afzelia quanzensis/dọc 1/111.png,Afzelia quanzensis,Afzelia,quanzensis,dọc 1
/kaggle/input/datasets/b23dckh002lvitanh/s3-origin/S3/Afzelia quanzensis/ngang 3/13.png,Afzelia quanzensis,Afzelia,quanzensis,ngang 3
/kaggle/input/datasets/b23dckh002lvitanh/s3-origin/S3/Afzelia quanzensis/dọc 2/138.png,Afzelia quanzensis,Afzelia,quanzensis,dọc 2
/kaggle/input/datasets/b23dckh002lvitanh/s3-origin/S3/Afzelia quanzensis/ngang 3/151.png,Afzelia quanzensis,Afzelia,quanzensis,ngang 3
/kaggle/input/datasets/b23dckh002lvitanh/s3-origin/S3/Afzelia quanzensis/ngang 4/12.png,Afzelia quanzensis,Afzelia,quanzensis,ngang 4
/kaggle/input/datasets/b23dckh002lvitanh/s3-origin/S3/Afzelia quanzensis/ngang 4/112.png,Afzelia quanzensis,Afzelia,quanzensis,ngang 4
/kaggle/input/datasets/b23dckh002lvitanh/s3-origin/S3/Afzelia quanzensis/ngang 1/147.png,Afzelia quanzensis,Afzelia,quanzensis,ngang 1
/kaggle/input/datasets/b23dckh002lvitanh/s3-origin/S3/Afzelia quanzensis/dọc 2/13.png,Afzelia quanzensis,Afzelia,quanzensis,dọc 2
/kaggle/input/datasets/b23dckh002lvitanh/s3-origin/S3/Afzelia quanzensis/dọc 4/138.png,Afzelia quanzensis,Afzelia,quanzensis,dọc 4
/kaggle/input/datasets/b23dckh002lvitanh/s3-origin/S3/Afzelia quanzensis/ngang 4/134.png,Afzelia quanzensis,Afzelia,quanzensis,ngang 4
/kaggle/input/datasets/b23dckh002lvitanh/s3-origin/S3/Afzelia quanzensis/dọc 3/160.png,Afzelia quanzensis,Afzelia,quanzensis,dọc 3
/kaggle/input/datasets/b23dckh002lvitanh/s3-origin/S3/Afzelia quanzensis/dọc 3/141.png,Afzelia quanzensis,Afzelia,quanzensis,dọc 3
/kaggle/input/datasets/b23dckh002lvitanh/s3-origin/S3/Afzelia quanzensis/dọc 2/114.png,Afzelia quanzensis,Afzelia,quanzensis,dọc 2
/kaggle/input/datasets/b23dckh002lvitanh/s3-origin/S3/Afzelia quanzensis/ngang 2/125.png,Afzelia quanzensis,Afzelia,quanzensis,ngang 2
/kaggle/input/datasets/b23dckh002lvitanh/s3-origin/S3/Afzelia quanzensis/ngang 4/10.png,Afzelia quanzensis,Afzelia,quanzensis,ngang 4
/kaggle/input/datasets/b23dckh002lvitanh/s3-origin/S3/Afzelia quanzensis/ngang 1/117.png,Afzelia quanzensis,Afzelia,quanzensis,ngang 1
/kaggle/input/datasets/b23dckh002lvitanh/s3-origin/S3/Afzelia quanzensis/ngang 1/127.png,Afzelia quanzensis,Afzelia,quanzensis,ngang 1
/kaggle/input/datasets/b23dckh002lvitanh/s3-origin/S3/Afzelia quanzensis/dọc 2/120.png,Afzelia quanzensis,Afzelia,quanzensis,dọc 2
/kaggle/input/datasets/b23dckh002lvitanh/s3-origin/S3/Afzelia quanzensis/ngang 2/11.png,Afzelia quanzensis,Afzelia,quanzensis,ngang 2
/kaggle/input/datasets/b23dckh002lvitanh/s3-origin/S3/Afzelia quanzensis/dọc 4/120.png,Afzelia quanzensis,Afzelia,quanzensis,dọc 4
/kaggle/input/datasets/b23dckh002lvitanh/s3-origin/S3/Afzelia quanzensis/dọc 1/10.png,Afzelia quanzensis,Afzelia,quanzensis,dọc 1
/kaggle/input/datasets/b23dckh002lvitanh/s3-origin/S3/Afzelia quanzensis/ngang 3/114.png,Afzelia quanzensis,Afzelia,quanzensis,ngang 3
/kaggle/input/datasets/b23dckh002lvitanh/s3-origin/S3/Afzelia quanzensis/ngang 2/119.png,Afzelia quanzensis,Afzelia,quanzensis,ngang 2
/kaggle/input/datasets/b23dckh002lvitanh/s3-origin/S3/Afzelia quanzensis/ngang 2/111.png,Afzelia quanzensis,Afzelia,quanzensis,ngang 2
/kaggle/input/datasets/b23dckh002lvitanh/s3-origin/S3/Afzelia quanzensis/ngang 2/145.png,Afzelia quanzensis,Afzelia,quanzensis,ngang 2
/kaggle/input/datasets/b23dckh002lvitanh/s3-origin/S3/Afzelia quanzensis/ngang 3/137.png,Afzelia quanzensis,Afzelia,quanzensis,ngang 3
/kaggle/input/datasets/b23dckh002lvitanh/s3-origin/S3/Afzelia quanzensis/ngang 1/125.png,Afzelia quanzensis,Afzelia,quanzensis,ngang 1
/kaggle/input/datasets/b23dckh002lvitanh/s3-origin/S3/Afzelia quanzensis/dọc 2/14.png,Afzelia quanzensis,Afzelia,quanzensis,dọc 2
/kaggle/input/datasets/b23dckh002lvitanh/s3-origin/S3/Afzelia quanzensis/ngang 1/116.png,Afzelia quanzensis,Afzelia,quanzensis,ngang 1
/kaggle/input/datasets/b23dckh002lvitanh/s3-origin/S3/Afzelia quanzensis/ngang 4/120.png,Afzelia quanzensis,Afzelia,quanzensis,ngang 4
/kaggle/input/datasets/b23dckh002lvitanh/s3-origin/S3/Afzelia quanzensis/ngang 2/110.png,Afzelia quanzensis,Afzelia,quanzensis,ngang 2
/kaggle/input/datasets/b23dckh002lvitanh/s3-origin/S3/Afzelia quanzensis/dọc 3/10.png,Afzelia quanzensis,Afzelia,quanzensis,dọc 3
/kaggle/input/datasets/b23dckh002lvitanh/s3-origin/S3/Afzelia quanzensis/ngang 3/115.png,Afzelia quanzensis,Afzelia,quanzensis,ngang 3
/kaggle/input/datasets/b23dckh002lvitanh/s3-origin/S3/Afzelia quanzensis/ngang 4/140.png,Afzelia quanzensis,Afzelia,quanzensis,ngang 4
/kaggle/input/datasets/b23dckh002lvitanh/s3-origin/S3/Afzelia quanzensis/dọc 1/13.png,Afzelia quanzensis,Afzelia,quanzensis,dọc 1
/kaggle/input/datasets/b23dckh002lvitanh/s3-origin/S3/Afzelia quanzensis/dọc 2/149.png,Afzelia quanzensis,Afzelia,quanzensis,dọc 2
/kaggle/input/datasets/b23dckh002lvitanh/s3-origin/S3/Afzelia quanzensis/dọc 2/154.png,Afzelia quanzensis,Afzelia,quanzensis,dọc 2
/kaggle/input/datasets/b23dckh002lvitanh/s3-origin/S3/Afzelia quanzensis/dọc 2/10.png,Afzelia quanzensis,Afzelia,quanzensis,dọc 2
/kaggle/input/datasets/b23dckh002lvitanh/s3-origin/S3/Afzelia quanzensis/ngang 1/126.png,Afzelia quanzensis,Afzelia,quanzensis,ngang 1
/kaggle/input/datasets/b23dckh002lvitanh/s3-origin/S3/Afzelia quanzensis/dọc 2/141.png,Afzelia quanzensis,Afzelia,quanzensis,dọc 2
/kaggle/input/datasets/b23dckh002lvitanh/s3-origin/S3/Afzelia quanzensis/dọc 2/19.png,Afzelia quanzensis,Afzelia,quanzensis,dọc 2
/kaggle/input/datasets/b23dckh002lvitanh/s3-origin/S3/Afzelia quanzensis/ngang 1/142.png,Afzelia quanzensis,Afzelia,quanzensis,ngang 1
/kaggle/input/datasets/b23dckh002lvitanh/s3-origin/S3/Afzelia quanzensis/dọc 2/151.png,Afzelia quanzensis,Afzelia,quanzensis,dọc 2
/kaggle/input/datasets/b23dckh002lvitanh/s3-origin/S3/Afzelia quanzensis/ngang 4/111.png,Afzelia quanzensis,Afzelia,quanzensis,ngang 4
/kaggle/input/datasets/b23dckh002lvitanh/s3-origin/S3/Afzelia quanzensis/dọc 4/117.png,Afzelia quanzensis,Afzelia,quanzensis,dọc 4
/kaggle/input/datasets/b23dckh002lvitanh/s3-origin/S3/Afzelia quanzensis/dọc 3/148.png,Afzelia quanzensis,Afzelia,quanzensis,dọc 3
/kaggle/input/datasets/b23dckh002lvitanh/s3-origin/S3/Afzelia quanzensis/dọc 2/132.png,Afzelia quanzensis,Afzelia,quanzensis,dọc 2
/kaggle/input/datasets/b23dckh002lvitanh/s3-origin/S3/Afzelia quanzensis/dọc 3/151.png,Afzelia quanzensis,Afzelia,quanzensis,dọc 3
/kaggle/input/datasets/b23dckh002lvitanh/s3-origin/S3/Afzelia quanzensis/ngang 3/149.png,Afzelia quanzensis,Afzelia,quanzensis,ngang 3
/kaggle/input/datasets/b23dckh002lvitanh/s3-origin/S3/Afzelia quanzensis/ngang 3/122.png,Afzelia quanzensis,Afzelia,quanzensis,ngang 3
/kaggle/input/datasets/b23dckh002lvitanh/s3-origin/S3/Afzelia quanzensis/ngang 1/143.png,Afzelia quanzensis,Afzelia,quanzensis,ngang 1
/kaggle/input/datasets/b23dckh002lvitanh/s3-origin/S3/Afzelia quanzensis/dọc 2/16.png,Afzelia quanzensis,Afzelia,quanzensis,dọc 2
/kaggle/input/datasets/b23dckh002lvitanh/s3-origin/S3/Afzelia quanzensis/dọc 3/118.png,Afzelia quanzensis,Afzelia,quanzensis,dọc 3
/kaggle/input/datasets/b23dckh002lvitanh/s3-origin/S3/Afzelia quanzensis/ngang 2/133.png,Afzelia quanzensis,Afzelia,quanzensis,ngang 2
/kaggle/input/datasets/b23dckh002lvitanh/s3-origin/S3/Afzelia quanzensis/dọc 3/17.png,Afzelia quanzensis,Afzelia,quanzensis,dọc 3
/kaggle/input/datasets/b23dckh002lvitanh/s3-origin/S3/Afzelia quanzensis/ngang 3/19.png,Afzelia quanzensis,Afzelia,quanzensis,ngang 3
/kaggle/input/datasets/b23dckh002lvitanh/s3-origin/S3/Afzelia quanzensis/dọc 3/155.png,Afzelia quanzensis,Afzelia,quanzensis,dọc 3
/kaggle/input/datasets/b23dckh002lvitanh/s3-origin/S3/Afzelia quanzensis/ngang 1/135.png,Afzelia quanzensis,Afzelia,quanzensis,ngang 1
/kaggle/input/datasets/b23dckh002lvitanh/s3-origin/S3/Afzelia quanzensis/ngang 1/152.png,Afzelia quanzensis,Afzelia,quanzensis,ngang 1
/kaggle/input/datasets/b23dckh002lvitanh/s3-origin/S3/Afzelia quanzensis/ngang 2/129.png,Afzelia quanzensis,Afzelia,quanzensis,ngang 2
/kaggle/input/datasets/b23dckh002lvitanh/s3-origin/S3/Afzelia quanzensis/ngang 1/10.png,Afzelia quanzensis,Afzelia,quanzensis,ngang 1
/kaggle/input/datasets/b23dckh002lvitanh/s3-origin/S3/Afzelia quanzensis/ngang 3/125.png,Afzelia quanzensis,Afzelia,quanzensis,ngang 3
/kaggle/input/datasets/b23dckh002lvitanh/s3-origin/S3/Afzelia quanzensis/dọc 4/127.png,Afzelia quanzensis,Afzelia,quanzensis,dọc 4
/kaggle/input/datasets/b23dckh002lvitanh/s3-origin/S3/Afzelia quanzensis/ngang 1/115.png,Afzelia quanzensis,Afzelia,quanzensis,ngang 1
/kaggle/input/datasets/b23dckh002lvitanh/s3-origin/S3/Afzelia quanzensis/ngang 1/124.png,Afzelia quanzensis,Afzelia,quanzensis,ngang 1
/kaggle/input/datasets/b23dckh002lvitanh/s3-origin/S3/Afzelia quanzensis/ngang 2/136.png,Afzelia quanzensis,Afzelia,quanzensis,ngang 2
/kaggle/input/datasets/b23dckh002lvitanh/s3-origin/S3/Afzelia quanzensis/ngang 3/116.png,Afzelia quanzensis,Afzelia,quanzensis,ngang 3
/kaggle/input/datasets/b23dckh002lvitanh/s3-origin/S3/Afzelia quanzensis/ngang 1/114.png,Afzelia quanzensis,Afzelia,quanzensis,ngang 1
/kaggle/input/datasets/b23dckh002lvitanh/s3-origin/S3/Afzelia quanzensis/ngang 2/141.png,Afzelia quanzensis,Afzelia,quanzensis,ngang 2
/kaggle/input/datasets/b23dckh002lvitanh/s3-origin/S3/Afzelia quanzensis/ngang 3/14.png,Afzelia quanzensis,Afzelia,quanzensis,ngang 3
/kaggle/input/datasets/b23dckh002lvitanh/s3-origin/S3/Afzelia quanzensis/dọc 1/146.png,Afzelia quanzensis,Afzelia,quanzensis,dọc 1
/kaggle/input/datasets/b23dckh002lvitanh/s3-origin/S3/Afzelia quanzensis/dọc 1/140.png,Afzelia quanzensis,Afzelia,quanzensis,dọc 1
/kaggle/input/datasets/b23dckh002lvitanh/s3-origin/S3/Afzelia quanzensis/dọc 1/129.png,Afzelia quanzensis,Afzelia,quanzensis,dọc 1
/kaggle/input/datasets/b23dckh002lvitanh/s3-origin/S3/Afzelia quanzensis/ngang 2/113.png,Afzelia quanzensis,Afzelia,quanzensis,ngang 2
/kaggle/input/datasets/b23dckh002lvitanh/s3-origin/S3/Afzelia quanzensis/ngang 1/137.png,Afzelia quanzensis,Afzelia,quanzensis,ngang 1
/kaggle/input/datasets/b23dckh002lvitanh/s3-origin/S3/Afzelia quanzensis/ngang 1/18.png,Afzelia quanzensis,Afzelia,quanzensis,ngang 1
/kaggle/input/datasets/b23dckh002lvitanh/s3-origin/S3/Afzelia quanzensis/ngang 2/124.png,Afzelia quanzensis,Afzelia,quanzensis,ngang 2
/kaggle/input/datasets/b23dckh002lvitanh/s3-origin/S3/Afzelia quanzensis/ngang 1/144.png,Afzelia quanzensis,Afzelia,quanzensis,ngang 1
/kaggle/input/datasets/b23dckh002lvitanh/s3-origin/S3/Afzelia quanzensis/ngang 4/114.png,Afzelia quanzensis,Afzelia,quanzensis,ngang 4
/kaggle/input/datasets/b23dckh002lvitanh/s3-origin/S3/Afzelia quanzensis/ngang 3/113.png,Afzelia quanzensis,Afzelia,quanzensis,ngang 3
/kaggle/input/datasets/b23dckh002lvitanh/s3-origin/S3/Afzelia quanzensis/ngang 2/12.png,Afzelia quanzensis,Afzelia,quanzensis,ngang 2
/kaggle/input/datasets/b23dckh002lvitanh/s3-origin/S3/Afzelia quanzensis/dọc 3/117.png,Afzelia quanzensis,Afzelia,quanzensis,dọc 3
/kaggle/input/datasets/b23dckh002lvitanh/s3-origin/S3/Afzelia quanzensis/ngang 3/10.png,Afzelia quanzensis,Afzelia,quanzensis,ngang 3
/kaggle/input/datasets/b23dckh002lvitanh/s3-origin/S3/Afzelia quanzensis/dọc 1/121.png,Afzelia quanzensis,Afzelia,quanzensis,dọc 1
/kaggle/input/datasets/b23dckh002lvitanh/s3-origin/S3/Afzelia quanzensis/dọc 3/123.png,Afzelia quanzensis,Afzelia,quanzensis,dọc 3
/kaggle/input/datasets/b23dckh002lvitanh/s3-origin/S3/Afzelia quanzensis/ngang 3/18.png,Afzelia quanzensis,Afzelia,quanzensis,ngang 3
/kaggle/input/datasets/b23dckh002lvitanh/s3-origin/S3/Afzelia quanzensis/dọc 2/117.png,Afzelia quanzensis,Afzelia,quanzensis,dọc 2
/kaggle/input/datasets/b23dckh002lvitanh/s3-origin/S3/Afzelia quanzensis/dọc 4/119.png,Afzelia quanzensis,Afzelia,quanzensis,dọc 4
/kaggle/input/datasets/b23dckh002lvitanh/s3-origin/S3/Afzelia quanzensis/dọc 2/17.png,Afzelia quanzensis,Afzelia,quanzensis,dọc 2
/kaggle/input/datasets/b23dckh002lvitanh/s3-origin/S3/Afzelia quanzensis/dọc 3/121.png,Afzelia quanzensis,Afzelia,quanzensis,dọc 3
/kaggle/input/datasets/b23dckh002lvitanh/s3-origin/S3/Afzelia quanzensis/ngang 3/138.png,Afzelia quanzensis,Afzelia,quanzensis,ngang 3
/kaggle/input/datasets/b23dckh002lvitanh/s3-origin/S3/Afzelia quanzensis/ngang 2/139.png,Afzelia quanzensis,Afzelia,quanzensis,ngang 2
/kaggle/input/datasets/b23dckh002lvitanh/s3-origin/S3/Afzelia quanzensis/dọc 3/154.png,Afzelia quanzensis,Afzelia,quanzensis,dọc 3
/kaggle/input/datasets/b23dckh002lvitanh/s3-origin/S3/Afzelia quanzensis/ngang 3/120.png,Afzelia quanzensis,Afzelia,quanzensis,ngang 3
/kaggle/input/datasets/b23dckh002lvitanh/s3-origin/S3/Afzelia quanzensis/ngang 2/16.png,Afzelia quanzensis,Afzelia,quanzensis,ngang 2
/kaggle/input/datasets/b23dckh002lvitanh/s3-origin/S3/Afzelia quanzensis/ngang 1/120.png,Afzelia quanzensis,Afzelia,quanzensis,ngang 1
/kaggle/input/datasets/b23dckh002lvitanh/s3-origin/S3/Afzelia quanzensis/dọc 4/115.png,Afzelia quanzensis,Afzelia,quanzensis,dọc 4
/kaggle/input/datasets/b23dckh002lvitanh/s3-origin/S3/Afzelia quanzensis/dọc 1/112.png,Afzelia quanzensis,Afzelia,quanzensis,dọc 1
/kaggle/input/datasets/b23dckh002lvitanh/s3-origin/S3/Afzelia quanzensis/dọc 2/136.png,Afzelia quanzensis,Afzelia,quanzensis,dọc 2
/kaggle/input/datasets/b23dckh002lvitanh/s3-origin/S3/Afzelia quanzensis/dọc 3/149.png,Afzelia quanzensis,Afzelia,quanzensis,dọc 3
/kaggle/input/datasets/b23dckh002lvitanh/s3-origin/S3/Afzelia quanzensis/dọc 2/139.png,Afzelia quanzensis,Afzelia,quanzensis,dọc 2
/kaggle/input/datasets/b23dckh002lvitanh/s3-origin/S3/Afzelia quanzensis/ngang 2/128.png,Afzelia quanzensis,Afzelia,quanzensis,ngang 2
/kaggle/input/datasets/b23dckh002lvitanh/s3-origin/S3/Afzelia quanzensis/dọc 2/131.png,Afzelia quanzensis,Afzelia,quanzensis,dọc 2
/kaggle/input/datasets/b23dckh002lvitanh/s3-origin/S3/Afzelia quanzensis/ngang 2/126.png,Afzelia quanzensis,Afzelia,quanzensis,ngang 2
/kaggle/input/datasets/b23dckh002lvitanh/s3-origin/S3/Afzelia quanzensis/ngang 4/122.png,Afzelia quanzensis,Afzelia,quanzensis,ngang 4
/kaggle/input/datasets/b23dckh002lvitanh/s3-origin/S3/Afzelia quanzensis/dọc 4/132.png,Afzelia quanzensis,Afzelia,quanzensis,dọc 4
/kaggle/input/datasets/b23dckh002lvitanh/s3-origin/S3/Afzelia quanzensis/dọc 4/124.png,Afzelia quanzensis,Afzelia,quanzensis,dọc 4
/kaggle/input/datasets/b23dckh002lvitanh/s3-origin/S3/Afzelia quanzensis/ngang 2/143.png,Afzelia quanzensis,Afzelia,quanzensis,ngang 2
/kaggle/input/datasets/b23dckh002lvitanh/s3-origin/S3/Afzelia quanzensis/ngang 3/123.png,Afzelia quanzensis,Afzelia,quanzensis,ngang 3
/kaggle/input/datasets/b23dckh002lvitanh/s3-origin/S3/Afzelia quanzensis/ngang 1/19.png,Afzelia quanzensis,Afzelia,quanzensis,ngang 1
/kaggle/input/datasets/b23dckh002lvitanh/s3-origin/S3/Afzelia quanzensis/ngang 3/146.png,Afzelia quanzensis,Afzelia,quanzensis,ngang 3
/kaggle/input/datasets/b23dckh002lvitanh/s3-origin/S3/Afzelia quanzensis/dọc 3/131.png,Afzelia quanzensis,Afzelia,quanzensis,dọc 3
/kaggle/input/datasets/b23dckh002lvitanh/s3-origin/S3/Afzelia quanzensis/dọc 2/148.png,Afzelia quanzensis,Afzelia,quanzensis,dọc 2
/kaggle/input/datasets/b23dckh002lvitanh/s3-origin/S3/Afzelia quanzensis/dọc 2/111.png,Afzelia quanzensis,Afzelia,quanzensis,dọc 2
/kaggle/input/datasets/b23dckh002lvitanh/s3-origin/S3/Afzelia quanzensis/dọc 3/129.png,Afzelia quanzensis,Afzelia,quanzensis,dọc 3
/kaggle/input/datasets/b23dckh002lvitanh/s3-origin/S3/Afzelia quanzensis/ngang 2/144.png,Afzelia quanzensis,Afzelia,quanzensis,ngang 2
/kaggle/input/datasets/b23dckh002lvitanh/s3-origin/S3/Afzelia quanzensis/ngang 1/119.png,Afzelia quanzensis,Afzelia,quanzensis,ngang 1
/kaggle/input/datasets/b23dckh002lvitanh/s3-origin/S3/Afzelia quanzensis/ngang 3/152.png,Afzelia quanzensis,Afzelia,quanzensis,ngang 3
/kaggle/input/datasets/b23dckh002lvitanh/s3-origin/S3/Afzelia quanzensis/dọc 4/140.png,Afzelia quanzensis,Afzelia,quanzensis,dọc 4
/kaggle/input/datasets/b23dckh002lvitanh/s3-origin/S3/Afzelia quanzensis/dọc 2/135.png,Afzelia quanzensis,Afzelia,quanzensis,dọc 2
/kaggle/input/datasets/b23dckh002lvitanh/s3-origin/S3/Afzelia quanzensis/dọc 3/113.png,Afzelia quanzensis,Afzelia,quanzensis,dọc 3
/kaggle/input/datasets/b23dckh002lvitanh/s3-origin/S3/Afzelia quanzensis/ngang 1/129.png,Afzelia quanzensis,Afzelia,quanzensis,ngang 1
/kaggle/input/datasets/b23dckh002lvitanh/s3-origin/S3/Afzelia quanzensis/ngang 3/140.png,Afzelia quanzensis,Afzelia,quanzensis,ngang 3
/kaggle/input/datasets/b23dckh002lvitanh/s3-origin/S3/Afzelia quanzensis/dọc 4/133.png,Afzelia quanzensis,Afzelia,quanzensis,dọc 4
/kaggle/input/datasets/b23dckh002lvitanh/s3-origin/S3/Afzelia quanzensis/dọc 1/123.png,Afzelia quanzensis,Afzelia,quanzensis,dọc 1
/kaggle/input/datasets/b23dckh002lvitanh/s3-origin/S3/Afzelia quanzensis/ngang 3/135.png,Afzelia quanzensis,Afzelia,quanzensis,ngang 3
/kaggle/input/datasets/b23dckh002lvitanh/s3-origin/S3/Afzelia quanzensis/ngang 1/110.png,Afzelia quanzensis,Afzelia,quanzensis,ngang 1
/kaggle/input/datasets/b23dckh002lvitanh/s3-origin/S3/Afzelia quanzensis/ngang 4/133.png,Afzelia quanzensis,Afzelia,quanzensis,ngang 4
/kaggle/input/datasets/b23dckh002lvitanh/s3-origin/S3/Afzelia quanzensis/dọc 1/11.png,Afzelia quanzensis,Afzelia,quanzensis,dọc 1
/kaggle/input/datasets/b23dckh002lvitanh/s3-origin/S3/Afzelia quanzensis/dọc 3/115.png,Afzelia quanzensis,Afzelia,quanzensis,dọc 3
/kaggle/input/datasets/b23dckh002lvitanh/s3-origin/S3/Afzelia quanzensis/dọc 1/145.png,Afzelia quanzensis,Afzelia,quanzensis,dọc 1
/kaggle/input/datasets/b23dckh002lvitanh/s3-origin/S3/Afzelia quanzensis/ngang 3/142.png,Afzelia quanzensis,Afzelia,quanzensis,ngang 3
/kaggle/input/datasets/b23dckh002lvitanh/s3-origin/S3/Afzelia quanzensis/ngang 2/134.png,Afzelia quanzensis,Afzelia,quanzensis,ngang 2
/kaggle/input/datasets/b23dckh002lvitanh/s3-origin/S3/Afzelia quanzensis/dọc 3/128.png,Afzelia quanzensis,Afzelia,quanzensis,dọc 3
/kaggle/input/datasets/b23dckh002lvitanh/s3-origin/S3/Afzelia quanzensis/ngang 1/151.png,Afzelia quanzensis,Afzelia,quanzensis,ngang 1
/kaggle/input/datasets/b23dckh002lvitanh/s3-origin/S3/Afzelia quanzensis/ngang 1/150.png,Afzelia quanzensis,Afzelia,quanzensis,ngang 1
/kaggle/input/datasets/b23dckh002lvitanh/s3-origin/S3/Afzelia quanzensis/ngang 3/11.png,Afzelia quanzensis,Afzelia,quanzensis,ngang 3
/kaggle/input/datasets/b23dckh002lvitanh/s3-origin/S3/Afzelia quanzensis/ngang 2/122.png,Afzelia quanzensis,Afzelia,quanzensis,ngang 2
/kaggle/input/datasets/b23dckh002lvitanh/s3-origin/S3/Afzelia quanzensis/dọc 2/110.png,Afzelia quanzensis,Afzelia,quanzensis,dọc 2
/kaggle/input/datasets/b23dckh002lvitanh/s3-origin/S3/Afzelia quanzensis/dọc 4/10.png,Afzelia quanzensis,Afzelia,quanzensis,dọc 4
/kaggle/input/datasets/b23dckh002lvitanh/s3-origin/S3/Afzelia quanzensis/dọc 3/145.png,Afzelia quanzensis,Afzelia,quanzensis,dọc 3
/kaggle/input/datasets/b23dckh002lvitanh/s3-origin/S3/Afzelia quanzensis/dọc 2/116.png,Afzelia quanzensis,Afzelia,quanzensis,dọc 2
/kaggle/input/datasets/b23dckh002lvitanh/s3-origin/S3/Afzelia quanzensis/ngang 2/148.png,Afzelia quanzensis,Afzelia,quanzensis,ngang 2
/kaggle/input/datasets/b23dckh002lvitanh/s3-origin/S3/Afzelia quanzensis/dọc 4/15.png,Afzelia quanzensis,Afzelia,quanzensis,dọc 4
/kaggle/input/datasets/b23dckh002lvitanh/s3-origin/S3/Afzelia quanzensis/dọc 3/142.png,Afzelia quanzensis,Afzelia,quanzensis,dọc 3
/kaggle/input/datasets/b23dckh002lvitanh/s3-origin/S3/Afzelia quanzensis/dọc 1/12.png,Afzelia quanzensis,Afzelia,quanzensis,dọc 1
/kaggle/input/datasets/b23dckh002lvitanh/s3-origin/S3/Afzelia quanzensis/ngang 4/137.png,Afzelia quanzensis,Afzelia,quanzensis,ngang 4
/kaggle/input/datasets/b23dckh002lvitanh/s3-origin/S3/Afzelia quanzensis/dọc 1/134.png,Afzelia quanzensis,Afzelia,quanzensis,dọc 1
/kaggle/input/datasets/b23dckh002lvitanh/s3-origin/S3/Afzelia quanzensis/ngang 1/153.png,Afzelia quanzensis,Afzelia,quanzensis,ngang 1
/kaggle/input/datasets/b23dckh002lvitanh/s3-origin/S3/Afzelia quanzensis/dọc 1/133.png,Afzelia quanzensis,Afzelia,quanzensis,dọc 1
/kaggle/input/datasets/b23dckh002lvitanh/s3-origin/S3/Afzelia quanzensis/dọc 4/11.png,Afzelia quanzensis,Afzelia,quanzensis,dọc 4
/kaggle/input/datasets/b23dckh002lvitanh/s3-origin/S3/Afzelia quanzensis/dọc 3/14.png,Afzelia quanzensis,Afzelia,quanzensis,dọc 3
/kaggle/input/datasets/b23dckh002lvitanh/s3-origin/S3/Afzelia quanzensis/ngang 1/146.png,Afzelia quanzensis,Afzelia,quanzensis,ngang 1
/kaggle/input/datasets/b23dckh002lvitanh/s3-origin/S3/Afzelia quanzensis/ngang 1/118.png,Afzelia quanzensis,Afzelia,quanzensis,ngang 1
/kaggle/input/datasets/b23dckh002lvitanh/s3-origin/S3/Afzelia quanzensis/ngang 4/138.png,Afzelia quanzensis,Afzelia,quanzensis,ngang 4
/kaggle/input/datasets/b23dckh002lvitanh/s3-origin/S3/Afzelia quanzensis/ngang 3/143.png,Afzelia quanzensis,Afzelia,quanzensis,ngang 3
/kaggle/input/datasets/b23dckh002lvitanh/s3-origin/S3/Afzelia quanzensis/dọc 4/113.png,Afzelia quanzensis,Afzelia,quanzensis,dọc 4
/kaggle/input/datasets/b23dckh002lvitanh/s3-origin/S3/Afzelia quanzensis/dọc 3/153.png,Afzelia quanzensis,Afzelia,quanzensis,dọc 3
/kaggle/input/datasets/b23dckh002lvitanh/s3-origin/S3/Afzelia quanzensis/ngang 2/130.png,Afzelia quanzensis,Afzelia,quanzensis,ngang 2
/kaggle/input/datasets/b23dckh002lvitanh/s3-origin/S3/Afzelia quanzensis/dọc 3/126.png,Afzelia quanzensis,Afzelia,quanzensis,dọc 3
/kaggle/input/datasets/b23dckh002lvitanh/s3-origin/S3/Afzelia quanzensis/dọc 3/139.png,Afzelia quanzensis,Afzelia,quanzensis,dọc 3
/kaggle/input/datasets/b23dckh002lvitanh/s3-origin/S3/Afzelia quanzensis/ngang 1/13.png,Afzelia quanzensis,Afzelia,quanzensis,ngang 1
/kaggle/input/datasets/b23dckh002lvitanh/s3-origin/S3/Afzelia quanzensis/ngang 3/16.png,Afzelia quanzensis,Afzelia,quanzensis,ngang 3
/kaggle/input/datasets/b23dckh002lvitanh/s3-origin/S3/Afzelia quanzensis/dọc 2/130.png,Afzelia quanzensis,Afzelia,quanzensis,dọc 2
/kaggle/input/datasets/b23dckh002lvitanh/s3-origin/S3/Afzelia quanzensis/ngang 1/136.png,Afzelia quanzensis,Afzelia,quanzensis,ngang 1
/kaggle/input/datasets/b23dckh002lvitanh/s3-origin/S3/Afzelia quanzensis/ngang 3/17.png,Afzelia quanzensis,Afzelia,quanzensis,ngang 3
/kaggle/input/datasets/b23dckh002lvitanh/s3-origin/S3/Afzelia quanzensis/ngang 3/127.png,Afzelia quanzensis,Afzelia,quanzensis,ngang 3
/kaggle/input/datasets/b23dckh002lvitanh/s3-origin/S3/Afzelia quanzensis/ngang 4/136.png,Afzelia quanzensis,Afzelia,quanzensis,ngang 4
/kaggle/input/datasets/b23dckh002lvitanh/s3-origin/S3/Afzelia quanzensis/dọc 2/150.png,Afzelia quanzensis,Afzelia,quanzensis,dọc 2
/kaggle/input/datasets/b23dckh002lvitanh/s3-origin/S3/Afzelia quanzensis/ngang 4/18.png,Afzelia quanzensis,Afzelia,quanzensis,ngang 4
/kaggle/input/datasets/b23dckh002lvitanh/s3-origin/S3/Afzelia quanzensis/ngang 2/138.png,Afzelia quanzensis,Afzelia,quanzensis,ngang 2
/kaggle/input/datasets/b23dckh002lvitanh/s3-origin/S3/Afzelia quanzensis/dọc 4/17.png,Afzelia quanzensis,Afzelia,quanzensis,dọc 4
/kaggle/input/datasets/b23dckh002lvitanh/s3-origin/S3/Afzelia quanzensis/dọc 1/130.png,Afzelia quanzensis,Afzelia,quanzensis,dọc 1
/kaggle/input/datasets/b23dckh002lvitanh/s3-origin/S3/Afzelia quanzensis/dọc 3/137.png,Afzelia quanzensis,Afzelia,quanzensis,dọc 3
/kaggle/input/datasets/b23dckh002lvitanh/s3-origin/S3/Afzelia quanzensis/ngang 1/14.png,Afzelia quanzensis,Afzelia,quanzensis,ngang 1
/kaggle/input/datasets/b23dckh002lvitanh/s3-origin/S3/Afzelia quanzensis/dọc 3/15.png,Afzelia quanzensis,Afzelia,quanzensis,dọc 3
/kaggle/input/datasets/b23dckh002lvitanh/s3-origin/S3/Afzelia quanzensis/ngang 1/139.png,Afzelia quanzensis,Afzelia,quanzensis,ngang 1
/kaggle/input/datasets/b23dckh002lvitanh/s3-origin/S3/Afzelia quanzensis/ngang 1/145.png,Afzelia quanzensis,Afzelia,quanzensis,ngang 1
/kaggle/input/datasets/b23dckh002lvitanh/s3-origin/S3/Afzelia quanzensis/ngang 1/112.png,Afzelia quanzensis,Afzelia,quanzensis,ngang 1
/kaggle/input/datasets/b23dckh002lvitanh/s3-origin/S3/Afzelia quanzensis/dọc 1/147.png,Afzelia quanzensis,Afzelia,quanzensis,dọc 1
/kaggle/input/datasets/b23dckh002lvitanh/s3-origin/S3/Afzelia quanzensis/dọc 3/114.png,Afzelia quanzensis,Afzelia,quanzensis,dọc 3
/kaggle/input/datasets/b23dckh002lvitanh/s3-origin/S3/Afzelia quanzensis/dọc 1/128.png,Afzelia quanzensis,Afzelia,quanzensis,dọc 1
/kaggle/input/datasets/b23dckh002lvitanh/s3-origin/S3/Afzelia quanzensis/dọc 1/116.png,Afzelia quanzensis,Afzelia,quanzensis,dọc 1
/kaggle/input/datasets/b23dckh002lvitanh/s3-origin/S3/Afzelia quanzensis/dọc 3/157.png,Afzelia quanzensis,Afzelia,quanzensis,dọc 3
/kaggle/input/datasets/b23dckh002lvitanh/s3-origin/S3/Afzelia quanzensis/ngang 1/11.png,Afzelia quanzensis,Afzelia,quanzensis,ngang 1
/kaggle/input/datasets/b23dckh002lvitanh/s3-origin/S3/Afzelia quanzensis/ngang 2/116.png,Afzelia quanzensis,Afzelia,quanzensis,ngang 2
/kaggle/input/datasets/b23dckh002lvitanh/s3-origin/S3/Afzelia quanzensis/dọc 4/16.png,Afzelia quanzensis,Afzelia,quanzensis,dọc 4
/kaggle/input/datasets/b23dckh002lvitanh/s3-origin/S3/Afzelia quanzensis/ngang 1/132.png,Afzelia quanzensis,Afzelia,quanzensis,ngang 1
/kaggle/input/datasets/b23dckh002lvitanh/s3-origin/S3/Afzelia quanzensis/ngang 2/149.png,Afzelia quanzensis,Afzelia,quanzensis,ngang 2
/kaggle/input/datasets/b23dckh002lvitanh/s3-origin/S3/Afzelia quanzensis/dọc 3/112.png,Afzelia quanzensis,Afzelia,quanzensis,dọc 3
/kaggle/input/datasets/b23dckh002lvitanh/s3-origin/S3/Afzelia quanzensis/ngang 3/124.png,Afzelia quanzensis,Afzelia,quanzensis,ngang 3
/kaggle/input/datasets/b23dckh002lvitanh/s3-origin/S3/Afzelia quanzensis/dọc 2/133.png,Afzelia quanzensis,Afzelia,quanzensis,dọc 2
/kaggle/input/datasets/b23dckh002lvitanh/s3-origin/S3/Afzelia quanzensis/ngang 4/11.png,Afzelia quanzensis,Afzelia,quanzensis,ngang 4
/kaggle/input/datasets/b23dckh002lvitanh/s3-origin/S3/Afzelia quanzensis/dọc 4/134.png,Afzelia quanzensis,Afzelia,quanzensis,dọc 4
/kaggle/input/datasets/b23dckh002lvitanh/s3-origin/S3/Afzelia quanzensis/dọc 2/144.png,Afzelia quanzensis,Afzelia,quanzensis,dọc 2
/kaggle/input/datasets/b23dckh002lvitanh/s3-origin/S3/Afzelia quanzensis/ngang 1/138.png,Afzelia quanzensis,Afzelia,quanzensis,ngang 1
/kaggle/input/datasets/b23dckh002lvitanh/s3-origin/S3/Afzelia quanzensis/dọc 4/14.png,Afzelia quanzensis,Afzelia,quanzensis,dọc 4
/kaggle/input/datasets/b23dckh002lvitanh/s3-origin/S3/Afzelia quanzensis/dọc 3/161.png,Afzelia quanzensis,Afzelia,quanzensis,dọc 3
/kaggle/input/datasets/b23dckh002lvitanh/s3-origin/S3/Afzelia quanzensis/dọc 2/15.png,Afzelia quanzensis,Afzelia,quanzensis,dọc 2
/kaggle/input/datasets/b23dckh002lvitanh/s3-origin/S3/Afzelia quanzensis/dọc 2/142.png,Afzelia quanzensis,Afzelia,quanzensis,dọc 2
/kaggle/input/datasets/b23dckh002lvitanh/s3-origin/S3/Afzelia quanzensis/dọc 3/132.png,Afzelia quanzensis,Afzelia,quanzensis,dọc 3
/kaggle/input/datasets/b23dckh002lvitanh/s3-origin/S3/Afzelia quanzensis/ngang 1/149.png,Afzelia quanzensis,Afzelia,quanzensis,ngang 1
/kaggle/input/datasets/b23dckh002lvitanh/s3-origin/S3/Afzelia quanzensis/ngang 4/117.png,Afzelia quanzensis,Afzelia,quanzensis,ngang 4
/kaggle/input/datasets/b23dckh002lvitanh/s3-origin/S3/Afzelia quanzensis/dọc 2/158.png,Afzelia quanzensis,Afzelia,quanzensis,dọc 2
/kaggle/input/datasets/b23dckh002lvitanh/s3-origin/S3/Afzelia quanzensis/dọc 3/12.png,Afzelia quanzensis,Afzelia,quanzensis,dọc 3
/kaggle/input/datasets/b23dckh002lvitanh/s3-origin/S3/Afzelia quanzensis/ngang 2/14.png,Afzelia quanzensis,Afzelia,quanzensis,ngang 2
/kaggle/input/datasets/b23dckh002lvitanh/s3-origin/S3/Afzelia quanzensis/dọc 1/149.png,Afzelia quanzensis,Afzelia,quanzensis,dọc 1
/kaggle/input/datasets/b23dckh002lvitanh/s3-origin/S3/Afzelia quanzensis/ngang 3/118.png,Afzelia quanzensis,Afzelia,quanzensis,ngang 3
/kaggle/input/datasets/b23dckh002lvitanh/s3-origin/S3/Afzelia quanzensis/dọc 1/118.png,Afzelia quanzensis,Afzelia,quanzensis,dọc 1
/kaggle/input/datasets/b23dckh002lvitanh/s3-origin/S3/Afzelia quanzensis/ngang 1/141.png,Afzelia quanzensis,Afzelia,quanzensis,ngang 1
/kaggle/input/datasets/b23dckh002lvitanh/s3-origin/S3/Afzelia quanzensis/dọc 2/153.png,Afzelia quanzensis,Afzelia,quanzensis,dọc 2
/kaggle/input/datasets/b23dckh002lvitanh/s3-origin/S3/Afzelia quanzensis/dọc 4/141.png,Afzelia quanzensis,Afzelia,quanzensis,dọc 4
/kaggle/input/datasets/b23dckh002lvitanh/s3-origin/S3/Afzelia quanzensis/ngang 2/127.png,Afzelia quanzensis,Afzelia,quanzensis,ngang 2
/kaggle/input/datasets/b23dckh002lvitanh/s3-origin/S3/Afzelia quanzensis/ngang 2/15.png,Afzelia quanzensis,Afzelia,quanzensis,ngang 2
/kaggle/input/datasets/b23dckh002lvitanh/s3-origin/S3/Afzelia quanzensis/dọc 1/141.png,Afzelia quanzensis,Afzelia,quanzensis,dọc 1
/kaggle/input/datasets/b23dckh002lvitanh/s3-origin/S3/Afzelia quanzensis/ngang 2/135.png,Afzelia quanzensis,Afzelia,quanzensis,ngang 2
/kaggle/input/datasets/b23dckh002lvitanh/s3-origin/S3/Afzelia quanzensis/ngang 2/131.png,Afzelia quanzensis,Afzelia,quanzensis,ngang 2
/kaggle/input/datasets/b23dckh002lvitanh/s3-origin/S3/Afzelia quanzensis/dọc 2/119.png,Afzelia quanzensis,Afzelia,quanzensis,dọc 2
/kaggle/input/datasets/b23dckh002lvitanh/s3-origin/S3/Afzelia quanzensis/dọc 4/13.png,Afzelia quanzensis,Afzelia,quanzensis,dọc 4
/kaggle/input/datasets/b23dckh002lvitanh/s3-origin/S3/Afzelia quanzensis/ngang 1/140.png,Afzelia quanzensis,Afzelia,quanzensis,ngang 1
/kaggle/input/datasets/b23dckh002lvitanh/s3-origin/S3/Afzelia quanzensis/dọc 3/124.png,Afzelia quanzensis,Afzelia,quanzensis,dọc 3
/kaggle/input/datasets/b23dckh002lvitanh/s3-origin/S3/Afzelia quanzensis/ngang 4/13.png,Afzelia quanzensis,Afzelia,quanzensis,ngang 4
/kaggle/input/datasets/b23dckh002lvitanh/s3-origin/S3/Afzelia quanzensis/dọc 1/117.png,Afzelia quanzensis,Afzelia,quanzensis,dọc 1
/kaggle/input/datasets/b23dckh002lvitanh/s3-origin/S3/Afzelia quanzensis/ngang 2/147.png,Afzelia quanzensis,Afzelia,quanzensis,ngang 2
/kaggle/input/datasets/b23dckh002lvitanh/s3-origin/S3/Afzelia quanzensis/dọc 3/125.png,Afzelia quanzensis,Afzelia,quanzensis,dọc 3
/kaggle/input/datasets/b23dckh002lvitanh/s3-origin/S3/Afzelia quanzensis/ngang 2/13.png,Afzelia quanzensis,Afzelia,quanzensis,ngang 2
/kaggle/input/datasets/b23dckh002lvitanh/s3-origin/S3/Afzelia quanzensis/dọc 3/111.png,Afzelia quanzensis,Afzelia,quanzensis,dọc 3
/kaggle/input/datasets/b23dckh002lvitanh/s3-origin/S3/Afzelia quanzensis/dọc 3/116.png,Afzelia quanzensis,Afzelia,quanzensis,dọc 3
/kaggle/input/datasets/b23dckh002lvitanh/s3-origin/S3/Afzelia quanzensis/dọc 1/136.png,Afzelia quanzensis,Afzelia,quanzensis,dọc 1
/kaggle/input/datasets/b23dckh002lvitanh/s3-origin/S3/Afzelia quanzensis/ngang 3/110.png,Afzelia quanzensis,Afzelia,quanzensis,ngang 3
/kaggle/input/datasets/b23dckh002lvitanh/s3-origin/S3/Afzelia quanzensis/ngang 3/121.png,Afzelia quanzensis,Afzelia,quanzensis,ngang 3
/kaggle/input/datasets/b23dckh002lvitanh/s3-origin/S3/Afzelia quanzensis/ngang 2/142.png,Afzelia quanzensis,Afzelia,quanzensis,ngang 2
/kaggle/input/datasets/b23dckh002lvitanh/s3-origin/S3/Afzelia quanzensis/ngang 3/148.png,Afzelia quanzensis,Afzelia,quanzensis,ngang 3
/kaggle/input/datasets/b23dckh002lvitanh/s3-origin/S3/Afzelia quanzensis/dọc 2/115.png,Afzelia quanzensis,Afzelia,quanzensis,dọc 2
/kaggle/input/datasets/b23dckh002lvitanh/s3-origin/S3/Afzelia quanzensis/ngang 1/113.png,Afzelia quanzensis,Afzelia,quanzensis,ngang 1
/kaggle/input/datasets/b23dckh002lvitanh/s3-origin/S3/Afzelia quanzensis/ngang 3/131.png,Afzelia quanzensis,Afzelia,quanzensis,ngang 3
/kaggle/input/datasets/b23dckh002lvitanh/s3-origin/S3/Afzelia quanzensis/dọc 1/110.png,Afzelia quanzensis,Afzelia,quanzensis,dọc 1
/kaggle/input/datasets/b23dckh002lvitanh/s3-origin/S3/Afzelia quanzensis/ngang 4/15.png,Afzelia quanzensis,Afzelia,quanzensis,ngang 4
/kaggle/input/datasets/b23dckh002lvitanh/s3-origin/S3/Afzelia quanzensis/ngang 2/123.png,Afzelia quanzensis,Afzelia,quanzensis,ngang 2
/kaggle/input/datasets/b23dckh002lvitanh/s3-origin/S3/Afzelia quanzensis/dọc 2/152.png,Afzelia quanzensis,Afzelia,quanzensis,dọc 2
/kaggle/input/datasets/b23dckh002lvitanh/s3-origin/S3/Afzelia quanzensis/ngang 3/119.png,Afzelia quanzensis,Afzelia,quanzensis,ngang 3
/kaggle/input/datasets/b23dckh002lvitanh/s3-origin/S3/Afzelia quanzensis/dọc 3/152.png,Afzelia quanzensis,Afzelia,quanzensis,dọc 3
/kaggle/input/datasets/b23dckh002lvitanh/s3-origin/S3/Afzelia quanzensis/ngang 3/153.png,Afzelia quanzensis,Afzelia,quanzensis,ngang 3
/kaggle/input/datasets/b23dckh002lvitanh/s3-origin/S3/Dalbergia cochinchinensis/Dalbergia cochinchinensis_3280/Dalbergia cochinchinensis.3280.7 (34).png,Dalbergia cochinchinensis,Dalbergia,cochinchinensis,Dalbergia cochinchinensis_3280
/kaggle/input/datasets/b23dckh002lvitanh/s3-origin/S3/Dalbergia cochinchinensis/Dalbergia cochinchinensis_3280/Dalbergia cochinchinensis.3280.3 (33).png,Dalbergia cochinchinensis,Dalbergia,cochinchinensis,Dalbergia cochinchinensis_3280
/kaggle/input/datasets/b23dckh002lvitanh/s3-origin/S3/Dalbergia cochinchinensis/Dalbergia cochinchinensis_3280/Dalbergia cochinchinensis.3280.6 (30).png,Dalbergia cochinchinensis,Dalbergia,cochinchinensis,Dalbergia cochinchinensis_3280
/kaggle/input/datasets/b23dckh002lvitanh/s3-origin/S3/Dalbergia cochinchinensis/Dalbergia cochinchinensis_3280/Dalbergia cochinchinensis.3280.3 (20).png,Dalbergia cochinchinensis,Dalbergia,cochinchinensis,Dalbergia cochinchinensis_3280
/kaggle/input/datasets/b23dckh002lvitanh/s3-origin/S3/Dalbergia cochinchinensis/Dalbergia cochinchinensis_3280/Dalbergia cochinchinensis.3280.2 (25).png,Dalbergia cochinchinensis,Dalbergia,cochinchinensis,Dalbergia cochinchinensis_3280
/kaggle/input/datasets/b23dckh002lvitanh/s3-origin/S3/Dalbergia cochinchinensis/Dalbergia cochinchinensis_3280/Dalbergia cochinchinensis.3280.7 (29).png,Dalbergia cochinchinensis,Dalbergia,cochinchinensis,Dalbergia cochinchinensis_3280
/kaggle/input/datasets/b23dckh002lvitanh/s3-origin/S3/Dalbergia cochinchinensis/Dalbergia cochinchinensis_3280/Dalbergia cochinchinensis.3280.8 (25).png,Dalbergia cochinchinensis,Dalbergia,cochinchinensis,Dalbergia cochinchinensis_3280
/kaggle/input/datasets/b23dckh002lvitanh/s3-origin/S3/Dalbergia cochinchinensis/Dalbergia cochinchinensis_3280/Dalbergia cochinchinensis.3280.7 (26).png,Dalbergia cochinchinensis,Dalbergia,cochinchinensis,Dalbergia cochinchinensis_3280
/kaggle/input/datasets/b23dckh002lvitanh/s3-origin/S3/Dalbergia cochinchinensis/Dalbergia cochinchinensis_3280/Dalbergia cochinchinensis.3280.8 (29).png,Dalbergia cochinchinensis,Dalbergia,cochinchinensis,Dalbergia cochinchinensis_3280
/kaggle/input/datasets/b23dckh002lvitanh/s3-origin/S3/Dalbergia cochinchinensis/Dalbergia cochinchinensis_3280/Dalbergia cochinchinensis.3280.1 (8).png,Dalbergia cochinchinensis,Dalbergia,cochinchinensis,Dalbergia cochinchinensis_3280
/kaggle/input/datasets/b23dckh002lvitanh/s3-origin/S3/Dalbergia cochinchinensis/Dalbergia cochinchinensis_3280/Dalbergia cochinchinensis.3280.3 (28).png,Dalbergia cochinchinensis,Dalbergia,cochinchinensis,Dalbergia cochinchinensis_3280
/kaggle/input/datasets/b23dckh002lvitanh/s3-origin/S3/Dalbergia cochinchinensis/Dalbergia cochinchinensis_3280/Dalbergia cochinchinensis.3280.5 (30).png,Dalbergia cochinchinensis,Dalbergia,cochinchinensis,Dalbergia cochinchinensis_3280
/kaggle/input/datasets/b23dckh002lvitanh/s3-origin/S3/Dalbergia cochinchinensis/Dalbergia cochinchinensis_3280/Dalbergia cochinchinensis.3280.9 (12).png,Dalbergia cochinchinensis,Dalbergia,cochinchinensis,Dalbergia cochinchinensis_3280
/kaggle/input/datasets/b23dckh002lvitanh/s3-origin/S3/Dalbergia cochinchinensis/Dalbergia cochinchinensis_3280/Dalbergia cochinchinensis.3280.6 (16).png,Dalbergia cochinchinensis,Dalbergia,cochinchinensis,Dalbergia cochinchinensis_3280
/kaggle/input/datasets/b23dckh002lvitanh/s3-origin/S3/Dalbergia cochinchinensis/Dalbergia cochinchinensis_3280/Dalbergia cochinchinensis.3280.8 (5).png,Dalbergia cochinchinensis,Dalbergia,cochinchinensis,Dalbergia cochinchinensis_3280
/kaggle/input/datasets/b23dckh002lvitanh/s3-origin/S3/Dalbergia cochinchinensis/Dalbergia cochinchinensis_3280/Dalbergia cochinchinensis.3280.6 (26).png,Dalbergia cochinchinensis,Dalbergia,cochinchinensis,Dalbergia cochinchinensis_3280
/kaggle/input/datasets/b23dckh002lvitanh/s3-origin/S3/Dalbergia cochinchinensis/Dalbergia cochinchinensis_3280/Dalbergia cochinchinensis.3280.2 (21).png,Dalbergia cochinchinensis,Dalbergia,cochinchinensis,Dalbergia cochinchinensis_3280
/kaggle/input/datasets/b23dckh002lvitanh/s3-origin/S3/Dalbergia cochinchinensis/Dalbergia cochinchinensis_3280/Dalbergia cochinchinensis.3280.10 (15).png,Dalbergia cochinchinensis,Dalbergia,cochinchinensis,Dalbergia cochinchinensis_3280
/kaggle/input/datasets/b23dckh002lvitanh/s3-origin/S3/Dalbergia cochinchinensis/Dalbergia cochinchinensis_3280/Dalbergia cochinchinensis.3280.10 (21).png,Dalbergia cochinchinensis,Dalbergia,cochinchinensis,Dalbergia cochinchinensis_3280
/kaggle/input/datasets/b23dckh002lvitanh/s3-origin/S3/Dalbergia cochinchinensis/Dalbergia cochinchinensis_3280/Dalbergia cochinchinensis.3280.9 (32).png,Dalbergia cochinchinensis,Dalbergia,cochinchinensis,Dalbergia cochinchinensis_3280
/kaggle/input/datasets/b23dckh002lvitanh/s3-origin/S3/Dalbergia cochinchinensis/Dalbergia cochinchinensis_3280/Dalbergia cochinchinensis.3280.1 (3).png,Dalbergia cochinchinensis,Dalbergia,cochinchinensis,Dalbergia cochinchinensis_3280
/kaggle/input/datasets/b23dckh002lvitanh/s3-origin/S3/Dalbergia cochinchinensis/Dalbergia cochinchinensis_3280/Dalbergia cochinchinensis.3280.10 (3).png,Dalbergia cochinchinensis,Dalbergia,cochinchinensis,Dalbergia cochinchinensis_3280
/kaggle/input/datasets/b23dckh002lvitanh/s3-origin/S3/Dalbergia cochinchinensis/Dalbergia cochinchinensis_3280/Dalbergia cochinchinensis.3280.10 (7).png,Dalbergia cochinchinensis,Dalbergia,cochinchinensis,Dalbergia cochinchinensis_3280
/kaggle/input/datasets/b23dckh002lvitanh/s3-origin/S3/Dalbergia cochinchinensis/Dalbergia cochinchinensis_3280/Dalbergia cochinchinensis.3280.8 (14).png,Dalbergia cochinchinensis,Dalbergia,cochinchinensis,Dalbergia cochinchinensis_3280
/kaggle/input/datasets/b23dckh002lvitanh/s3-origin/S3/Dalbergia cochinchinensis/Dalbergia cochinchinensis_3280/Dalbergia cochinchinensis.3280.9 (28).png,Dalbergia cochinchinensis,Dalbergia,cochinchinensis,Dalbergia cochinchinensis_3280
/kaggle/input/datasets/b23dckh002lvitanh/s3-origin/S3/Dalbergia cochinchinensis/Dalbergia cochinchinensis_3280/Dalbergia cochinchinensis.3280.9 (16).png,Dalbergia cochinchinensis,Dalbergia,cochinchinensis,Dalbergia cochinchinensis_3280
/kaggle/input/datasets/b23dckh002lvitanh/s3-origin/S3/Dalbergia cochinchinensis/Dalbergia cochinchinensis_3280/Dalbergia cochinchinensis.3280.3 (10).png,Dalbergia cochinchinensis,Dalbergia,cochinchinensis,Dalbergia cochinchinensis_3280
/kaggle/input/datasets/b23dckh002lvitanh/s3-origin/S3/Dalbergia cochinchinensis/Dalbergia cochinchinensis_3280/Dalbergia cochinchinensis.3280.3 (6).png,Dalbergia cochinchinensis,Dalbergia,cochinchinensis,Dalbergia cochinchinensis_3280
/kaggle/input/datasets/b23dckh002lvitanh/s3-origin/S3/Dalbergia cochinchinensis/Dalbergia cochinchinensis_3280/Dalbergia cochinchinensis.3280.7 (31).png,Dalbergia cochinchinensis,Dalbergia,cochinchinensis,Dalbergia cochinchinensis_3280
/kaggle/input/datasets/b23dckh002lvitanh/s3-origin/S3/Dalbergia cochinchinensis/Dalbergia cochinchinensis_3280/Dalbergia cochinchinensis.3280.9 (11).png,Dalbergia cochinchinensis,Dalbergia,cochinchinensis,Dalbergia cochinchinensis_3280
/kaggle/input/datasets/b23dckh002lvitanh/s3-origin/S3/Dalbergia cochinchinensis/Dalbergia cochinchinensis_3280/Dalbergia cochinchinensis.3280.10 (27).png,Dalbergia cochinchinensis,Dalbergia,cochinchinensis,Dalbergia cochinchinensis_3280
/kaggle/input/datasets/b23dckh002lvitanh/s3-origin/S3/Dalbergia cochinchinensis/Dalbergia cochinchinensis_3280/Dalbergia cochinchinensis.3280.6 (10).png,Dalbergia cochinchinensis,Dalbergia,cochinchinensis,Dalbergia cochinchinensis_3280
/kaggle/input/datasets/b23dckh002lvitanh/s3-origin/S3/Dalbergia cochinchinensis/Dalbergia cochinchinensis_3280/Dalbergia cochinchinensis.3280.3 (25).png,Dalbergia cochinchinensis,Dalbergia,cochinchinensis,Dalbergia cochinchinensis_3280
/kaggle/input/datasets/b23dckh002lvitanh/s3-origin/S3/Dalbergia cochinchinensis/Dalbergia cochinchinensis_3280/Dalbergia cochinchinensis.3280.1 (10).png,Dalbergia cochinchinensis,Dalbergia,cochinchinensis,Dalbergia cochinchinensis_3280
/kaggle/input/datasets/b23dckh002lvitanh/s3-origin/S3/Dalbergia cochinchinensis/Dalbergia cochinchinensis_3280/Dalbergia cochinchinensis.3280.9 (22).png,Dalbergia cochinchinensis,Dalbergia,cochinchinensis,Dalbergia cochinchinensis_3280
/kaggle/input/datasets/b23dckh002lvitanh/s3-origin/S3/Dalbergia cochinchinensis/Dalbergia cochinchinensis_3280/Dalbergia cochinchinensis.3280.2 (1).png,Dalbergia cochinchinensis,Dalbergia,cochinchinensis,Dalbergia cochinchinensis_3280
/kaggle/input/datasets/b23dckh002lvitanh/s3-origin/S3/Dalbergia cochinchinensis/Dalbergia cochinchinensis_3280/Dalbergia cochinchinensis.3280.5 (23).png,Dalbergia cochinchinensis,Dalbergia,cochinchinensis,Dalbergia cochinchinensis_3280
/kaggle/input/datasets/b23dckh002lvitanh/s3-origin/S3/Dalbergia cochinchinensis/Dalbergia cochinchinensis_3280/Dalbergia cochinchinensis.3280.7 (12).png,Dalbergia cochinchinensis,Dalbergia,cochinchinensis,Dalbergia cochinchinensis_3280
/kaggle/input/datasets/b23dckh002lvitanh/s3-origin/S3/Dalbergia cochinchinensis/Dalbergia cochinchinensis_3280/Dalbergia cochinchinensis.3280.7 (25).png,Dalbergia cochinchinensis,Dalbergia,cochinchinensis,Dalbergia cochinchinensis_3280
/kaggle/input/datasets/b23dckh002lvitanh/s3-origin/S3/Dalbergia cochinchinensis/Dalbergia cochinchinensis_3280/Dalbergia cochinchinensis.3280.7 (10).png,Dalbergia cochinchinensis,Dalbergia,cochinchinensis,Dalbergia cochinchinensis_3280
/kaggle/input/datasets/b23dckh002lvitanh/s3-origin/S3/Dalbergia cochinchinensis/Dalbergia cochinchinensis_3280/Dalbergia cochinchinensis.3280.3 (30).png,Dalbergia cochinchinensis,Dalbergia,cochinchinensis,Dalbergia cochinchinensis_3280
/kaggle/input/datasets/b23dckh002lvitanh/s3-origin/S3/Dalbergia cochinchinensis/Dalbergia cochinchinensis_3280/Dalbergia cochinchinensis.3280.5 (20).png,Dalbergia cochinchinensis,Dalbergia,cochinchinensis,Dalbergia cochinchinensis_3280
/kaggle/input/datasets/b23dckh002lvitanh/s3-origin/S3/Dalbergia cochinchinensis/Dalbergia cochinchinensis_3280/Dalbergia cochinchinensis.3280.10 (24).png,Dalbergia cochinchinensis,Dalbergia,cochinchinensis,Dalbergia cochinchinensis_3280
/kaggle/input/datasets/b23dckh002lvitanh/s3-origin/S3/Dalbergia cochinchinensis/Dalbergia cochinchinensis_3280/Dalbergia cochinchinensis.3280.8 (27).png,Dalbergia cochinchinensis,Dalbergia,cochinchinensis,Dalbergia cochinchinensis_3280
/kaggle/input/datasets/b23dckh002lvitanh/s3-origin/S3/Dalbergia cochinchinensis/Dalbergia cochinchinensis_3280/Dalbergia cochinchinensis.3280.1 (16).png,Dalbergia cochinchinensis,Dalbergia,cochinchinensis,Dalbergia cochinchinensis_3280
/kaggle/input/datasets/b23dckh002lvitanh/s3-origin/S3/Dalbergia cochinchinensis/Dalbergia cochinchinensis_3280/Dalbergia cochinchinensis.3280.10 (26).png,Dalbergia cochinchinensis,Dalbergia,cochinchinensis,Dalbergia cochinchinensis_3280
/kaggle/input/datasets/b23dckh002lvitanh/s3-origin/S3/Dalbergia cochinchinensis/Dalbergia cochinchinensis_3280/Dalbergia cochinchinensis.3280.3 (23).png,Dalbergia cochinchinensis,Dalbergia,cochinchinensis,Dalbergia cochinchinensis_3280
/kaggle/input/datasets/b23dckh002lvitanh/s3-origin/S3/Dalbergia cochinchinensis/Dalbergia cochinchinensis_3280/Dalbergia cochinchinensis.3280.8 (12).png,Dalbergia cochinchinensis,Dalbergia,cochinchinensis,Dalbergia cochinchinensis_3280
/kaggle/input/datasets/b23dckh002lvitanh/s3-origin/S3/Dalbergia cochinchinensis/Dalbergia cochinchinensis_3280/Dalbergia cochinchinensis.3280.5 (10).png,Dalbergia cochinchinensis,Dalbergia,cochinchinensis,Dalbergia cochinchinensis_3280
/kaggle/input/datasets/b23dckh002lvitanh/s3-origin/S3/Dalbergia cochinchinensis/Dalbergia cochinchinensis_3280/Dalbergia cochinchinensis.3280.10 (14).png,Dalbergia cochinchinensis,Dalbergia,cochinchinensis,Dalbergia cochinchinensis_3280
/kaggle/input/datasets/b23dckh002lvitanh/s3-origin/S3/Dalbergia cochinchinensis/Dalbergia cochinchinensis_3280/Dalbergia cochinchinensis.3280.3 (36).png,Dalbergia cochinchinensis,Dalbergia,cochinchinensis,Dalbergia cochinchinensis_3280
/kaggle/input/datasets/b23dckh002lvitanh/s3-origin/S3/Dalbergia cochinchinensis/Dalbergia cochinchinensis_3280/Dalbergia cochinchinensis.3280.5 (32).png,Dalbergia cochinchinensis,Dalbergia,cochinchinensis,Dalbergia cochinchinensis_3280
/kaggle/input/datasets/b23dckh002lvitanh/s3-origin/S3/Dalbergia cochinchinensis/Dalbergia cochinchinensis_3280/Dalbergia cochinchinensis.3280.1 (25).png,Dalbergia cochinchinensis,Dalbergia,cochinchinensis,Dalbergia cochinchinensis_3280
/kaggle/input/datasets/b23dckh002lvitanh/s3-origin/S3/Dalbergia cochinchinensis/Dalbergia cochinchinensis_3280/Dalbergia cochinchinensis.3280.7 (30).png,Dalbergia cochinchinensis,Dalbergia,cochinchinensis,Dalbergia cochinchinensis_3280
/kaggle/input/datasets/b23dckh002lvitanh/s3-origin/S3/Dalbergia cochinchinensis/Dalbergia cochinchinensis_3280/Dalbergia cochinchinensis.3280.3 (18).png,Dalbergia cochinchinensis,Dalbergia,cochinchinensis,Dalbergia cochinchinensis_3280
/kaggle/input/datasets/b23dckh002lvitanh/s3-origin/S3/Dalbergia cochinchinensis/Dalbergia cochinchinensis_3280/Dalbergia cochinchinensis.3280.3 (24).png,Dalbergia cochinchinensis,Dalbergia,cochinchinensis,Dalbergia cochinchinensis_3280
/kaggle/input/datasets/b23dckh002lvitanh/s3-origin/S3/Dalbergia cochinchinensis/Dalbergia cochinchinensis_3280/Dalbergia cochinchinensis.3280.3 (22).png,Dalbergia cochinchinensis,Dalbergia,cochinchinensis,Dalbergia cochinchinensis_3280
/kaggle/input/datasets/b23dckh002lvitanh/s3-origin/S3/Dalbergia cochinchinensis/Dalbergia cochinchinensis_3280/Dalbergia cochinchinensis.3280.8 (34).png,Dalbergia cochinchinensis,Dalbergia,cochinchinensis,Dalbergia cochinchinensis_3280
/kaggle/input/datasets/b23dckh002lvitanh/s3-origin/S3/Dalbergia cochinchinensis/Dalbergia cochinchinensis_3280/Dalbergia cochinchinensis.3280.6 (2).png,Dalbergia cochinchinensis,Dalbergia,cochinchinensis,Dalbergia cochinchinensis_3280
/kaggle/input/datasets/b23dckh002lvitanh/s3-origin/S3/Dalbergia cochinchinensis/Dalbergia cochinchinensis_3280/Dalbergia cochinchinensis.3280.10 (4).png,Dalbergia cochinchinensis,Dalbergia,cochinchinensis,Dalbergia cochinchinensis_3280
/kaggle/input/datasets/b23dckh002lvitanh/s3-origin/S3/Dalbergia cochinchinensis/Dalbergia cochinchinensis_3280/Dalbergia cochinchinensis.3280.10 (22).png,Dalbergia cochinchinensis,Dalbergia,cochinchinensis,Dalbergia cochinchinensis_3280
/kaggle/input/datasets/b23dckh002lvitanh/s3-origin/S3/Dalbergia cochinchinensis/Dalbergia cochinchinensis_3280/Dalbergia cochinchinensis.3280.6 (14).png,Dalbergia cochinchinensis,Dalbergia,cochinchinensis,Dalbergia cochinchinensis_3280
/kaggle/input/datasets/b23dckh002lvitanh/s3-origin/S3/Dalbergia cochinchinensis/Dalbergia cochinchinensis_3280/Dalbergia cochinchinensis.3280.6 (32).png,Dalbergia cochinchinensis,Dalbergia,cochinchinensis,Dalbergia cochinchinensis_3280
/kaggle/input/datasets/b23dckh002lvitanh/s3-origin/S3/Dalbergia cochinchinensis/Dalbergia cochinchinensis_3280/Dalbergia cochinchinensis.3280.9 (25).png,Dalbergia cochinchinensis,Dalbergia,cochinchinensis,Dalbergia cochinchinensis_3280
/kaggle/input/datasets/b23dckh002lvitanh/s3-origin/S3/Dalbergia cochinchinensis/Dalbergia cochinchinensis_3280/Dalbergia cochinchinensis.3280.9 (35).png,Dalbergia cochinchinensis,Dalbergia,cochinchinensis,Dalbergia cochinchinensis_3280
/kaggle/input/datasets/b23dckh002lvitanh/s3-origin/S3/Dalbergia cochinchinensis/Dalbergia cochinchinensis_3280/Dalbergia cochinchinensis.3280.2 (3).png,Dalbergia cochinchinensis,Dalbergia,cochinchinensis,Dalbergia cochinchinensis_3280
/kaggle/input/datasets/b23dckh002lvitanh/s3-origin/S3/Dalbergia cochinchinensis/Dalbergia cochinchinensis_3280/Dalbergia cochinchinensis.3280.8 (10).png,Dalbergia cochinchinensis,Dalbergia,cochinchinensis,Dalbergia cochinchinensis_3280
/kaggle/input/datasets/b23dckh002lvitanh/s3-origin/S3/Dalbergia cochinchinensis/Dalbergia cochinchinensis_3280/Dalbergia cochinchinensis.3280.2 (22).png,Dalbergia cochinchinensis,Dalbergia,cochinchinensis,Dalbergia cochinchinensis_3280
/kaggle/input/datasets/b23dckh002lvitanh/s3-origin/S3/Dalbergia cochinchinensis/Dalbergia cochinchinensis_3280/Dalbergia cochinchinensis.3280.5 (9).png,Dalbergia cochinchinensis,Dalbergia,cochinchinensis,Dalbergia cochinchinensis_3280
/kaggle/input/datasets/b23dckh002lvitanh/s3-origin/S3/Dalbergia cochinchinensis/Dalbergia cochinchinensis_3280/Dalbergia cochinchinensis.3280.8 (8).png,Dalbergia cochinchinensis,Dalbergia,cochinchinensis,Dalbergia cochinchinensis_3280
/kaggle/input/datasets/b23dckh002lvitanh/s3-origin/S3/Dalbergia cochinchinensis/Dalbergia cochinchinensis_3280/Dalbergia cochinchinensis.3280.3 (19).png,Dalbergia cochinchinensis,Dalbergia,cochinchinensis,Dalbergia cochinchinensis_3280
/kaggle/input/datasets/b23dckh002lvitanh/s3-origin/S3/Dalbergia cochinchinensis/Dalbergia cochinchinensis_3280/Dalbergia cochinchinensis.3280.3 (34).png,Dalbergia cochinchinensis,Dalbergia,cochinchinensis,Dalbergia cochinchinensis_3280
/kaggle/input/datasets/b23dckh002lvitanh/s3-origin/S3/Dalbergia cochinchinensis/Dalbergia cochinchinensis_3280/Dalbergia cochinchinensis.3280.10 (35).png,Dalbergia cochinchinensis,Dalbergia,cochinchinensis,Dalbergia cochinchinensis_3280
/kaggle/input/datasets/b23dckh002lvitanh/s3-origin/S3/Dalbergia cochinchinensis/Dalbergia cochinchinensis_3280/Dalbergia cochinchinensis.3280.8 (17).png,Dalbergia cochinchinensis,Dalbergia,cochinchinensis,Dalbergia cochinchinensis_3280
/kaggle/input/datasets/b23dckh002lvitanh/s3-origin/S3/Dalbergia cochinchinensis/Dalbergia cochinchinensis_3280/Dalbergia cochinchinensis.3280.3 (1).png,Dalbergia cochinchinensis,Dalbergia,cochinchinensis,Dalbergia cochinchinensis_3280
/kaggle/input/datasets/b23dckh002lvitanh/s3-origin/S3/Dalbergia cochinchinensis/Dalbergia cochinchinensis_3280/Dalbergia cochinchinensis.3280.8 (20).png,Dalbergia cochinchinensis,Dalbergia,cochinchinensis,Dalbergia cochinchinensis_3280
/kaggle/input/datasets/b23dckh002lvitanh/s3-origin/S3/Dalbergia cochinchinensis/Dalbergia cochinchinensis_3280/Dalbergia cochinchinensis.3280.9 (20).png,Dalbergia cochinchinensis,Dalbergia,cochinchinensis,Dalbergia cochinchinensis_3280
/kaggle/input/datasets/b23dckh002lvitanh/s3-origin/S3/Dalbergia cochinchinensis/Dalbergia cochinchinensis_3280/Dalbergia cochinchinensis.3280.8 (3).png,Dalbergia cochinchinensis,Dalbergia,cochinchinensis,Dalbergia cochinchinensis_3280
/kaggle/input/datasets/b23dckh002lvitanh/s3-origin/S3/Dalbergia cochinchinensis/Dalbergia cochinchinensis_3280/Dalbergia cochinchinensis.3280.7 (16).png,Dalbergia cochinchinensis,Dalbergia,cochinchinensis,Dalbergia cochinchinensis_3280
/kaggle/input/datasets/b23dckh002lvitanh/s3-origin/S3/Dalbergia cochinchinensis/Dalbergia cochinchinensis_3280/Dalbergia cochinchinensis.3280.7 (14).png,Dalbergia cochinchinensis,Dalbergia,cochinchinensis,Dalbergia cochinchinensis_3280
/kaggle/input/datasets/b23dckh002lvitanh/s3-origin/S3/Dalbergia cochinchinensis/Dalbergia cochinchinensis_3280/Dalbergia cochinchinensis.3280.10 (5).png,Dalbergia cochinchinensis,Dalbergia,cochinchinensis,Dalbergia cochinchinensis_3280
/kaggle/input/datasets/b23dckh002lvitanh/s3-origin/S3/Dalbergia cochinchinensis/Dalbergia cochinchinensis_3280/Dalbergia cochinchinensis.3280.8 (4).png,Dalbergia cochinchinensis,Dalbergia,cochinchinensis,Dalbergia cochinchinensis_3280
/kaggle/input/datasets/b23dckh002lvitanh/s3-origin/S3/Dalbergia cochinchinensis/Dalbergia cochinchinensis_3280/Dalbergia cochinchinensis.3280.5 (4).png,Dalbergia cochinchinensis,Dalbergia,cochinchinensis,Dalbergia cochinchinensis_3280
/kaggle/input/datasets/b23dckh002lvitanh/s3-origin/S3/Dalbergia cochinchinensis/Dalbergia cochinchinensis_3280/Dalbergia cochinchinensis.3280.7 (36).png,Dalbergia cochinchinensis,Dalbergia,cochinchinensis,Dalbergia cochinchinensis_3280
/kaggle/input/datasets/b23dckh002lvitanh/s3-origin/S3/Dalbergia cochinchinensis/Dalbergia cochinchinensis_3280/Dalbergia cochinchinensis.3280.7 (3).png,Dalbergia cochinchinensis,Dalbergia,cochinchinensis,Dalbergia cochinchinensis_3280
/kaggle/input/datasets/b23dckh002lvitanh/s3-origin/S3/Dalbergia cochinchinensis/Dalbergia cochinchinensis_3280/Dalbergia cochinchinensis.3280.1 (11).png,Dalbergia cochinchinensis,Dalbergia,cochinchinensis,Dalbergia cochinchinensis_3280
/kaggle/input/datasets/b23dckh002lvitanh/s3-origin/S3/Dalbergia cochinchinensis/Dalbergia cochinchinensis_3280/Dalbergia cochinchinensis.3280.9 (13).png,Dalbergia cochinchinensis,Dalbergia,cochinchinensis,Dalbergia cochinchinensis_3280
/kaggle/input/datasets/b23dckh002lvitanh/s3-origin/S3/Dalbergia cochinchinensis/Dalbergia cochinchinensis_3280/Dalbergia cochinchinensis.3280.1 (15).png,Dalbergia cochinchinensis,Dalbergia,cochinchinensis,Dalbergia cochinchinensis_3280
/kaggle/input/datasets/b23dckh002lvitanh/s3-origin/S3/Dalbergia cochinchinensis/Dalbergia cochinchinensis_3280/Dalbergia cochinchinensis.3280.10 (25).png,Dalbergia cochinchinensis,Dalbergia,cochinchinensis,Dalbergia cochinchinensis_3280
/kaggle/input/datasets/b23dckh002lvitanh/s3-origin/S3/Dalbergia cochinchinensis/Dalbergia cochinchinensis_3280/Dalbergia cochinchinensis.3280.1 (30).png,Dalbergia cochinchinensis,Dalbergia,cochinchinensis,Dalbergia cochinchinensis_3280
/kaggle/input/datasets/b23dckh002lvitanh/s3-origin/S3/Dalbergia cochinchinensis/Dalbergia cochinchinensis_3280/Dalbergia cochinchinensis.3280.3 (3).png,Dalbergia cochinchinensis,Dalbergia,cochinchinensis,Dalbergia cochinchinensis_3280
/kaggle/input/datasets/b23dckh002lvitanh/s3-origin/S3/Dalbergia cochinchinensis/Dalbergia cochinchinensis_3280/Dalbergia cochinchinensis.3280.3 (21).png,Dalbergia cochinchinensis,Dalbergia,cochinchinensis,Dalbergia cochinchinensis_3280
/kaggle/input/datasets/b23dckh002lvitanh/s3-origin/S3/Dalbergia cochinchinensis/Dalbergia cochinchinensis_3280/Dalbergia cochinchinensis.3280.5 (15).png,Dalbergia cochinchinensis,Dalbergia,cochinchinensis,Dalbergia cochinchinensis_3280
/kaggle/input/datasets/b23dckh002lvitanh/s3-origin/S3/Dalbergia cochinchinensis/Dalbergia cochinchinensis_3280/Dalbergia cochinchinensis.3280.9 (2).png,Dalbergia cochinchinensis,Dalbergia,cochinchinensis,Dalbergia cochinchinensis_3280
/kaggle/input/datasets/b23dckh002lvitanh/s3-origin/S3/Dalbergia cochinchinensis/Dalbergia cochinchinensis_3280/Dalbergia cochinchinensis.3280.2 (4).png,Dalbergia cochinchinensis,Dalbergia,cochinchinensis,Dalbergia cochinchinensis_3280
/kaggle/input/datasets/b23dckh002lvitanh/s3-origin/S3/Dalbergia cochinchinensis/Dalbergia cochinchinensis_3280/Dalbergia cochinchinensis.3280.5 (35).png,Dalbergia cochinchinensis,Dalbergia,cochinchinensis,Dalbergia cochinchinensis_3280
/kaggle/input/datasets/b23dckh002lvitanh/s3-origin/S3/Dalbergia cochinchinensis/Dalbergia cochinchinensis_3280/Dalbergia cochinchinensis.3280.1 (23).png,Dalbergia cochinchinensis,Dalbergia,cochinchinensis,Dalbergia cochinchinensis_3280
/kaggle/input/datasets/b23dckh002lvitanh/s3-origin/S3/Dalbergia cochinchinensis/Dalbergia cochinchinensis_3280/Dalbergia cochinchinensis.3280.5 (2).png,Dalbergia cochinchinensis,Dalbergia,cochinchinensis,Dalbergia cochinchinensis_3280
/kaggle/input/datasets/b23dckh002lvitanh/s3-origin/S3/Dalbergia cochinchinensis/Dalbergia cochinchinensis_3280/Dalbergia cochinchinensis.3280.6 (7).png,Dalbergia cochinchinensis,Dalbergia,cochinchinensis,Dalbergia cochinchinensis_3280
/kaggle/input/datasets/b23dckh002lvitanh/s3-origin/S3/Dalbergia cochinchinensis/Dalbergia cochinchinensis_3280/Dalbergia cochinchinensis.3280.10 (19).png,Dalbergia cochinchinensis,Dalbergia,cochinchinensis,Dalbergia cochinchinensis_3280
/kaggle/input/datasets/b23dckh002lvitanh/s3-origin/S3/Dalbergia cochinchinensis/Dalbergia cochinchinensis_3280/Dalbergia cochinchinensis.3280.5 (27).png,Dalbergia cochinchinensis,Dalbergia,cochinchinensis,Dalbergia cochinchinensis_3280
/kaggle/input/datasets/b23dckh002lvitanh/s3-origin/S3/Dalbergia cochinchinensis/Dalbergia cochinchinensis_3280/Dalbergia cochinchinensis.3280.9 (23).png,Dalbergia cochinchinensis,Dalbergia,cochinchinensis,Dalbergia cochinchinensis_3280
/kaggle/input/datasets/b23dckh002lvitanh/s3-origin/S3/Dalbergia cochinchinensis/Dalbergia cochinchinensis_3280/Dalbergia cochinchinensis.3280.3 (2).png,Dalbergia cochinchinensis,Dalbergia,cochinchinensis,Dalbergia cochinchinensis_3280
/kaggle/input/datasets/b23dckh002lvitanh/s3-origin/S3/Dalbergia cochinchinensis/Dalbergia cochinchinensis_3280/Dalbergia cochinchinensis.3280.2 (18).png,Dalbergia cochinchinensis,Dalbergia,cochinchinensis,Dalbergia cochinchinensis_3280
/kaggle/input/datasets/b23dckh002lvitanh/s3-origin/S3/Dalbergia cochinchinensis/Dalbergia cochinchinensis_3280/Dalbergia cochinchinensis.3280.8 (9).png,Dalbergia cochinchinensis,Dalbergia,cochinchinensis,Dalbergia cochinchinensis_3280
/kaggle/input/datasets/b23dckh002lvitanh/s3-origin/S3/Dalbergia cochinchinensis/Dalbergia cochinchinensis_3280/Dalbergia cochinchinensis.3280.2 (17).png,Dalbergia cochinchinensis,Dalbergia,cochinchinensis,Dalbergia cochinchinensis_3280
/kaggle/input/datasets/b23dckh002lvitanh/s3-origin/S3/Dalbergia cochinchinensis/Dalbergia cochinchinensis_3280/Dalbergia cochinchinensis.3280.3 (11).png,Dalbergia cochinchinensis,Dalbergia,cochinchinensis,Dalbergia cochinchinensis_3280
/kaggle/input/datasets/b23dckh002lvitanh/s3-origin/S3/Dalbergia cochinchinensis/Dalbergia cochinchinensis_3280/Dalbergia cochinchinensis.3280.6 (15).png,Dalbergia cochinchinensis,Dalbergia,cochinchinensis,Dalbergia cochinchinensis_3280
/kaggle/input/datasets/b23dckh002lvitanh/s3-origin/S3/Dalbergia cochinchinensis/Dalbergia cochinchinensis_3280/Dalbergia cochinchinensis.3280.10 (16).png,Dalbergia cochinchinensis,Dalbergia,cochinchinensis,Dalbergia cochinchinensis_3280
/kaggle/input/datasets/b23dckh002lvitanh/s3-origin/S3/Dalbergia cochinchinensis/Dalbergia cochinchinensis_3280/Dalbergia cochinchinensis.3280.7 (27).png,Dalbergia cochinchinensis,Dalbergia,cochinchinensis,Dalbergia cochinchinensis_3280
/kaggle/input/datasets/b23dckh002lvitanh/s3-origin/S3/Dalbergia cochinchinensis/Dalbergia cochinchinensis_3280/Dalbergia cochinchinensis.3280.10 (11).png,Dalbergia cochinchinensis,Dalbergia,cochinchinensis,Dalbergia cochinchinensis_3280
/kaggle/input/datasets/b23dckh002lvitanh/s3-origin/S3/Dalbergia cochinchinensis/Dalbergia cochinchinensis_3280/Dalbergia cochinchinensis.3280.2 (30).png,Dalbergia cochinchinensis,Dalbergia,cochinchinensis,Dalbergia cochinchinensis_3280
/kaggle/input/datasets/b23dckh002lvitanh/s3-origin/S3/Dalbergia cochinchinensis/Dalbergia cochinchinensis_3280/Dalbergia cochinchinensis.3280.9 (33).png,Dalbergia cochinchinensis,Dalbergia,cochinchinensis,Dalbergia cochinchinensis_3280
/kaggle/input/datasets/b23dckh002lvitanh/s3-origin/S3/Dalbergia cochinchinensis/Dalbergia cochinchinensis_3280/Dalbergia cochinchinensis.3280.2 (32).png,Dalbergia cochinchinensis,Dalbergia,cochinchinensis,Dalbergia cochinchinensis_3280
/kaggle/input/datasets/b23dckh002lvitanh/s3-origin/S3/Dalbergia cochinchinensis/Dalbergia cochinchinensis_3280/Dalbergia cochinchinensis.3280.9 (7).png,Dalbergia cochinchinensis,Dalbergia,cochinchinensis,Dalbergia cochinchinensis_3280
/kaggle/input/datasets/b23dckh002lvitanh/s3-origin/S3/Dalbergia cochinchinensis/Dalbergia cochinchinensis_3280/Dalbergia cochinchinensis.3280.9 (19).png,Dalbergia cochinchinensis,Dalbergia,cochinchinensis,Dalbergia cochinchinensis_3280
/kaggle/input/datasets/b23dckh002lvitanh/s3-origin/S3/Dalbergia cochinchinensis/Dalbergia cochinchinensis_3280/Dalbergia cochinchinensis.3280.3 (26).png,Dalbergia cochinchinensis,Dalbergia,cochinchinensis,Dalbergia cochinchinensis_3280
/kaggle/input/datasets/b23dckh002lvitanh/s3-origin/S3/Dalbergia cochinchinensis/Dalbergia cochinchinensis_3280/Dalbergia cochinchinensis.3280.6 (13).png,Dalbergia cochinchinensis,Dalbergia,cochinchinensis,Dalbergia cochinchinensis_3280
/kaggle/input/datasets/b23dckh002lvitanh/s3-origin/S3/Dalbergia cochinchinensis/Dalbergia cochinchinensis_3280/Dalbergia cochinchinensis.3280.9 (17).png,Dalbergia cochinchinensis,Dalbergia,cochinchinensis,Dalbergia cochinchinensis_3280
/kaggle/input/datasets/b23dckh002lvitanh/s3-origin/S3/Dalbergia cochinchinensis/Dalbergia cochinchinensis_3280/Dalbergia cochinchinensis.3280.8 (7).png,Dalbergia cochinchinensis,Dalbergia,cochinchinensis,Dalbergia cochinchinensis_3280
/kaggle/input/datasets/b23dckh002lvitanh/s3-origin/S3/Dalbergia cochinchinensis/Dalbergia cochinchinensis_3280/Dalbergia cochinchinensis.3280.6 (4).png,Dalbergia cochinchinensis,Dalbergia,cochinchinensis,Dalbergia cochinchinensis_3280
/kaggle/input/datasets/b23dckh002lvitanh/s3-origin/S3/Dalbergia cochinchinensis/Dalbergia cochinchinensis_3280/Dalbergia cochinchinensis.3280.7 (4).png,Dalbergia cochinchinensis,Dalbergia,cochinchinensis,Dalbergia cochinchinensis_3280
/kaggle/input/datasets/b23dckh002lvitanh/s3-origin/S3/Dalbergia cochinchinensis/Dalbergia cochinchinensis_3280/Dalbergia cochinchinensis.3280.1 (6).png,Dalbergia cochinchinensis,Dalbergia,cochinchinensis,Dalbergia cochinchinensis_3280
/kaggle/input/datasets/b23dckh002lvitanh/s3-origin/S3/Dalbergia cochinchinensis/Dalbergia cochinchinensis_3280/Dalbergia cochinchinensis.3280.10 (28).png,Dalbergia cochinchinensis,Dalbergia,cochinchinensis,Dalbergia cochinchinensis_3280
/kaggle/input/datasets/b23dckh002lvitanh/s3-origin/S3/Dalbergia cochinchinensis/Dalbergia cochinchinensis_3280/Dalbergia cochinchinensis.3280.6 (25).png,Dalbergia cochinchinensis,Dalbergia,cochinchinensis,Dalbergia cochinchinensis_3280
/kaggle/input/datasets/b23dckh002lvitanh/s3-origin/S3/Dalbergia cochinchinensis/Dalbergia cochinchinensis_3280/Dalbergia cochinchinensis.3280.10 (23).png,Dalbergia cochinchinensis,Dalbergia,cochinchinensis,Dalbergia cochinchinensis_3280
/kaggle/input/datasets/b23dckh002lvitanh/s3-origin/S3/Dalbergia cochinchinensis/Dalbergia cochinchinensis_3280/Dalbergia cochinchinensis.3280.6 (31).png,Dalbergia cochinchinensis,Dalbergia,cochinchinensis,Dalbergia cochinchinensis_3280
/kaggle/input/datasets/b23dckh002lvitanh/s3-origin/S3/Dalbergia cochinchinensis/Dalbergia cochinchinensis_3280/Dalbergia cochinchinensis.3280.8 (21).png,Dalbergia cochinchinensis,Dalbergia,cochinchinensis,Dalbergia cochinchinensis_3280
/kaggle/input/datasets/b23dckh002lvitanh/s3-origin/S3/Dalbergia cochinchinensis/Dalbergia cochinchinensis_3280/Dalbergia cochinchinensis.3280.5 (5).png,Dalbergia cochinchinensis,Dalbergia,cochinchinensis,Dalbergia cochinchinensis_3280
/kaggle/input/datasets/b23dckh002lvitanh/s3-origin/S3/Dalbergia cochinchinensis/Dalbergia cochinchinensis_3280/Dalbergia cochinchinensis.3280.2 (29).png,Dalbergia cochinchinensis,Dalbergia,cochinchinensis,Dalbergia cochinchinensis_3280
/kaggle/input/datasets/b23dckh002lvitanh/s3-origin/S3/Dalbergia cochinchinensis/Dalbergia cochinchinensis_3280/Dalbergia cochinchinensis.3280.6 (27).png,Dalbergia cochinchinensis,Dalbergia,cochinchinensis,Dalbergia cochinchinensis_3280
/kaggle/input/datasets/b23dckh002lvitanh/s3-origin/S3/Dalbergia cochinchinensis/Dalbergia cochinchinensis_3280/Dalbergia cochinchinensis.3280.5 (31).png,Dalbergia cochinchinensis,Dalbergia,cochinchinensis,Dalbergia cochinchinensis_3280
/kaggle/input/datasets/b23dckh002lvitanh/s3-origin/S3/Dalbergia cochinchinensis/Dalbergia cochinchinensis_3280/Dalbergia cochinchinensis.3280.3 (31).png,Dalbergia cochinchinensis,Dalbergia,cochinchinensis,Dalbergia cochinchinensis_3280
/kaggle/input/datasets/b23dckh002lvitanh/s3-origin/S3/Dalbergia cochinchinensis/Dalbergia cochinchinensis_3280/Dalbergia cochinchinensis.3280.1 (18).png,Dalbergia cochinchinensis,Dalbergia,cochinchinensis,Dalbergia cochinchinensis_3280
/kaggle/input/datasets/b23dckh002lvitanh/s3-origin/S3/Dalbergia cochinchinensis/Dalbergia cochinchinensis_3280/Dalbergia cochinchinensis.3280.10 (8).png,Dalbergia cochinchinensis,Dalbergia,cochinchinensis,Dalbergia cochinchinensis_3280
/kaggle/input/datasets/b23dckh002lvitanh/s3-origin/S3/Dalbergia cochinchinensis/Dalbergia cochinchinensis_3280/Dalbergia cochinchinensis.3280.9 (6).png,Dalbergia cochinchinensis,Dalbergia,cochinchinensis,Dalbergia cochinchinensis_3280
/kaggle/input/datasets/b23dckh002lvitanh/s3-origin/S3/Dalbergia cochinchinensis/Dalbergia cochinchinensis_3280/Dalbergia cochinchinensis.3280.8 (11).png,Dalbergia cochinchinensis,Dalbergia,cochinchinensis,Dalbergia cochinchinensis_3280
/kaggle/input/datasets/b23dckh002lvitanh/s3-origin/S3/Dalbergia cochinchinensis/Dalbergia cochinchinensis_3280/Dalbergia cochinchinensis.3280.1 (32).png,Dalbergia cochinchinensis,Dalbergia,cochinchinensis,Dalbergia cochinchinensis_3280
/kaggle/input/datasets/b23dckh002lvitanh/s3-origin/S3/Dalbergia cochinchinensis/Dalbergia cochinchinensis_3280/Dalbergia cochinchinensis.3280.3 (5).png,Dalbergia cochinchinensis,Dalbergia,cochinchinensis,Dalbergia cochinchinensis_3280
/kaggle/input/datasets/b23dckh002lvitanh/s3-origin/S3/Dalbergia cochinchinensis/Dalbergia cochinchinensis_3280/Dalbergia cochinchinensis.3280.3 (4).png,Dalbergia cochinchinensis,Dalbergia,cochinchinensis,Dalbergia cochinchinensis_3280
/kaggle/input/datasets/b23dckh002lvitanh/s3-origin/S3/Dalbergia cochinchinensis/Dalbergia cochinchinensis_3280/Dalbergia cochinchinensis.3280.8 (6).png,Dalbergia cochinchinensis,Dalbergia,cochinchinensis,Dalbergia cochinchinensis_3280
/kaggle/input/datasets/b23dckh002lvitanh/s3-origin/S3/Dalbergia cochinchinensis/Dalbergia cochinchinensis_3280/Dalbergia cochinchinensis.3280.1 (27).png,Dalbergia cochinchinensis,Dalbergia,cochinchinensis,Dalbergia cochinchinensis_3280
/kaggle/input/datasets/b23dckh002lvitanh/s3-origin/S3/Dalbergia cochinchinensis/Dalbergia cochinchinensis_3280/Dalbergia cochinchinensis.3280.6 (22).png,Dalbergia cochinchinensis,Dalbergia,cochinchinensis,Dalbergia cochinchinensis_3280
/kaggle/input/datasets/b23dckh002lvitanh/s3-origin/S3/Dalbergia cochinchinensis/Dalbergia cochinchinensis_3280/Dalbergia cochinchinensis.3280.1 (24).png,Dalbergia cochinchinensis,Dalbergia,cochinchinensis,Dalbergia cochinchinensis_3280
/kaggle/input/datasets/b23dckh002lvitanh/s3-origin/S3/Dalbergia cochinchinensis/Dalbergia cochinchinensis_3280/Dalbergia cochinchinensis.3280.10 (32).png,Dalbergia cochinchinensis,Dalbergia,cochinchinensis,Dalbergia cochinchinensis_3280
/kaggle/input/datasets/b23dckh002lvitanh/s3-origin/S3/Dalbergia cochinchinensis/Dalbergia cochinchinensis_3280/Dalbergia cochinchinensis.3280.5 (6).png,Dalbergia cochinchinensis,Dalbergia,cochinchinensis,Dalbergia cochinchinensis_3280
/kaggle/input/datasets/b23dckh002lvitanh/s3-origin/S3/Dalbergia cochinchinensis/Dalbergia cochinchinensis_3280/Dalbergia cochinchinensis.3280.6 (19).png,Dalbergia cochinchinensis,Dalbergia,cochinchinensis,Dalbergia cochinchinensis_3280
/kaggle/input/datasets/b23dckh002lvitanh/s3-origin/S3/Dalbergia cochinchinensis/Dalbergia cochinchinensis_3280/Dalbergia cochinchinensis.3280.10 (13).png,Dalbergia cochinchinensis,Dalbergia,cochinchinensis,Dalbergia cochinchinensis_3280
/kaggle/input/datasets/b23dckh002lvitanh/s3-origin/S3/Dalbergia cochinchinensis/Dalbergia cochinchinensis_3280/Dalbergia cochinchinensis.3280.5 (16).png,Dalbergia cochinchinensis,Dalbergia,cochinchinensis,Dalbergia cochinchinensis_3280
/kaggle/input/datasets/b23dckh002lvitanh/s3-origin/S3/Dalbergia cochinchinensis/Dalbergia cochinchinensis_3280/Dalbergia cochinchinensis.3280.8 (36).png,Dalbergia cochinchinensis,Dalbergia,cochinchinensis,Dalbergia cochinchinensis_3280
/kaggle/input/datasets/b23dckh002lvitanh/s3-origin/S3/Dalbergia cochinchinensis/Dalbergia cochinchinensis_3280/Dalbergia cochinchinensis.3280.2 (11).png,Dalbergia cochinchinensis,Dalbergia,cochinchinensis,Dalbergia cochinchinensis_3280
/kaggle/input/datasets/b23dckh002lvitanh/s3-origin/S3/Dalbergia cochinchinensis/Dalbergia cochinchinensis_3280/Dalbergia cochinchinensis.3280.1 (1).png,Dalbergia cochinchinensis,Dalbergia,cochinchinensis,Dalbergia cochinchinensis_3280
/kaggle/input/datasets/b23dckh002lvitanh/s3-origin/S3/Dalbergia cochinchinensis/Dalbergia cochinchinensis_3280/Dalbergia cochinchinensis.3280.1 (26).png,Dalbergia cochinchinensis,Dalbergia,cochinchinensis,Dalbergia cochinchinensis_3280
/kaggle/input/datasets/b23dckh002lvitanh/s3-origin/S3/Dalbergia cochinchinensis/Dalbergia cochinchinensis_3280/Dalbergia cochinchinensis.3280.6 (11).png,Dalbergia cochinchinensis,Dalbergia,cochinchinensis,Dalbergia cochinchinensis_3280
/kaggle/input/datasets/b23dckh002lvitanh/s3-origin/S3/Dalbergia cochinchinensis/Dalbergia cochinchinensis_3280/Dalbergia cochinchinensis.3280.5 (24).png,Dalbergia cochinchinensis,Dalbergia,cochinchinensis,Dalbergia cochinchinensis_3280
/kaggle/input/datasets/b23dckh002lvitanh/s3-origin/S3/Dalbergia cochinchinensis/Dalbergia cochinchinensis_3280/Dalbergia cochinchinensis.3280.7 (35).png,Dalbergia cochinchinensis,Dalbergia,cochinchinensis,Dalbergia cochinchinensis_3280
/kaggle/input/datasets/b23dckh002lvitanh/s3-origin/S3/Dalbergia cochinchinensis/Dalbergia cochinchinensis_3280/Dalbergia cochinchinensis.3280.3 (16).png,Dalbergia cochinchinensis,Dalbergia,cochinchinensis,Dalbergia cochinchinensis_3280
/kaggle/input/datasets/b23dckh002lvitanh/s3-origin/S3/Dalbergia cochinchinensis/Dalbergia cochinchinensis_3280/Dalbergia cochinchinensis.3280.6 (1).png,Dalbergia cochinchinensis,Dalbergia,cochinchinensis,Dalbergia cochinchinensis_3280
/kaggle/input/datasets/b23dckh002lvitanh/s3-origin/S3/Dalbergia cochinchinensis/Dalbergia cochinchinensis_3280/Dalbergia cochinchinensis.3280.10 (33).png,Dalbergia cochinchinensis,Dalbergia,cochinchinensis,Dalbergia cochinchinensis_3280
/kaggle/input/datasets/b23dckh002lvitanh/s3-origin/S3/Dalbergia cochinchinensis/Dalbergia cochinchinensis_3280/Dalbergia cochinchinensis.3280.7 (22).png,Dalbergia cochinchinensis,Dalbergia,cochinchinensis,Dalbergia cochinchinensis_3280
/kaggle/input/datasets/b23dckh002lvitanh/s3-origin/S3/Dalbergia cochinchinensis/Dalbergia cochinchinensis_3280/Dalbergia cochinchinensis.3280.1 (9).png,Dalbergia cochinchinensis,Dalbergia,cochinchinensis,Dalbergia cochinchinensis_3280
/kaggle/input/datasets/b23dckh002lvitanh/s3-origin/S3/Dalbergia cochinchinensis/Dalbergia cochinchinensis_3280/Dalbergia cochinchinensis.3280.6 (28).png,Dalbergia cochinchinensis,Dalbergia,cochinchinensis,Dalbergia cochinchinensis_3280
/kaggle/input/datasets/b23dckh002lvitanh/s3-origin/S3/Dalbergia cochinchinensis/Dalbergia cochinchinensis_3280/Dalbergia cochinchinensis.3280.2 (13).png,Dalbergia cochinchinensis,Dalbergia,cochinchinensis,Dalbergia cochinchinensis_3280
/kaggle/input/datasets/b23dckh002lvitanh/s3-origin/S3/Dalbergia cochinchinensis/Dalbergia cochinchinensis_3280/Dalbergia cochinchinensis.3280.5 (12).png,Dalbergia cochinchinensis,Dalbergia,cochinchinensis,Dalbergia cochinchinensis_3280
/kaggle/input/datasets/b23dckh002lvitanh/s3-origin/S3/Dalbergia cochinchinensis/Dalbergia cochinchinensis_3280/Dalbergia cochinchinensis.3280.6 (23).png,Dalbergia cochinchinensis,Dalbergia,cochinchinensis,Dalbergia cochinchinensis_3280
/kaggle/input/datasets/b23dckh002lvitanh/s3-origin/S3/Dalbergia cochinchinensis/Dalbergia cochinchinensis_3280/Dalbergia cochinchinensis.3280.7 (20).png,Dalbergia cochinchinensis,Dalbergia,cochinchinensis,Dalbergia cochinchinensis_3280
/kaggle/input/datasets/b23dckh002lvitanh/s3-origin/S3/Dalbergia cochinchinensis/Dalbergia cochinchinensis_3280/Dalbergia cochinchinensis.3280.7 (23).png,Dalbergia cochinchinensis,Dalbergia,cochinchinensis,Dalbergia cochinchinensis_3280
/kaggle/input/datasets/b23dckh002lvitanh/s3-origin/S3/Dalbergia cochinchinensis/Dalbergia cochinchinensis_3280/Dalbergia cochinchinensis.3280.10 (30).png,Dalbergia cochinchinensis,Dalbergia,cochinchinensis,Dalbergia cochinchinensis_3280
/kaggle/input/datasets/b23dckh002lvitanh/s3-origin/S3/Dalbergia cochinchinensis/Dalbergia cochinchinensis_3280/Dalbergia cochinchinensis.3280.4 (8).png,Dalbergia cochinchinensis,Dalbergia,cochinchinensis,Dalbergia cochinchinensis_3280
/kaggle/input/datasets/b23dckh002lvitanh/s3-origin/S3/Dalbergia cochinchinensis/Dalbergia cochinchinensis_3280/Dalbergia cochinchinensis.3280.5 (25).png,Dalbergia cochinchinensis,Dalbergia,cochinchinensis,Dalbergia cochinchinensis_3280
/kaggle/input/datasets/b23dckh002lvitanh/s3-origin/S3/Dalbergia cochinchinensis/Dalbergia cochinchinensis_3280/Dalbergia cochinchinensis.3280.5 (13).png,Dalbergia cochinchinensis,Dalbergia,cochinchinensis,Dalbergia cochinchinensis_3280
/kaggle/input/datasets/b23dckh002lvitanh/s3-origin/S3/Dalbergia cochinchinensis/Dalbergia cochinchinensis_3280/Dalbergia cochinchinensis.3280.10 (9).png,Dalbergia cochinchinensis,Dalbergia,cochinchinensis,Dalbergia cochinchinensis_3280
/kaggle/input/datasets/b23dckh002lvitanh/s3-origin/S3/Dalbergia cochinchinensis/Dalbergia cochinchinensis_3280/Dalbergia cochinchinensis.3280.5 (11).png,Dalbergia cochinchinensis,Dalbergia,cochinchinensis,Dalbergia cochinchinensis_3280
/kaggle/input/datasets/b23dckh002lvitanh/s3-origin/S3/Dalbergia cochinchinensis/Dalbergia cochinchinensis_3280/Dalbergia cochinchinensis.3280.9 (1).png,Dalbergia cochinchinensis,Dalbergia,cochinchinensis,Dalbergia cochinchinensis_3280
/kaggle/input/datasets/b23dckh002lvitanh/s3-origin/S3/Dalbergia cochinchinensis/Dalbergia cochinchinensis_3280/Dalbergia cochinchinensis.3280.6 (3).png,Dalbergia cochinchinensis,Dalbergia,cochinchinensis,Dalbergia cochinchinensis_3280
/kaggle/input/datasets/b23dckh002lvitanh/s3-origin/S3/Dalbergia cochinchinensis/Dalbergia cochinchinensis_3280/Dalbergia cochinchinensis.3280.2 (19).png,Dalbergia cochinchinensis,Dalbergia,cochinchinensis,Dalbergia cochinchinensis_3280
/kaggle/input/datasets/b23dckh002lvitanh/s3-origin/S3/Dalbergia cochinchinensis/Dalbergia cochinchinensis_3280/Dalbergia cochinchinensis.3280.5 (8).png,Dalbergia cochinchinensis,Dalbergia,cochinchinensis,Dalbergia cochinchinensis_3280
/kaggle/input/datasets/b23dckh002lvitanh/s3-origin/S3/Dalbergia cochinchinensis/Dalbergia cochinchinensis_3280/Dalbergia cochinchinensis.3280.9 (34).png,Dalbergia cochinchinensis,Dalbergia,cochinchinensis,Dalbergia cochinchinensis_3280
/kaggle/input/datasets/b23dckh002lvitanh/s3-origin/S3/Dalbergia cochinchinensis/Dalbergia cochinchinensis_3280/Dalbergia cochinchinensis.3280.6 (12).png,Dalbergia cochinchinensis,Dalbergia,cochinchinensis,Dalbergia cochinchinensis_3280
/kaggle/input/datasets/b23dckh002lvitanh/s3-origin/S3/Dalbergia cochinchinensis/Dalbergia cochinchinensis_3280/Dalbergia cochinchinensis.3280.7 (21).png,Dalbergia cochinchinensis,Dalbergia,cochinchinensis,Dalbergia cochinchinensis_3280
/kaggle/input/datasets/b23dckh002lvitanh/s3-origin/S3/Dalbergia cochinchinensis/Dalbergia cochinchinensis_3280/Dalbergia cochinchinensis.3280.5 (7).png,Dalbergia cochinchinensis,Dalbergia,cochinchinensis,Dalbergia cochinchinensis_3280
/kaggle/input/datasets/b23dckh002lvitanh/s3-origin/S3/Dalbergia cochinchinensis/Dalbergia cochinchinensis_3280/Dalbergia cochinchinensis.3280.7 (2).png,Dalbergia cochinchinensis,Dalbergia,cochinchinensis,Dalbergia cochinchinensis_3280
/kaggle/input/datasets/b23dckh002lvitanh/s3-origin/S3/Dalbergia cochinchinensis/Dalbergia cochinchinensis_3280/Dalbergia cochinchinensis.3280.7 (13).png,Dalbergia cochinchinensis,Dalbergia,cochinchinensis,Dalbergia cochinchinensis_3280
/kaggle/input/datasets/b23dckh002lvitanh/s3-origin/S3/Dalbergia cochinchinensis/Dalbergia cochinchinensis_3280/Dalbergia cochinchinensis.3280.9 (27).png,Dalbergia cochinchinensis,Dalbergia,cochinchinensis,Dalbergia cochinchinensis_3280
/kaggle/input/datasets/b23dckh002lvitanh/s3-origin/S3/Dalbergia cochinchinensis/Dalbergia cochinchinensis_3280/Dalbergia cochinchinensis.3280.10 (34).png,Dalbergia cochinchinensis,Dalbergia,cochinchinensis,Dalbergia cochinchinensis_3280
/kaggle/input/datasets/b23dckh002lvitanh/s3-origin/S3/Dalbergia cochinchinensis/Dalbergia cochinchinensis_3280/Dalbergia cochinchinensis.3280.3 (12).png,Dalbergia cochinchinensis,Dalbergia,cochinchinensis,Dalbergia cochinchinensis_3280
/kaggle/input/datasets/b23dckh002lvitanh/s3-origin/S3/Dalbergia cochinchinensis/Dalbergia cochinchinensis_3280/Dalbergia cochinchinensis.3280.8 (28).png,Dalbergia cochinchinensis,Dalbergia,cochinchinensis,Dalbergia cochinchinensis_3280
/kaggle/input/datasets/b23dckh002lvitanh/s3-origin/S3/Dalbergia cochinchinensis/Dalbergia cochinchinensis_3280/Dalbergia cochinchinensis.3280.10 (1).png,Dalbergia cochinchinensis,Dalbergia,cochinchinensis,Dalbergia cochinchinensis_3280
/kaggle/input/datasets/b23dckh002lvitanh/s3-origin/S3/Dalbergia cochinchinensis/Dalbergia cochinchinensis_3280/Dalbergia cochinchinensis.3280.6 (34).png,Dalbergia cochinchinensis,Dalbergia,cochinchinensis,Dalbergia cochinchinensis_3280
/kaggle/input/datasets/b23dckh002lvitanh/s3-origin/S3/Dalbergia cochinchinensis/Dalbergia cochinchinensis_3280/Dalbergia cochinchinensis.3280.3 (17).png,Dalbergia cochinchinensis,Dalbergia,cochinchinensis,Dalbergia cochinchinensis_3280
/kaggle/input/datasets/b23dckh002lvitanh/s3-origin/S3/Dalbergia cochinchinensis/Dalbergia cochinchinensis_3280/Dalbergia cochinchinensis.3280.2 (8).png,Dalbergia cochinchinensis,Dalbergia,cochinchinensis,Dalbergia cochinchinensis_3280
/kaggle/input/datasets/b23dckh002lvitanh/s3-origin/S3/Dalbergia cochinchinensis/Dalbergia cochinchinensis_3280/Dalbergia cochinchinensis.3280.7 (32).png,Dalbergia cochinchinensis,Dalbergia,cochinchinensis,Dalbergia cochinchinensis_3280
/kaggle/input/datasets/b23dckh002lvitanh/s3-origin/S3/Dalbergia cochinchinensis/Dalbergia cochinchinensis_3280/Dalbergia cochinchinensis.3280.8 (26).png,Dalbergia cochinchinensis,Dalbergia,cochinchinensis,Dalbergia cochinchinensis_3280
/kaggle/input/datasets/b23dckh002lvitanh/s3-origin/S3/Dalbergia cochinchinensis/Dalbergia cochinchinensis_3280/Dalbergia cochinchinensis.3280.3 (35).png,Dalbergia cochinchinensis,Dalbergia,cochinchinensis,Dalbergia cochinchinensis_3280
/kaggle/input/datasets/b23dckh002lvitanh/s3-origin/S3/Dalbergia cochinchinensis/Dalbergia cochinchinensis_3280/Dalbergia cochinchinensis.3280.8 (32).png,Dalbergia cochinchinensis,Dalbergia,cochinchinensis,Dalbergia cochinchinensis_3280
/kaggle/input/datasets/b23dckh002lvitanh/s3-origin/S3/Dalbergia cochinchinensis/Dalbergia cochinchinensis_3280/Dalbergia cochinchinensis.3280.1 (12).png,Dalbergia cochinchinensis,Dalbergia,cochinchinensis,Dalbergia cochinchinensis_3280
/kaggle/input/datasets/b23dckh002lvitanh/s3-origin/S3/Dalbergia cochinchinensis/Dalbergia cochinchinensis_3280/Dalbergia cochinchinensis.3280.7 (1).png,Dalbergia cochinchinensis,Dalbergia,cochinchinensis,Dalbergia cochinchinensis_3280
/kaggle/input/datasets/b23dckh002lvitanh/s3-origin/S3/Dalbergia cochinchinensis/Dalbergia cochinchinensis_3280/Dalbergia cochinchinensis.3280.8 (16).png,Dalbergia cochinchinensis,Dalbergia,cochinchinensis,Dalbergia cochinchinensis_3280
/kaggle/input/datasets/b23dckh002lvitanh/s3-origin/S3/Dalbergia cochinchinensis/Dalbergia cochinchinensis_3280/Dalbergia cochinchinensis.3280.6 (24).png,Dalbergia cochinchinensis,Dalbergia,cochinchinensis,Dalbergia cochinchinensis_3280
/kaggle/input/datasets/b23dckh002lvitanh/s3-origin/S3/Dalbergia cochinchinensis/Dalbergia cochinchinensis_3280/Dalbergia cochinchinensis.3280.8 (22).png,Dalbergia cochinchinensis,Dalbergia,cochinchinensis,Dalbergia cochinchinensis_3280
/kaggle/input/datasets/b23dckh002lvitanh/s3-origin/S3/Dalbergia cochinchinensis/Dalbergia cochinchinensis_3280/Dalbergia cochinchinensis.3280.2 (9).png,Dalbergia cochinchinensis,Dalbergia,cochinchinensis,Dalbergia cochinchinensis_3280
/kaggle/input/datasets/b23dckh002lvitanh/s3-origin/S3/Dalbergia cochinchinensis/Dalbergia cochinchinensis_3280/Dalbergia cochinchinensis.3280.7 (5).png,Dalbergia cochinchinensis,Dalbergia,cochinchinensis,Dalbergia cochinchinensis_3280
/kaggle/input/datasets/b23dckh002lvitanh/s3-origin/S3/Dalbergia cochinchinensis/Dalbergia cochinchinensis_3280/Dalbergia cochinchinensis.3280.3 (9).png,Dalbergia cochinchinensis,Dalbergia,cochinchinensis,Dalbergia cochinchinensis_3280
/kaggle/input/datasets/b23dckh002lvitanh/s3-origin/S3/Dalbergia cochinchinensis/Dalbergia cochinchinensis_3280/Dalbergia cochinchinensis.3280.1 (29).png,Dalbergia cochinchinensis,Dalbergia,cochinchinensis,Dalbergia cochinchinensis_3280
/kaggle/input/datasets/b23dckh002lvitanh/s3-origin/S3/Dalbergia cochinchinensis/Dalbergia cochinchinensis_3280/Dalbergia cochinchinensis.3280.6 (17).png,Dalbergia cochinchinensis,Dalbergia,cochinchinensis,Dalbergia cochinchinensis_3280
/kaggle/input/datasets/b23dckh002lvitanh/s3-origin/S3/Dalbergia cochinchinensis/Dalbergia cochinchinensis_3280/Dalbergia cochinchinensis.3280.2 (5).png,Dalbergia cochinchinensis,Dalbergia,cochinchinensis,Dalbergia cochinchinensis_3280
/kaggle/input/datasets/b23dckh002lvitanh/s3-origin/S3/Dalbergia cochinchinensis/Dalbergia cochinchinensis_3280/Dalbergia cochinchinensis.3280.2 (14).png,Dalbergia cochinchinensis,Dalbergia,cochinchinensis,Dalbergia cochinchinensis_3280
/kaggle/input/datasets/b23dckh002lvitanh/s3-origin/S3/Dalbergia cochinchinensis/Dalbergia cochinchinensis_3280/Dalbergia cochinchinensis.3280.7 (8).png,Dalbergia cochinchinensis,Dalbergia,cochinchinensis,Dalbergia cochinchinensis_3280
/kaggle/input/datasets/b23dckh002lvitanh/s3-origin/S3/Dalbergia cochinchinensis/Dalbergia cochinchinensis_3280/Dalbergia cochinchinensis.3280.7 (18).png,Dalbergia cochinchinensis,Dalbergia,cochinchinensis,Dalbergia cochinchinensis_3280
/kaggle/input/datasets/b23dckh002lvitanh/s3-origin/S3/Dalbergia cochinchinensis/Dalbergia cochinchinensis_3280/Dalbergia cochinchinensis.3280.9 (9).png,Dalbergia cochinchinensis,Dalbergia,cochinchinensis,Dalbergia cochinchinensis_3280
/kaggle/input/datasets/b23dckh002lvitanh/s3-origin/S3/Dalbergia cochinchinensis/Dalbergia cochinchinensis_3280/Dalbergia cochinchinensis.3280.3 (8).png,Dalbergia cochinchinensis,Dalbergia,cochinchinensis,Dalbergia cochinchinensis_3280
/kaggle/input/datasets/b23dckh002lvitanh/s3-origin/S3/Dalbergia cochinchinensis/Dalbergia cochinchinensis_3280/Dalbergia cochinchinensis.3280.6 (20).png,Dalbergia cochinchinensis,Dalbergia,cochinchinensis,Dalbergia cochinchinensis_3280
/kaggle/input/datasets/b23dckh002lvitanh/s3-origin/S3/Dalbergia cochinchinensis/Dalbergia cochinchinensis_3280/Dalbergia cochinchinensis.3280.8 (19).png,Dalbergia cochinchinensis,Dalbergia,cochinchinensis,Dalbergia cochinchinensis_3280
/kaggle/input/datasets/b23dckh002lvitanh/s3-origin/S3/Dalbergia cochinchinensis/Dalbergia cochinchinensis_3280/Dalbergia cochinchinensis.3280.5 (19).png,Dalbergia cochinchinensis,Dalbergia,cochinchinensis,Dalbergia cochinchinensis_3280
/kaggle/input/datasets/b23dckh002lvitanh/s3-origin/S3/Dalbergia cochinchinensis/Dalbergia cochinchinensis_3280/Dalbergia cochinchinensis.3280.6 (36).png,Dalbergia cochinchinensis,Dalbergia,cochinchinensis,Dalbergia cochinchinensis_3280
/kaggle/input/datasets/b23dckh002lvitanh/s3-origin/S3/Dalbergia cochinchinensis/Dalbergia cochinchinensis_3280/Dalbergia cochinchinensis.3280.10 (10).png,Dalbergia cochinchinensis,Dalbergia,cochinchinensis,Dalbergia cochinchinensis_3280
/kaggle/input/datasets/b23dckh002lvitanh/s3-origin/S3/Dalbergia cochinchinensis/Dalbergia cochinchinensis_3280/Dalbergia cochinchinensis.3280.6 (29).png,Dalbergia cochinchinensis,Dalbergia,cochinchinensis,Dalbergia cochinchinensis_3280
/kaggle/input/datasets/b23dckh002lvitanh/s3-origin/S3/Dalbergia cochinchinensis/Dalbergia cochinchinensis_3280/Dalbergia cochinchinensis.3280.8 (24).png,Dalbergia cochinchinensis,Dalbergia,cochinchinensis,Dalbergia cochinchinensis_3280
/kaggle/input/datasets/b23dckh002lvitanh/s3-origin/S3/Dalbergia cochinchinensis/Dalbergia cochinchinensis_3280/Dalbergia cochinchinensis.3280.10 (2).png,Dalbergia cochinchinensis,Dalbergia,cochinchinensis,Dalbergia cochinchinensis_3280
/kaggle/input/datasets/b23dckh002lvitanh/s3-origin/S3/Dalbergia cochinchinensis/Dalbergia cochinchinensis_3280/Dalbergia cochinchinensis.3280.5 (33).png,Dalbergia cochinchinensis,Dalbergia,cochinchinensis,Dalbergia cochinchinensis_3280
/kaggle/input/datasets/b23dckh002lvitanh/s3-origin/S3/Dalbergia cochinchinensis/Dalbergia cochinchinensis_3280/Dalbergia cochinchinensis.3280.5 (26).png,Dalbergia cochinchinensis,Dalbergia,cochinchinensis,Dalbergia cochinchinensis_3280
/kaggle/input/datasets/b23dckh002lvitanh/s3-origin/S3/Dalbergia cochinchinensis/Dalbergia cochinchinensis_3280/Dalbergia cochinchinensis.3280.2 (27).png,Dalbergia cochinchinensis,Dalbergia,cochinchinensis,Dalbergia cochinchinensis_3280
/kaggle/input/datasets/b23dckh002lvitanh/s3-origin/S3/Dalbergia cochinchinensis/Dalbergia cochinchinensis_3280/Dalbergia cochinchinensis.3280.9 (21).png,Dalbergia cochinchinensis,Dalbergia,cochinchinensis,Dalbergia cochinchinensis_3280
/kaggle/input/datasets/b23dckh002lvitanh/s3-origin/S3/Dalbergia cochinchinensis/Dalbergia cochinchinensis_3280/Dalbergia cochinchinensis.3280.2 (20).png,Dalbergia cochinchinensis,Dalbergia,cochinchinensis,Dalbergia cochinchinensis_3280
/kaggle/input/datasets/b23dckh002lvitanh/s3-origin/S3/Dalbergia cochinchinensis/Dalbergia cochinchinensis_3280/Dalbergia cochinchinensis.3280.8 (35).png,Dalbergia cochinchinensis,Dalbergia,cochinchinensis,Dalbergia cochinchinensis_3280
/kaggle/input/datasets/b23dckh002lvitanh/s3-origin/S3/Dalbergia cochinchinensis/Dalbergia cochinchinensis_3280/Dalbergia cochinchinensis.3280.1 (31).png,Dalbergia cochinchinensis,Dalbergia,cochinchinensis,Dalbergia cochinchinensis_3280
/kaggle/input/datasets/b23dckh002lvitanh/s3-origin/S3/Dalbergia cochinchinensis/Dalbergia cochinchinensis_3280/Dalbergia cochinchinensis.3280.10 (31).png,Dalbergia cochinchinensis,Dalbergia,cochinchinensis,Dalbergia cochinchinensis_3280
/kaggle/input/datasets/b23dckh002lvitanh/s3-origin/S3/Dalbergia cochinchinensis/Dalbergia cochinchinensis_3280/Dalbergia cochinchinensis.3280.5 (3).png,Dalbergia cochinchinensis,Dalbergia,cochinchinensis,Dalbergia cochinchinensis_3280
/kaggle/input/datasets/b23dckh002lvitanh/s3-origin/S3/Dalbergia cochinchinensis/Dalbergia cochinchinensis_3280/Dalbergia cochinchinensis.3280.9 (10).png,Dalbergia cochinchinensis,Dalbergia,cochinchinensis,Dalbergia cochinchinensis_3280
/kaggle/input/datasets/b23dckh002lvitanh/s3-origin/S3/Dalbergia cochinchinensis/Dalbergia cochinchinensis_3280/Dalbergia cochinchinensis.3280.3 (29).png,Dalbergia cochinchinensis,Dalbergia,cochinchinensis,Dalbergia cochinchinensis_3280
/kaggle/input/datasets/b23dckh002lvitanh/s3-origin/S3/Dalbergia cochinchinensis/Dalbergia cochinchinensis_3280/Dalbergia cochinchinensis.3280.6 (18).png,Dalbergia cochinchinensis,Dalbergia,cochinchinensis,Dalbergia cochinchinensis_3280
/kaggle/input/datasets/b23dckh002lvitanh/s3-origin/S3/Dalbergia cochinchinensis/Dalbergia cochinchinensis_3280/Dalbergia cochinchinensis.3280.7 (15).png,Dalbergia cochinchinensis,Dalbergia,cochinchinensis,Dalbergia cochinchinensis_3280
/kaggle/input/datasets/b23dckh002lvitanh/s3-origin/S3/Dalbergia cochinchinensis/Dalbergia cochinchinensis_3280/Dalbergia cochinchinensis.3280.9 (36).png,Dalbergia cochinchinensis,Dalbergia,cochinchinensis,Dalbergia cochinchinensis_3280
/kaggle/input/datasets/b23dckh002lvitanh/s3-origin/S3/Dalbergia cochinchinensis/Dalbergia cochinchinensis_3280/Dalbergia cochinchinensis.3280.2 (26).png,Dalbergia cochinchinensis,Dalbergia,cochinchinensis,Dalbergia cochinchinensis_3280
/kaggle/input/datasets/b23dckh002lvitanh/s3-origin/S3/Dalbergia cochinchinensis/Dalbergia cochinchinensis_3280/Dalbergia cochinchinensis.3280.1 (20).png,Dalbergia cochinchinensis,Dalbergia,cochinchinensis,Dalbergia cochinchinensis_3280
/kaggle/input/datasets/b23dckh002lvitanh/s3-origin/S3/Dalbergia cochinchinensis/Dalbergia cochinchinensis_3280/Dalbergia cochinchinensis.3280.7 (28).png,Dalbergia cochinchinensis,Dalbergia,cochinchinensis,Dalbergia cochinchinensis_3280
/kaggle/input/datasets/b23dckh002lvitanh/s3-origin/S3/Dalbergia cochinchinensis/Dalbergia cochinchinensis_3280/Dalbergia cochinchinensis.3280.8 (31).png,Dalbergia cochinchinensis,Dalbergia,cochinchinensis,Dalbergia cochinchinensis_3280
/kaggle/input/datasets/b23dckh002lvitanh/s3-origin/S3/Dalbergia cochinchinensis/Dalbergia cochinchinensis_3280/Dalbergia cochinchinensis.3280.6 (21).png,Dalbergia cochinchinensis,Dalbergia,cochinchinensis,Dalbergia cochinchinensis_3280
/kaggle/input/datasets/b23dckh002lvitanh/s3-origin/S3/Dalbergia cochinchinensis/Dalbergia cochinchinensis_3280/Dalbergia cochinchinensis.3280.7 (9).png,Dalbergia cochinchinensis,Dalbergia,cochinchinensis,Dalbergia cochinchinensis_3280
/kaggle/input/datasets/b23dckh002lvitanh/s3-origin/S3/Dalbergia cochinchinensis/Dalbergia cochinchinensis_3280/Dalbergia cochinchinensis.3280.9 (30).png,Dalbergia cochinchinensis,Dalbergia,cochinchinensis,Dalbergia cochinchinensis_3280
/kaggle/input/datasets/b23dckh002lvitanh/s3-origin/S3/Dalbergia cochinchinensis/Dalbergia cochinchinensis_3280/Dalbergia cochinchinensis.3280.9 (26).png,Dalbergia cochinchinensis,Dalbergia,cochinchinensis,Dalbergia cochinchinensis_3280
/kaggle/input/datasets/b23dckh002lvitanh/s3-origin/S3/Dalbergia cochinchinensis/Dalbergia cochinchinensis_3280/Dalbergia cochinchinensis.3280.7 (19).png,Dalbergia cochinchinensis,Dalbergia,cochinchinensis,Dalbergia cochinchinensis_3280
/kaggle/input/datasets/b23dckh002lvitanh/s3-origin/S3/Dalbergia cochinchinensis/Dalbergia cochinchinensis_3280/Dalbergia cochinchinensis.3280.5 (28).png,Dalbergia cochinchinensis,Dalbergia,cochinchinensis,Dalbergia cochinchinensis_3280
/kaggle/input/datasets/b23dckh002lvitanh/s3-origin/S3/Dalbergia cochinchinensis/Dalbergia cochinchinensis_3280/Dalbergia cochinchinensis.3280.2 (33).png,Dalbergia cochinchinensis,Dalbergia,cochinchinensis,Dalbergia cochinchinensis_3280
/kaggle/input/datasets/b23dckh002lvitanh/s3-origin/S3/Dalbergia cochinchinensis/Dalbergia cochinchinensis_3280/Dalbergia cochinchinensis.3280.7 (6).png,Dalbergia cochinchinensis,Dalbergia,cochinchinensis,Dalbergia cochinchinensis_3280
/kaggle/input/datasets/b23dckh002lvitanh/s3-origin/S3/Dalbergia cochinchinensis/Dalbergia cochinchinensis_3280/Dalbergia cochinchinensis.3280.1 (13).png,Dalbergia cochinchinensis,Dalbergia,cochinchinensis,Dalbergia cochinchinensis_3280
/kaggle/input/datasets/b23dckh002lvitanh/s3-origin/S3/Dalbergia cochinchinensis/Dalbergia cochinchinensis_3280/Dalbergia cochinchinensis.3280.7 (17).png,Dalbergia cochinchinensis,Dalbergia,cochinchinensis,Dalbergia cochinchinensis_3280
/kaggle/input/datasets/b23dckh002lvitanh/s3-origin/S3/Dalbergia cochinchinensis/Dalbergia cochinchinensis_3280/Dalbergia cochinchinensis.3280.5 (14).png,Dalbergia cochinchinensis,Dalbergia,cochinchinensis,Dalbergia cochinchinensis_3280
/kaggle/input/datasets/b23dckh002lvitanh/s3-origin/S3/Dalbergia cochinchinensis/Dalbergia cochinchinensis_3280/Dalbergia cochinchinensis.3280.1 (28).png,Dalbergia cochinchinensis,Dalbergia,cochinchinensis,Dalbergia cochinchinensis_3280
/kaggle/input/datasets/b23dckh002lvitanh/s3-origin/S3/Dalbergia cochinchinensis/Dalbergia cochinchinensis_3280/Dalbergia cochinchinensis.3280.8 (2).png,Dalbergia cochinchinensis,Dalbergia,cochinchinensis,Dalbergia cochinchinensis_3280
/kaggle/input/datasets/b23dckh002lvitanh/s3-origin/S3/Dalbergia cochinchinensis/Dalbergia cochinchinensis_3280/Dalbergia cochinchinensis.3280.2 (31).png,Dalbergia cochinchinensis,Dalbergia,cochinchinensis,Dalbergia cochinchinensis_3280
/kaggle/input/datasets/b23dckh002lvitanh/s3-origin/S3/Dalbergia cochinchinensis/Dalbergia cochinchinensis_3280/Dalbergia cochinchinensis.3280.3 (13).png,Dalbergia cochinchinensis,Dalbergia,cochinchinensis,Dalbergia cochinchinensis_3280
/kaggle/input/datasets/b23dckh002lvitanh/s3-origin/S3/Dalbergia cochinchinensis/Dalbergia cochinchinensis_3280/Dalbergia cochinchinensis.3280.5 (17).png,Dalbergia cochinchinensis,Dalbergia,cochinchinensis,Dalbergia cochinchinensis_3280
/kaggle/input/datasets/b23dckh002lvitanh/s3-origin/S3/Dalbergia cochinchinensis/Dalbergia cochinchinensis_3280/Dalbergia cochinchinensis.3280.2 (16).png,Dalbergia cochinchinensis,Dalbergia,cochinchinensis,Dalbergia cochinchinensis_3280
/kaggle/input/datasets/b23dckh002lvitanh/s3-origin/S3/Dalbergia cochinchinensis/Dalbergia cochinchinensis_3280/Dalbergia cochinchinensis.3280.9 (14).png,Dalbergia cochinchinensis,Dalbergia,cochinchinensis,Dalbergia cochinchinensis_3280
/kaggle/input/datasets/b23dckh002lvitanh/s3-origin/S3/Dalbergia cochinchinensis/Dalbergia cochinchinensis_3280/Dalbergia cochinchinensis.3280.6 (9).png,Dalbergia cochinchinensis,Dalbergia,cochinchinensis,Dalbergia cochinchinensis_3280
/kaggle/input/datasets/b23dckh002lvitanh/s3-origin/S3/Dalbergia cochinchinensis/Dalbergia cochinchinensis_3280/Dalbergia cochinchinensis.3280.7 (24).png,Dalbergia cochinchinensis,Dalbergia,cochinchinensis,Dalbergia cochinchinensis_3280
/kaggle/input/datasets/b23dckh002lvitanh/s3-origin/S3/Dalbergia cochinchinensis/Dalbergia cochinchinensis_3280/Dalbergia cochinchinensis.3280.5 (22).png,Dalbergia cochinchinensis,Dalbergia,cochinchinensis,Dalbergia cochinchinensis_3280
/kaggle/input/datasets/b23dckh002lvitanh/s3-origin/S3/Dalbergia cochinchinensis/Dalbergia cochinchinensis_3280/Dalbergia cochinchinensis.3280.3 (14).png,Dalbergia cochinchinensis,Dalbergia,cochinchinensis,Dalbergia cochinchinensis_3280
/kaggle/input/datasets/b23dckh002lvitanh/s3-origin/S3/Dalbergia cochinchinensis/Dalbergia cochinchinensis_3280/Dalbergia cochinchinensis.3280.9 (5).png,Dalbergia cochinchinensis,Dalbergia,cochinchinensis,Dalbergia cochinchinensis_3280
/kaggle/input/datasets/b23dckh002lvitanh/s3-origin/S3/Dalbergia cochinchinensis/Dalbergia cochinchinensis_3280/Dalbergia cochinchinensis.3280.5 (34).png,Dalbergia cochinchinensis,Dalbergia,cochinchinensis,Dalbergia cochinchinensis_3280
/kaggle/input/datasets/b23dckh002lvitanh/s3-origin/S3/Dalbergia cochinchinensis/Dalbergia cochinchinensis_3280/Dalbergia cochinchinensis.3280.7 (33).png,Dalbergia cochinchinensis,Dalbergia,cochinchinensis,Dalbergia cochinchinensis_3280
/kaggle/input/datasets/b23dckh002lvitanh/s3-origin/S3/Dalbergia cochinchinensis/Dalbergia cochinchinensis_3280/Dalbergia cochinchinensis.3280.10 (18).png,Dalbergia cochinchinensis,Dalbergia,cochinchinensis,Dalbergia cochinchinensis_3280
/kaggle/input/datasets/b23dckh002lvitanh/s3-origin/S3/Dalbergia cochinchinensis/Dalbergia cochinchinensis_3280/Dalbergia cochinchinensis.3280.2 (23).png,Dalbergia cochinchinensis,Dalbergia,cochinchinensis,Dalbergia cochinchinensis_3280
/kaggle/input/datasets/b23dckh002lvitanh/s3-origin/S3/Dalbergia cochinchinensis/Dalbergia cochinchinensis_3280/Dalbergia cochinchinensis.3280.10 (17).png,Dalbergia cochinchinensis,Dalbergia,cochinchinensis,Dalbergia cochinchinensis_3280
/kaggle/input/datasets/b23dckh002lvitanh/s3-origin/S3/Dalbergia cochinchinensis/Dalbergia cochinchinensis_3280/Dalbergia cochinchinensis.3280.1 (5).png,Dalbergia cochinchinensis,Dalbergia,cochinchinensis,Dalbergia cochinchinensis_3280
/kaggle/input/datasets/b23dckh002lvitanh/s3-origin/S3/Dalbergia cochinchinensis/Dalbergia cochinchinensis_3280/Dalbergia cochinchinensis.3280.1 (14).png,Dalbergia cochinchinensis,Dalbergia,cochinchinensis,Dalbergia cochinchinensis_3280
/kaggle/input/datasets/b23dckh002lvitanh/s3-origin/S3/Dalbergia cochinchinensis/Dalbergia cochinchinensis_3280/Dalbergia cochinchinensis.3280.9 (15).png,Dalbergia cochinchinensis,Dalbergia,cochinchinensis,Dalbergia cochinchinensis_3280
/kaggle/input/datasets/b23dckh002lvitanh/s3-origin/S3/Dalbergia cochinchinensis/Dalbergia cochinchinensis_3280/Dalbergia cochinchinensis.3280.7 (11).png,Dalbergia cochinchinensis,Dalbergia,cochinchinensis,Dalbergia cochinchinensis_3280
/kaggle/input/datasets/b23dckh002lvitanh/s3-origin/S3/Dalbergia cochinchinensis/Dalbergia cochinchinensis_3280/Dalbergia cochinchinensis.3280.1 (22).png,Dalbergia cochinchinensis,Dalbergia,cochinchinensis,Dalbergia cochinchinensis_3280
/kaggle/input/datasets/b23dckh002lvitanh/s3-origin/S3/Dalbergia cochinchinensis/Dalbergia cochinchinensis_3280/Dalbergia cochinchinensis.3280.10 (12).png,Dalbergia cochinchinensis,Dalbergia,cochinchinensis,Dalbergia cochinchinensis_3280
/kaggle/input/datasets/b23dckh002lvitanh/s3-origin/S3/Dalbergia cochinchinensis/Dalbergia cochinchinensis_3280/Dalbergia cochinchinensis.3280.2 (10).png,Dalbergia cochinchinensis,Dalbergia,cochinchinensis,Dalbergia cochinchinensis_3280
/kaggle/input/datasets/b23dckh002lvitanh/s3-origin/S3/Dalbergia cochinchinensis/Dalbergia cochinchinensis_3280/Dalbergia cochinchinensis.3280.6 (6).png,Dalbergia cochinchinensis,Dalbergia,cochinchinensis,Dalbergia cochinchinensis_3280
/kaggle/input/datasets/b23dckh002lvitanh/s3-origin/S3/Dalbergia cochinchinensis/Dalbergia cochinchinensis_3280/Dalbergia cochinchinensis.3280.8 (1).png,Dalbergia cochinchinensis,Dalbergia,cochinchinensis,Dalbergia cochinchinensis_3280
/kaggle/input/datasets/b23dckh002lvitanh/s3-origin/S3/Dalbergia cochinchinensis/Dalbergia cochinchinensis_3280/Dalbergia cochinchinensis.3280.5 (29).png,Dalbergia cochinchinensis,Dalbergia,cochinchinensis,Dalbergia cochinchinensis_3280
/kaggle/input/datasets/b23dckh002lvitanh/s3-origin/S3/Dalbergia cochinchinensis/Dalbergia cochinchinensis_3280/Dalbergia cochinchinensis.3280.5 (21).png,Dalbergia cochinchinensis,Dalbergia,cochinchinensis,Dalbergia cochinchinensis_3280
/kaggle/input/datasets/b23dckh002lvitanh/s3-origin/S3/Dalbergia cochinchinensis/Dalbergia cochinchinensis_3280/Dalbergia cochinchinensis.3280.10 (6).png,Dalbergia cochinchinensis,Dalbergia,cochinchinensis,Dalbergia cochinchinensis_3280
/kaggle/input/datasets/b23dckh002lvitanh/s3-origin/S3/Dalbergia cochinchinensis/Dalbergia cochinchinensis_3280/Dalbergia cochinchinensis.3280.8 (30).png,Dalbergia cochinchinensis,Dalbergia,cochinchinensis,Dalbergia cochinchinensis_3280
/kaggle/input/datasets/b23dckh002lvitanh/s3-origin/S3/Dalbergia cochinchinensis/Dalbergia cochinchinensis_3280/Dalbergia cochinchinensis.3280.9 (31).png,Dalbergia cochinchinensis,Dalbergia,cochinchinensis,Dalbergia cochinchinensis_3280
/kaggle/input/datasets/b23dckh002lvitanh/s3-origin/S3/Dalbergia cochinchinensis/Dalbergia cochinchinensis_3280/Dalbergia cochinchinensis.3280.3 (32).png,Dalbergia cochinchinensis,Dalbergia,cochinchinensis,Dalbergia cochinchinensis_3280
/kaggle/input/datasets/b23dckh002lvitanh/s3-origin/S3/Dalbergia cochinchinensis/Dalbergia cochinchinensis_3280/Dalbergia cochinchinensis.3280.2 (28).png,Dalbergia cochinchinensis,Dalbergia,cochinchinensis,Dalbergia cochinchinensis_3280
/kaggle/input/datasets/b23dckh002lvitanh/s3-origin/S3/Dalbergia cochinchinensis/Dalbergia cochinchinensis_3280/Dalbergia cochinchinensis.3280.2 (12).png,Dalbergia cochinchinensis,Dalbergia,cochinchinensis,Dalbergia cochinchinensis_3280
/kaggle/input/datasets/b23dckh002lvitanh/s3-origin/S3/Dalbergia cochinchinensis/Dalbergia cochinchinensis_3280/Dalbergia cochinchinensis.3280.10 (29).png,Dalbergia cochinchinensis,Dalbergia,cochinchinensis,Dalbergia cochinchinensis_3280
/kaggle/input/datasets/b23dckh002lvitanh/s3-origin/S3/Dalbergia cochinchinensis/Dalbergia cochinchinensis_3280/Dalbergia cochinchinensis.3280.2 (15).png,Dalbergia cochinchinensis,Dalbergia,cochinchinensis,Dalbergia cochinchinensis_3280
/kaggle/input/datasets/b23dckh002lvitanh/s3-origin/S3/Dalbergia cochinchinensis/Dalbergia cochinchinensis_3280/Dalbergia cochinchinensis.3280.9 (29).png,Dalbergia cochinchinensis,Dalbergia,cochinchinensis,Dalbergia cochinchinensis_3280
/kaggle/input/datasets/b23dckh002lvitanh/s3-origin/S3/Dalbergia cochinchinensis/Dalbergia cochinchinensis_3280/Dalbergia cochinchinensis.3280.6 (33).png,Dalbergia cochinchinensis,Dalbergia,cochinchinensis,Dalbergia cochinchinensis_3280
/kaggle/input/datasets/b23dckh002lvitanh/s3-origin/S3/Dalbergia cochinchinensis/Dalbergia cochinchinensis_3280/Dalbergia cochinchinensis.3280.5 (36).png,Dalbergia cochinchinensis,Dalbergia,cochinchinensis,Dalbergia cochinchinensis_3280
/kaggle/input/datasets/b23dckh002lvitanh/s3-origin/S3/Dalbergia cochinchinensis/Dalbergia cochinchinensis_3280/Dalbergia cochinchinensis.3280.8 (33).png,Dalbergia cochinchinensis,Dalbergia,cochinchinensis,Dalbergia cochinchinensis_3280
/kaggle/input/datasets/b23dckh002lvitanh/s3-origin/S3/Dalbergia cochinchinensis/Dalbergia cochinchinensis_3280/Dalbergia cochinchinensis.3280.9 (3).png,Dalbergia cochinchinensis,Dalbergia,cochinchinensis,Dalbergia cochinchinensis_3280
/kaggle/input/datasets/b23dckh002lvitanh/s3-origin/S3/Dalbergia cochinchinensis/Dalbergia cochinchinensis_3280/Dalbergia cochinchinensis.3280.3 (27).png,Dalbergia cochinchinensis,Dalbergia,cochinchinensis,Dalbergia cochinchinensis_3280
/kaggle/input/datasets/b23dckh002lvitanh/s3-origin/S3/Dalbergia cochinchinensis/Dalbergia cochinchinensis_3280/Dalbergia cochinchinensis.3280.8 (13).png,Dalbergia cochinchinensis,Dalbergia,cochinchinensis,Dalbergia cochinchinensis_3280
/kaggle/input/datasets/b23dckh002lvitanh/s3-origin/S3/Dalbergia cochinchinensis/Dalbergia cochinchinensis_3280/Dalbergia cochinchinensis.3280.2 (34).png,Dalbergia cochinchinensis,Dalbergia,cochinchinensis,Dalbergia cochinchinensis_3280
/kaggle/input/datasets/b23dckh002lvitanh/s3-origin/S3/Dalbergia cochinchinensis/Dalbergia cochinchinensis_3280/Dalbergia cochinchinensis.3280.8 (18).png,Dalbergia cochinchinensis,Dalbergia,cochinchinensis,Dalbergia cochinchinensis_3280
/kaggle/input/datasets/b23dckh002lvitanh/s3-origin/S3/Dalbergia cochinchinensis/Dalbergia cochinchinensis_3280/Dalbergia cochinchinensis.3280.7 (7).png,Dalbergia cochinchinensis,Dalbergia,cochinchinensis,Dalbergia cochinchinensis_3280
/kaggle/input/datasets/b23dckh002lvitanh/s3-origin/S3/Dalbergia cochinchinensis/Dalbergia cochinchinensis_3280/Dalbergia cochinchinensis.3280.8 (23).png,Dalbergia cochinchinensis,Dalbergia,cochinchinensis,Dalbergia cochinchinensis_3280
/kaggle/input/datasets/b23dckh002lvitanh/s3-origin/S3/Dalbergia cochinchinensis/Dalbergia cochinchinensis_3280/Dalbergia cochinchinensis.3280.6 (5).png,Dalbergia cochinchinensis,Dalbergia,cochinchinensis,Dalbergia cochinchinensis_3280
/kaggle/input/datasets/b23dckh002lvitanh/s3-origin/S3/Dalbergia cochinchinensis/Dalbergia cochinchinensis_3280/Dalbergia cochinchinensis.3280.10 (36).png,Dalbergia cochinchinensis,Dalbergia,cochinchinensis,Dalbergia cochinchinensis_3280
/kaggle/input/datasets/b23dckh002lvitanh/s3-origin/S3/Dalbergia cochinchinensis/Dalbergia cochinchinensis_3280/Dalbergia cochinchinensis.3280.8 (15).png,Dalbergia cochinchinensis,Dalbergia,cochinchinensis,Dalbergia cochinchinensis_3280
/kaggle/input/datasets/b23dckh002lvitanh/s3-origin/S3/Dalbergia cochinchinensis/Dalbergia cochinchinensis_3280/Dalbergia cochinchinensis.3280.9 (24).png,Dalbergia cochinchinensis,Dalbergia,cochinchinensis,Dalbergia cochinchinensis_3280
/kaggle/input/datasets/b23dckh002lvitanh/s3-origin/S3/Dalbergia cochinchinensis/Dalbergia cochinchinensis_3280/Dalbergia cochinchinensis.3280.2 (7).png,Dalbergia cochinchinensis,Dalbergia,cochinchinensis,Dalbergia cochinchinensis_3280
/kaggle/input/datasets/b23dckh002lvitanh/s3-origin/S3/Dalbergia cochinchinensis/Dalbergia cochinchinensis_3280/Dalbergia cochinchinensis.3280.6 (35).png,Dalbergia cochinchinensis,Dalbergia,cochinchinensis,Dalbergia cochinchinensis_3280
/kaggle/input/datasets/b23dckh002lvitanh/s3-origin/S3/Dalbergia cochinchinensis/Dalbergia cochinchinensis_3280/Dalbergia cochinchinensis.3280.5 (18).png,Dalbergia cochinchinensis,Dalbergia,cochinchinensis,Dalbergia cochinchinensis_3280
/kaggle/input/datasets/b23dckh002lvitanh/s3-origin/S3/Dalbergia cochinchinensis/Dalbergia cochinchinensis_3280/Dalbergia cochinchinensis.3280.2 (2).png,Dalbergia cochinchinensis,Dalbergia,cochinchinensis,Dalbergia cochinchinensis_3280
/kaggle/input/datasets/b23dckh002lvitanh/s3-origin/S3/Dalbergia cochinchinensis/Dalbergia cochinchinensis_3280/Dalbergia cochinchinensis.3280.9 (4).png,Dalbergia cochinchinensis,Dalbergia,cochinchinensis,Dalbergia cochinchinensis_3280
/kaggle/input/datasets/b23dckh002lvitanh/s3-origin/S3/Dalbergia cochinchinensis/Dalbergia cochinchinensis_3280/Dalbergia cochinchinensis.3280.3 (7).png,Dalbergia cochinchinensis,Dalbergia,cochinchinensis,Dalbergia cochinchinensis_3280
/kaggle/input/datasets/b23dckh002lvitanh/s3-origin/S3/Dalbergia cochinchinensis/Dalbergia cochinchinensis_3280/Dalbergia cochinchinensis.3280.10 (20).png,Dalbergia cochinchinensis,Dalbergia,cochinchinensis,Dalbergia cochinchinensis_3280
/kaggle/input/datasets/b23dckh002lvitanh/s3-origin/S3/Dalbergia cochinchinensis/Dalbergia cochinchinensis_3280/Dalbergia cochinchinensis.3280.6 (8).png,Dalbergia cochinchinensis,Dalbergia,cochinchinensis,Dalbergia cochinchinensis_3280
/kaggle/input/datasets/b23dckh002lvitanh/s3-origin/S3/Dalbergia cochinchinensis/Dalbergia cochinchinensis_3280/Dalbergia cochinchinensis.3280.3 (15).png,Dalbergia cochinchinensis,Dalbergia,cochinchinensis,Dalbergia cochinchinensis_3280
/kaggle/input/datasets/b23dckh002lvitanh/s3-origin/S3/Dalbergia melanoxylon/3352. Dalbergia melanoxylon.5/3352. Dalbergia melanoxylon.5.(141).png,Dalbergia melanoxylon,Dalbergia,melanoxylon,3352. Dalbergia melanoxylon.5
/kaggle/input/datasets/b23dckh002lvitanh/s3-origin/S3/Dalbergia melanoxylon/3352. Dalbergia melanoxylon.10/3352. Dalbergia melanoxylon.10.(285).png,Dalbergia melanoxylon,Dalbergia,melanoxylon,3352. Dalbergia melanoxylon.10
/kaggle/input/datasets/b23dckh002lvitanh/s3-origin/S3/Dalbergia melanoxylon/3352. Dalbergia melanoxylon.4/3352. Dalbergia melanoxylon.4.(99).png,Dalbergia melanoxylon,Dalbergia,melanoxylon,3352. Dalbergia melanoxylon.4
/kaggle/input/datasets/b23dckh002lvitanh/s3-origin/S3/Dalbergia melanoxylon/3352. Dalbergia melanoxylon.4/3352. Dalbergia melanoxylon.4.(111).png,Dalbergia melanoxylon,Dalbergia,melanoxylon,3352. Dalbergia melanoxylon.4
/kaggle/input/datasets/b23dckh002lvitanh/s3-origin/S3/Dalbergia melanoxylon/3352. Dalbergia melanoxylon.4/3352. Dalbergia melanoxylon.4.(94).png,Dalbergia melanoxylon,Dalbergia,melanoxylon,3352. Dalbergia melanoxylon.4
/kaggle/input/datasets/b23dckh002lvitanh/s3-origin/S3/Dalbergia melanoxylon/3352. Dalbergia melanoxylon.8/3352. Dalbergia melanoxylon.8.(222).png,Dalbergia melanoxylon,Dalbergia,melanoxylon,3352. Dalbergia melanoxylon.8
/kaggle/input/datasets/b23dckh002lvitanh/s3-origin/S3/Dalbergia melanoxylon/3352. Dalbergia melanoxylon.3/3352. Dalbergia melanoxylon.3.(70).png,Dalbergia melanoxylon,Dalbergia,melanoxylon,3352. Dalbergia melanoxylon.3
/kaggle/input/datasets/b23dckh002lvitanh/s3-origin/S3/Dalbergia melanoxylon/3352. Dalbergia melanoxylon.6/3352. Dalbergia melanoxylon.6.(165).png,Dalbergia melanoxylon,Dalbergia,melanoxylon,3352. Dalbergia melanoxylon.6
/kaggle/input/datasets/b23dckh002lvitanh/s3-origin/S3/Dalbergia melanoxylon/3352. Dalbergia melanoxylon.3/3352. Dalbergia melanoxylon.3.(67).png,Dalbergia melanoxylon,Dalbergia,melanoxylon,3352. Dalbergia melanoxylon.3
/kaggle/input/datasets/b23dckh002lvitanh/s3-origin/S3/Dalbergia melanoxylon/3352. Dalbergia melanoxylon.1/3352. Dalbergia melanoxylon.1.(26).png,Dalbergia melanoxylon,Dalbergia,melanoxylon,3352. Dalbergia melanoxylon.1
/kaggle/input/datasets/b23dckh002lvitanh/s3-origin/S3/Dalbergia melanoxylon/3352. Dalbergia melanoxylon.8/3352. Dalbergia melanoxylon.8.(221).png,Dalbergia melanoxylon,Dalbergia,melanoxylon,3352. Dalbergia melanoxylon.8
/kaggle/input/datasets/b23dckh002lvitanh/s3-origin/S3/Dalbergia melanoxylon/3352. Dalbergia melanoxylon.7/3352. Dalbergia melanoxylon.7.(180).png,Dalbergia melanoxylon,Dalbergia,melanoxylon,3352. Dalbergia melanoxylon.7
/kaggle/input/datasets/b23dckh002lvitanh/s3-origin/S3/Dalbergia melanoxylon/3352. Dalbergia melanoxylon.10/3352. Dalbergia melanoxylon.10.(287).png,Dalbergia melanoxylon,Dalbergia,melanoxylon,3352. Dalbergia melanoxylon.10
/kaggle/input/datasets/b23dckh002lvitanh/s3-origin/S3/Dalbergia melanoxylon/3352. Dalbergia melanoxylon.1/3352. Dalbergia melanoxylon.1.(12).png,Dalbergia melanoxylon,Dalbergia,melanoxylon,3352. Dalbergia melanoxylon.1
/kaggle/input/datasets/b23dckh002lvitanh/s3-origin/S3/Dalbergia melanoxylon/3352. Dalbergia melanoxylon.4/3352. Dalbergia melanoxylon.4.(92).png,Dalbergia melanoxylon,Dalbergia,melanoxylon,3352. Dalbergia melanoxylon.4
/kaggle/input/datasets/b23dckh002lvitanh/s3-origin/S3/Dalbergia melanoxylon/3352. Dalbergia melanoxylon.10/3352. Dalbergia melanoxylon.10.(291).png,Dalbergia melanoxylon,Dalbergia,melanoxylon,3352. Dalbergia melanoxylon.10
/kaggle/input/datasets/b23dckh002lvitanh/s3-origin/S3/Dalbergia melanoxylon/3352. Dalbergia melanoxylon.4/3352. Dalbergia melanoxylon.4.(101).png,Dalbergia melanoxylon,Dalbergia,melanoxylon,3352. Dalbergia melanoxylon.4
/kaggle/input/datasets/b23dckh002lvitanh/s3-origin/S3/Dalbergia melanoxylon/3352. Dalbergia melanoxylon.6/3352. Dalbergia melanoxylon.6.(175).png,Dalbergia melanoxylon,Dalbergia,melanoxylon,3352. Dalbergia melanoxylon.6
/kaggle/input/datasets/b23dckh002lvitanh/s3-origin/S3/Dalbergia melanoxylon/3352. Dalbergia melanoxylon.3/3352. Dalbergia melanoxylon.3.(83).png,Dalbergia melanoxylon,Dalbergia,melanoxylon,3352. Dalbergia melanoxylon.3
/kaggle/input/datasets/b23dckh002lvitanh/s3-origin/S3/Dalbergia melanoxylon/3352. Dalbergia melanoxylon.3/3352. Dalbergia melanoxylon.3.(88).png,Dalbergia melanoxylon,Dalbergia,melanoxylon,3352. Dalbergia melanoxylon.3
/kaggle/input/datasets/b23dckh002lvitanh/s3-origin/S3/Dalbergia melanoxylon/3352. Dalbergia melanoxylon.5/3352. Dalbergia melanoxylon.5.(126).png,Dalbergia melanoxylon,Dalbergia,melanoxylon,3352. Dalbergia melanoxylon.5
/kaggle/input/datasets/b23dckh002lvitanh/s3-origin/S3/Dalbergia melanoxylon/3352. Dalbergia melanoxylon.3/3352. Dalbergia melanoxylon.3.(87).png,Dalbergia melanoxylon,Dalbergia,melanoxylon,3352. Dalbergia melanoxylon.3
/kaggle/input/datasets/b23dckh002lvitanh/s3-origin/S3/Dalbergia melanoxylon/3352. Dalbergia melanoxylon.7/3352. Dalbergia melanoxylon.7.(191).png,Dalbergia melanoxylon,Dalbergia,melanoxylon,3352. Dalbergia melanoxylon.7
/kaggle/input/datasets/b23dckh002lvitanh/s3-origin/S3/Dalbergia melanoxylon/3352. Dalbergia melanoxylon.8/3352. Dalbergia melanoxylon.8.(224).png,Dalbergia melanoxylon,Dalbergia,melanoxylon,3352. Dalbergia melanoxylon.8
/kaggle/input/datasets/b23dckh002lvitanh/s3-origin/S3/Dalbergia melanoxylon/3352. Dalbergia melanoxylon.10/3352. Dalbergia melanoxylon.10.(286).png,Dalbergia melanoxylon,Dalbergia,melanoxylon,3352. Dalbergia melanoxylon.10
/kaggle/input/datasets/b23dckh002lvitanh/s3-origin/S3/Dalbergia melanoxylon/3352. Dalbergia melanoxylon.4/3352. Dalbergia melanoxylon.4.(109).png,Dalbergia melanoxylon,Dalbergia,melanoxylon,3352. Dalbergia melanoxylon.4
/kaggle/input/datasets/b23dckh002lvitanh/s3-origin/S3/Dalbergia melanoxylon/3352. Dalbergia melanoxylon.5/3352. Dalbergia melanoxylon.5.(130).png,Dalbergia melanoxylon,Dalbergia,melanoxylon,3352. Dalbergia melanoxylon.5
/kaggle/input/datasets/b23dckh002lvitanh/s3-origin/S3/Dalbergia melanoxylon/3352. Dalbergia melanoxylon.3/3352. Dalbergia melanoxylon.3.(74).png,Dalbergia melanoxylon,Dalbergia,melanoxylon,3352. Dalbergia melanoxylon.3
/kaggle/input/datasets/b23dckh002lvitanh/s3-origin/S3/Dalbergia melanoxylon/3352. Dalbergia melanoxylon.5/3352. Dalbergia melanoxylon.5.(143).png,Dalbergia melanoxylon,Dalbergia,melanoxylon,3352. Dalbergia melanoxylon.5
/kaggle/input/datasets/b23dckh002lvitanh/s3-origin/S3/Dalbergia melanoxylon/3352. Dalbergia melanoxylon.3/3352. Dalbergia melanoxylon.3.(64).png,Dalbergia melanoxylon,Dalbergia,melanoxylon,3352. Dalbergia melanoxylon.3
/kaggle/input/datasets/b23dckh002lvitanh/s3-origin/S3/Dalbergia melanoxylon/3352. Dalbergia melanoxylon.1/3352. Dalbergia melanoxylon.1.(23).png,Dalbergia melanoxylon,Dalbergia,melanoxylon,3352. Dalbergia melanoxylon.1
/kaggle/input/datasets/b23dckh002lvitanh/s3-origin/S3/Dalbergia melanoxylon/3352. Dalbergia melanoxylon.7/3352. Dalbergia melanoxylon.7.(193).png,Dalbergia melanoxylon,Dalbergia,melanoxylon,3352. Dalbergia melanoxylon.7
/kaggle/input/datasets/b23dckh002lvitanh/s3-origin/S3/Dalbergia melanoxylon/3352. Dalbergia melanoxylon.3/3352. Dalbergia melanoxylon.3.(62).png,Dalbergia melanoxylon,Dalbergia,melanoxylon,3352. Dalbergia melanoxylon.3
/kaggle/input/datasets/b23dckh002lvitanh/s3-origin/S3/Dalbergia melanoxylon/3352. Dalbergia melanoxylon.10/3352. Dalbergia melanoxylon.10.(273).png,Dalbergia melanoxylon,Dalbergia,melanoxylon,3352. Dalbergia melanoxylon.10
/kaggle/input/datasets/b23dckh002lvitanh/s3-origin/S3/Dalbergia melanoxylon/3352. Dalbergia melanoxylon.3/3352. Dalbergia melanoxylon.3.(66).png,Dalbergia melanoxylon,Dalbergia,melanoxylon,3352. Dalbergia melanoxylon.3
/kaggle/input/datasets/b23dckh002lvitanh/s3-origin/S3/Dalbergia melanoxylon/3352. Dalbergia melanoxylon.7/3352. Dalbergia melanoxylon.7.(204).png,Dalbergia melanoxylon,Dalbergia,melanoxylon,3352. Dalbergia melanoxylon.7
/kaggle/input/datasets/b23dckh002lvitanh/s3-origin/S3/Dalbergia melanoxylon/3352. Dalbergia melanoxylon.5/3352. Dalbergia melanoxylon.5.(146).png,Dalbergia melanoxylon,Dalbergia,melanoxylon,3352. Dalbergia melanoxylon.5
/kaggle/input/datasets/b23dckh002lvitanh/s3-origin/S3/Dalbergia melanoxylon/3352. Dalbergia melanoxylon.4/3352. Dalbergia melanoxylon.4.(108).png,Dalbergia melanoxylon,Dalbergia,melanoxylon,3352. Dalbergia melanoxylon.4
/kaggle/input/datasets/b23dckh002lvitanh/s3-origin/S3/Dalbergia melanoxylon/3352. Dalbergia melanoxylon.1/3352. Dalbergia melanoxylon.1.(6).png,Dalbergia melanoxylon,Dalbergia,melanoxylon,3352. Dalbergia melanoxylon.1
/kaggle/input/datasets/b23dckh002lvitanh/s3-origin/S3/Dalbergia melanoxylon/3352. Dalbergia melanoxylon.6/3352. Dalbergia melanoxylon.6.(160).png,Dalbergia melanoxylon,Dalbergia,melanoxylon,3352. Dalbergia melanoxylon.6
/kaggle/input/datasets/b23dckh002lvitanh/s3-origin/S3/Dalbergia melanoxylon/3352. Dalbergia melanoxylon.3/3352. Dalbergia melanoxylon.3.(82).png,Dalbergia melanoxylon,Dalbergia,melanoxylon,3352. Dalbergia melanoxylon.3
/kaggle/input/datasets/b23dckh002lvitanh/s3-origin/S3/Dalbergia melanoxylon/3352. Dalbergia melanoxylon.1/3352. Dalbergia melanoxylon.1.(1).png,Dalbergia melanoxylon,Dalbergia,melanoxylon,3352. Dalbergia melanoxylon.1
/kaggle/input/datasets/b23dckh002lvitanh/s3-origin/S3/Dalbergia melanoxylon/3352. Dalbergia melanoxylon.4/3352. Dalbergia melanoxylon.4.(119).png,Dalbergia melanoxylon,Dalbergia,melanoxylon,3352. Dalbergia melanoxylon.4
/kaggle/input/datasets/b23dckh002lvitanh/s3-origin/S3/Dalbergia melanoxylon/3352. Dalbergia melanoxylon.1/3352. Dalbergia melanoxylon.1.(15).png,Dalbergia melanoxylon,Dalbergia,melanoxylon,3352. Dalbergia melanoxylon.1
/kaggle/input/datasets/b23dckh002lvitanh/s3-origin/S3/Dalbergia melanoxylon/3352. Dalbergia melanoxylon.5/3352. Dalbergia melanoxylon.5.(135).png,Dalbergia melanoxylon,Dalbergia,melanoxylon,3352. Dalbergia melanoxylon.5
/kaggle/input/datasets/b23dckh002lvitanh/s3-origin/S3/Dalbergia melanoxylon/3352. Dalbergia melanoxylon.7/3352. Dalbergia melanoxylon.7.(196).png,Dalbergia melanoxylon,Dalbergia,melanoxylon,3352. Dalbergia melanoxylon.7
/kaggle/input/datasets/b23dckh002lvitanh/s3-origin/S3/Dalbergia melanoxylon/3352. Dalbergia melanoxylon.5/3352. Dalbergia melanoxylon.5.(125).png,Dalbergia melanoxylon,Dalbergia,melanoxylon,3352. Dalbergia melanoxylon.5
/kaggle/input/datasets/b23dckh002lvitanh/s3-origin/S3/Dalbergia melanoxylon/3352. Dalbergia melanoxylon.8/3352. Dalbergia melanoxylon.8.(229).png,Dalbergia melanoxylon,Dalbergia,melanoxylon,3352. Dalbergia melanoxylon.8
/kaggle/input/datasets/b23dckh002lvitanh/s3-origin/S3/Dalbergia melanoxylon/3352. Dalbergia melanoxylon.1/3352. Dalbergia melanoxylon.1.(4).png,Dalbergia melanoxylon,Dalbergia,melanoxylon,3352. Dalbergia melanoxylon.1
/kaggle/input/datasets/b23dckh002lvitanh/s3-origin/S3/Dalbergia melanoxylon/3352. Dalbergia melanoxylon.6/3352. Dalbergia melanoxylon.6.(156).png,Dalbergia melanoxylon,Dalbergia,melanoxylon,3352. Dalbergia melanoxylon.6
/kaggle/input/datasets/b23dckh002lvitanh/s3-origin/S3/Dalbergia melanoxylon/3352. Dalbergia melanoxylon.7/3352. Dalbergia melanoxylon.7.(184).png,Dalbergia melanoxylon,Dalbergia,melanoxylon,3352. Dalbergia melanoxylon.7
/kaggle/input/datasets/b23dckh002lvitanh/s3-origin/S3/Dalbergia melanoxylon/3352. Dalbergia melanoxylon.7/3352. Dalbergia melanoxylon.7.(205).png,Dalbergia melanoxylon,Dalbergia,melanoxylon,3352. Dalbergia melanoxylon.7
/kaggle/input/datasets/b23dckh002lvitanh/s3-origin/S3/Dalbergia melanoxylon/3352. Dalbergia melanoxylon.3/3352. Dalbergia melanoxylon.3.(61).png,Dalbergia melanoxylon,Dalbergia,melanoxylon,3352. Dalbergia melanoxylon.3
/kaggle/input/datasets/b23dckh002lvitanh/s3-origin/S3/Dalbergia melanoxylon/3352. Dalbergia melanoxylon.7/3352. Dalbergia melanoxylon.7.(179).png,Dalbergia melanoxylon,Dalbergia,melanoxylon,3352. Dalbergia melanoxylon.7
/kaggle/input/datasets/b23dckh002lvitanh/s3-origin/S3/Dalbergia melanoxylon/3352. Dalbergia melanoxylon.7/3352. Dalbergia melanoxylon.7.(202).png,Dalbergia melanoxylon,Dalbergia,melanoxylon,3352. Dalbergia melanoxylon.7
/kaggle/input/datasets/b23dckh002lvitanh/s3-origin/S3/Dalbergia melanoxylon/3352. Dalbergia melanoxylon.6/3352. Dalbergia melanoxylon.6.(166).png,Dalbergia melanoxylon,Dalbergia,melanoxylon,3352. Dalbergia melanoxylon.6
/kaggle/input/datasets/b23dckh002lvitanh/s3-origin/S3/Dalbergia melanoxylon/3352. Dalbergia melanoxylon.4/3352. Dalbergia melanoxylon.4.(104).png,Dalbergia melanoxylon,Dalbergia,melanoxylon,3352. Dalbergia melanoxylon.4
/kaggle/input/datasets/b23dckh002lvitanh/s3-origin/S3/Dalbergia melanoxylon/3352. Dalbergia melanoxylon.4/3352. Dalbergia melanoxylon.4.(114).png,Dalbergia melanoxylon,Dalbergia,melanoxylon,3352. Dalbergia melanoxylon.4
/kaggle/input/datasets/b23dckh002lvitanh/s3-origin/S3/Dalbergia melanoxylon/3352. Dalbergia melanoxylon.1/3352. Dalbergia melanoxylon.1.(27).png,Dalbergia melanoxylon,Dalbergia,melanoxylon,3352. Dalbergia melanoxylon.1
/kaggle/input/datasets/b23dckh002lvitanh/s3-origin/S3/Dalbergia melanoxylon/3352. Dalbergia melanoxylon.4/3352. Dalbergia melanoxylon.4.(105).png,Dalbergia melanoxylon,Dalbergia,melanoxylon,3352. Dalbergia melanoxylon.4
/kaggle/input/datasets/b23dckh002lvitanh/s3-origin/S3/Dalbergia melanoxylon/3352. Dalbergia melanoxylon.3/3352. Dalbergia melanoxylon.3.(68).png,Dalbergia melanoxylon,Dalbergia,melanoxylon,3352. Dalbergia melanoxylon.3
/kaggle/input/datasets/b23dckh002lvitanh/s3-origin/S3/Dalbergia melanoxylon/3352. Dalbergia melanoxylon.6/3352. Dalbergia melanoxylon.6.(150).png,Dalbergia melanoxylon,Dalbergia,melanoxylon,3352. Dalbergia melanoxylon.6
/kaggle/input/datasets/b23dckh002lvitanh/s3-origin/S3/Dalbergia melanoxylon/3352. Dalbergia melanoxylon.7/3352. Dalbergia melanoxylon.7.(194).png,Dalbergia melanoxylon,Dalbergia,melanoxylon,3352. Dalbergia melanoxylon.7
/kaggle/input/datasets/b23dckh002lvitanh/s3-origin/S3/Dalbergia melanoxylon/3352. Dalbergia melanoxylon.6/3352. Dalbergia melanoxylon.6.(170).png,Dalbergia melanoxylon,Dalbergia,melanoxylon,3352. Dalbergia melanoxylon.6
/kaggle/input/datasets/b23dckh002lvitanh/s3-origin/S3/Dalbergia melanoxylon/3352. Dalbergia melanoxylon.6/3352. Dalbergia melanoxylon.6.(153).png,Dalbergia melanoxylon,Dalbergia,melanoxylon,3352. Dalbergia melanoxylon.6
/kaggle/input/datasets/b23dckh002lvitanh/s3-origin/S3/Dalbergia melanoxylon/3352. Dalbergia melanoxylon.7/3352. Dalbergia melanoxylon.7.(203).png,Dalbergia melanoxylon,Dalbergia,melanoxylon,3352. Dalbergia melanoxylon.7
/kaggle/input/datasets/b23dckh002lvitanh/s3-origin/S3/Dalbergia melanoxylon/3352. Dalbergia melanoxylon.1/3352. Dalbergia melanoxylon.1.(17).png,Dalbergia melanoxylon,Dalbergia,melanoxylon,3352. Dalbergia melanoxylon.1
/kaggle/input/datasets/b23dckh002lvitanh/s3-origin/S3/Dalbergia melanoxylon/3352. Dalbergia melanoxylon.6/3352. Dalbergia melanoxylon.6.(162).png,Dalbergia melanoxylon,Dalbergia,melanoxylon,3352. Dalbergia melanoxylon.6
/kaggle/input/datasets/b23dckh002lvitanh/s3-origin/S3/Dalbergia melanoxylon/3352. Dalbergia melanoxylon.8/3352. Dalbergia melanoxylon.8.(217).png,Dalbergia melanoxylon,Dalbergia,melanoxylon,3352. Dalbergia melanoxylon.8
/kaggle/input/datasets/b23dckh002lvitanh/s3-origin/S3/Dalbergia melanoxylon/3352. Dalbergia melanoxylon.4/3352. Dalbergia melanoxylon.4.(102).png,Dalbergia melanoxylon,Dalbergia,melanoxylon,3352. Dalbergia melanoxylon.4
/kaggle/input/datasets/b23dckh002lvitanh/s3-origin/S3/Dalbergia melanoxylon/3352. Dalbergia melanoxylon.1/3352. Dalbergia melanoxylon.1.(29).png,Dalbergia melanoxylon,Dalbergia,melanoxylon,3352. Dalbergia melanoxylon.1
/kaggle/input/datasets/b23dckh002lvitanh/s3-origin/S3/Dalbergia melanoxylon/3352. Dalbergia melanoxylon.10/3352. Dalbergia melanoxylon.10.(282).png,Dalbergia melanoxylon,Dalbergia,melanoxylon,3352. Dalbergia melanoxylon.10
/kaggle/input/datasets/b23dckh002lvitanh/s3-origin/S3/Dalbergia melanoxylon/3352. Dalbergia melanoxylon.8/3352. Dalbergia melanoxylon.8.(213).png,Dalbergia melanoxylon,Dalbergia,melanoxylon,3352. Dalbergia melanoxylon.8
/kaggle/input/datasets/b23dckh002lvitanh/s3-origin/S3/Dalbergia melanoxylon/3352. Dalbergia melanoxylon.7/3352. Dalbergia melanoxylon.7.(187).png,Dalbergia melanoxylon,Dalbergia,melanoxylon,3352. Dalbergia melanoxylon.7
/kaggle/input/datasets/b23dckh002lvitanh/s3-origin/S3/Dalbergia melanoxylon/3352. Dalbergia melanoxylon.1/3352. Dalbergia melanoxylon.1.(8).png,Dalbergia melanoxylon,Dalbergia,melanoxylon,3352. Dalbergia melanoxylon.1
/kaggle/input/datasets/b23dckh002lvitanh/s3-origin/S3/Dalbergia melanoxylon/3352. Dalbergia melanoxylon.8/3352. Dalbergia melanoxylon.8.(233).png,Dalbergia melanoxylon,Dalbergia,melanoxylon,3352. Dalbergia melanoxylon.8
/kaggle/input/datasets/b23dckh002lvitanh/s3-origin/S3/Dalbergia melanoxylon/3352. Dalbergia melanoxylon.5/3352. Dalbergia melanoxylon.5.(147).png,Dalbergia melanoxylon,Dalbergia,melanoxylon,3352. Dalbergia melanoxylon.5
/kaggle/input/datasets/b23dckh002lvitanh/s3-origin/S3/Dalbergia melanoxylon/3352. Dalbergia melanoxylon.7/3352. Dalbergia melanoxylon.7.(192).png,Dalbergia melanoxylon,Dalbergia,melanoxylon,3352. Dalbergia melanoxylon.7
/kaggle/input/datasets/b23dckh002lvitanh/s3-origin/S3/Dalbergia melanoxylon/3352. Dalbergia melanoxylon.3/3352. Dalbergia melanoxylon.3.(65).png,Dalbergia melanoxylon,Dalbergia,melanoxylon,3352. Dalbergia melanoxylon.3
/kaggle/input/datasets/b23dckh002lvitanh/s3-origin/S3/Dalbergia melanoxylon/3352. Dalbergia melanoxylon.8/3352. Dalbergia melanoxylon.8.(216).png,Dalbergia melanoxylon,Dalbergia,melanoxylon,3352. Dalbergia melanoxylon.8
/kaggle/input/datasets/b23dckh002lvitanh/s3-origin/S3/Dalbergia melanoxylon/3352. Dalbergia melanoxylon.5/3352. Dalbergia melanoxylon.5.(136).png,Dalbergia melanoxylon,Dalbergia,melanoxylon,3352. Dalbergia melanoxylon.5
/kaggle/input/datasets/b23dckh002lvitanh/s3-origin/S3/Dalbergia melanoxylon/3352. Dalbergia melanoxylon.6/3352. Dalbergia melanoxylon.6.(169).png,Dalbergia melanoxylon,Dalbergia,melanoxylon,3352. Dalbergia melanoxylon.6
/kaggle/input/datasets/b23dckh002lvitanh/s3-origin/S3/Dalbergia melanoxylon/3352. Dalbergia melanoxylon.6/3352. Dalbergia melanoxylon.6.(154).png,Dalbergia melanoxylon,Dalbergia,melanoxylon,3352. Dalbergia melanoxylon.6
/kaggle/input/datasets/b23dckh002lvitanh/s3-origin/S3/Dalbergia melanoxylon/3352. Dalbergia melanoxylon.3/3352. Dalbergia melanoxylon.3.(69).png,Dalbergia melanoxylon,Dalbergia,melanoxylon,3352. Dalbergia melanoxylon.3
/kaggle/input/datasets/b23dckh002lvitanh/s3-origin/S3/Dalbergia melanoxylon/3352. Dalbergia melanoxylon.1/3352. Dalbergia melanoxylon.1.(3).png,Dalbergia melanoxylon,Dalbergia,melanoxylon,3352. Dalbergia melanoxylon.1
/kaggle/input/datasets/b23dckh002lvitanh/s3-origin/S3/Dalbergia melanoxylon/3352. Dalbergia melanoxylon.6/3352. Dalbergia melanoxylon.6.(177).png,Dalbergia melanoxylon,Dalbergia,melanoxylon,3352. Dalbergia melanoxylon.6
/kaggle/input/datasets/b23dckh002lvitanh/s3-origin/S3/Dalbergia melanoxylon/3352. Dalbergia melanoxylon.8/3352. Dalbergia melanoxylon.8.(232).png,Dalbergia melanoxylon,Dalbergia,melanoxylon,3352. Dalbergia melanoxylon.8
/kaggle/input/datasets/b23dckh002lvitanh/s3-origin/S3/Dalbergia melanoxylon/3352. Dalbergia melanoxylon.8/3352. Dalbergia melanoxylon.8.(219).png,Dalbergia melanoxylon,Dalbergia,melanoxylon,3352. Dalbergia melanoxylon.8
/kaggle/input/datasets/b23dckh002lvitanh/s3-origin/S3/Dalbergia melanoxylon/3352. Dalbergia melanoxylon.4/3352. Dalbergia melanoxylon.4.(103).png,Dalbergia melanoxylon,Dalbergia,melanoxylon,3352. Dalbergia melanoxylon.4
/kaggle/input/datasets/b23dckh002lvitanh/s3-origin/S3/Dalbergia melanoxylon/3352. Dalbergia melanoxylon.3/3352. Dalbergia melanoxylon.3.(81).png,Dalbergia melanoxylon,Dalbergia,melanoxylon,3352. Dalbergia melanoxylon.3
/kaggle/input/datasets/b23dckh002lvitanh/s3-origin/S3/Dalbergia melanoxylon/3352. Dalbergia melanoxylon.3/3352. Dalbergia melanoxylon.3.(86).png,Dalbergia melanoxylon,Dalbergia,melanoxylon,3352. Dalbergia melanoxylon.3
/kaggle/input/datasets/b23dckh002lvitanh/s3-origin/S3/Dalbergia melanoxylon/3352. Dalbergia melanoxylon.8/3352. Dalbergia melanoxylon.8.(215).png,Dalbergia melanoxylon,Dalbergia,melanoxylon,3352. Dalbergia melanoxylon.8
/kaggle/input/datasets/b23dckh002lvitanh/s3-origin/S3/Dalbergia melanoxylon/3352. Dalbergia melanoxylon.10/3352. Dalbergia melanoxylon.10.(289).png,Dalbergia melanoxylon,Dalbergia,melanoxylon,3352. Dalbergia melanoxylon.10
/kaggle/input/datasets/b23dckh002lvitanh/s3-origin/S3/Dalbergia melanoxylon/3352. Dalbergia melanoxylon.8/3352. Dalbergia melanoxylon.8.(214).png,Dalbergia melanoxylon,Dalbergia,melanoxylon,3352. Dalbergia melanoxylon.8
/kaggle/input/datasets/b23dckh002lvitanh/s3-origin/S3/Dalbergia melanoxylon/3352. Dalbergia melanoxylon.10/3352. Dalbergia melanoxylon.10.(283).png,Dalbergia melanoxylon,Dalbergia,melanoxylon,3352. Dalbergia melanoxylon.10
/kaggle/input/datasets/b23dckh002lvitanh/s3-origin/S3/Dalbergia melanoxylon/3352. Dalbergia melanoxylon.10/3352. Dalbergia melanoxylon.10.(275).png,Dalbergia melanoxylon,Dalbergia,melanoxylon,3352. Dalbergia melanoxylon.10
/kaggle/input/datasets/b23dckh002lvitanh/s3-origin/S3/Dalbergia melanoxylon/3352. Dalbergia melanoxylon.1/3352. Dalbergia melanoxylon.1.(20).png,Dalbergia melanoxylon,Dalbergia,melanoxylon,3352. Dalbergia melanoxylon.1
/kaggle/input/datasets/b23dckh002lvitanh/s3-origin/S3/Dalbergia melanoxylon/3352. Dalbergia melanoxylon.6/3352. Dalbergia melanoxylon.6.(159).png,Dalbergia melanoxylon,Dalbergia,melanoxylon,3352. Dalbergia melanoxylon.6
/kaggle/input/datasets/b23dckh002lvitanh/s3-origin/S3/Dalbergia melanoxylon/3352. Dalbergia melanoxylon.10/3352. Dalbergia melanoxylon.10.(266).png,Dalbergia melanoxylon,Dalbergia,melanoxylon,3352. Dalbergia melanoxylon.10
/kaggle/input/datasets/b23dckh002lvitanh/s3-origin/S3/Dalbergia melanoxylon/3352. Dalbergia melanoxylon.6/3352. Dalbergia melanoxylon.6.(164).png,Dalbergia melanoxylon,Dalbergia,melanoxylon,3352. Dalbergia melanoxylon.6
/kaggle/input/datasets/b23dckh002lvitanh/s3-origin/S3/Dalbergia melanoxylon/3352. Dalbergia melanoxylon.10/3352. Dalbergia melanoxylon.10.(267).png,Dalbergia melanoxylon,Dalbergia,melanoxylon,3352. Dalbergia melanoxylon.10
/kaggle/input/datasets/b23dckh002lvitanh/s3-origin/S3/Dalbergia melanoxylon/3352. Dalbergia melanoxylon.1/3352. Dalbergia melanoxylon.1.(28).png,Dalbergia melanoxylon,Dalbergia,melanoxylon,3352. Dalbergia melanoxylon.1
/kaggle/input/datasets/b23dckh002lvitanh/s3-origin/S3/Dalbergia melanoxylon/3352. Dalbergia melanoxylon.3/3352. Dalbergia melanoxylon.3.(90).png,Dalbergia melanoxylon,Dalbergia,melanoxylon,3352. Dalbergia melanoxylon.3
/kaggle/input/datasets/b23dckh002lvitanh/s3-origin/S3/Dalbergia melanoxylon/3352. Dalbergia melanoxylon.6/3352. Dalbergia melanoxylon.6.(173).png,Dalbergia melanoxylon,Dalbergia,melanoxylon,3352. Dalbergia melanoxylon.6
/kaggle/input/datasets/b23dckh002lvitanh/s3-origin/S3/Dalbergia melanoxylon/3352. Dalbergia melanoxylon.10/3352. Dalbergia melanoxylon.10.(288).png,Dalbergia melanoxylon,Dalbergia,melanoxylon,3352. Dalbergia melanoxylon.10
/kaggle/input/datasets/b23dckh002lvitanh/s3-origin/S3/Dalbergia melanoxylon/3352. Dalbergia melanoxylon.1/3352. Dalbergia melanoxylon.1.(5).png,Dalbergia melanoxylon,Dalbergia,melanoxylon,3352. Dalbergia melanoxylon.1
/kaggle/input/datasets/b23dckh002lvitanh/s3-origin/S3/Dalbergia melanoxylon/3352. Dalbergia melanoxylon.6/3352. Dalbergia melanoxylon.6.(161).png,Dalbergia melanoxylon,Dalbergia,melanoxylon,3352. Dalbergia melanoxylon.6
/kaggle/input/datasets/b23dckh002lvitanh/s3-origin/S3/Dalbergia melanoxylon/3352. Dalbergia melanoxylon.1/3352. Dalbergia melanoxylon.1.(10).png,Dalbergia melanoxylon,Dalbergia,melanoxylon,3352. Dalbergia melanoxylon.1
/kaggle/input/datasets/b23dckh002lvitanh/s3-origin/S3/Dalbergia melanoxylon/3352. Dalbergia melanoxylon.7/3352. Dalbergia melanoxylon.7.(181).png,Dalbergia melanoxylon,Dalbergia,melanoxylon,3352. Dalbergia melanoxylon.7
/kaggle/input/datasets/b23dckh002lvitanh/s3-origin/S3/Dalbergia melanoxylon/3352. Dalbergia melanoxylon.6/3352. Dalbergia melanoxylon.6.(155).png,Dalbergia melanoxylon,Dalbergia,melanoxylon,3352. Dalbergia melanoxylon.6
/kaggle/input/datasets/b23dckh002lvitanh/s3-origin/S3/Dalbergia melanoxylon/3352. Dalbergia melanoxylon.5/3352. Dalbergia melanoxylon.5.(144).png,Dalbergia melanoxylon,Dalbergia,melanoxylon,3352. Dalbergia melanoxylon.5
/kaggle/input/datasets/b23dckh002lvitanh/s3-origin/S3/Dalbergia melanoxylon/3352. Dalbergia melanoxylon.5/3352. Dalbergia melanoxylon.5.(132).png,Dalbergia melanoxylon,Dalbergia,melanoxylon,3352. Dalbergia melanoxylon.5
/kaggle/input/datasets/b23dckh002lvitanh/s3-origin/S3/Dalbergia melanoxylon/3352. Dalbergia melanoxylon.4/3352. Dalbergia melanoxylon.4.(93).png,Dalbergia melanoxylon,Dalbergia,melanoxylon,3352. Dalbergia melanoxylon.4
/kaggle/input/datasets/b23dckh002lvitanh/s3-origin/S3/Dalbergia melanoxylon/3352. Dalbergia melanoxylon.1/3352. Dalbergia melanoxylon.1.(11).png,Dalbergia melanoxylon,Dalbergia,melanoxylon,3352. Dalbergia melanoxylon.1
/kaggle/input/datasets/b23dckh002lvitanh/s3-origin/S3/Dalbergia melanoxylon/3352. Dalbergia melanoxylon.5/3352. Dalbergia melanoxylon.5.(121).png,Dalbergia melanoxylon,Dalbergia,melanoxylon,3352. Dalbergia melanoxylon.5
/kaggle/input/datasets/b23dckh002lvitanh/s3-origin/S3/Dalbergia melanoxylon/3352. Dalbergia melanoxylon.8/3352. Dalbergia melanoxylon.8.(235).png,Dalbergia melanoxylon,Dalbergia,melanoxylon,3352. Dalbergia melanoxylon.8
/kaggle/input/datasets/b23dckh002lvitanh/s3-origin/S3/Dalbergia melanoxylon/3352. Dalbergia melanoxylon.1/3352. Dalbergia melanoxylon.1.(25).png,Dalbergia melanoxylon,Dalbergia,melanoxylon,3352. Dalbergia melanoxylon.1
/kaggle/input/datasets/b23dckh002lvitanh/s3-origin/S3/Dalbergia melanoxylon/3352. Dalbergia melanoxylon.3/3352. Dalbergia melanoxylon.3.(80).png,Dalbergia melanoxylon,Dalbergia,melanoxylon,3352. Dalbergia melanoxylon.3
/kaggle/input/datasets/b23dckh002lvitanh/s3-origin/S3/Dalbergia melanoxylon/3352. Dalbergia melanoxylon.1/3352. Dalbergia melanoxylon.1.(13).png,Dalbergia melanoxylon,Dalbergia,melanoxylon,3352. Dalbergia melanoxylon.1
/kaggle/input/datasets/b23dckh002lvitanh/s3-origin/S3/Dalbergia melanoxylon/3352. Dalbergia melanoxylon.7/3352. Dalbergia melanoxylon.7.(183).png,Dalbergia melanoxylon,Dalbergia,melanoxylon,3352. Dalbergia melanoxylon.7
/kaggle/input/datasets/b23dckh002lvitanh/s3-origin/S3/Dalbergia melanoxylon/3352. Dalbergia melanoxylon.6/3352. Dalbergia melanoxylon.6.(171).png,Dalbergia melanoxylon,Dalbergia,melanoxylon,3352. Dalbergia melanoxylon.6
/kaggle/input/datasets/b23dckh002lvitanh/s3-origin/S3/Dalbergia melanoxylon/3352. Dalbergia melanoxylon.1/3352. Dalbergia melanoxylon.1.(2).png,Dalbergia melanoxylon,Dalbergia,melanoxylon,3352. Dalbergia melanoxylon.1
/kaggle/input/datasets/b23dckh002lvitanh/s3-origin/S3/Dalbergia melanoxylon/3352. Dalbergia melanoxylon.5/3352. Dalbergia melanoxylon.5.(124).png,Dalbergia melanoxylon,Dalbergia,melanoxylon,3352. Dalbergia melanoxylon.5
/kaggle/input/datasets/b23dckh002lvitanh/s3-origin/S3/Dalbergia melanoxylon/3352. Dalbergia melanoxylon.8/3352. Dalbergia melanoxylon.8.(209).png,Dalbergia melanoxylon,Dalbergia,melanoxylon,3352. Dalbergia melanoxylon.8
/kaggle/input/datasets/b23dckh002lvitanh/s3-origin/S3/Dalbergia melanoxylon/3352. Dalbergia melanoxylon.5/3352. Dalbergia melanoxylon.5.(134).png,Dalbergia melanoxylon,Dalbergia,melanoxylon,3352. Dalbergia melanoxylon.5
/kaggle/input/datasets/b23dckh002lvitanh/s3-origin/S3/Dalbergia melanoxylon/3352. Dalbergia melanoxylon.6/3352. Dalbergia melanoxylon.6.(172).png,Dalbergia melanoxylon,Dalbergia,melanoxylon,3352. Dalbergia melanoxylon.6
/kaggle/input/datasets/b23dckh002lvitanh/s3-origin/S3/Dalbergia melanoxylon/3352. Dalbergia melanoxylon.6/3352. Dalbergia melanoxylon.6.(167).png,Dalbergia melanoxylon,Dalbergia,melanoxylon,3352. Dalbergia melanoxylon.6
/kaggle/input/datasets/b23dckh002lvitanh/s3-origin/S3/Dalbergia melanoxylon/3352. Dalbergia melanoxylon.10/3352. Dalbergia melanoxylon.10.(284).png,Dalbergia melanoxylon,Dalbergia,melanoxylon,3352. Dalbergia melanoxylon.10
/kaggle/input/datasets/b23dckh002lvitanh/s3-origin/S3/Dalbergia melanoxylon/3352. Dalbergia melanoxylon.10/3352. Dalbergia melanoxylon.10.(262).png,Dalbergia melanoxylon,Dalbergia,melanoxylon,3352. Dalbergia melanoxylon.10
/kaggle/input/datasets/b23dckh002lvitanh/s3-origin/S3/Dalbergia melanoxylon/3352. Dalbergia melanoxylon.5/3352. Dalbergia melanoxylon.5.(122).png,Dalbergia melanoxylon,Dalbergia,melanoxylon,3352. Dalbergia melanoxylon.5
/kaggle/input/datasets/b23dckh002lvitanh/s3-origin/S3/Dalbergia melanoxylon/3352. Dalbergia melanoxylon.8/3352. Dalbergia melanoxylon.8.(218).png,Dalbergia melanoxylon,Dalbergia,melanoxylon,3352. Dalbergia melanoxylon.8
/kaggle/input/datasets/b23dckh002lvitanh/s3-origin/S3/Dalbergia melanoxylon/3352. Dalbergia melanoxylon.8/3352. Dalbergia melanoxylon.8.(223).png,Dalbergia melanoxylon,Dalbergia,melanoxylon,3352. Dalbergia melanoxylon.8
/kaggle/input/datasets/b23dckh002lvitanh/s3-origin/S3/Dalbergia melanoxylon/3352. Dalbergia melanoxylon.5/3352. Dalbergia melanoxylon.5.(140).png,Dalbergia melanoxylon,Dalbergia,melanoxylon,3352. Dalbergia melanoxylon.5
/kaggle/input/datasets/b23dckh002lvitanh/s3-origin/S3/Dalbergia melanoxylon/3352. Dalbergia melanoxylon.1/3352. Dalbergia melanoxylon.1.(19).png,Dalbergia melanoxylon,Dalbergia,melanoxylon,3352. Dalbergia melanoxylon.1
/kaggle/input/datasets/b23dckh002lvitanh/s3-origin/S3/Dalbergia melanoxylon/3352. Dalbergia melanoxylon.7/3352. Dalbergia melanoxylon.7.(198).png,Dalbergia melanoxylon,Dalbergia,melanoxylon,3352. Dalbergia melanoxylon.7
/kaggle/input/datasets/b23dckh002lvitanh/s3-origin/S3/Dalbergia melanoxylon/3352. Dalbergia melanoxylon.4/3352. Dalbergia melanoxylon.4.(117).png,Dalbergia melanoxylon,Dalbergia,melanoxylon,3352. Dalbergia melanoxylon.4
/kaggle/input/datasets/b23dckh002lvitanh/s3-origin/S3/Dalbergia melanoxylon/3352. Dalbergia melanoxylon.3/3352. Dalbergia melanoxylon.3.(75).png,Dalbergia melanoxylon,Dalbergia,melanoxylon,3352. Dalbergia melanoxylon.3
/kaggle/input/datasets/b23dckh002lvitanh/s3-origin/S3/Dalbergia melanoxylon/3352. Dalbergia melanoxylon.4/3352. Dalbergia melanoxylon.4.(100).png,Dalbergia melanoxylon,Dalbergia,melanoxylon,3352. Dalbergia melanoxylon.4
/kaggle/input/datasets/b23dckh002lvitanh/s3-origin/S3/Dalbergia melanoxylon/3352. Dalbergia melanoxylon.7/3352. Dalbergia melanoxylon.7.(188).png,Dalbergia melanoxylon,Dalbergia,melanoxylon,3352. Dalbergia melanoxylon.7
/kaggle/input/datasets/b23dckh002lvitanh/s3-origin/S3/Dalbergia melanoxylon/3352. Dalbergia melanoxylon.10/3352. Dalbergia melanoxylon.10.(277).png,Dalbergia melanoxylon,Dalbergia,melanoxylon,3352. Dalbergia melanoxylon.10
/kaggle/input/datasets/b23dckh002lvitanh/s3-origin/S3/Dalbergia melanoxylon/3352. Dalbergia melanoxylon.6/3352. Dalbergia melanoxylon.6.(178).png,Dalbergia melanoxylon,Dalbergia,melanoxylon,3352. Dalbergia melanoxylon.6
/kaggle/input/datasets/b23dckh002lvitanh/s3-origin/S3/Dalbergia melanoxylon/3352. Dalbergia melanoxylon.10/3352. Dalbergia melanoxylon.10.(264).png,Dalbergia melanoxylon,Dalbergia,melanoxylon,3352. Dalbergia melanoxylon.10
/kaggle/input/datasets/b23dckh002lvitanh/s3-origin/S3/Dalbergia melanoxylon/3352. Dalbergia melanoxylon.10/3352. Dalbergia melanoxylon.10.(278).png,Dalbergia melanoxylon,Dalbergia,melanoxylon,3352. Dalbergia melanoxylon.10
/kaggle/input/datasets/b23dckh002lvitanh/s3-origin/S3/Dalbergia melanoxylon/3352. Dalbergia melanoxylon.1/3352. Dalbergia melanoxylon.1.(18).png,Dalbergia melanoxylon,Dalbergia,melanoxylon,3352. Dalbergia melanoxylon.1
/kaggle/input/datasets/b23dckh002lvitanh/s3-origin/S3/Dalbergia melanoxylon/3352. Dalbergia melanoxylon.5/3352. Dalbergia melanoxylon.5.(148).png,Dalbergia melanoxylon,Dalbergia,melanoxylon,3352. Dalbergia melanoxylon.5
/kaggle/input/datasets/b23dckh002lvitanh/s3-origin/S3/Dalbergia melanoxylon/3352. Dalbergia melanoxylon.8/3352. Dalbergia melanoxylon.8.(208).png,Dalbergia melanoxylon,Dalbergia,melanoxylon,3352. Dalbergia melanoxylon.8
/kaggle/input/datasets/b23dckh002lvitanh/s3-origin/S3/Dalbergia melanoxylon/3352. Dalbergia melanoxylon.3/3352. Dalbergia melanoxylon.3.(77).png,Dalbergia melanoxylon,Dalbergia,melanoxylon,3352. Dalbergia melanoxylon.3
/kaggle/input/datasets/b23dckh002lvitanh/s3-origin/S3/Dalbergia melanoxylon/3352. Dalbergia melanoxylon.1/3352. Dalbergia melanoxylon.1.(7).png,Dalbergia melanoxylon,Dalbergia,melanoxylon,3352. Dalbergia melanoxylon.1
/kaggle/input/datasets/b23dckh002lvitanh/s3-origin/S3/Dalbergia melanoxylon/3352. Dalbergia melanoxylon.8/3352. Dalbergia melanoxylon.8.(210).png,Dalbergia melanoxylon,Dalbergia,melanoxylon,3352. Dalbergia melanoxylon.8
/kaggle/input/datasets/b23dckh002lvitanh/s3-origin/S3/Dalbergia melanoxylon/3352. Dalbergia melanoxylon.10/3352. Dalbergia melanoxylon.10.(265).png,Dalbergia melanoxylon,Dalbergia,melanoxylon,3352. Dalbergia melanoxylon.10
/kaggle/input/datasets/b23dckh002lvitanh/s3-origin/S3/Dalbergia melanoxylon/3352. Dalbergia melanoxylon.3/3352. Dalbergia melanoxylon.3.(71).png,Dalbergia melanoxylon,Dalbergia,melanoxylon,3352. Dalbergia melanoxylon.3
/kaggle/input/datasets/b23dckh002lvitanh/s3-origin/S3/Dalbergia melanoxylon/3352. Dalbergia melanoxylon.8/3352. Dalbergia melanoxylon.8.(228).png,Dalbergia melanoxylon,Dalbergia,melanoxylon,3352. Dalbergia melanoxylon.8
/kaggle/input/datasets/b23dckh002lvitanh/s3-origin/S3/Dalbergia melanoxylon/3352. Dalbergia melanoxylon.5/3352. Dalbergia melanoxylon.5.(131).png,Dalbergia melanoxylon,Dalbergia,melanoxylon,3352. Dalbergia melanoxylon.5
/kaggle/input/datasets/b23dckh002lvitanh/s3-origin/S3/Dalbergia melanoxylon/3352. Dalbergia melanoxylon.4/3352. Dalbergia melanoxylon.4.(112).png,Dalbergia melanoxylon,Dalbergia,melanoxylon,3352. Dalbergia melanoxylon.4
/kaggle/input/datasets/b23dckh002lvitanh/s3-origin/S3/Dalbergia melanoxylon/3352. Dalbergia melanoxylon.6/3352. Dalbergia melanoxylon.6.(174).png,Dalbergia melanoxylon,Dalbergia,melanoxylon,3352. Dalbergia melanoxylon.6
/kaggle/input/datasets/b23dckh002lvitanh/s3-origin/S3/Dalbergia melanoxylon/3352. Dalbergia melanoxylon.4/3352. Dalbergia melanoxylon.4.(106).png,Dalbergia melanoxylon,Dalbergia,melanoxylon,3352. Dalbergia melanoxylon.4
/kaggle/input/datasets/b23dckh002lvitanh/s3-origin/S3/Dalbergia melanoxylon/3352. Dalbergia melanoxylon.5/3352. Dalbergia melanoxylon.5.(138).png,Dalbergia melanoxylon,Dalbergia,melanoxylon,3352. Dalbergia melanoxylon.5
/kaggle/input/datasets/b23dckh002lvitanh/s3-origin/S3/Dalbergia melanoxylon/3352. Dalbergia melanoxylon.4/3352. Dalbergia melanoxylon.4.(96).png,Dalbergia melanoxylon,Dalbergia,melanoxylon,3352. Dalbergia melanoxylon.4
/kaggle/input/datasets/b23dckh002lvitanh/s3-origin/S3/Dalbergia melanoxylon/3352. Dalbergia melanoxylon.6/3352. Dalbergia melanoxylon.6.(158).png,Dalbergia melanoxylon,Dalbergia,melanoxylon,3352. Dalbergia melanoxylon.6
/kaggle/input/datasets/b23dckh002lvitanh/s3-origin/S3/Dalbergia melanoxylon/3352. Dalbergia melanoxylon.3/3352. Dalbergia melanoxylon.3.(76).png,Dalbergia melanoxylon,Dalbergia,melanoxylon,3352. Dalbergia melanoxylon.3
/kaggle/input/datasets/b23dckh002lvitanh/s3-origin/S3/Dalbergia melanoxylon/3352. Dalbergia melanoxylon.10/3352. Dalbergia melanoxylon.10.(263).png,Dalbergia melanoxylon,Dalbergia,melanoxylon,3352. Dalbergia melanoxylon.10
/kaggle/input/datasets/b23dckh002lvitanh/s3-origin/S3/Dalbergia melanoxylon/3352. Dalbergia melanoxylon.4/3352. Dalbergia melanoxylon.4.(110).png,Dalbergia melanoxylon,Dalbergia,melanoxylon,3352. Dalbergia melanoxylon.4
/kaggle/input/datasets/b23dckh002lvitanh/s3-origin/S3/Dalbergia melanoxylon/3352. Dalbergia melanoxylon.10/3352. Dalbergia melanoxylon.10.(272).png,Dalbergia melanoxylon,Dalbergia,melanoxylon,3352. Dalbergia melanoxylon.10
/kaggle/input/datasets/b23dckh002lvitanh/s3-origin/S3/Dalbergia melanoxylon/3352. Dalbergia melanoxylon.7/3352. Dalbergia melanoxylon.7.(185).png,Dalbergia melanoxylon,Dalbergia,melanoxylon,3352. Dalbergia melanoxylon.7
/kaggle/input/datasets/b23dckh002lvitanh/s3-origin/S3/Dalbergia melanoxylon/3352. Dalbergia melanoxylon.1/3352. Dalbergia melanoxylon.1.(9).png,Dalbergia melanoxylon,Dalbergia,melanoxylon,3352. Dalbergia melanoxylon.1
/kaggle/input/datasets/b23dckh002lvitanh/s3-origin/S3/Dalbergia melanoxylon/3352. Dalbergia melanoxylon.3/3352. Dalbergia melanoxylon.3.(73).png,Dalbergia melanoxylon,Dalbergia,melanoxylon,3352. Dalbergia melanoxylon.3
/kaggle/input/datasets/b23dckh002lvitanh/s3-origin/S3/Dalbergia melanoxylon/3352. Dalbergia melanoxylon.10/3352. Dalbergia melanoxylon.10.(271).png,Dalbergia melanoxylon,Dalbergia,melanoxylon,3352. Dalbergia melanoxylon.10
/kaggle/input/datasets/b23dckh002lvitanh/s3-origin/S3/Dalbergia melanoxylon/3352. Dalbergia melanoxylon.8/3352. Dalbergia melanoxylon.8.(234).png,Dalbergia melanoxylon,Dalbergia,melanoxylon,3352. Dalbergia melanoxylon.8
/kaggle/input/datasets/b23dckh002lvitanh/s3-origin/S3/Dalbergia melanoxylon/3352. Dalbergia melanoxylon.7/3352. Dalbergia melanoxylon.7.(207).png,Dalbergia melanoxylon,Dalbergia,melanoxylon,3352. Dalbergia melanoxylon.7
/kaggle/input/datasets/b23dckh002lvitanh/s3-origin/S3/Dalbergia melanoxylon/3352. Dalbergia melanoxylon.1/3352. Dalbergia melanoxylon.1.(22).png,Dalbergia melanoxylon,Dalbergia,melanoxylon,3352. Dalbergia melanoxylon.1
/kaggle/input/datasets/b23dckh002lvitanh/s3-origin/S3/Dalbergia melanoxylon/3352. Dalbergia melanoxylon.10/3352. Dalbergia melanoxylon.10.(274).png,Dalbergia melanoxylon,Dalbergia,melanoxylon,3352. Dalbergia melanoxylon.10
/kaggle/input/datasets/b23dckh002lvitanh/s3-origin/S3/Dalbergia melanoxylon/3352. Dalbergia melanoxylon.4/3352. Dalbergia melanoxylon.4.(113).png,Dalbergia melanoxylon,Dalbergia,melanoxylon,3352. Dalbergia melanoxylon.4
/kaggle/input/datasets/b23dckh002lvitanh/s3-origin/S3/Dalbergia melanoxylon/3352. Dalbergia melanoxylon.8/3352. Dalbergia melanoxylon.8.(225).png,Dalbergia melanoxylon,Dalbergia,melanoxylon,3352. Dalbergia melanoxylon.8
/kaggle/input/datasets/b23dckh002lvitanh/s3-origin/S3/Dalbergia melanoxylon/3352. Dalbergia melanoxylon.5/3352. Dalbergia melanoxylon.5.(137).png,Dalbergia melanoxylon,Dalbergia,melanoxylon,3352. Dalbergia melanoxylon.5
/kaggle/input/datasets/b23dckh002lvitanh/s3-origin/S3/Dalbergia melanoxylon/3352. Dalbergia melanoxylon.3/3352. Dalbergia melanoxylon.3.(89).png,Dalbergia melanoxylon,Dalbergia,melanoxylon,3352. Dalbergia melanoxylon.3
/kaggle/input/datasets/b23dckh002lvitanh/s3-origin/S3/Dalbergia melanoxylon/3352. Dalbergia melanoxylon.3/3352. Dalbergia melanoxylon.3.(85).png,Dalbergia melanoxylon,Dalbergia,melanoxylon,3352. Dalbergia melanoxylon.3
/kaggle/input/datasets/b23dckh002lvitanh/s3-origin/S3/Dalbergia melanoxylon/3352. Dalbergia melanoxylon.5/3352. Dalbergia melanoxylon.5.(133).png,Dalbergia melanoxylon,Dalbergia,melanoxylon,3352. Dalbergia melanoxylon.5
/kaggle/input/datasets/b23dckh002lvitanh/s3-origin/S3/Dalbergia melanoxylon/3352. Dalbergia melanoxylon.7/3352. Dalbergia melanoxylon.7.(189).png,Dalbergia melanoxylon,Dalbergia,melanoxylon,3352. Dalbergia melanoxylon.7
/kaggle/input/datasets/b23dckh002lvitanh/s3-origin/S3/Dalbergia melanoxylon/3352. Dalbergia melanoxylon.7/3352. Dalbergia melanoxylon.7.(199).png,Dalbergia melanoxylon,Dalbergia,melanoxylon,3352. Dalbergia melanoxylon.7
/kaggle/input/datasets/b23dckh002lvitanh/s3-origin/S3/Dalbergia melanoxylon/3352. Dalbergia melanoxylon.8/3352. Dalbergia melanoxylon.8.(227).png,Dalbergia melanoxylon,Dalbergia,melanoxylon,3352. Dalbergia melanoxylon.8
/kaggle/input/datasets/b23dckh002lvitanh/s3-origin/S3/Dalbergia melanoxylon/3352. Dalbergia melanoxylon.7/3352. Dalbergia melanoxylon.7.(195).png,Dalbergia melanoxylon,Dalbergia,melanoxylon,3352. Dalbergia melanoxylon.7
/kaggle/input/datasets/b23dckh002lvitanh/s3-origin/S3/Dalbergia melanoxylon/3352. Dalbergia melanoxylon.6/3352. Dalbergia melanoxylon.6.(168).png,Dalbergia melanoxylon,Dalbergia,melanoxylon,3352. Dalbergia melanoxylon.6
/kaggle/input/datasets/b23dckh002lvitanh/s3-origin/S3/Dalbergia melanoxylon/3352. Dalbergia melanoxylon.6/3352. Dalbergia melanoxylon.6.(163).png,Dalbergia melanoxylon,Dalbergia,melanoxylon,3352. Dalbergia melanoxylon.6
/kaggle/input/datasets/b23dckh002lvitanh/s3-origin/S3/Dalbergia melanoxylon/3352. Dalbergia melanoxylon.3/3352. Dalbergia melanoxylon.3.(84).png,Dalbergia melanoxylon,Dalbergia,melanoxylon,3352. Dalbergia melanoxylon.3
/kaggle/input/datasets/b23dckh002lvitanh/s3-origin/S3/Dalbergia melanoxylon/3352. Dalbergia melanoxylon.6/3352. Dalbergia melanoxylon.6.(176).png,Dalbergia melanoxylon,Dalbergia,melanoxylon,3352. Dalbergia melanoxylon.6
/kaggle/input/datasets/b23dckh002lvitanh/s3-origin/S3/Dalbergia melanoxylon/3352. Dalbergia melanoxylon.5/3352. Dalbergia melanoxylon.5.(145).png,Dalbergia melanoxylon,Dalbergia,melanoxylon,3352. Dalbergia melanoxylon.5
/kaggle/input/datasets/b23dckh002lvitanh/s3-origin/S3/Dalbergia melanoxylon/3352. Dalbergia melanoxylon.8/3352. Dalbergia melanoxylon.8.(211).png,Dalbergia melanoxylon,Dalbergia,melanoxylon,3352. Dalbergia melanoxylon.8
/kaggle/input/datasets/b23dckh002lvitanh/s3-origin/S3/Dalbergia melanoxylon/3352. Dalbergia melanoxylon.3/3352. Dalbergia melanoxylon.3.(79).png,Dalbergia melanoxylon,Dalbergia,melanoxylon,3352. Dalbergia melanoxylon.3
/kaggle/input/datasets/b23dckh002lvitanh/s3-origin/S3/Dalbergia melanoxylon/3352. Dalbergia melanoxylon.7/3352. Dalbergia melanoxylon.7.(197).png,Dalbergia melanoxylon,Dalbergia,melanoxylon,3352. Dalbergia melanoxylon.7
/kaggle/input/datasets/b23dckh002lvitanh/s3-origin/S3/Dalbergia melanoxylon/3352. Dalbergia melanoxylon.7/3352. Dalbergia melanoxylon.7.(182).png,Dalbergia melanoxylon,Dalbergia,melanoxylon,3352. Dalbergia melanoxylon.7
/kaggle/input/datasets/b23dckh002lvitanh/s3-origin/S3/Dalbergia melanoxylon/3352. Dalbergia melanoxylon.1/3352. Dalbergia melanoxylon.1.(16).png,Dalbergia melanoxylon,Dalbergia,melanoxylon,3352. Dalbergia melanoxylon.1
/kaggle/input/datasets/b23dckh002lvitanh/s3-origin/S3/Dalbergia melanoxylon/3352. Dalbergia melanoxylon.10/3352. Dalbergia melanoxylon.10.(280).png,Dalbergia melanoxylon,Dalbergia,melanoxylon,3352. Dalbergia melanoxylon.10
/kaggle/input/datasets/b23dckh002lvitanh/s3-origin/S3/Dalbergia melanoxylon/3352. Dalbergia melanoxylon.7/3352. Dalbergia melanoxylon.7.(186).png,Dalbergia melanoxylon,Dalbergia,melanoxylon,3352. Dalbergia melanoxylon.7
/kaggle/input/datasets/b23dckh002lvitanh/s3-origin/S3/Dalbergia melanoxylon/3352. Dalbergia melanoxylon.10/3352. Dalbergia melanoxylon.10.(268).png,Dalbergia melanoxylon,Dalbergia,melanoxylon,3352. Dalbergia melanoxylon.10
/kaggle/input/datasets/b23dckh002lvitanh/s3-origin/S3/Dalbergia melanoxylon/3352. Dalbergia melanoxylon.7/3352. Dalbergia melanoxylon.7.(201).png,Dalbergia melanoxylon,Dalbergia,melanoxylon,3352. Dalbergia melanoxylon.7
/kaggle/input/datasets/b23dckh002lvitanh/s3-origin/S3/Dalbergia melanoxylon/3352. Dalbergia melanoxylon.4/3352. Dalbergia melanoxylon.4.(115).png,Dalbergia melanoxylon,Dalbergia,melanoxylon,3352. Dalbergia melanoxylon.4
/kaggle/input/datasets/b23dckh002lvitanh/s3-origin/S3/Dalbergia melanoxylon/3352. Dalbergia melanoxylon.10/3352. Dalbergia melanoxylon.10.(279).png,Dalbergia melanoxylon,Dalbergia,melanoxylon,3352. Dalbergia melanoxylon.10
/kaggle/input/datasets/b23dckh002lvitanh/s3-origin/S3/Dalbergia melanoxylon/3352. Dalbergia melanoxylon.7/3352. Dalbergia melanoxylon.7.(190).png,Dalbergia melanoxylon,Dalbergia,melanoxylon,3352. Dalbergia melanoxylon.7
/kaggle/input/datasets/b23dckh002lvitanh/s3-origin/S3/Dalbergia melanoxylon/3352. Dalbergia melanoxylon.5/3352. Dalbergia melanoxylon.5.(127).png,Dalbergia melanoxylon,Dalbergia,melanoxylon,3352. Dalbergia melanoxylon.5
/kaggle/input/datasets/b23dckh002lvitanh/s3-origin/S3/Dalbergia melanoxylon/3352. Dalbergia melanoxylon.1/3352. Dalbergia melanoxylon.1.(24).png,Dalbergia melanoxylon,Dalbergia,melanoxylon,3352. Dalbergia melanoxylon.1
/kaggle/input/datasets/b23dckh002lvitanh/s3-origin/S3/Dalbergia melanoxylon/3352. Dalbergia melanoxylon.8/3352. Dalbergia melanoxylon.8.(212).png,Dalbergia melanoxylon,Dalbergia,melanoxylon,3352. Dalbergia melanoxylon.8
/kaggle/input/datasets/b23dckh002lvitanh/s3-origin/S3/Dalbergia melanoxylon/3352. Dalbergia melanoxylon.4/3352. Dalbergia melanoxylon.4.(98).png,Dalbergia melanoxylon,Dalbergia,melanoxylon,3352. Dalbergia melanoxylon.4
/kaggle/input/datasets/b23dckh002lvitanh/s3-origin/S3/Dalbergia melanoxylon/3352. Dalbergia melanoxylon.6/3352. Dalbergia melanoxylon.6.(151).png,Dalbergia melanoxylon,Dalbergia,melanoxylon,3352. Dalbergia melanoxylon.6
/kaggle/input/datasets/b23dckh002lvitanh/s3-origin/S3/Dalbergia melanoxylon/3352. Dalbergia melanoxylon.10/3352. Dalbergia melanoxylon.10.(290).png,Dalbergia melanoxylon,Dalbergia,melanoxylon,3352. Dalbergia melanoxylon.10
/kaggle/input/datasets/b23dckh002lvitanh/s3-origin/S3/Dalbergia melanoxylon/3352. Dalbergia melanoxylon.8/3352. Dalbergia melanoxylon.8.(231).png,Dalbergia melanoxylon,Dalbergia,melanoxylon,3352. Dalbergia melanoxylon.8
/kaggle/input/datasets/b23dckh002lvitanh/s3-origin/S3/Dalbergia melanoxylon/3352. Dalbergia melanoxylon.4/3352. Dalbergia melanoxylon.4.(91).png,Dalbergia melanoxylon,Dalbergia,melanoxylon,3352. Dalbergia melanoxylon.4
/kaggle/input/datasets/b23dckh002lvitanh/s3-origin/S3/Dalbergia melanoxylon/3352. Dalbergia melanoxylon.6/3352. Dalbergia melanoxylon.6.(152).png,Dalbergia melanoxylon,Dalbergia,melanoxylon,3352. Dalbergia melanoxylon.6
/kaggle/input/datasets/b23dckh002lvitanh/s3-origin/S3/Dalbergia melanoxylon/3352. Dalbergia melanoxylon.10/3352. Dalbergia melanoxylon.10.(270).png,Dalbergia melanoxylon,Dalbergia,melanoxylon,3352. Dalbergia melanoxylon.10
/kaggle/input/datasets/b23dckh002lvitanh/s3-origin/S3/Dalbergia melanoxylon/3352. Dalbergia melanoxylon.8/3352. Dalbergia melanoxylon.8.(230).png,Dalbergia melanoxylon,Dalbergia,melanoxylon,3352. Dalbergia melanoxylon.8
/kaggle/input/datasets/b23dckh002lvitanh/s3-origin/S3/Dalbergia melanoxylon/3352. Dalbergia melanoxylon.4/3352. Dalbergia melanoxylon.4.(116).png,Dalbergia melanoxylon,Dalbergia,melanoxylon,3352. Dalbergia melanoxylon.4
/kaggle/input/datasets/b23dckh002lvitanh/s3-origin/S3/Dalbergia melanoxylon/3352. Dalbergia melanoxylon.4/3352. Dalbergia melanoxylon.4.(107).png,Dalbergia melanoxylon,Dalbergia,melanoxylon,3352. Dalbergia melanoxylon.4
/kaggle/input/datasets/b23dckh002lvitanh/s3-origin/S3/Dalbergia melanoxylon/3352. Dalbergia melanoxylon.6/3352. Dalbergia melanoxylon.6.(157).png,Dalbergia melanoxylon,Dalbergia,melanoxylon,3352. Dalbergia melanoxylon.6
/kaggle/input/datasets/b23dckh002lvitanh/s3-origin/S3/Dalbergia melanoxylon/3352. Dalbergia melanoxylon.3/3352. Dalbergia melanoxylon.3.(63).png,Dalbergia melanoxylon,Dalbergia,melanoxylon,3352. Dalbergia melanoxylon.3
/kaggle/input/datasets/b23dckh002lvitanh/s3-origin/S3/Dalbergia melanoxylon/3352. Dalbergia melanoxylon.1/3352. Dalbergia melanoxylon.1.(14).png,Dalbergia melanoxylon,Dalbergia,melanoxylon,3352. Dalbergia melanoxylon.1
/kaggle/input/datasets/b23dckh002lvitanh/s3-origin/S3/Dalbergia melanoxylon/3352. Dalbergia melanoxylon.5/3352. Dalbergia melanoxylon.5.(123).png,Dalbergia melanoxylon,Dalbergia,melanoxylon,3352. Dalbergia melanoxylon.5
/kaggle/input/datasets/b23dckh002lvitanh/s3-origin/S3/Dalbergia melanoxylon/3352. Dalbergia melanoxylon.4/3352. Dalbergia melanoxylon.4.(118).png,Dalbergia melanoxylon,Dalbergia,melanoxylon,3352. Dalbergia melanoxylon.4
/kaggle/input/datasets/b23dckh002lvitanh/s3-origin/S3/Dalbergia melanoxylon/3352. Dalbergia melanoxylon.5/3352. Dalbergia melanoxylon.5.(128).png,Dalbergia melanoxylon,Dalbergia,melanoxylon,3352. Dalbergia melanoxylon.5
/kaggle/input/datasets/b23dckh002lvitanh/s3-origin/S3/Dalbergia melanoxylon/3352. Dalbergia melanoxylon.4/3352. Dalbergia melanoxylon.4.(95).png,Dalbergia melanoxylon,Dalbergia,melanoxylon,3352. Dalbergia melanoxylon.4
/kaggle/input/datasets/b23dckh002lvitanh/s3-origin/S3/Dalbergia melanoxylon/3352. Dalbergia melanoxylon.4/3352. Dalbergia melanoxylon.4.(97).png,Dalbergia melanoxylon,Dalbergia,melanoxylon,3352. Dalbergia melanoxylon.4
/kaggle/input/datasets/b23dckh002lvitanh/s3-origin/S3/Dalbergia melanoxylon/3352. Dalbergia melanoxylon.5/3352. Dalbergia melanoxylon.5.(129).png,Dalbergia melanoxylon,Dalbergia,melanoxylon,3352. Dalbergia melanoxylon.5
/kaggle/input/datasets/b23dckh002lvitanh/s3-origin/S3/Dalbergia melanoxylon/3352. Dalbergia melanoxylon.7/3352. Dalbergia melanoxylon.7.(200).png,Dalbergia melanoxylon,Dalbergia,melanoxylon,3352. Dalbergia melanoxylon.7
/kaggle/input/datasets/b23dckh002lvitanh/s3-origin/S3/Dalbergia melanoxylon/3352. Dalbergia melanoxylon.5/3352. Dalbergia melanoxylon.5.(142).png,Dalbergia melanoxylon,Dalbergia,melanoxylon,3352. Dalbergia melanoxylon.5
/kaggle/input/datasets/b23dckh002lvitanh/s3-origin/S3/Dalbergia melanoxylon/3352. Dalbergia melanoxylon.5/3352. Dalbergia melanoxylon.5.(149).png,Dalbergia melanoxylon,Dalbergia,melanoxylon,3352. Dalbergia melanoxylon.5
/kaggle/input/datasets/b23dckh002lvitanh/s3-origin/S3/Dalbergia melanoxylon/3352. Dalbergia melanoxylon.1/3352. Dalbergia melanoxylon.1.(30).png,Dalbergia melanoxylon,Dalbergia,melanoxylon,3352. Dalbergia melanoxylon.1
/kaggle/input/datasets/b23dckh002lvitanh/s3-origin/S3/Dalbergia melanoxylon/3352. Dalbergia melanoxylon.1/3352. Dalbergia melanoxylon.1.(21).png,Dalbergia melanoxylon,Dalbergia,melanoxylon,3352. Dalbergia melanoxylon.1
/kaggle/input/datasets/b23dckh002lvitanh/s3-origin/S3/Dalbergia melanoxylon/3352. Dalbergia melanoxylon.3/3352. Dalbergia melanoxylon.3.(72).png,Dalbergia melanoxylon,Dalbergia,melanoxylon,3352. Dalbergia melanoxylon.3
/kaggle/input/datasets/b23dckh002lvitanh/s3-origin/S3/Dalbergia melanoxylon/3352. Dalbergia melanoxylon.7/3352. Dalbergia melanoxylon.7.(206).png,Dalbergia melanoxylon,Dalbergia,melanoxylon,3352. Dalbergia melanoxylon.7
/kaggle/input/datasets/b23dckh002lvitanh/s3-origin/S3/Dalbergia melanoxylon/3352. Dalbergia melanoxylon.3/3352. Dalbergia melanoxylon.3.(78).png,Dalbergia melanoxylon,Dalbergia,melanoxylon,3352. Dalbergia melanoxylon.3
/kaggle/input/datasets/b23dckh002lvitanh/s3-origin/S3/Dalbergia melanoxylon/3352. Dalbergia melanoxylon.5/3352. Dalbergia melanoxylon.5.(120).png,Dalbergia melanoxylon,Dalbergia,melanoxylon,3352. Dalbergia melanoxylon.5
/kaggle/input/datasets/b23dckh002lvitanh/s3-origin/S3/Dalbergia melanoxylon/3352. Dalbergia melanoxylon.8/3352. Dalbergia melanoxylon.8.(226).png,Dalbergia melanoxylon,Dalbergia,melanoxylon,3352. Dalbergia melanoxylon.8
/kaggle/input/datasets/b23dckh002lvitanh/s3-origin/S3/Dalbergia melanoxylon/3352. Dalbergia melanoxylon.5/3352. Dalbergia melanoxylon.5.(139).png,Dalbergia melanoxylon,Dalbergia,melanoxylon,3352. Dalbergia melanoxylon.5
/kaggle/input/datasets/b23dckh002lvitanh/s3-origin/S3/Dalbergia melanoxylon/3352. Dalbergia melanoxylon.10/3352. Dalbergia melanoxylon.10.(276).png,Dalbergia melanoxylon,Dalbergia,melanoxylon,3352. Dalbergia melanoxylon.10
/kaggle/input/datasets/b23dckh002lvitanh/s3-origin/S3/Dalbergia melanoxylon/3352. Dalbergia melanoxylon.10/3352. Dalbergia melanoxylon.10.(269).png,Dalbergia melanoxylon,Dalbergia,melanoxylon,3352. Dalbergia melanoxylon.10
/kaggle/input/datasets/b23dckh002lvitanh/s3-origin/S3/Dalbergia melanoxylon/3352. Dalbergia melanoxylon.8/3352. Dalbergia melanoxylon.8.(220).png,Dalbergia melanoxylon,Dalbergia,melanoxylon,3352. Dalbergia melanoxylon.8
/kaggle/input/datasets/b23dckh002lvitanh/s3-origin/S3/Dalbergia melanoxylon/3352. Dalbergia melanoxylon.10/3352. Dalbergia melanoxylon.10.(281).png,Dalbergia melanoxylon,Dalbergia,melanoxylon,3352. Dalbergia melanoxylon.10
/kaggle/input/datasets/b23dckh002lvitanh/s3-origin/S3/Dalbergia oliveri/Dalbergia oliveri_3237.7/Dalbergia oliveri_3237.7_ (1).png,Dalbergia oliveri,Dalbergia,oliveri,Dalbergia oliveri_3237.7
/kaggle/input/datasets/b23dckh002lvitanh/s3-origin/S3/Dalbergia oliveri/Dalbergia oliveri_3237.1/Dalbergia oliveri_3237.1_ (9).png,Dalbergia oliveri,Dalbergia,oliveri,Dalbergia oliveri_3237.1
/kaggle/input/datasets/b23dckh002lvitanh/s3-origin/S3/Dalbergia oliveri/Dalbergia oliveri_3237.4/Dalbergia oliveri_3237.4_ (3).png,Dalbergia oliveri,Dalbergia,oliveri,Dalbergia oliveri_3237.4
/kaggle/input/datasets/b23dckh002lvitanh/s3-origin/S3/Dalbergia oliveri/Dalbergia oliveri_3237.8/Dalbergia oliveri_3237.8_ (1).png,Dalbergia oliveri,Dalbergia,oliveri,Dalbergia oliveri_3237.8
/kaggle/input/datasets/b23dckh002lvitanh/s3-origin/S3/Dalbergia oliveri/Dalbergia oliveri_3237.5/Dalbergia oliveri_3237.5_ (21).png,Dalbergia oliveri,Dalbergia,oliveri,Dalbergia oliveri_3237.5
/kaggle/input/datasets/b23dckh002lvitanh/s3-origin/S3/Dalbergia oliveri/Dalbergia oliveri_3237.7/Dalbergia oliveri_3237.7_ (7).png,Dalbergia oliveri,Dalbergia,oliveri,Dalbergia oliveri_3237.7
/kaggle/input/datasets/b23dckh002lvitanh/s3-origin/S3/Dalbergia oliveri/Dalbergia oliveri_3237.8/Dalbergia oliveri_3237.8_ (3).png,Dalbergia oliveri,Dalbergia,oliveri,Dalbergia oliveri_3237.8
/kaggle/input/datasets/b23dckh002lvitanh/s3-origin/S3/Dalbergia oliveri/Dalbergia oliveri_3237.7/Dalbergia oliveri_3237.7_ (30).png,Dalbergia oliveri,Dalbergia,oliveri,Dalbergia oliveri_3237.7
/kaggle/input/datasets/b23dckh002lvitanh/s3-origin/S3/Dalbergia oliveri/Dalbergia oliveri_3237.1/Dalbergia oliveri_3237.1_ (2).png,Dalbergia oliveri,Dalbergia,oliveri,Dalbergia oliveri_3237.1
/kaggle/input/datasets/b23dckh002lvitanh/s3-origin/S3/Dalbergia oliveri/Dalbergia oliveri_3237.1/Dalbergia oliveri_3237.1_ (8).png,Dalbergia oliveri,Dalbergia,oliveri,Dalbergia oliveri_3237.1
/kaggle/input/datasets/b23dckh002lvitanh/s3-origin/S3/Dalbergia oliveri/Dalbergia oliveri_3237.7/Dalbergia oliveri_3237.7_ (8).png,Dalbergia oliveri,Dalbergia,oliveri,Dalbergia oliveri_3237.7
/kaggle/input/datasets/b23dckh002lvitanh/s3-origin/S3/Dalbergia oliveri/Dalbergia oliveri_3237.8/Dalbergia oliveri_3237.8_ (11).png,Dalbergia oliveri,Dalbergia,oliveri,Dalbergia oliveri_3237.8
/kaggle/input/datasets/b23dckh002lvitanh/s3-origin/S3/Dalbergia oliveri/Dalbergia oliveri_3237.9/Dalbergia oliveri_3237.9_ (18).png,Dalbergia oliveri,Dalbergia,oliveri,Dalbergia oliveri_3237.9
/kaggle/input/datasets/b23dckh002lvitanh/s3-origin/S3/Dalbergia oliveri/Dalbergia oliveri_3237.8/Dalbergia oliveri_3237.8_ (8).png,Dalbergia oliveri,Dalbergia,oliveri,Dalbergia oliveri_3237.8
/kaggle/input/datasets/b23dckh002lvitanh/s3-origin/S3/Dalbergia oliveri/Dalbergia oliveri_3237.6/Dalbergia oliveri_3237.6_ (13).png,Dalbergia oliveri,Dalbergia,oliveri,Dalbergia oliveri_3237.6
/kaggle/input/datasets/b23dckh002lvitanh/s3-origin/S3/Dalbergia oliveri/Dalbergia oliveri_3237.4/Dalbergia oliveri_3237.4_ (17).png,Dalbergia oliveri,Dalbergia,oliveri,Dalbergia oliveri_3237.4
/kaggle/input/datasets/b23dckh002lvitanh/s3-origin/S3/Dalbergia oliveri/Dalbergia oliveri_3237.8/Dalbergia oliveri_3237.8_ (18).png,Dalbergia oliveri,Dalbergia,oliveri,Dalbergia oliveri_3237.8
/kaggle/input/datasets/b23dckh002lvitanh/s3-origin/S3/Dalbergia oliveri/Dalbergia oliveri_3237.1/Dalbergia oliveri_3237.1_ (13).png,Dalbergia oliveri,Dalbergia,oliveri,Dalbergia oliveri_3237.1
/kaggle/input/datasets/b23dckh002lvitanh/s3-origin/S3/Dalbergia oliveri/Dalbergia oliveri_3237.5/Dalbergia oliveri_3237.5_ (24).png,Dalbergia oliveri,Dalbergia,oliveri,Dalbergia oliveri_3237.5
/kaggle/input/datasets/b23dckh002lvitanh/s3-origin/S3/Dalbergia oliveri/Dalbergia oliveri_3237.1/Dalbergia oliveri_3237.1_ (5).png,Dalbergia oliveri,Dalbergia,oliveri,Dalbergia oliveri_3237.1
/kaggle/input/datasets/b23dckh002lvitanh/s3-origin/S3/Dalbergia oliveri/Dalbergia oliveri_3237.9/Dalbergia oliveri_3237.9_ (32).png,Dalbergia oliveri,Dalbergia,oliveri,Dalbergia oliveri_3237.9
/kaggle/input/datasets/b23dckh002lvitanh/s3-origin/S3/Dalbergia oliveri/Dalbergia oliveri_3237.1/Dalbergia oliveri_3237.1_ (23).png,Dalbergia oliveri,Dalbergia,oliveri,Dalbergia oliveri_3237.1
/kaggle/input/datasets/b23dckh002lvitanh/s3-origin/S3/Dalbergia oliveri/Dalbergia oliveri_3237.5/Dalbergia oliveri_3237.5_ (19).png,Dalbergia oliveri,Dalbergia,oliveri,Dalbergia oliveri_3237.5
/kaggle/input/datasets/b23dckh002lvitanh/s3-origin/S3/Dalbergia oliveri/Dalbergia oliveri_3237.6/Dalbergia oliveri_3237.6_ (28).png,Dalbergia oliveri,Dalbergia,oliveri,Dalbergia oliveri_3237.6
/kaggle/input/datasets/b23dckh002lvitanh/s3-origin/S3/Dalbergia oliveri/Dalbergia oliveri_3237.2/Dalbergia oliveri_3237.2_ (8).png,Dalbergia oliveri,Dalbergia,oliveri,Dalbergia oliveri_3237.2
/kaggle/input/datasets/b23dckh002lvitanh/s3-origin/S3/Dalbergia oliveri/Dalbergia oliveri_3237.5/Dalbergia oliveri_3237.5_ (22).png,Dalbergia oliveri,Dalbergia,oliveri,Dalbergia oliveri_3237.5
/kaggle/input/datasets/b23dckh002lvitanh/s3-origin/S3/Dalbergia oliveri/Dalbergia oliveri_3237.9/Dalbergia oliveri_3237.9_ (21).png,Dalbergia oliveri,Dalbergia,oliveri,Dalbergia oliveri_3237.9
/kaggle/input/datasets/b23dckh002lvitanh/s3-origin/S3/Dalbergia oliveri/Dalbergia oliveri_3237.9/Dalbergia oliveri_3237.9_ (14).png,Dalbergia oliveri,Dalbergia,oliveri,Dalbergia oliveri_3237.9
/kaggle/input/datasets/b23dckh002lvitanh/s3-origin/S3/Dalbergia oliveri/Dalbergia oliveri_3237.1/Dalbergia oliveri_3237.1_ (28).png,Dalbergia oliveri,Dalbergia,oliveri,Dalbergia oliveri_3237.1
/kaggle/input/datasets/b23dckh002lvitanh/s3-origin/S3/Dalbergia oliveri/Dalbergia oliveri_3237.7/Dalbergia oliveri_3237.7_ (2).png,Dalbergia oliveri,Dalbergia,oliveri,Dalbergia oliveri_3237.7
/kaggle/input/datasets/b23dckh002lvitanh/s3-origin/S3/Dalbergia oliveri/Dalbergia oliveri_3237.7/Dalbergia oliveri_3237.7_ (20).png,Dalbergia oliveri,Dalbergia,oliveri,Dalbergia oliveri_3237.7
/kaggle/input/datasets/b23dckh002lvitanh/s3-origin/S3/Dalbergia oliveri/Dalbergia oliveri_3237.5/Dalbergia oliveri_3237.5_ (18).png,Dalbergia oliveri,Dalbergia,oliveri,Dalbergia oliveri_3237.5
/kaggle/input/datasets/b23dckh002lvitanh/s3-origin/S3/Dalbergia oliveri/Dalbergia oliveri_3237.6/Dalbergia oliveri_3237.6_ (10).png,Dalbergia oliveri,Dalbergia,oliveri,Dalbergia oliveri_3237.6
/kaggle/input/datasets/b23dckh002lvitanh/s3-origin/S3/Dalbergia oliveri/Dalbergia oliveri_3237.8/Dalbergia oliveri_3237.8_ (22).png,Dalbergia oliveri,Dalbergia,oliveri,Dalbergia oliveri_3237.8
/kaggle/input/datasets/b23dckh002lvitanh/s3-origin/S3/Dalbergia oliveri/Dalbergia oliveri_3237.8/Dalbergia oliveri_3237.8_ (24).png,Dalbergia oliveri,Dalbergia,oliveri,Dalbergia oliveri_3237.8
/kaggle/input/datasets/b23dckh002lvitanh/s3-origin/S3/Dalbergia oliveri/Dalbergia oliveri_3237.1/Dalbergia oliveri_3237.1_ (12).png,Dalbergia oliveri,Dalbergia,oliveri,Dalbergia oliveri_3237.1
/kaggle/input/datasets/b23dckh002lvitanh/s3-origin/S3/Dalbergia oliveri/Dalbergia oliveri_3237.4/Dalbergia oliveri_3237.4_ (25).png,Dalbergia oliveri,Dalbergia,oliveri,Dalbergia oliveri_3237.4
/kaggle/input/datasets/b23dckh002lvitanh/s3-origin/S3/Dalbergia oliveri/Dalbergia oliveri_3237.1/Dalbergia oliveri_3237.1_ (32).png,Dalbergia oliveri,Dalbergia,oliveri,Dalbergia oliveri_3237.1
/kaggle/input/datasets/b23dckh002lvitanh/s3-origin/S3/Dalbergia oliveri/Dalbergia oliveri_3237.4/Dalbergia oliveri_3237.4_ (2).png,Dalbergia oliveri,Dalbergia,oliveri,Dalbergia oliveri_3237.4
/kaggle/input/datasets/b23dckh002lvitanh/s3-origin/S3/Dalbergia oliveri/Dalbergia oliveri_3237.6/Dalbergia oliveri_3237.6_ (4).png,Dalbergia oliveri,Dalbergia,oliveri,Dalbergia oliveri_3237.6
/kaggle/input/datasets/b23dckh002lvitanh/s3-origin/S3/Dalbergia oliveri/Dalbergia oliveri_3237.8/Dalbergia oliveri_3237.8_ (28).png,Dalbergia oliveri,Dalbergia,oliveri,Dalbergia oliveri_3237.8
/kaggle/input/datasets/b23dckh002lvitanh/s3-origin/S3/Dalbergia oliveri/Dalbergia oliveri_3237.7/Dalbergia oliveri_3237.7_ (33).png,Dalbergia oliveri,Dalbergia,oliveri,Dalbergia oliveri_3237.7
/kaggle/input/datasets/b23dckh002lvitanh/s3-origin/S3/Dalbergia oliveri/Dalbergia oliveri_3237.9/Dalbergia oliveri_3237.9_ (23).png,Dalbergia oliveri,Dalbergia,oliveri,Dalbergia oliveri_3237.9
/kaggle/input/datasets/b23dckh002lvitanh/s3-origin/S3/Dalbergia oliveri/Dalbergia oliveri_3237.7/Dalbergia oliveri_3237.7_ (22).png,Dalbergia oliveri,Dalbergia,oliveri,Dalbergia oliveri_3237.7
/kaggle/input/datasets/b23dckh002lvitanh/s3-origin/S3/Dalbergia oliveri/Dalbergia oliveri_3237.2/Dalbergia oliveri_3237.2_ (14).png,Dalbergia oliveri,Dalbergia,oliveri,Dalbergia oliveri_3237.2
/kaggle/input/datasets/b23dckh002lvitanh/s3-origin/S3/Dalbergia oliveri/Dalbergia oliveri_3237.4/Dalbergia oliveri_3237.4_ (8).png,Dalbergia oliveri,Dalbergia,oliveri,Dalbergia oliveri_3237.4
/kaggle/input/datasets/b23dckh002lvitanh/s3-origin/S3/Dalbergia oliveri/Dalbergia oliveri_3237.1/Dalbergia oliveri_3237.1_ (21).png,Dalbergia oliveri,Dalbergia,oliveri,Dalbergia oliveri_3237.1
/kaggle/input/datasets/b23dckh002lvitanh/s3-origin/S3/Dalbergia oliveri/Dalbergia oliveri_3237.4/Dalbergia oliveri_3237.4_ (21).png,Dalbergia oliveri,Dalbergia,oliveri,Dalbergia oliveri_3237.4
/kaggle/input/datasets/b23dckh002lvitanh/s3-origin/S3/Dalbergia oliveri/Dalbergia oliveri_3237.8/Dalbergia oliveri_3237.8_ (21).png,Dalbergia oliveri,Dalbergia,oliveri,Dalbergia oliveri_3237.8
/kaggle/input/datasets/b23dckh002lvitanh/s3-origin/S3/Dalbergia oliveri/Dalbergia oliveri_3237.8/Dalbergia oliveri_3237.8_ (17).png,Dalbergia oliveri,Dalbergia,oliveri,Dalbergia oliveri_3237.8
/kaggle/input/datasets/b23dckh002lvitanh/s3-origin/S3/Dalbergia oliveri/Dalbergia oliveri_3237.7/Dalbergia oliveri_3237.7_ (17).png,Dalbergia oliveri,Dalbergia,oliveri,Dalbergia oliveri_3237.7
/kaggle/input/datasets/b23dckh002lvitanh/s3-origin/S3/Dalbergia oliveri/Dalbergia oliveri_3237.2/Dalbergia oliveri_3237.2_ (4).png,Dalbergia oliveri,Dalbergia,oliveri,Dalbergia oliveri_3237.2
/kaggle/input/datasets/b23dckh002lvitanh/s3-origin/S3/Dalbergia oliveri/Dalbergia oliveri_3237.6/Dalbergia oliveri_3237.6_ (1).png,Dalbergia oliveri,Dalbergia,oliveri,Dalbergia oliveri_3237.6
/kaggle/input/datasets/b23dckh002lvitanh/s3-origin/S3/Dalbergia oliveri/Dalbergia oliveri_3237.4/Dalbergia oliveri_3237.4_ (19).png,Dalbergia oliveri,Dalbergia,oliveri,Dalbergia oliveri_3237.4
/kaggle/input/datasets/b23dckh002lvitanh/s3-origin/S3/Dalbergia oliveri/Dalbergia oliveri_3237.2/Dalbergia oliveri_3237.2_ (11).png,Dalbergia oliveri,Dalbergia,oliveri,Dalbergia oliveri_3237.2
/kaggle/input/datasets/b23dckh002lvitanh/s3-origin/S3/Dalbergia oliveri/Dalbergia oliveri_3237.8/Dalbergia oliveri_3237.8_ (25).png,Dalbergia oliveri,Dalbergia,oliveri,Dalbergia oliveri_3237.8
/kaggle/input/datasets/b23dckh002lvitanh/s3-origin/S3/Dalbergia oliveri/Dalbergia oliveri_3237.5/Dalbergia oliveri_3237.5_ (3).png,Dalbergia oliveri,Dalbergia,oliveri,Dalbergia oliveri_3237.5
/kaggle/input/datasets/b23dckh002lvitanh/s3-origin/S3/Dalbergia oliveri/Dalbergia oliveri_3237.6/Dalbergia oliveri_3237.6_ (6).png,Dalbergia oliveri,Dalbergia,oliveri,Dalbergia oliveri_3237.6
/kaggle/input/datasets/b23dckh002lvitanh/s3-origin/S3/Dalbergia oliveri/Dalbergia oliveri_3237.6/Dalbergia oliveri_3237.6_ (17).png,Dalbergia oliveri,Dalbergia,oliveri,Dalbergia oliveri_3237.6
/kaggle/input/datasets/b23dckh002lvitanh/s3-origin/S3/Dalbergia oliveri/Dalbergia oliveri_3237.2/Dalbergia oliveri_3237.2_ (21).png,Dalbergia oliveri,Dalbergia,oliveri,Dalbergia oliveri_3237.2
/kaggle/input/datasets/b23dckh002lvitanh/s3-origin/S3/Dalbergia oliveri/Dalbergia oliveri_3237.5/Dalbergia oliveri_3237.5_ (2).png,Dalbergia oliveri,Dalbergia,oliveri,Dalbergia oliveri_3237.5
/kaggle/input/datasets/b23dckh002lvitanh/s3-origin/S3/Dalbergia oliveri/Dalbergia oliveri_3237.7/Dalbergia oliveri_3237.7_ (15).png,Dalbergia oliveri,Dalbergia,oliveri,Dalbergia oliveri_3237.7
/kaggle/input/datasets/b23dckh002lvitanh/s3-origin/S3/Dalbergia oliveri/Dalbergia oliveri_3237.9/Dalbergia oliveri_3237.9_ (2).png,Dalbergia oliveri,Dalbergia,oliveri,Dalbergia oliveri_3237.9
/kaggle/input/datasets/b23dckh002lvitanh/s3-origin/S3/Dalbergia oliveri/Dalbergia oliveri_3237.5/Dalbergia oliveri_3237.5_ (30).png,Dalbergia oliveri,Dalbergia,oliveri,Dalbergia oliveri_3237.5
/kaggle/input/datasets/b23dckh002lvitanh/s3-origin/S3/Dalbergia oliveri/Dalbergia oliveri_3237.9/Dalbergia oliveri_3237.9_ (26).png,Dalbergia oliveri,Dalbergia,oliveri,Dalbergia oliveri_3237.9
/kaggle/input/datasets/b23dckh002lvitanh/s3-origin/S3/Dalbergia oliveri/Dalbergia oliveri_3237.6/Dalbergia oliveri_3237.6_ (7).png,Dalbergia oliveri,Dalbergia,oliveri,Dalbergia oliveri_3237.6
/kaggle/input/datasets/b23dckh002lvitanh/s3-origin/S3/Dalbergia oliveri/Dalbergia oliveri_3237.5/Dalbergia oliveri_3237.5_ (15).png,Dalbergia oliveri,Dalbergia,oliveri,Dalbergia oliveri_3237.5
/kaggle/input/datasets/b23dckh002lvitanh/s3-origin/S3/Dalbergia oliveri/Dalbergia oliveri_3237.7/Dalbergia oliveri_3237.7_ (9).png,Dalbergia oliveri,Dalbergia,oliveri,Dalbergia oliveri_3237.7
/kaggle/input/datasets/b23dckh002lvitanh/s3-origin/S3/Dalbergia oliveri/Dalbergia oliveri_3237.4/Dalbergia oliveri_3237.4_ (12).png,Dalbergia oliveri,Dalbergia,oliveri,Dalbergia oliveri_3237.4
/kaggle/input/datasets/b23dckh002lvitanh/s3-origin/S3/Dalbergia oliveri/Dalbergia oliveri_3237.5/Dalbergia oliveri_3237.5_ (16).png,Dalbergia oliveri,Dalbergia,oliveri,Dalbergia oliveri_3237.5
/kaggle/input/datasets/b23dckh002lvitanh/s3-origin/S3/Dalbergia oliveri/Dalbergia oliveri_3237.6/Dalbergia oliveri_3237.6_ (25).png,Dalbergia oliveri,Dalbergia,oliveri,Dalbergia oliveri_3237.6
/kaggle/input/datasets/b23dckh002lvitanh/s3-origin/S3/Dalbergia oliveri/Dalbergia oliveri_3237.4/Dalbergia oliveri_3237.4_ (28).png,Dalbergia oliveri,Dalbergia,oliveri,Dalbergia oliveri_3237.4
/kaggle/input/datasets/b23dckh002lvitanh/s3-origin/S3/Dalbergia oliveri/Dalbergia oliveri_3237.6/Dalbergia oliveri_3237.6_ (26).png,Dalbergia oliveri,Dalbergia,oliveri,Dalbergia oliveri_3237.6
/kaggle/input/datasets/b23dckh002lvitanh/s3-origin/S3/Dalbergia oliveri/Dalbergia oliveri_3237.5/Dalbergia oliveri_3237.5_ (6).png,Dalbergia oliveri,Dalbergia,oliveri,Dalbergia oliveri_3237.5
/kaggle/input/datasets/b23dckh002lvitanh/s3-origin/S3/Dalbergia oliveri/Dalbergia oliveri_3237.5/Dalbergia oliveri_3237.5_ (1).png,Dalbergia oliveri,Dalbergia,oliveri,Dalbergia oliveri_3237.5
/kaggle/input/datasets/b23dckh002lvitanh/s3-origin/S3/Dalbergia oliveri/Dalbergia oliveri_3237.9/Dalbergia oliveri_3237.9_ (11).png,Dalbergia oliveri,Dalbergia,oliveri,Dalbergia oliveri_3237.9
/kaggle/input/datasets/b23dckh002lvitanh/s3-origin/S3/Dalbergia oliveri/Dalbergia oliveri_3237.5/Dalbergia oliveri_3237.5_ (27).png,Dalbergia oliveri,Dalbergia,oliveri,Dalbergia oliveri_3237.5
/kaggle/input/datasets/b23dckh002lvitanh/s3-origin/S3/Dalbergia oliveri/Dalbergia oliveri_3237.9/Dalbergia oliveri_3237.9_ (7).png,Dalbergia oliveri,Dalbergia,oliveri,Dalbergia oliveri_3237.9
/kaggle/input/datasets/b23dckh002lvitanh/s3-origin/S3/Dalbergia oliveri/Dalbergia oliveri_3237.4/Dalbergia oliveri_3237.4_ (13).png,Dalbergia oliveri,Dalbergia,oliveri,Dalbergia oliveri_3237.4
/kaggle/input/datasets/b23dckh002lvitanh/s3-origin/S3/Dalbergia oliveri/Dalbergia oliveri_3237.1/Dalbergia oliveri_3237.1_ (29).png,Dalbergia oliveri,Dalbergia,oliveri,Dalbergia oliveri_3237.1
/kaggle/input/datasets/b23dckh002lvitanh/s3-origin/S3/Dalbergia oliveri/Dalbergia oliveri_3237.7/Dalbergia oliveri_3237.7_ (19).png,Dalbergia oliveri,Dalbergia,oliveri,Dalbergia oliveri_3237.7
/kaggle/input/datasets/b23dckh002lvitanh/s3-origin/S3/Dalbergia oliveri/Dalbergia oliveri_3237.4/Dalbergia oliveri_3237.4_ (14).png,Dalbergia oliveri,Dalbergia,oliveri,Dalbergia oliveri_3237.4
/kaggle/input/datasets/b23dckh002lvitanh/s3-origin/S3/Dalbergia oliveri/Dalbergia oliveri_3237.5/Dalbergia oliveri_3237.5_ (13).png,Dalbergia oliveri,Dalbergia,oliveri,Dalbergia oliveri_3237.5
/kaggle/input/datasets/b23dckh002lvitanh/s3-origin/S3/Dalbergia oliveri/Dalbergia oliveri_3237.1/Dalbergia oliveri_3237.1_ (10).png,Dalbergia oliveri,Dalbergia,oliveri,Dalbergia oliveri_3237.1
/kaggle/input/datasets/b23dckh002lvitanh/s3-origin/S3/Dalbergia oliveri/Dalbergia oliveri_3237.2/Dalbergia oliveri_3237.2_ (25).png,Dalbergia oliveri,Dalbergia,oliveri,Dalbergia oliveri_3237.2
/kaggle/input/datasets/b23dckh002lvitanh/s3-origin/S3/Dalbergia oliveri/Dalbergia oliveri_3237.6/Dalbergia oliveri_3237.6_ (21).png,Dalbergia oliveri,Dalbergia,oliveri,Dalbergia oliveri_3237.6
/kaggle/input/datasets/b23dckh002lvitanh/s3-origin/S3/Dalbergia oliveri/Dalbergia oliveri_3237.6/Dalbergia oliveri_3237.6_ (11).png,Dalbergia oliveri,Dalbergia,oliveri,Dalbergia oliveri_3237.6
/kaggle/input/datasets/b23dckh002lvitanh/s3-origin/S3/Dalbergia oliveri/Dalbergia oliveri_3237.7/Dalbergia oliveri_3237.7_ (3).png,Dalbergia oliveri,Dalbergia,oliveri,Dalbergia oliveri_3237.7
/kaggle/input/datasets/b23dckh002lvitanh/s3-origin/S3/Dalbergia oliveri/Dalbergia oliveri_3237.4/Dalbergia oliveri_3237.4_ (9).png,Dalbergia oliveri,Dalbergia,oliveri,Dalbergia oliveri_3237.4
/kaggle/input/datasets/b23dckh002lvitanh/s3-origin/S3/Dalbergia oliveri/Dalbergia oliveri_3237.7/Dalbergia oliveri_3237.7_ (23).png,Dalbergia oliveri,Dalbergia,oliveri,Dalbergia oliveri_3237.7
/kaggle/input/datasets/b23dckh002lvitanh/s3-origin/S3/Dalbergia oliveri/Dalbergia oliveri_3237.4/Dalbergia oliveri_3237.4_ (29).png,Dalbergia oliveri,Dalbergia,oliveri,Dalbergia oliveri_3237.4
/kaggle/input/datasets/b23dckh002lvitanh/s3-origin/S3/Dalbergia oliveri/Dalbergia oliveri_3237.8/Dalbergia oliveri_3237.8_ (16).png,Dalbergia oliveri,Dalbergia,oliveri,Dalbergia oliveri_3237.8
/kaggle/input/datasets/b23dckh002lvitanh/s3-origin/S3/Dalbergia oliveri/Dalbergia oliveri_3237.9/Dalbergia oliveri_3237.9_ (9).png,Dalbergia oliveri,Dalbergia,oliveri,Dalbergia oliveri_3237.9
/kaggle/input/datasets/b23dckh002lvitanh/s3-origin/S3/Dalbergia oliveri/Dalbergia oliveri_3237.1/Dalbergia oliveri_3237.1_ (25).png,Dalbergia oliveri,Dalbergia,oliveri,Dalbergia oliveri_3237.1
/kaggle/input/datasets/b23dckh002lvitanh/s3-origin/S3/Dalbergia oliveri/Dalbergia oliveri_3237.1/Dalbergia oliveri_3237.1_ (30).png,Dalbergia oliveri,Dalbergia,oliveri,Dalbergia oliveri_3237.1
/kaggle/input/datasets/b23dckh002lvitanh/s3-origin/S3/Dalbergia oliveri/Dalbergia oliveri_3237.2/Dalbergia oliveri_3237.2_ (1).png,Dalbergia oliveri,Dalbergia,oliveri,Dalbergia oliveri_3237.2
/kaggle/input/datasets/b23dckh002lvitanh/s3-origin/S3/Dalbergia oliveri/Dalbergia oliveri_3237.1/Dalbergia oliveri_3237.1_ (4).png,Dalbergia oliveri,Dalbergia,oliveri,Dalbergia oliveri_3237.1
/kaggle/input/datasets/b23dckh002lvitanh/s3-origin/S3/Dalbergia oliveri/Dalbergia oliveri_3237.2/Dalbergia oliveri_3237.2_ (3).png,Dalbergia oliveri,Dalbergia,oliveri,Dalbergia oliveri_3237.2
/kaggle/input/datasets/b23dckh002lvitanh/s3-origin/S3/Dalbergia oliveri/Dalbergia oliveri_3237.5/Dalbergia oliveri_3237.5_ (25).png,Dalbergia oliveri,Dalbergia,oliveri,Dalbergia oliveri_3237.5
/kaggle/input/datasets/b23dckh002lvitanh/s3-origin/S3/Dalbergia oliveri/Dalbergia oliveri_3237.1/Dalbergia oliveri_3237.1_ (3).png,Dalbergia oliveri,Dalbergia,oliveri,Dalbergia oliveri_3237.1
/kaggle/input/datasets/b23dckh002lvitanh/s3-origin/S3/Dalbergia oliveri/Dalbergia oliveri_3237.5/Dalbergia oliveri_3237.5_ (7).png,Dalbergia oliveri,Dalbergia,oliveri,Dalbergia oliveri_3237.5
/kaggle/input/datasets/b23dckh002lvitanh/s3-origin/S3/Dalbergia oliveri/Dalbergia oliveri_3237.4/Dalbergia oliveri_3237.4_ (26).png,Dalbergia oliveri,Dalbergia,oliveri,Dalbergia oliveri_3237.4
/kaggle/input/datasets/b23dckh002lvitanh/s3-origin/S3/Dalbergia oliveri/Dalbergia oliveri_3237.7/Dalbergia oliveri_3237.7_ (32).png,Dalbergia oliveri,Dalbergia,oliveri,Dalbergia oliveri_3237.7
/kaggle/input/datasets/b23dckh002lvitanh/s3-origin/S3/Dalbergia oliveri/Dalbergia oliveri_3237.9/Dalbergia oliveri_3237.9_ (24).png,Dalbergia oliveri,Dalbergia,oliveri,Dalbergia oliveri_3237.9
/kaggle/input/datasets/b23dckh002lvitanh/s3-origin/S3/Dalbergia oliveri/Dalbergia oliveri_3237.2/Dalbergia oliveri_3237.2_ (32).png,Dalbergia oliveri,Dalbergia,oliveri,Dalbergia oliveri_3237.2
/kaggle/input/datasets/b23dckh002lvitanh/s3-origin/S3/Dalbergia oliveri/Dalbergia oliveri_3237.9/Dalbergia oliveri_3237.9_ (29).png,Dalbergia oliveri,Dalbergia,oliveri,Dalbergia oliveri_3237.9
/kaggle/input/datasets/b23dckh002lvitanh/s3-origin/S3/Dalbergia oliveri/Dalbergia oliveri_3237.5/Dalbergia oliveri_3237.5_ (4).png,Dalbergia oliveri,Dalbergia,oliveri,Dalbergia oliveri_3237.5
/kaggle/input/datasets/b23dckh002lvitanh/s3-origin/S3/Dalbergia oliveri/Dalbergia oliveri_3237.6/Dalbergia oliveri_3237.6_ (15).png,Dalbergia oliveri,Dalbergia,oliveri,Dalbergia oliveri_3237.6
/kaggle/input/datasets/b23dckh002lvitanh/s3-origin/S3/Dalbergia oliveri/Dalbergia oliveri_3237.9/Dalbergia oliveri_3237.9_ (8).png,Dalbergia oliveri,Dalbergia,oliveri,Dalbergia oliveri_3237.9
/kaggle/input/datasets/b23dckh002lvitanh/s3-origin/S3/Dalbergia oliveri/Dalbergia oliveri_3237.4/Dalbergia oliveri_3237.4_ (30).png,Dalbergia oliveri,Dalbergia,oliveri,Dalbergia oliveri_3237.4
/kaggle/input/datasets/b23dckh002lvitanh/s3-origin/S3/Dalbergia oliveri/Dalbergia oliveri_3237.2/Dalbergia oliveri_3237.2_ (18).png,Dalbergia oliveri,Dalbergia,oliveri,Dalbergia oliveri_3237.2
/kaggle/input/datasets/b23dckh002lvitanh/s3-origin/S3/Dalbergia oliveri/Dalbergia oliveri_3237.5/Dalbergia oliveri_3237.5_ (28).png,Dalbergia oliveri,Dalbergia,oliveri,Dalbergia oliveri_3237.5
/kaggle/input/datasets/b23dckh002lvitanh/s3-origin/S3/Dalbergia oliveri/Dalbergia oliveri_3237.6/Dalbergia oliveri_3237.6_ (20).png,Dalbergia oliveri,Dalbergia,oliveri,Dalbergia oliveri_3237.6
/kaggle/input/datasets/b23dckh002lvitanh/s3-origin/S3/Dalbergia oliveri/Dalbergia oliveri_3237.4/Dalbergia oliveri_3237.4_ (7).png,Dalbergia oliveri,Dalbergia,oliveri,Dalbergia oliveri_3237.4
/kaggle/input/datasets/b23dckh002lvitanh/s3-origin/S3/Dalbergia oliveri/Dalbergia oliveri_3237.6/Dalbergia oliveri_3237.6_ (30).png,Dalbergia oliveri,Dalbergia,oliveri,Dalbergia oliveri_3237.6
/kaggle/input/datasets/b23dckh002lvitanh/s3-origin/S3/Dalbergia oliveri/Dalbergia oliveri_3237.1/Dalbergia oliveri_3237.1_ (17).png,Dalbergia oliveri,Dalbergia,oliveri,Dalbergia oliveri_3237.1
/kaggle/input/datasets/b23dckh002lvitanh/s3-origin/S3/Dalbergia oliveri/Dalbergia oliveri_3237.9/Dalbergia oliveri_3237.9_ (17).png,Dalbergia oliveri,Dalbergia,oliveri,Dalbergia oliveri_3237.9
/kaggle/input/datasets/b23dckh002lvitanh/s3-origin/S3/Dalbergia oliveri/Dalbergia oliveri_3237.7/Dalbergia oliveri_3237.7_ (21).png,Dalbergia oliveri,Dalbergia,oliveri,Dalbergia oliveri_3237.7
/kaggle/input/datasets/b23dckh002lvitanh/s3-origin/S3/Dalbergia oliveri/Dalbergia oliveri_3237.5/Dalbergia oliveri_3237.5_ (29).png,Dalbergia oliveri,Dalbergia,oliveri,Dalbergia oliveri_3237.5
/kaggle/input/datasets/b23dckh002lvitanh/s3-origin/S3/Dalbergia oliveri/Dalbergia oliveri_3237.8/Dalbergia oliveri_3237.8_ (13).png,Dalbergia oliveri,Dalbergia,oliveri,Dalbergia oliveri_3237.8
/kaggle/input/datasets/b23dckh002lvitanh/s3-origin/S3/Dalbergia oliveri/Dalbergia oliveri_3237.6/Dalbergia oliveri_3237.6_ (32).png,Dalbergia oliveri,Dalbergia,oliveri,Dalbergia oliveri_3237.6
/kaggle/input/datasets/b23dckh002lvitanh/s3-origin/S3/Dalbergia oliveri/Dalbergia oliveri_3237.1/Dalbergia oliveri_3237.1_ (19).png,Dalbergia oliveri,Dalbergia,oliveri,Dalbergia oliveri_3237.1
/kaggle/input/datasets/b23dckh002lvitanh/s3-origin/S3/Dalbergia oliveri/Dalbergia oliveri_3237.1/Dalbergia oliveri_3237.1_ (20).png,Dalbergia oliveri,Dalbergia,oliveri,Dalbergia oliveri_3237.1
/kaggle/input/datasets/b23dckh002lvitanh/s3-origin/S3/Dalbergia oliveri/Dalbergia oliveri_3237.4/Dalbergia oliveri_3237.4_ (23).png,Dalbergia oliveri,Dalbergia,oliveri,Dalbergia oliveri_3237.4
/kaggle/input/datasets/b23dckh002lvitanh/s3-origin/S3/Dalbergia oliveri/Dalbergia oliveri_3237.2/Dalbergia oliveri_3237.2_ (9).png,Dalbergia oliveri,Dalbergia,oliveri,Dalbergia oliveri_3237.2
/kaggle/input/datasets/b23dckh002lvitanh/s3-origin/S3/Dalbergia oliveri/Dalbergia oliveri_3237.5/Dalbergia oliveri_3237.5_ (12).png,Dalbergia oliveri,Dalbergia,oliveri,Dalbergia oliveri_3237.5
/kaggle/input/datasets/b23dckh002lvitanh/s3-origin/S3/Dalbergia oliveri/Dalbergia oliveri_3237.8/Dalbergia oliveri_3237.8_ (27).png,Dalbergia oliveri,Dalbergia,oliveri,Dalbergia oliveri_3237.8
/kaggle/input/datasets/b23dckh002lvitanh/s3-origin/S3/Dalbergia oliveri/Dalbergia oliveri_3237.7/Dalbergia oliveri_3237.7_ (14).png,Dalbergia oliveri,Dalbergia,oliveri,Dalbergia oliveri_3237.7
/kaggle/input/datasets/b23dckh002lvitanh/s3-origin/S3/Dalbergia oliveri/Dalbergia oliveri_3237.7/Dalbergia oliveri_3237.7_ (28).png,Dalbergia oliveri,Dalbergia,oliveri,Dalbergia oliveri_3237.7
/kaggle/input/datasets/b23dckh002lvitanh/s3-origin/S3/Dalbergia oliveri/Dalbergia oliveri_3237.9/Dalbergia oliveri_3237.9_ (27).png,Dalbergia oliveri,Dalbergia,oliveri,Dalbergia oliveri_3237.9
/kaggle/input/datasets/b23dckh002lvitanh/s3-origin/S3/Dalbergia oliveri/Dalbergia oliveri_3237.5/Dalbergia oliveri_3237.5_ (8).png,Dalbergia oliveri,Dalbergia,oliveri,Dalbergia oliveri_3237.5
/kaggle/input/datasets/b23dckh002lvitanh/s3-origin/S3/Dalbergia oliveri/Dalbergia oliveri_3237.2/Dalbergia oliveri_3237.2_ (29).png,Dalbergia oliveri,Dalbergia,oliveri,Dalbergia oliveri_3237.2
/kaggle/input/datasets/b23dckh002lvitanh/s3-origin/S3/Dalbergia oliveri/Dalbergia oliveri_3237.2/Dalbergia oliveri_3237.2_ (26).png,Dalbergia oliveri,Dalbergia,oliveri,Dalbergia oliveri_3237.2
/kaggle/input/datasets/b23dckh002lvitanh/s3-origin/S3/Dalbergia oliveri/Dalbergia oliveri_3237.8/Dalbergia oliveri_3237.8_ (4).png,Dalbergia oliveri,Dalbergia,oliveri,Dalbergia oliveri_3237.8
/kaggle/input/datasets/b23dckh002lvitanh/s3-origin/S3/Dalbergia oliveri/Dalbergia oliveri_3237.6/Dalbergia oliveri_3237.6_ (31).png,Dalbergia oliveri,Dalbergia,oliveri,Dalbergia oliveri_3237.6
/kaggle/input/datasets/b23dckh002lvitanh/s3-origin/S3/Dalbergia oliveri/Dalbergia oliveri_3237.1/Dalbergia oliveri_3237.1_ (15).png,Dalbergia oliveri,Dalbergia,oliveri,Dalbergia oliveri_3237.1
/kaggle/input/datasets/b23dckh002lvitanh/s3-origin/S3/Dalbergia oliveri/Dalbergia oliveri_3237.9/Dalbergia oliveri_3237.9_ (3).png,Dalbergia oliveri,Dalbergia,oliveri,Dalbergia oliveri_3237.9
/kaggle/input/datasets/b23dckh002lvitanh/s3-origin/S3/Dalbergia oliveri/Dalbergia oliveri_3237.9/Dalbergia oliveri_3237.9_ (22).png,Dalbergia oliveri,Dalbergia,oliveri,Dalbergia oliveri_3237.9
/kaggle/input/datasets/b23dckh002lvitanh/s3-origin/S3/Dalbergia oliveri/Dalbergia oliveri_3237.1/Dalbergia oliveri_3237.1_ (27).png,Dalbergia oliveri,Dalbergia,oliveri,Dalbergia oliveri_3237.1
/kaggle/input/datasets/b23dckh002lvitanh/s3-origin/S3/Dalbergia oliveri/Dalbergia oliveri_3237.9/Dalbergia oliveri_3237.9_ (28).png,Dalbergia oliveri,Dalbergia,oliveri,Dalbergia oliveri_3237.9
/kaggle/input/datasets/b23dckh002lvitanh/s3-origin/S3/Dalbergia oliveri/Dalbergia oliveri_3237.1/Dalbergia oliveri_3237.1_ (16).png,Dalbergia oliveri,Dalbergia,oliveri,Dalbergia oliveri_3237.1
/kaggle/input/datasets/b23dckh002lvitanh/s3-origin/S3/Dalbergia oliveri/Dalbergia oliveri_3237.5/Dalbergia oliveri_3237.5_ (5).png,Dalbergia oliveri,Dalbergia,oliveri,Dalbergia oliveri_3237.5
/kaggle/input/datasets/b23dckh002lvitanh/s3-origin/S3/Dalbergia oliveri/Dalbergia oliveri_3237.2/Dalbergia oliveri_3237.2_ (15).png,Dalbergia oliveri,Dalbergia,oliveri,Dalbergia oliveri_3237.2
/kaggle/input/datasets/b23dckh002lvitanh/s3-origin/S3/Dalbergia oliveri/Dalbergia oliveri_3237.6/Dalbergia oliveri_3237.6_ (8).png,Dalbergia oliveri,Dalbergia,oliveri,Dalbergia oliveri_3237.6
/kaggle/input/datasets/b23dckh002lvitanh/s3-origin/S3/Dalbergia oliveri/Dalbergia oliveri_3237.7/Dalbergia oliveri_3237.7_ (5).png,Dalbergia oliveri,Dalbergia,oliveri,Dalbergia oliveri_3237.7
/kaggle/input/datasets/b23dckh002lvitanh/s3-origin/S3/Dalbergia oliveri/Dalbergia oliveri_3237.6/Dalbergia oliveri_3237.6_ (22).png,Dalbergia oliveri,Dalbergia,oliveri,Dalbergia oliveri_3237.6
/kaggle/input/datasets/b23dckh002lvitanh/s3-origin/S3/Dalbergia oliveri/Dalbergia oliveri_3237.2/Dalbergia oliveri_3237.2_ (27).png,Dalbergia oliveri,Dalbergia,oliveri,Dalbergia oliveri_3237.2
/kaggle/input/datasets/b23dckh002lvitanh/s3-origin/S3/Dalbergia oliveri/Dalbergia oliveri_3237.6/Dalbergia oliveri_3237.6_ (19).png,Dalbergia oliveri,Dalbergia,oliveri,Dalbergia oliveri_3237.6
/kaggle/input/datasets/b23dckh002lvitanh/s3-origin/S3/Dalbergia oliveri/Dalbergia oliveri_3237.6/Dalbergia oliveri_3237.6_ (27).png,Dalbergia oliveri,Dalbergia,oliveri,Dalbergia oliveri_3237.6
/kaggle/input/datasets/b23dckh002lvitanh/s3-origin/S3/Dalbergia oliveri/Dalbergia oliveri_3237.9/Dalbergia oliveri_3237.9_ (31).png,Dalbergia oliveri,Dalbergia,oliveri,Dalbergia oliveri_3237.9
/kaggle/input/datasets/b23dckh002lvitanh/s3-origin/S3/Dalbergia oliveri/Dalbergia oliveri_3237.8/Dalbergia oliveri_3237.8_ (9).png,Dalbergia oliveri,Dalbergia,oliveri,Dalbergia oliveri_3237.8
/kaggle/input/datasets/b23dckh002lvitanh/s3-origin/S3/Dalbergia oliveri/Dalbergia oliveri_3237.4/Dalbergia oliveri_3237.4_ (20).png,Dalbergia oliveri,Dalbergia,oliveri,Dalbergia oliveri_3237.4
/kaggle/input/datasets/b23dckh002lvitanh/s3-origin/S3/Dalbergia oliveri/Dalbergia oliveri_3237.8/Dalbergia oliveri_3237.8_ (23).png,Dalbergia oliveri,Dalbergia,oliveri,Dalbergia oliveri_3237.8
/kaggle/input/datasets/b23dckh002lvitanh/s3-origin/S3/Dalbergia oliveri/Dalbergia oliveri_3237.2/Dalbergia oliveri_3237.2_ (30).png,Dalbergia oliveri,Dalbergia,oliveri,Dalbergia oliveri_3237.2
/kaggle/input/datasets/b23dckh002lvitanh/s3-origin/S3/Dalbergia oliveri/Dalbergia oliveri_3237.2/Dalbergia oliveri_3237.2_ (33).png,Dalbergia oliveri,Dalbergia,oliveri,Dalbergia oliveri_3237.2
/kaggle/input/datasets/b23dckh002lvitanh/s3-origin/S3/Dalbergia oliveri/Dalbergia oliveri_3237.7/Dalbergia oliveri_3237.7_ (18).png,Dalbergia oliveri,Dalbergia,oliveri,Dalbergia oliveri_3237.7
/kaggle/input/datasets/b23dckh002lvitanh/s3-origin/S3/Dalbergia oliveri/Dalbergia oliveri_3237.6/Dalbergia oliveri_3237.6_ (16).png,Dalbergia oliveri,Dalbergia,oliveri,Dalbergia oliveri_3237.6
/kaggle/input/datasets/b23dckh002lvitanh/s3-origin/S3/Dalbergia oliveri/Dalbergia oliveri_3237.2/Dalbergia oliveri_3237.2_ (16).png,Dalbergia oliveri,Dalbergia,oliveri,Dalbergia oliveri_3237.2
/kaggle/input/datasets/b23dckh002lvitanh/s3-origin/S3/Dalbergia oliveri/Dalbergia oliveri_3237.5/Dalbergia oliveri_3237.5_ (20).png,Dalbergia oliveri,Dalbergia,oliveri,Dalbergia oliveri_3237.5
/kaggle/input/datasets/b23dckh002lvitanh/s3-origin/S3/Dalbergia oliveri/Dalbergia oliveri_3237.6/Dalbergia oliveri_3237.6_ (3).png,Dalbergia oliveri,Dalbergia,oliveri,Dalbergia oliveri_3237.6
/kaggle/input/datasets/b23dckh002lvitanh/s3-origin/S3/Dalbergia oliveri/Dalbergia oliveri_3237.1/Dalbergia oliveri_3237.1_ (7).png,Dalbergia oliveri,Dalbergia,oliveri,Dalbergia oliveri_3237.1
/kaggle/input/datasets/b23dckh002lvitanh/s3-origin/S3/Dalbergia oliveri/Dalbergia oliveri_3237.9/Dalbergia oliveri_3237.9_ (16).png,Dalbergia oliveri,Dalbergia,oliveri,Dalbergia oliveri_3237.9
/kaggle/input/datasets/b23dckh002lvitanh/s3-origin/S3/Dalbergia oliveri/Dalbergia oliveri_3237.8/Dalbergia oliveri_3237.8_ (6).png,Dalbergia oliveri,Dalbergia,oliveri,Dalbergia oliveri_3237.8
/kaggle/input/datasets/b23dckh002lvitanh/s3-origin/S3/Dalbergia oliveri/Dalbergia oliveri_3237.4/Dalbergia oliveri_3237.4_ (24).png,Dalbergia oliveri,Dalbergia,oliveri,Dalbergia oliveri_3237.4
/kaggle/input/datasets/b23dckh002lvitanh/s3-origin/S3/Dalbergia oliveri/Dalbergia oliveri_3237.2/Dalbergia oliveri_3237.2_ (22).png,Dalbergia oliveri,Dalbergia,oliveri,Dalbergia oliveri_3237.2
/kaggle/input/datasets/b23dckh002lvitanh/s3-origin/S3/Dalbergia oliveri/Dalbergia oliveri_3237.8/Dalbergia oliveri_3237.8_ (2).png,Dalbergia oliveri,Dalbergia,oliveri,Dalbergia oliveri_3237.8
/kaggle/input/datasets/b23dckh002lvitanh/s3-origin/S3/Dalbergia oliveri/Dalbergia oliveri_3237.2/Dalbergia oliveri_3237.2_ (5).png,Dalbergia oliveri,Dalbergia,oliveri,Dalbergia oliveri_3237.2
/kaggle/input/datasets/b23dckh002lvitanh/s3-origin/S3/Dalbergia oliveri/Dalbergia oliveri_3237.4/Dalbergia oliveri_3237.4_ (22).png,Dalbergia oliveri,Dalbergia,oliveri,Dalbergia oliveri_3237.4
/kaggle/input/datasets/b23dckh002lvitanh/s3-origin/S3/Dalbergia oliveri/Dalbergia oliveri_3237.8/Dalbergia oliveri_3237.8_ (7).png,Dalbergia oliveri,Dalbergia,oliveri,Dalbergia oliveri_3237.8
/kaggle/input/datasets/b23dckh002lvitanh/s3-origin/S3/Dalbergia oliveri/Dalbergia oliveri_3237.7/Dalbergia oliveri_3237.7_ (10).png,Dalbergia oliveri,Dalbergia,oliveri,Dalbergia oliveri_3237.7
/kaggle/input/datasets/b23dckh002lvitanh/s3-origin/S3/Dalbergia oliveri/Dalbergia oliveri_3237.2/Dalbergia oliveri_3237.2_ (12).png,Dalbergia oliveri,Dalbergia,oliveri,Dalbergia oliveri_3237.2
/kaggle/input/datasets/b23dckh002lvitanh/s3-origin/S3/Dalbergia oliveri/Dalbergia oliveri_3237.6/Dalbergia oliveri_3237.6_ (5).png,Dalbergia oliveri,Dalbergia,oliveri,Dalbergia oliveri_3237.6
/kaggle/input/datasets/b23dckh002lvitanh/s3-origin/S3/Dalbergia oliveri/Dalbergia oliveri_3237.7/Dalbergia oliveri_3237.7_ (25).png,Dalbergia oliveri,Dalbergia,oliveri,Dalbergia oliveri_3237.7
/kaggle/input/datasets/b23dckh002lvitanh/s3-origin/S3/Dalbergia oliveri/Dalbergia oliveri_3237.1/Dalbergia oliveri_3237.1_ (22).png,Dalbergia oliveri,Dalbergia,oliveri,Dalbergia oliveri_3237.1
/kaggle/input/datasets/b23dckh002lvitanh/s3-origin/S3/Dalbergia oliveri/Dalbergia oliveri_3237.5/Dalbergia oliveri_3237.5_ (17).png,Dalbergia oliveri,Dalbergia,oliveri,Dalbergia oliveri_3237.5
/kaggle/input/datasets/b23dckh002lvitanh/s3-origin/S3/Dalbergia oliveri/Dalbergia oliveri_3237.2/Dalbergia oliveri_3237.2_ (19).png,Dalbergia oliveri,Dalbergia,oliveri,Dalbergia oliveri_3237.2
/kaggle/input/datasets/b23dckh002lvitanh/s3-origin/S3/Dalbergia oliveri/Dalbergia oliveri_3237.6/Dalbergia oliveri_3237.6_ (18).png,Dalbergia oliveri,Dalbergia,oliveri,Dalbergia oliveri_3237.6
/kaggle/input/datasets/b23dckh002lvitanh/s3-origin/S3/Dalbergia oliveri/Dalbergia oliveri_3237.9/Dalbergia oliveri_3237.9_ (10).png,Dalbergia oliveri,Dalbergia,oliveri,Dalbergia oliveri_3237.9
/kaggle/input/datasets/b23dckh002lvitanh/s3-origin/S3/Dalbergia oliveri/Dalbergia oliveri_3237.8/Dalbergia oliveri_3237.8_ (20).png,Dalbergia oliveri,Dalbergia,oliveri,Dalbergia oliveri_3237.8
/kaggle/input/datasets/b23dckh002lvitanh/s3-origin/S3/Dalbergia oliveri/Dalbergia oliveri_3237.9/Dalbergia oliveri_3237.9_ (4).png,Dalbergia oliveri,Dalbergia,oliveri,Dalbergia oliveri_3237.9
/kaggle/input/datasets/b23dckh002lvitanh/s3-origin/S3/Dalbergia oliveri/Dalbergia oliveri_3237.2/Dalbergia oliveri_3237.2_ (23).png,Dalbergia oliveri,Dalbergia,oliveri,Dalbergia oliveri_3237.2
/kaggle/input/datasets/b23dckh002lvitanh/s3-origin/S3/Dalbergia oliveri/Dalbergia oliveri_3237.7/Dalbergia oliveri_3237.7_ (24).png,Dalbergia oliveri,Dalbergia,oliveri,Dalbergia oliveri_3237.7
/kaggle/input/datasets/b23dckh002lvitanh/s3-origin/S3/Dalbergia oliveri/Dalbergia oliveri_3237.4/Dalbergia oliveri_3237.4_ (10).png,Dalbergia oliveri,Dalbergia,oliveri,Dalbergia oliveri_3237.4
/kaggle/input/datasets/b23dckh002lvitanh/s3-origin/S3/Dalbergia oliveri/Dalbergia oliveri_3237.2/Dalbergia oliveri_3237.2_ (2).png,Dalbergia oliveri,Dalbergia,oliveri,Dalbergia oliveri_3237.2
/kaggle/input/datasets/b23dckh002lvitanh/s3-origin/S3/Dalbergia oliveri/Dalbergia oliveri_3237.9/Dalbergia oliveri_3237.9_ (1).png,Dalbergia oliveri,Dalbergia,oliveri,Dalbergia oliveri_3237.9
/kaggle/input/datasets/b23dckh002lvitanh/s3-origin/S3/Dalbergia oliveri/Dalbergia oliveri_3237.1/Dalbergia oliveri_3237.1_ (6).png,Dalbergia oliveri,Dalbergia,oliveri,Dalbergia oliveri_3237.1
/kaggle/input/datasets/b23dckh002lvitanh/s3-origin/S3/Dalbergia oliveri/Dalbergia oliveri_3237.7/Dalbergia oliveri_3237.7_ (29).png,Dalbergia oliveri,Dalbergia,oliveri,Dalbergia oliveri_3237.7
/kaggle/input/datasets/b23dckh002lvitanh/s3-origin/S3/Dalbergia oliveri/Dalbergia oliveri_3237.5/Dalbergia oliveri_3237.5_ (32).png,Dalbergia oliveri,Dalbergia,oliveri,Dalbergia oliveri_3237.5
/kaggle/input/datasets/b23dckh002lvitanh/s3-origin/S3/Dalbergia oliveri/Dalbergia oliveri_3237.4/Dalbergia oliveri_3237.4_ (6).png,Dalbergia oliveri,Dalbergia,oliveri,Dalbergia oliveri_3237.4
/kaggle/input/datasets/b23dckh002lvitanh/s3-origin/S3/Dalbergia oliveri/Dalbergia oliveri_3237.4/Dalbergia oliveri_3237.4_ (11).png,Dalbergia oliveri,Dalbergia,oliveri,Dalbergia oliveri_3237.4
/kaggle/input/datasets/b23dckh002lvitanh/s3-origin/S3/Dalbergia oliveri/Dalbergia oliveri_3237.9/Dalbergia oliveri_3237.9_ (15).png,Dalbergia oliveri,Dalbergia,oliveri,Dalbergia oliveri_3237.9
/kaggle/input/datasets/b23dckh002lvitanh/s3-origin/S3/Dalbergia oliveri/Dalbergia oliveri_3237.9/Dalbergia oliveri_3237.9_ (25).png,Dalbergia oliveri,Dalbergia,oliveri,Dalbergia oliveri_3237.9
/kaggle/input/datasets/b23dckh002lvitanh/s3-origin/S3/Dalbergia oliveri/Dalbergia oliveri_3237.4/Dalbergia oliveri_3237.4_ (15).png,Dalbergia oliveri,Dalbergia,oliveri,Dalbergia oliveri_3237.4
/kaggle/input/datasets/b23dckh002lvitanh/s3-origin/S3/Dalbergia oliveri/Dalbergia oliveri_3237.1/Dalbergia oliveri_3237.1_ (26).png,Dalbergia oliveri,Dalbergia,oliveri,Dalbergia oliveri_3237.1
/kaggle/input/datasets/b23dckh002lvitanh/s3-origin/S3/Dalbergia oliveri/Dalbergia oliveri_3237.1/Dalbergia oliveri_3237.1_ (31).png,Dalbergia oliveri,Dalbergia,oliveri,Dalbergia oliveri_3237.1
/kaggle/input/datasets/b23dckh002lvitanh/s3-origin/S3/Dalbergia oliveri/Dalbergia oliveri_3237.2/Dalbergia oliveri_3237.2_ (17).png,Dalbergia oliveri,Dalbergia,oliveri,Dalbergia oliveri_3237.2
/kaggle/input/datasets/b23dckh002lvitanh/s3-origin/S3/Dalbergia oliveri/Dalbergia oliveri_3237.8/Dalbergia oliveri_3237.8_ (12).png,Dalbergia oliveri,Dalbergia,oliveri,Dalbergia oliveri_3237.8
/kaggle/input/datasets/b23dckh002lvitanh/s3-origin/S3/Dalbergia oliveri/Dalbergia oliveri_3237.6/Dalbergia oliveri_3237.6_ (23).png,Dalbergia oliveri,Dalbergia,oliveri,Dalbergia oliveri_3237.6
/kaggle/input/datasets/b23dckh002lvitanh/s3-origin/S3/Dalbergia oliveri/Dalbergia oliveri_3237.1/Dalbergia oliveri_3237.1_ (11).png,Dalbergia oliveri,Dalbergia,oliveri,Dalbergia oliveri_3237.1
/kaggle/input/datasets/b23dckh002lvitanh/s3-origin/S3/Dalbergia oliveri/Dalbergia oliveri_3237.7/Dalbergia oliveri_3237.7_ (6).png,Dalbergia oliveri,Dalbergia,oliveri,Dalbergia oliveri_3237.7
/kaggle/input/datasets/b23dckh002lvitanh/s3-origin/S3/Dalbergia oliveri/Dalbergia oliveri_3237.4/Dalbergia oliveri_3237.4_ (18).png,Dalbergia oliveri,Dalbergia,oliveri,Dalbergia oliveri_3237.4
/kaggle/input/datasets/b23dckh002lvitanh/s3-origin/S3/Dalbergia oliveri/Dalbergia oliveri_3237.9/Dalbergia oliveri_3237.9_ (5).png,Dalbergia oliveri,Dalbergia,oliveri,Dalbergia oliveri_3237.9
/kaggle/input/datasets/b23dckh002lvitanh/s3-origin/S3/Dalbergia oliveri/Dalbergia oliveri_3237.6/Dalbergia oliveri_3237.6_ (14).png,Dalbergia oliveri,Dalbergia,oliveri,Dalbergia oliveri_3237.6
/kaggle/input/datasets/b23dckh002lvitanh/s3-origin/S3/Dalbergia oliveri/Dalbergia oliveri_3237.8/Dalbergia oliveri_3237.8_ (26).png,Dalbergia oliveri,Dalbergia,oliveri,Dalbergia oliveri_3237.8
/kaggle/input/datasets/b23dckh002lvitanh/s3-origin/S3/Dalbergia oliveri/Dalbergia oliveri_3237.9/Dalbergia oliveri_3237.9_ (19).png,Dalbergia oliveri,Dalbergia,oliveri,Dalbergia oliveri_3237.9
/kaggle/input/datasets/b23dckh002lvitanh/s3-origin/S3/Dalbergia oliveri/Dalbergia oliveri_3237.2/Dalbergia oliveri_3237.2_ (20).png,Dalbergia oliveri,Dalbergia,oliveri,Dalbergia oliveri_3237.2
/kaggle/input/datasets/b23dckh002lvitanh/s3-origin/S3/Dalbergia oliveri/Dalbergia oliveri_3237.2/Dalbergia oliveri_3237.2_ (10).png,Dalbergia oliveri,Dalbergia,oliveri,Dalbergia oliveri_3237.2
/kaggle/input/datasets/b23dckh002lvitanh/s3-origin/S3/Dalbergia oliveri/Dalbergia oliveri_3237.5/Dalbergia oliveri_3237.5_ (26).png,Dalbergia oliveri,Dalbergia,oliveri,Dalbergia oliveri_3237.5
/kaggle/input/datasets/b23dckh002lvitanh/s3-origin/S3/Dalbergia oliveri/Dalbergia oliveri_3237.2/Dalbergia oliveri_3237.2_ (7).png,Dalbergia oliveri,Dalbergia,oliveri,Dalbergia oliveri_3237.2
/kaggle/input/datasets/b23dckh002lvitanh/s3-origin/S3/Dalbergia oliveri/Dalbergia oliveri_3237.8/Dalbergia oliveri_3237.8_ (10).png,Dalbergia oliveri,Dalbergia,oliveri,Dalbergia oliveri_3237.8
/kaggle/input/datasets/b23dckh002lvitanh/s3-origin/S3/Dalbergia oliveri/Dalbergia oliveri_3237.7/Dalbergia oliveri_3237.7_ (13).png,Dalbergia oliveri,Dalbergia,oliveri,Dalbergia oliveri_3237.7
/kaggle/input/datasets/b23dckh002lvitanh/s3-origin/S3/Dalbergia oliveri/Dalbergia oliveri_3237.8/Dalbergia oliveri_3237.8_ (30).png,Dalbergia oliveri,Dalbergia,oliveri,Dalbergia oliveri_3237.8
/kaggle/input/datasets/b23dckh002lvitanh/s3-origin/S3/Dalbergia oliveri/Dalbergia oliveri_3237.7/Dalbergia oliveri_3237.7_ (12).png,Dalbergia oliveri,Dalbergia,oliveri,Dalbergia oliveri_3237.7
/kaggle/input/datasets/b23dckh002lvitanh/s3-origin/S3/Dalbergia oliveri/Dalbergia oliveri_3237.9/Dalbergia oliveri_3237.9_ (13).png,Dalbergia oliveri,Dalbergia,oliveri,Dalbergia oliveri_3237.9
/kaggle/input/datasets/b23dckh002lvitanh/s3-origin/S3/Dalbergia oliveri/Dalbergia oliveri_3237.8/Dalbergia oliveri_3237.8_ (14).png,Dalbergia oliveri,Dalbergia,oliveri,Dalbergia oliveri_3237.8
/kaggle/input/datasets/b23dckh002lvitanh/s3-origin/S3/Dalbergia oliveri/Dalbergia oliveri_3237.9/Dalbergia oliveri_3237.9_ (20).png,Dalbergia oliveri,Dalbergia,oliveri,Dalbergia oliveri_3237.9
/kaggle/input/datasets/b23dckh002lvitanh/s3-origin/S3/Dalbergia oliveri/Dalbergia oliveri_3237.7/Dalbergia oliveri_3237.7_ (4).png,Dalbergia oliveri,Dalbergia,oliveri,Dalbergia oliveri_3237.7
/kaggle/input/datasets/b23dckh002lvitanh/s3-origin/S3/Dalbergia oliveri/Dalbergia oliveri_3237.2/Dalbergia oliveri_3237.2_ (31).png,Dalbergia oliveri,Dalbergia,oliveri,Dalbergia oliveri_3237.2
/kaggle/input/datasets/b23dckh002lvitanh/s3-origin/S3/Dalbergia oliveri/Dalbergia oliveri_3237.2/Dalbergia oliveri_3237.2_ (13).png,Dalbergia oliveri,Dalbergia,oliveri,Dalbergia oliveri_3237.2
/kaggle/input/datasets/b23dckh002lvitanh/s3-origin/S3/Dalbergia oliveri/Dalbergia oliveri_3237.4/Dalbergia oliveri_3237.4_ (4).png,Dalbergia oliveri,Dalbergia,oliveri,Dalbergia oliveri_3237.4
/kaggle/input/datasets/b23dckh002lvitanh/s3-origin/S3/Dalbergia oliveri/Dalbergia oliveri_3237.1/Dalbergia oliveri_3237.1_ (1).png,Dalbergia oliveri,Dalbergia,oliveri,Dalbergia oliveri_3237.1
/kaggle/input/datasets/b23dckh002lvitanh/s3-origin/S3/Dalbergia oliveri/Dalbergia oliveri_3237.2/Dalbergia oliveri_3237.2_ (6).png,Dalbergia oliveri,Dalbergia,oliveri,Dalbergia oliveri_3237.2
/kaggle/input/datasets/b23dckh002lvitanh/s3-origin/S3/Dalbergia oliveri/Dalbergia oliveri_3237.8/Dalbergia oliveri_3237.8_ (15).png,Dalbergia oliveri,Dalbergia,oliveri,Dalbergia oliveri_3237.8
/kaggle/input/datasets/b23dckh002lvitanh/s3-origin/S3/Dalbergia oliveri/Dalbergia oliveri_3237.7/Dalbergia oliveri_3237.7_ (26).png,Dalbergia oliveri,Dalbergia,oliveri,Dalbergia oliveri_3237.7
/kaggle/input/datasets/b23dckh002lvitanh/s3-origin/S3/Dalbergia oliveri/Dalbergia oliveri_3237.9/Dalbergia oliveri_3237.9_ (6).png,Dalbergia oliveri,Dalbergia,oliveri,Dalbergia oliveri_3237.9
/kaggle/input/datasets/b23dckh002lvitanh/s3-origin/S3/Dalbergia oliveri/Dalbergia oliveri_3237.7/Dalbergia oliveri_3237.7_ (11).png,Dalbergia oliveri,Dalbergia,oliveri,Dalbergia oliveri_3237.7
/kaggle/input/datasets/b23dckh002lvitanh/s3-origin/S3/Dalbergia oliveri/Dalbergia oliveri_3237.7/Dalbergia oliveri_3237.7_ (16).png,Dalbergia oliveri,Dalbergia,oliveri,Dalbergia oliveri_3237.7
/kaggle/input/datasets/b23dckh002lvitanh/s3-origin/S3/Dalbergia oliveri/Dalbergia oliveri_3237.6/Dalbergia oliveri_3237.6_ (2).png,Dalbergia oliveri,Dalbergia,oliveri,Dalbergia oliveri_3237.6
/kaggle/input/datasets/b23dckh002lvitanh/s3-origin/S3/Dalbergia oliveri/Dalbergia oliveri_3237.2/Dalbergia oliveri_3237.2_ (28).png,Dalbergia oliveri,Dalbergia,oliveri,Dalbergia oliveri_3237.2
/kaggle/input/datasets/b23dckh002lvitanh/s3-origin/S3/Dalbergia oliveri/Dalbergia oliveri_3237.6/Dalbergia oliveri_3237.6_ (24).png,Dalbergia oliveri,Dalbergia,oliveri,Dalbergia oliveri_3237.6
/kaggle/input/datasets/b23dckh002lvitanh/s3-origin/S3/Dalbergia oliveri/Dalbergia oliveri_3237.9/Dalbergia oliveri_3237.9_ (12).png,Dalbergia oliveri,Dalbergia,oliveri,Dalbergia oliveri_3237.9
/kaggle/input/datasets/b23dckh002lvitanh/s3-origin/S3/Dalbergia oliveri/Dalbergia oliveri_3237.1/Dalbergia oliveri_3237.1_ (18).png,Dalbergia oliveri,Dalbergia,oliveri,Dalbergia oliveri_3237.1
/kaggle/input/datasets/b23dckh002lvitanh/s3-origin/S3/Dalbergia oliveri/Dalbergia oliveri_3237.2/Dalbergia oliveri_3237.2_ (24).png,Dalbergia oliveri,Dalbergia,oliveri,Dalbergia oliveri_3237.2
/kaggle/input/datasets/b23dckh002lvitanh/s3-origin/S3/Dalbergia oliveri/Dalbergia oliveri_3237.6/Dalbergia oliveri_3237.6_ (12).png,Dalbergia oliveri,Dalbergia,oliveri,Dalbergia oliveri_3237.6
/kaggle/input/datasets/b23dckh002lvitanh/s3-origin/S3/Dalbergia oliveri/Dalbergia oliveri_3237.6/Dalbergia oliveri_3237.6_ (29).png,Dalbergia oliveri,Dalbergia,oliveri,Dalbergia oliveri_3237.6
/kaggle/input/datasets/b23dckh002lvitanh/s3-origin/S3/Dalbergia oliveri/Dalbergia oliveri_3237.6/Dalbergia oliveri_3237.6_ (9).png,Dalbergia oliveri,Dalbergia,oliveri,Dalbergia oliveri_3237.6
/kaggle/input/datasets/b23dckh002lvitanh/s3-origin/S3/Dalbergia oliveri/Dalbergia oliveri_3237.5/Dalbergia oliveri_3237.5_ (9).png,Dalbergia oliveri,Dalbergia,oliveri,Dalbergia oliveri_3237.5
/kaggle/input/datasets/b23dckh002lvitanh/s3-origin/S3/Dalbergia oliveri/Dalbergia oliveri_3237.5/Dalbergia oliveri_3237.5_ (31).png,Dalbergia oliveri,Dalbergia,oliveri,Dalbergia oliveri_3237.5
/kaggle/input/datasets/b23dckh002lvitanh/s3-origin/S3/Dalbergia oliveri/Dalbergia oliveri_3237.5/Dalbergia oliveri_3237.5_ (10).png,Dalbergia oliveri,Dalbergia,oliveri,Dalbergia oliveri_3237.5
/kaggle/input/datasets/b23dckh002lvitanh/s3-origin/S3/Dalbergia oliveri/Dalbergia oliveri_3237.4/Dalbergia oliveri_3237.4_ (1).png,Dalbergia oliveri,Dalbergia,oliveri,Dalbergia oliveri_3237.4
/kaggle/input/datasets/b23dckh002lvitanh/s3-origin/S3/Dalbergia oliveri/Dalbergia oliveri_3237.8/Dalbergia oliveri_3237.8_ (5).png,Dalbergia oliveri,Dalbergia,oliveri,Dalbergia oliveri_3237.8
/kaggle/input/datasets/b23dckh002lvitanh/s3-origin/S3/Dalbergia oliveri/Dalbergia oliveri_3237.4/Dalbergia oliveri_3237.4_ (5).png,Dalbergia oliveri,Dalbergia,oliveri,Dalbergia oliveri_3237.4
/kaggle/input/datasets/b23dckh002lvitanh/s3-origin/S3/Dalbergia oliveri/Dalbergia oliveri_3237.8/Dalbergia oliveri_3237.8_ (19).png,Dalbergia oliveri,Dalbergia,oliveri,Dalbergia oliveri_3237.8
/kaggle/input/datasets/b23dckh002lvitanh/s3-origin/S3/Dalbergia oliveri/Dalbergia oliveri_3237.8/Dalbergia oliveri_3237.8_ (29).png,Dalbergia oliveri,Dalbergia,oliveri,Dalbergia oliveri_3237.8
/kaggle/input/datasets/b23dckh002lvitanh/s3-origin/S3/Dalbergia oliveri/Dalbergia oliveri_3237.5/Dalbergia oliveri_3237.5_ (23).png,Dalbergia oliveri,Dalbergia,oliveri,Dalbergia oliveri_3237.5
/kaggle/input/datasets/b23dckh002lvitanh/s3-origin/S3/Dalbergia oliveri/Dalbergia oliveri_3237.9/Dalbergia oliveri_3237.9_ (30).png,Dalbergia oliveri,Dalbergia,oliveri,Dalbergia oliveri_3237.9
/kaggle/input/datasets/b23dckh002lvitanh/s3-origin/S3/Dalbergia oliveri/Dalbergia oliveri_3237.1/Dalbergia oliveri_3237.1_ (24).png,Dalbergia oliveri,Dalbergia,oliveri,Dalbergia oliveri_3237.1
/kaggle/input/datasets/b23dckh002lvitanh/s3-origin/S3/Dalbergia oliveri/Dalbergia oliveri_3237.7/Dalbergia oliveri_3237.7_ (27).png,Dalbergia oliveri,Dalbergia,oliveri,Dalbergia oliveri_3237.7
/kaggle/input/datasets/b23dckh002lvitanh/s3-origin/S3/Dalbergia oliveri/Dalbergia oliveri_3237.4/Dalbergia oliveri_3237.4_ (27).png,Dalbergia oliveri,Dalbergia,oliveri,Dalbergia oliveri_3237.4
/kaggle/input/datasets/b23dckh002lvitanh/s3-origin/S3/Dalbergia oliveri/Dalbergia oliveri_3237.5/Dalbergia oliveri_3237.5_ (11).png,Dalbergia oliveri,Dalbergia,oliveri,Dalbergia oliveri_3237.5
/kaggle/input/datasets/b23dckh002lvitanh/s3-origin/S3/Dalbergia oliveri/Dalbergia oliveri_3237.1/Dalbergia oliveri_3237.1_ (14).png,Dalbergia oliveri,Dalbergia,oliveri,Dalbergia oliveri_3237.1
/kaggle/input/datasets/b23dckh002lvitanh/s3-origin/S3/Dalbergia oliveri/Dalbergia oliveri_3237.4/Dalbergia oliveri_3237.4_ (16).png,Dalbergia oliveri,Dalbergia,oliveri,Dalbergia oliveri_3237.4
/kaggle/input/datasets/b23dckh002lvitanh/s3-origin/S3/Dalbergia oliveri/Dalbergia oliveri_3237.7/Dalbergia oliveri_3237.7_ (31).png,Dalbergia oliveri,Dalbergia,oliveri,Dalbergia oliveri_3237.7
/kaggle/input/datasets/b23dckh002lvitanh/s3-origin/S3/Dalbergia oliveri/Dalbergia oliveri_3237.5/Dalbergia oliveri_3237.5_ (14).png,Dalbergia oliveri,Dalbergia,oliveri,Dalbergia oliveri_3237.5
/kaggle/input/datasets/b23dckh002lvitanh/s3-origin/S3/Dalbergia rimosa/3414. Dalbergia rimosa.10/3414. Dalbergia rimosa.10 (299).png,Dalbergia rimosa,Dalbergia,rimosa,3414. Dalbergia rimosa.10
/kaggle/input/datasets/b23dckh002lvitanh/s3-origin/S3/Dalbergia rimosa/3414. Dalbergia rimosa.10/3414. Dalbergia rimosa.10 (286).png,Dalbergia rimosa,Dalbergia,rimosa,3414. Dalbergia rimosa.10
/kaggle/input/datasets/b23dckh002lvitanh/s3-origin/S3/Dalbergia rimosa/3414. Dalbergia rimosa.5/3414. Dalbergia rimosa.5 (133).png,Dalbergia rimosa,Dalbergia,rimosa,3414. Dalbergia rimosa.5
/kaggle/input/datasets/b23dckh002lvitanh/s3-origin/S3/Dalbergia rimosa/3414. Dalbergia rimosa.5/3414. Dalbergia rimosa.5 (136).png,Dalbergia rimosa,Dalbergia,rimosa,3414. Dalbergia rimosa.5
/kaggle/input/datasets/b23dckh002lvitanh/s3-origin/S3/Dalbergia rimosa/3414. Dalbergia rimosa.5/3414. Dalbergia rimosa.5 (135).png,Dalbergia rimosa,Dalbergia,rimosa,3414. Dalbergia rimosa.5
/kaggle/input/datasets/b23dckh002lvitanh/s3-origin/S3/Dalbergia rimosa/3414. Dalbergia rimosa.7/3414. Dalbergia rimosa.7 (182).png,Dalbergia rimosa,Dalbergia,rimosa,3414. Dalbergia rimosa.7
/kaggle/input/datasets/b23dckh002lvitanh/s3-origin/S3/Dalbergia rimosa/3414. Dalbergia rimosa.9/3414. Dalbergia rimosa.9 (251).png,Dalbergia rimosa,Dalbergia,rimosa,3414. Dalbergia rimosa.9
/kaggle/input/datasets/b23dckh002lvitanh/s3-origin/S3/Dalbergia rimosa/3414. Dalbergia rimosa.4/3414. Dalbergia rimosa.4 (98).png,Dalbergia rimosa,Dalbergia,rimosa,3414. Dalbergia rimosa.4
/kaggle/input/datasets/b23dckh002lvitanh/s3-origin/S3/Dalbergia rimosa/3414. Dalbergia rimosa.10/3414. Dalbergia rimosa.10 (277).png,Dalbergia rimosa,Dalbergia,rimosa,3414. Dalbergia rimosa.10
/kaggle/input/datasets/b23dckh002lvitanh/s3-origin/S3/Dalbergia rimosa/3414. Dalbergia rimosa.6/3414. Dalbergia rimosa.6 (156).png,Dalbergia rimosa,Dalbergia,rimosa,3414. Dalbergia rimosa.6
/kaggle/input/datasets/b23dckh002lvitanh/s3-origin/S3/Dalbergia rimosa/3414. Dalbergia rimosa.2/3414. Dalbergia rimosa.2 (48).png,Dalbergia rimosa,Dalbergia,rimosa,3414. Dalbergia rimosa.2
/kaggle/input/datasets/b23dckh002lvitanh/s3-origin/S3/Dalbergia rimosa/3414. Dalbergia rimosa.8/3414. Dalbergia rimosa.8 (238).png,Dalbergia rimosa,Dalbergia,rimosa,3414. Dalbergia rimosa.8
/kaggle/input/datasets/b23dckh002lvitanh/s3-origin/S3/Dalbergia rimosa/3414. Dalbergia rimosa.5/3414. Dalbergia rimosa.5 (130).png,Dalbergia rimosa,Dalbergia,rimosa,3414. Dalbergia rimosa.5
/kaggle/input/datasets/b23dckh002lvitanh/s3-origin/S3/Dalbergia rimosa/3414. Dalbergia rimosa.7/3414. Dalbergia rimosa.7 (181).png,Dalbergia rimosa,Dalbergia,rimosa,3414. Dalbergia rimosa.7
/kaggle/input/datasets/b23dckh002lvitanh/s3-origin/S3/Dalbergia rimosa/3414. Dalbergia rimosa.5/3414. Dalbergia rimosa.5 (140).png,Dalbergia rimosa,Dalbergia,rimosa,3414. Dalbergia rimosa.5
/kaggle/input/datasets/b23dckh002lvitanh/s3-origin/S3/Dalbergia rimosa/3414. Dalbergia rimosa.9/3414. Dalbergia rimosa.9 (258).png,Dalbergia rimosa,Dalbergia,rimosa,3414. Dalbergia rimosa.9
/kaggle/input/datasets/b23dckh002lvitanh/s3-origin/S3/Dalbergia rimosa/3414. Dalbergia rimosa.8/3414. Dalbergia rimosa.8 (218).png,Dalbergia rimosa,Dalbergia,rimosa,3414. Dalbergia rimosa.8
/kaggle/input/datasets/b23dckh002lvitanh/s3-origin/S3/Dalbergia rimosa/3414. Dalbergia rimosa.10/3414. Dalbergia rimosa.10 (281).png,Dalbergia rimosa,Dalbergia,rimosa,3414. Dalbergia rimosa.10
/kaggle/input/datasets/b23dckh002lvitanh/s3-origin/S3/Dalbergia rimosa/3414. Dalbergia rimosa.7/3414. Dalbergia rimosa.7 (205).png,Dalbergia rimosa,Dalbergia,rimosa,3414. Dalbergia rimosa.7
/kaggle/input/datasets/b23dckh002lvitanh/s3-origin/S3/Dalbergia rimosa/3414. Dalbergia rimosa.6/3414. Dalbergia rimosa.6 (154).png,Dalbergia rimosa,Dalbergia,rimosa,3414. Dalbergia rimosa.6
/kaggle/input/datasets/b23dckh002lvitanh/s3-origin/S3/Dalbergia rimosa/3414. Dalbergia rimosa.6/3414. Dalbergia rimosa.6 (164).png,Dalbergia rimosa,Dalbergia,rimosa,3414. Dalbergia rimosa.6
/kaggle/input/datasets/b23dckh002lvitanh/s3-origin/S3/Dalbergia rimosa/3414. Dalbergia rimosa.10/3414. Dalbergia rimosa.10 (298).png,Dalbergia rimosa,Dalbergia,rimosa,3414. Dalbergia rimosa.10
/kaggle/input/datasets/b23dckh002lvitanh/s3-origin/S3/Dalbergia rimosa/3414. Dalbergia rimosa.9/3414. Dalbergia rimosa.9 (264).png,Dalbergia rimosa,Dalbergia,rimosa,3414. Dalbergia rimosa.9
/kaggle/input/datasets/b23dckh002lvitanh/s3-origin/S3/Dalbergia rimosa/3414. Dalbergia rimosa.2/3414. Dalbergia rimosa.2 (59).png,Dalbergia rimosa,Dalbergia,rimosa,3414. Dalbergia rimosa.2
/kaggle/input/datasets/b23dckh002lvitanh/s3-origin/S3/Dalbergia rimosa/3414. Dalbergia rimosa.7/3414. Dalbergia rimosa.7 (189).png,Dalbergia rimosa,Dalbergia,rimosa,3414. Dalbergia rimosa.7
/kaggle/input/datasets/b23dckh002lvitanh/s3-origin/S3/Dalbergia rimosa/3414. Dalbergia rimosa.7/3414. Dalbergia rimosa.7 (208).png,Dalbergia rimosa,Dalbergia,rimosa,3414. Dalbergia rimosa.7
/kaggle/input/datasets/b23dckh002lvitanh/s3-origin/S3/Dalbergia rimosa/3414. Dalbergia rimosa.10/3414. Dalbergia rimosa.10 (278).png,Dalbergia rimosa,Dalbergia,rimosa,3414. Dalbergia rimosa.10
/kaggle/input/datasets/b23dckh002lvitanh/s3-origin/S3/Dalbergia rimosa/3414. Dalbergia rimosa.8/3414. Dalbergia rimosa.8 (231).png,Dalbergia rimosa,Dalbergia,rimosa,3414. Dalbergia rimosa.8
/kaggle/input/datasets/b23dckh002lvitanh/s3-origin/S3/Dalbergia rimosa/3414. Dalbergia rimosa.9/3414. Dalbergia rimosa.9 (260).png,Dalbergia rimosa,Dalbergia,rimosa,3414. Dalbergia rimosa.9
/kaggle/input/datasets/b23dckh002lvitanh/s3-origin/S3/Dalbergia rimosa/3414. Dalbergia rimosa.7/3414. Dalbergia rimosa.7 (207).png,Dalbergia rimosa,Dalbergia,rimosa,3414. Dalbergia rimosa.7
/kaggle/input/datasets/b23dckh002lvitanh/s3-origin/S3/Dalbergia rimosa/3414. Dalbergia rimosa.5/3414. Dalbergia rimosa.5 (143).png,Dalbergia rimosa,Dalbergia,rimosa,3414. Dalbergia rimosa.5
/kaggle/input/datasets/b23dckh002lvitanh/s3-origin/S3/Dalbergia rimosa/3414. Dalbergia rimosa.9/3414. Dalbergia rimosa.9 (245).png,Dalbergia rimosa,Dalbergia,rimosa,3414. Dalbergia rimosa.9
/kaggle/input/datasets/b23dckh002lvitanh/s3-origin/S3/Dalbergia rimosa/3414. Dalbergia rimosa.10/3414. Dalbergia rimosa.10 (293).png,Dalbergia rimosa,Dalbergia,rimosa,3414. Dalbergia rimosa.10
/kaggle/input/datasets/b23dckh002lvitanh/s3-origin/S3/Dalbergia rimosa/3414. Dalbergia rimosa.8/3414. Dalbergia rimosa.8 (213).png,Dalbergia rimosa,Dalbergia,rimosa,3414. Dalbergia rimosa.8
/kaggle/input/datasets/b23dckh002lvitanh/s3-origin/S3/Dalbergia rimosa/3414. Dalbergia rimosa.10/3414. Dalbergia rimosa.10 (285).png,Dalbergia rimosa,Dalbergia,rimosa,3414. Dalbergia rimosa.10
/kaggle/input/datasets/b23dckh002lvitanh/s3-origin/S3/Dalbergia rimosa/3414. Dalbergia rimosa.4/3414. Dalbergia rimosa.4 (117).png,Dalbergia rimosa,Dalbergia,rimosa,3414. Dalbergia rimosa.4
/kaggle/input/datasets/b23dckh002lvitanh/s3-origin/S3/Dalbergia rimosa/3414. Dalbergia rimosa.8/3414. Dalbergia rimosa.8 (214).png,Dalbergia rimosa,Dalbergia,rimosa,3414. Dalbergia rimosa.8
/kaggle/input/datasets/b23dckh002lvitanh/s3-origin/S3/Dalbergia rimosa/3414. Dalbergia rimosa.2/3414. Dalbergia rimosa.2 (34).png,Dalbergia rimosa,Dalbergia,rimosa,3414. Dalbergia rimosa.2
/kaggle/input/datasets/b23dckh002lvitanh/s3-origin/S3/Dalbergia rimosa/3414. Dalbergia rimosa.4/3414. Dalbergia rimosa.4 (115).png,Dalbergia rimosa,Dalbergia,rimosa,3414. Dalbergia rimosa.4
/kaggle/input/datasets/b23dckh002lvitanh/s3-origin/S3/Dalbergia rimosa/3414. Dalbergia rimosa.7/3414. Dalbergia rimosa.7 (200).png,Dalbergia rimosa,Dalbergia,rimosa,3414. Dalbergia rimosa.7
/kaggle/input/datasets/b23dckh002lvitanh/s3-origin/S3/Dalbergia rimosa/3414. Dalbergia rimosa.9/3414. Dalbergia rimosa.9 (249).png,Dalbergia rimosa,Dalbergia,rimosa,3414. Dalbergia rimosa.9
/kaggle/input/datasets/b23dckh002lvitanh/s3-origin/S3/Dalbergia rimosa/3414. Dalbergia rimosa.5/3414. Dalbergia rimosa.5 (127).png,Dalbergia rimosa,Dalbergia,rimosa,3414. Dalbergia rimosa.5
/kaggle/input/datasets/b23dckh002lvitanh/s3-origin/S3/Dalbergia rimosa/3414. Dalbergia rimosa.9/3414. Dalbergia rimosa.9 (244).png,Dalbergia rimosa,Dalbergia,rimosa,3414. Dalbergia rimosa.9
/kaggle/input/datasets/b23dckh002lvitanh/s3-origin/S3/Dalbergia rimosa/3414. Dalbergia rimosa.10/3414. Dalbergia rimosa.10 (282).png,Dalbergia rimosa,Dalbergia,rimosa,3414. Dalbergia rimosa.10
/kaggle/input/datasets/b23dckh002lvitanh/s3-origin/S3/Dalbergia rimosa/3414. Dalbergia rimosa.7/3414. Dalbergia rimosa.7 (202).png,Dalbergia rimosa,Dalbergia,rimosa,3414. Dalbergia rimosa.7
/kaggle/input/datasets/b23dckh002lvitanh/s3-origin/S3/Dalbergia rimosa/3414. Dalbergia rimosa.4/3414. Dalbergia rimosa.4 (108).png,Dalbergia rimosa,Dalbergia,rimosa,3414. Dalbergia rimosa.4
/kaggle/input/datasets/b23dckh002lvitanh/s3-origin/S3/Dalbergia rimosa/3414. Dalbergia rimosa.7/3414. Dalbergia rimosa.7 (203).png,Dalbergia rimosa,Dalbergia,rimosa,3414. Dalbergia rimosa.7
/kaggle/input/datasets/b23dckh002lvitanh/s3-origin/S3/Dalbergia rimosa/3414. Dalbergia rimosa.2/3414. Dalbergia rimosa.2 (39).png,Dalbergia rimosa,Dalbergia,rimosa,3414. Dalbergia rimosa.2
/kaggle/input/datasets/b23dckh002lvitanh/s3-origin/S3/Dalbergia rimosa/3414. Dalbergia rimosa.6/3414. Dalbergia rimosa.6 (152).png,Dalbergia rimosa,Dalbergia,rimosa,3414. Dalbergia rimosa.6
/kaggle/input/datasets/b23dckh002lvitanh/s3-origin/S3/Dalbergia rimosa/3414. Dalbergia rimosa.4/3414. Dalbergia rimosa.4 (95).png,Dalbergia rimosa,Dalbergia,rimosa,3414. Dalbergia rimosa.4
/kaggle/input/datasets/b23dckh002lvitanh/s3-origin/S3/Dalbergia rimosa/3414. Dalbergia rimosa.8/3414. Dalbergia rimosa.8 (216).png,Dalbergia rimosa,Dalbergia,rimosa,3414. Dalbergia rimosa.8
/kaggle/input/datasets/b23dckh002lvitanh/s3-origin/S3/Dalbergia rimosa/3414. Dalbergia rimosa.8/3414. Dalbergia rimosa.8 (234).png,Dalbergia rimosa,Dalbergia,rimosa,3414. Dalbergia rimosa.8
/kaggle/input/datasets/b23dckh002lvitanh/s3-origin/S3/Dalbergia rimosa/3414. Dalbergia rimosa.8/3414. Dalbergia rimosa.8 (219).png,Dalbergia rimosa,Dalbergia,rimosa,3414. Dalbergia rimosa.8
/kaggle/input/datasets/b23dckh002lvitanh/s3-origin/S3/Dalbergia rimosa/3414. Dalbergia rimosa.8/3414. Dalbergia rimosa.8 (222).png,Dalbergia rimosa,Dalbergia,rimosa,3414. Dalbergia rimosa.8
/kaggle/input/datasets/b23dckh002lvitanh/s3-origin/S3/Dalbergia rimosa/3414. Dalbergia rimosa.9/3414. Dalbergia rimosa.9 (267).png,Dalbergia rimosa,Dalbergia,rimosa,3414. Dalbergia rimosa.9
/kaggle/input/datasets/b23dckh002lvitanh/s3-origin/S3/Dalbergia rimosa/3414. Dalbergia rimosa.8/3414. Dalbergia rimosa.8 (240).png,Dalbergia rimosa,Dalbergia,rimosa,3414. Dalbergia rimosa.8
/kaggle/input/datasets/b23dckh002lvitanh/s3-origin/S3/Dalbergia rimosa/3414. Dalbergia rimosa.5/3414. Dalbergia rimosa.5 (149).png,Dalbergia rimosa,Dalbergia,rimosa,3414. Dalbergia rimosa.5
/kaggle/input/datasets/b23dckh002lvitanh/s3-origin/S3/Dalbergia rimosa/3414. Dalbergia rimosa.9/3414. Dalbergia rimosa.9 (263).png,Dalbergia rimosa,Dalbergia,rimosa,3414. Dalbergia rimosa.9
/kaggle/input/datasets/b23dckh002lvitanh/s3-origin/S3/Dalbergia rimosa/3414. Dalbergia rimosa.4/3414. Dalbergia rimosa.4 (109).png,Dalbergia rimosa,Dalbergia,rimosa,3414. Dalbergia rimosa.4
/kaggle/input/datasets/b23dckh002lvitanh/s3-origin/S3/Dalbergia rimosa/3414. Dalbergia rimosa.6/3414. Dalbergia rimosa.6 (174).png,Dalbergia rimosa,Dalbergia,rimosa,3414. Dalbergia rimosa.6
/kaggle/input/datasets/b23dckh002lvitanh/s3-origin/S3/Dalbergia rimosa/3414. Dalbergia rimosa.5/3414. Dalbergia rimosa.5 (134).png,Dalbergia rimosa,Dalbergia,rimosa,3414. Dalbergia rimosa.5
/kaggle/input/datasets/b23dckh002lvitanh/s3-origin/S3/Dalbergia rimosa/3414. Dalbergia rimosa.6/3414. Dalbergia rimosa.6 (163).png,Dalbergia rimosa,Dalbergia,rimosa,3414. Dalbergia rimosa.6
/kaggle/input/datasets/b23dckh002lvitanh/s3-origin/S3/Dalbergia rimosa/3414. Dalbergia rimosa.6/3414. Dalbergia rimosa.6 (178).png,Dalbergia rimosa,Dalbergia,rimosa,3414. Dalbergia rimosa.6
/kaggle/input/datasets/b23dckh002lvitanh/s3-origin/S3/Dalbergia rimosa/3414. Dalbergia rimosa.4/3414. Dalbergia rimosa.4 (118).png,Dalbergia rimosa,Dalbergia,rimosa,3414. Dalbergia rimosa.4
/kaggle/input/datasets/b23dckh002lvitanh/s3-origin/S3/Dalbergia rimosa/3414. Dalbergia rimosa.5/3414. Dalbergia rimosa.5 (123).png,Dalbergia rimosa,Dalbergia,rimosa,3414. Dalbergia rimosa.5
/kaggle/input/datasets/b23dckh002lvitanh/s3-origin/S3/Dalbergia rimosa/3414. Dalbergia rimosa.4/3414. Dalbergia rimosa.4 (100).png,Dalbergia rimosa,Dalbergia,rimosa,3414. Dalbergia rimosa.4
/kaggle/input/datasets/b23dckh002lvitanh/s3-origin/S3/Dalbergia rimosa/3414. Dalbergia rimosa.5/3414. Dalbergia rimosa.5 (124).png,Dalbergia rimosa,Dalbergia,rimosa,3414. Dalbergia rimosa.5
/kaggle/input/datasets/b23dckh002lvitanh/s3-origin/S3/Dalbergia rimosa/3414. Dalbergia rimosa.4/3414. Dalbergia rimosa.4 (111).png,Dalbergia rimosa,Dalbergia,rimosa,3414. Dalbergia rimosa.4
/kaggle/input/datasets/b23dckh002lvitanh/s3-origin/S3/Dalbergia rimosa/3414. Dalbergia rimosa.5/3414. Dalbergia rimosa.5 (145).png,Dalbergia rimosa,Dalbergia,rimosa,3414. Dalbergia rimosa.5
/kaggle/input/datasets/b23dckh002lvitanh/s3-origin/S3/Dalbergia rimosa/3414. Dalbergia rimosa.8/3414. Dalbergia rimosa.8 (226).png,Dalbergia rimosa,Dalbergia,rimosa,3414. Dalbergia rimosa.8
/kaggle/input/datasets/b23dckh002lvitanh/s3-origin/S3/Dalbergia rimosa/3414. Dalbergia rimosa.7/3414. Dalbergia rimosa.7 (185).png,Dalbergia rimosa,Dalbergia,rimosa,3414. Dalbergia rimosa.7
/kaggle/input/datasets/b23dckh002lvitanh/s3-origin/S3/Dalbergia rimosa/3414. Dalbergia rimosa.5/3414. Dalbergia rimosa.5 (125).png,Dalbergia rimosa,Dalbergia,rimosa,3414. Dalbergia rimosa.5
/kaggle/input/datasets/b23dckh002lvitanh/s3-origin/S3/Dalbergia rimosa/3414. Dalbergia rimosa.10/3414. Dalbergia rimosa.10 (273).png,Dalbergia rimosa,Dalbergia,rimosa,3414. Dalbergia rimosa.10
/kaggle/input/datasets/b23dckh002lvitanh/s3-origin/S3/Dalbergia rimosa/3414. Dalbergia rimosa.6/3414. Dalbergia rimosa.6 (167).png,Dalbergia rimosa,Dalbergia,rimosa,3414. Dalbergia rimosa.6
/kaggle/input/datasets/b23dckh002lvitanh/s3-origin/S3/Dalbergia rimosa/3414. Dalbergia rimosa.4/3414. Dalbergia rimosa.4 (114).png,Dalbergia rimosa,Dalbergia,rimosa,3414. Dalbergia rimosa.4
/kaggle/input/datasets/b23dckh002lvitanh/s3-origin/S3/Dalbergia rimosa/3414. Dalbergia rimosa.4/3414. Dalbergia rimosa.4 (106).png,Dalbergia rimosa,Dalbergia,rimosa,3414. Dalbergia rimosa.4
/kaggle/input/datasets/b23dckh002lvitanh/s3-origin/S3/Dalbergia rimosa/3414. Dalbergia rimosa.10/3414. Dalbergia rimosa.10 (300).png,Dalbergia rimosa,Dalbergia,rimosa,3414. Dalbergia rimosa.10
/kaggle/input/datasets/b23dckh002lvitanh/s3-origin/S3/Dalbergia rimosa/3414. Dalbergia rimosa.2/3414. Dalbergia rimosa.2 (36).png,Dalbergia rimosa,Dalbergia,rimosa,3414. Dalbergia rimosa.2
/kaggle/input/datasets/b23dckh002lvitanh/s3-origin/S3/Dalbergia rimosa/3414. Dalbergia rimosa.7/3414. Dalbergia rimosa.7 (197).png,Dalbergia rimosa,Dalbergia,rimosa,3414. Dalbergia rimosa.7
/kaggle/input/datasets/b23dckh002lvitanh/s3-origin/S3/Dalbergia rimosa/3414. Dalbergia rimosa.7/3414. Dalbergia rimosa.7 (198).png,Dalbergia rimosa,Dalbergia,rimosa,3414. Dalbergia rimosa.7
/kaggle/input/datasets/b23dckh002lvitanh/s3-origin/S3/Dalbergia rimosa/3414. Dalbergia rimosa.5/3414. Dalbergia rimosa.5 (138).png,Dalbergia rimosa,Dalbergia,rimosa,3414. Dalbergia rimosa.5
/kaggle/input/datasets/b23dckh002lvitanh/s3-origin/S3/Dalbergia rimosa/3414. Dalbergia rimosa.4/3414. Dalbergia rimosa.4 (105).png,Dalbergia rimosa,Dalbergia,rimosa,3414. Dalbergia rimosa.4
/kaggle/input/datasets/b23dckh002lvitanh/s3-origin/S3/Dalbergia rimosa/3414. Dalbergia rimosa.9/3414. Dalbergia rimosa.9 (262).png,Dalbergia rimosa,Dalbergia,rimosa,3414. Dalbergia rimosa.9
/kaggle/input/datasets/b23dckh002lvitanh/s3-origin/S3/Dalbergia rimosa/3414. Dalbergia rimosa.8/3414. Dalbergia rimosa.8 (239).png,Dalbergia rimosa,Dalbergia,rimosa,3414. Dalbergia rimosa.8
/kaggle/input/datasets/b23dckh002lvitanh/s3-origin/S3/Dalbergia rimosa/3414. Dalbergia rimosa.6/3414. Dalbergia rimosa.6 (160).png,Dalbergia rimosa,Dalbergia,rimosa,3414. Dalbergia rimosa.6
/kaggle/input/datasets/b23dckh002lvitanh/s3-origin/S3/Dalbergia rimosa/3414. Dalbergia rimosa.2/3414. Dalbergia rimosa.2 (49).png,Dalbergia rimosa,Dalbergia,rimosa,3414. Dalbergia rimosa.2
/kaggle/input/datasets/b23dckh002lvitanh/s3-origin/S3/Dalbergia rimosa/3414. Dalbergia rimosa.10/3414. Dalbergia rimosa.10 (279).png,Dalbergia rimosa,Dalbergia,rimosa,3414. Dalbergia rimosa.10
/kaggle/input/datasets/b23dckh002lvitanh/s3-origin/S3/Dalbergia rimosa/3414. Dalbergia rimosa.2/3414. Dalbergia rimosa.2 (41).png,Dalbergia rimosa,Dalbergia,rimosa,3414. Dalbergia rimosa.2
/kaggle/input/datasets/b23dckh002lvitanh/s3-origin/S3/Dalbergia rimosa/3414. Dalbergia rimosa.10/3414. Dalbergia rimosa.10 (283).png,Dalbergia rimosa,Dalbergia,rimosa,3414. Dalbergia rimosa.10
/kaggle/input/datasets/b23dckh002lvitanh/s3-origin/S3/Dalbergia rimosa/3414. Dalbergia rimosa.2/3414. Dalbergia rimosa.2 (44).png,Dalbergia rimosa,Dalbergia,rimosa,3414. Dalbergia rimosa.2
/kaggle/input/datasets/b23dckh002lvitanh/s3-origin/S3/Dalbergia rimosa/3414. Dalbergia rimosa.9/3414. Dalbergia rimosa.9 (243).png,Dalbergia rimosa,Dalbergia,rimosa,3414. Dalbergia rimosa.9
/kaggle/input/datasets/b23dckh002lvitanh/s3-origin/S3/Dalbergia rimosa/3414. Dalbergia rimosa.6/3414. Dalbergia rimosa.6 (157).png,Dalbergia rimosa,Dalbergia,rimosa,3414. Dalbergia rimosa.6
/kaggle/input/datasets/b23dckh002lvitanh/s3-origin/S3/Dalbergia rimosa/3414. Dalbergia rimosa.7/3414. Dalbergia rimosa.7 (192).png,Dalbergia rimosa,Dalbergia,rimosa,3414. Dalbergia rimosa.7
/kaggle/input/datasets/b23dckh002lvitanh/s3-origin/S3/Dalbergia rimosa/3414. Dalbergia rimosa.2/3414. Dalbergia rimosa.2 (55).png,Dalbergia rimosa,Dalbergia,rimosa,3414. Dalbergia rimosa.2
/kaggle/input/datasets/b23dckh002lvitanh/s3-origin/S3/Dalbergia rimosa/3414. Dalbergia rimosa.6/3414. Dalbergia rimosa.6 (177).png,Dalbergia rimosa,Dalbergia,rimosa,3414. Dalbergia rimosa.6
/kaggle/input/datasets/b23dckh002lvitanh/s3-origin/S3/Dalbergia rimosa/3414. Dalbergia rimosa.8/3414. Dalbergia rimosa.8 (223).png,Dalbergia rimosa,Dalbergia,rimosa,3414. Dalbergia rimosa.8
/kaggle/input/datasets/b23dckh002lvitanh/s3-origin/S3/Dalbergia rimosa/3414. Dalbergia rimosa.4/3414. Dalbergia rimosa.4 (116).png,Dalbergia rimosa,Dalbergia,rimosa,3414. Dalbergia rimosa.4
/kaggle/input/datasets/b23dckh002lvitanh/s3-origin/S3/Dalbergia rimosa/3414. Dalbergia rimosa.2/3414. Dalbergia rimosa.2 (58).png,Dalbergia rimosa,Dalbergia,rimosa,3414. Dalbergia rimosa.2
/kaggle/input/datasets/b23dckh002lvitanh/s3-origin/S3/Dalbergia rimosa/3414. Dalbergia rimosa.7/3414. Dalbergia rimosa.7 (186).png,Dalbergia rimosa,Dalbergia,rimosa,3414. Dalbergia rimosa.7
/kaggle/input/datasets/b23dckh002lvitanh/s3-origin/S3/Dalbergia rimosa/3414. Dalbergia rimosa.6/3414. Dalbergia rimosa.6 (180).png,Dalbergia rimosa,Dalbergia,rimosa,3414. Dalbergia rimosa.6
/kaggle/input/datasets/b23dckh002lvitanh/s3-origin/S3/Dalbergia rimosa/3414. Dalbergia rimosa.4/3414. Dalbergia rimosa.4 (99).png,Dalbergia rimosa,Dalbergia,rimosa,3414. Dalbergia rimosa.4
/kaggle/input/datasets/b23dckh002lvitanh/s3-origin/S3/Dalbergia rimosa/3414. Dalbergia rimosa.6/3414. Dalbergia rimosa.6 (169).png,Dalbergia rimosa,Dalbergia,rimosa,3414. Dalbergia rimosa.6
/kaggle/input/datasets/b23dckh002lvitanh/s3-origin/S3/Dalbergia rimosa/3414. Dalbergia rimosa.10/3414. Dalbergia rimosa.10 (288).png,Dalbergia rimosa,Dalbergia,rimosa,3414. Dalbergia rimosa.10
/kaggle/input/datasets/b23dckh002lvitanh/s3-origin/S3/Dalbergia rimosa/3414. Dalbergia rimosa.9/3414. Dalbergia rimosa.9 (247).png,Dalbergia rimosa,Dalbergia,rimosa,3414. Dalbergia rimosa.9
/kaggle/input/datasets/b23dckh002lvitanh/s3-origin/S3/Dalbergia rimosa/3414. Dalbergia rimosa.9/3414. Dalbergia rimosa.9 (253).png,Dalbergia rimosa,Dalbergia,rimosa,3414. Dalbergia rimosa.9
/kaggle/input/datasets/b23dckh002lvitanh/s3-origin/S3/Dalbergia rimosa/3414. Dalbergia rimosa.9/3414. Dalbergia rimosa.9 (259).png,Dalbergia rimosa,Dalbergia,rimosa,3414. Dalbergia rimosa.9
/kaggle/input/datasets/b23dckh002lvitanh/s3-origin/S3/Dalbergia rimosa/3414. Dalbergia rimosa.6/3414. Dalbergia rimosa.6 (170).png,Dalbergia rimosa,Dalbergia,rimosa,3414. Dalbergia rimosa.6
/kaggle/input/datasets/b23dckh002lvitanh/s3-origin/S3/Dalbergia rimosa/3414. Dalbergia rimosa.10/3414. Dalbergia rimosa.10 (294).png,Dalbergia rimosa,Dalbergia,rimosa,3414. Dalbergia rimosa.10
/kaggle/input/datasets/b23dckh002lvitanh/s3-origin/S3/Dalbergia rimosa/3414. Dalbergia rimosa.10/3414. Dalbergia rimosa.10 (272).png,Dalbergia rimosa,Dalbergia,rimosa,3414. Dalbergia rimosa.10
/kaggle/input/datasets/b23dckh002lvitanh/s3-origin/S3/Dalbergia rimosa/3414. Dalbergia rimosa.4/3414. Dalbergia rimosa.4 (94).png,Dalbergia rimosa,Dalbergia,rimosa,3414. Dalbergia rimosa.4
/kaggle/input/datasets/b23dckh002lvitanh/s3-origin/S3/Dalbergia rimosa/3414. Dalbergia rimosa.2/3414. Dalbergia rimosa.2 (53).png,Dalbergia rimosa,Dalbergia,rimosa,3414. Dalbergia rimosa.2
/kaggle/input/datasets/b23dckh002lvitanh/s3-origin/S3/Dalbergia rimosa/3414. Dalbergia rimosa.5/3414. Dalbergia rimosa.5 (121).png,Dalbergia rimosa,Dalbergia,rimosa,3414. Dalbergia rimosa.5
/kaggle/input/datasets/b23dckh002lvitanh/s3-origin/S3/Dalbergia rimosa/3414. Dalbergia rimosa.5/3414. Dalbergia rimosa.5 (147).png,Dalbergia rimosa,Dalbergia,rimosa,3414. Dalbergia rimosa.5
/kaggle/input/datasets/b23dckh002lvitanh/s3-origin/S3/Dalbergia rimosa/3414. Dalbergia rimosa.6/3414. Dalbergia rimosa.6 (176).png,Dalbergia rimosa,Dalbergia,rimosa,3414. Dalbergia rimosa.6
/kaggle/input/datasets/b23dckh002lvitanh/s3-origin/S3/Dalbergia rimosa/3414. Dalbergia rimosa.7/3414. Dalbergia rimosa.7 (190).png,Dalbergia rimosa,Dalbergia,rimosa,3414. Dalbergia rimosa.7
/kaggle/input/datasets/b23dckh002lvitanh/s3-origin/S3/Dalbergia rimosa/3414. Dalbergia rimosa.5/3414. Dalbergia rimosa.5 (132).png,Dalbergia rimosa,Dalbergia,rimosa,3414. Dalbergia rimosa.5
/kaggle/input/datasets/b23dckh002lvitanh/s3-origin/S3/Dalbergia rimosa/3414. Dalbergia rimosa.4/3414. Dalbergia rimosa.4 (112).png,Dalbergia rimosa,Dalbergia,rimosa,3414. Dalbergia rimosa.4
/kaggle/input/datasets/b23dckh002lvitanh/s3-origin/S3/Dalbergia rimosa/3414. Dalbergia rimosa.7/3414. Dalbergia rimosa.7 (199).png,Dalbergia rimosa,Dalbergia,rimosa,3414. Dalbergia rimosa.7
/kaggle/input/datasets/b23dckh002lvitanh/s3-origin/S3/Dalbergia rimosa/3414. Dalbergia rimosa.7/3414. Dalbergia rimosa.7 (194).png,Dalbergia rimosa,Dalbergia,rimosa,3414. Dalbergia rimosa.7
/kaggle/input/datasets/b23dckh002lvitanh/s3-origin/S3/Dalbergia rimosa/3414. Dalbergia rimosa.5/3414. Dalbergia rimosa.5 (129).png,Dalbergia rimosa,Dalbergia,rimosa,3414. Dalbergia rimosa.5
/kaggle/input/datasets/b23dckh002lvitanh/s3-origin/S3/Dalbergia rimosa/3414. Dalbergia rimosa.2/3414. Dalbergia rimosa.2 (43).png,Dalbergia rimosa,Dalbergia,rimosa,3414. Dalbergia rimosa.2
/kaggle/input/datasets/b23dckh002lvitanh/s3-origin/S3/Dalbergia rimosa/3414. Dalbergia rimosa.6/3414. Dalbergia rimosa.6 (168).png,Dalbergia rimosa,Dalbergia,rimosa,3414. Dalbergia rimosa.6
/kaggle/input/datasets/b23dckh002lvitanh/s3-origin/S3/Dalbergia rimosa/3414. Dalbergia rimosa.4/3414. Dalbergia rimosa.4 (119).png,Dalbergia rimosa,Dalbergia,rimosa,3414. Dalbergia rimosa.4
/kaggle/input/datasets/b23dckh002lvitanh/s3-origin/S3/Dalbergia rimosa/3414. Dalbergia rimosa.10/3414. Dalbergia rimosa.10 (284).png,Dalbergia rimosa,Dalbergia,rimosa,3414. Dalbergia rimosa.10
/kaggle/input/datasets/b23dckh002lvitanh/s3-origin/S3/Dalbergia rimosa/3414. Dalbergia rimosa.5/3414. Dalbergia rimosa.5 (139).png,Dalbergia rimosa,Dalbergia,rimosa,3414. Dalbergia rimosa.5
/kaggle/input/datasets/b23dckh002lvitanh/s3-origin/S3/Dalbergia rimosa/3414. Dalbergia rimosa.7/3414. Dalbergia rimosa.7 (196).png,Dalbergia rimosa,Dalbergia,rimosa,3414. Dalbergia rimosa.7
/kaggle/input/datasets/b23dckh002lvitanh/s3-origin/S3/Dalbergia rimosa/3414. Dalbergia rimosa.8/3414. Dalbergia rimosa.8 (236).png,Dalbergia rimosa,Dalbergia,rimosa,3414. Dalbergia rimosa.8
/kaggle/input/datasets/b23dckh002lvitanh/s3-origin/S3/Dalbergia rimosa/3414. Dalbergia rimosa.2/3414. Dalbergia rimosa.2 (38).png,Dalbergia rimosa,Dalbergia,rimosa,3414. Dalbergia rimosa.2
/kaggle/input/datasets/b23dckh002lvitanh/s3-origin/S3/Dalbergia rimosa/3414. Dalbergia rimosa.10/3414. Dalbergia rimosa.10 (295).png,Dalbergia rimosa,Dalbergia,rimosa,3414. Dalbergia rimosa.10
/kaggle/input/datasets/b23dckh002lvitanh/s3-origin/S3/Dalbergia rimosa/3414. Dalbergia rimosa.9/3414. Dalbergia rimosa.9 (257).png,Dalbergia rimosa,Dalbergia,rimosa,3414. Dalbergia rimosa.9
/kaggle/input/datasets/b23dckh002lvitanh/s3-origin/S3/Dalbergia rimosa/3414. Dalbergia rimosa.10/3414. Dalbergia rimosa.10 (287).png,Dalbergia rimosa,Dalbergia,rimosa,3414. Dalbergia rimosa.10
/kaggle/input/datasets/b23dckh002lvitanh/s3-origin/S3/Dalbergia rimosa/3414. Dalbergia rimosa.6/3414. Dalbergia rimosa.6 (162).png,Dalbergia rimosa,Dalbergia,rimosa,3414. Dalbergia rimosa.6
/kaggle/input/datasets/b23dckh002lvitanh/s3-origin/S3/Dalbergia rimosa/3414. Dalbergia rimosa.10/3414. Dalbergia rimosa.10 (274).png,Dalbergia rimosa,Dalbergia,rimosa,3414. Dalbergia rimosa.10
/kaggle/input/datasets/b23dckh002lvitanh/s3-origin/S3/Dalbergia rimosa/3414. Dalbergia rimosa.6/3414. Dalbergia rimosa.6 (151).png,Dalbergia rimosa,Dalbergia,rimosa,3414. Dalbergia rimosa.6
/kaggle/input/datasets/b23dckh002lvitanh/s3-origin/S3/Dalbergia rimosa/3414. Dalbergia rimosa.2/3414. Dalbergia rimosa.2 (52).png,Dalbergia rimosa,Dalbergia,rimosa,3414. Dalbergia rimosa.2
/kaggle/input/datasets/b23dckh002lvitanh/s3-origin/S3/Dalbergia rimosa/3414. Dalbergia rimosa.6/3414. Dalbergia rimosa.6 (172).png,Dalbergia rimosa,Dalbergia,rimosa,3414. Dalbergia rimosa.6
/kaggle/input/datasets/b23dckh002lvitanh/s3-origin/S3/Dalbergia rimosa/3414. Dalbergia rimosa.7/3414. Dalbergia rimosa.7 (183).png,Dalbergia rimosa,Dalbergia,rimosa,3414. Dalbergia rimosa.7
/kaggle/input/datasets/b23dckh002lvitanh/s3-origin/S3/Dalbergia rimosa/3414. Dalbergia rimosa.4/3414. Dalbergia rimosa.4 (104).png,Dalbergia rimosa,Dalbergia,rimosa,3414. Dalbergia rimosa.4
/kaggle/input/datasets/b23dckh002lvitanh/s3-origin/S3/Dalbergia rimosa/3414. Dalbergia rimosa.6/3414. Dalbergia rimosa.6 (158).png,Dalbergia rimosa,Dalbergia,rimosa,3414. Dalbergia rimosa.6
/kaggle/input/datasets/b23dckh002lvitanh/s3-origin/S3/Dalbergia rimosa/3414. Dalbergia rimosa.6/3414. Dalbergia rimosa.6 (166).png,Dalbergia rimosa,Dalbergia,rimosa,3414. Dalbergia rimosa.6
/kaggle/input/datasets/b23dckh002lvitanh/s3-origin/S3/Dalbergia rimosa/3414. Dalbergia rimosa.9/3414. Dalbergia rimosa.9 (241).png,Dalbergia rimosa,Dalbergia,rimosa,3414. Dalbergia rimosa.9
/kaggle/input/datasets/b23dckh002lvitanh/s3-origin/S3/Dalbergia rimosa/3414. Dalbergia rimosa.8/3414. Dalbergia rimosa.8 (211).png,Dalbergia rimosa,Dalbergia,rimosa,3414. Dalbergia rimosa.8
/kaggle/input/datasets/b23dckh002lvitanh/s3-origin/S3/Dalbergia rimosa/3414. Dalbergia rimosa.4/3414. Dalbergia rimosa.4 (91).png,Dalbergia rimosa,Dalbergia,rimosa,3414. Dalbergia rimosa.4
/kaggle/input/datasets/b23dckh002lvitanh/s3-origin/S3/Dalbergia rimosa/3414. Dalbergia rimosa.8/3414. Dalbergia rimosa.8 (227).png,Dalbergia rimosa,Dalbergia,rimosa,3414. Dalbergia rimosa.8
/kaggle/input/datasets/b23dckh002lvitanh/s3-origin/S3/Dalbergia rimosa/3414. Dalbergia rimosa.4/3414. Dalbergia rimosa.4 (93).png,Dalbergia rimosa,Dalbergia,rimosa,3414. Dalbergia rimosa.4
/kaggle/input/datasets/b23dckh002lvitanh/s3-origin/S3/Dalbergia rimosa/3414. Dalbergia rimosa.2/3414. Dalbergia rimosa.2 (37).png,Dalbergia rimosa,Dalbergia,rimosa,3414. Dalbergia rimosa.2
/kaggle/input/datasets/b23dckh002lvitanh/s3-origin/S3/Dalbergia rimosa/3414. Dalbergia rimosa.7/3414. Dalbergia rimosa.7 (184).png,Dalbergia rimosa,Dalbergia,rimosa,3414. Dalbergia rimosa.7
/kaggle/input/datasets/b23dckh002lvitanh/s3-origin/S3/Dalbergia rimosa/3414. Dalbergia rimosa.2/3414. Dalbergia rimosa.2 (40).png,Dalbergia rimosa,Dalbergia,rimosa,3414. Dalbergia rimosa.2
/kaggle/input/datasets/b23dckh002lvitanh/s3-origin/S3/Dalbergia rimosa/3414. Dalbergia rimosa.6/3414. Dalbergia rimosa.6 (161).png,Dalbergia rimosa,Dalbergia,rimosa,3414. Dalbergia rimosa.6
/kaggle/input/datasets/b23dckh002lvitanh/s3-origin/S3/Dalbergia rimosa/3414. Dalbergia rimosa.10/3414. Dalbergia rimosa.10 (276).png,Dalbergia rimosa,Dalbergia,rimosa,3414. Dalbergia rimosa.10
/kaggle/input/datasets/b23dckh002lvitanh/s3-origin/S3/Dalbergia rimosa/3414. Dalbergia rimosa.7/3414. Dalbergia rimosa.7 (188).png,Dalbergia rimosa,Dalbergia,rimosa,3414. Dalbergia rimosa.7
/kaggle/input/datasets/b23dckh002lvitanh/s3-origin/S3/Dalbergia rimosa/3414. Dalbergia rimosa.8/3414. Dalbergia rimosa.8 (237).png,Dalbergia rimosa,Dalbergia,rimosa,3414. Dalbergia rimosa.8
/kaggle/input/datasets/b23dckh002lvitanh/s3-origin/S3/Dalbergia rimosa/3414. Dalbergia rimosa.4/3414. Dalbergia rimosa.4 (103).png,Dalbergia rimosa,Dalbergia,rimosa,3414. Dalbergia rimosa.4
/kaggle/input/datasets/b23dckh002lvitanh/s3-origin/S3/Dalbergia rimosa/3414. Dalbergia rimosa.2/3414. Dalbergia rimosa.2 (42).png,Dalbergia rimosa,Dalbergia,rimosa,3414. Dalbergia rimosa.2
/kaggle/input/datasets/b23dckh002lvitanh/s3-origin/S3/Dalbergia rimosa/3414. Dalbergia rimosa.8/3414. Dalbergia rimosa.8 (225).png,Dalbergia rimosa,Dalbergia,rimosa,3414. Dalbergia rimosa.8
/kaggle/input/datasets/b23dckh002lvitanh/s3-origin/S3/Dalbergia rimosa/3414. Dalbergia rimosa.2/3414. Dalbergia rimosa.2 (56).png,Dalbergia rimosa,Dalbergia,rimosa,3414. Dalbergia rimosa.2
/kaggle/input/datasets/b23dckh002lvitanh/s3-origin/S3/Dalbergia rimosa/3414. Dalbergia rimosa.5/3414. Dalbergia rimosa.5 (144).png,Dalbergia rimosa,Dalbergia,rimosa,3414. Dalbergia rimosa.5
/kaggle/input/datasets/b23dckh002lvitanh/s3-origin/S3/Dalbergia rimosa/3414. Dalbergia rimosa.8/3414. Dalbergia rimosa.8 (235).png,Dalbergia rimosa,Dalbergia,rimosa,3414. Dalbergia rimosa.8
/kaggle/input/datasets/b23dckh002lvitanh/s3-origin/S3/Dalbergia rimosa/3414. Dalbergia rimosa.2/3414. Dalbergia rimosa.2 (54).png,Dalbergia rimosa,Dalbergia,rimosa,3414. Dalbergia rimosa.2
/kaggle/input/datasets/b23dckh002lvitanh/s3-origin/S3/Dalbergia rimosa/3414. Dalbergia rimosa.6/3414. Dalbergia rimosa.6 (165).png,Dalbergia rimosa,Dalbergia,rimosa,3414. Dalbergia rimosa.6
/kaggle/input/datasets/b23dckh002lvitanh/s3-origin/S3/Dalbergia rimosa/3414. Dalbergia rimosa.9/3414. Dalbergia rimosa.9 (254).png,Dalbergia rimosa,Dalbergia,rimosa,3414. Dalbergia rimosa.9
/kaggle/input/datasets/b23dckh002lvitanh/s3-origin/S3/Dalbergia rimosa/3414. Dalbergia rimosa.10/3414. Dalbergia rimosa.10 (280).png,Dalbergia rimosa,Dalbergia,rimosa,3414. Dalbergia rimosa.10
/kaggle/input/datasets/b23dckh002lvitanh/s3-origin/S3/Dalbergia rimosa/3414. Dalbergia rimosa.5/3414. Dalbergia rimosa.5 (122).png,Dalbergia rimosa,Dalbergia,rimosa,3414. Dalbergia rimosa.5
/kaggle/input/datasets/b23dckh002lvitanh/s3-origin/S3/Dalbergia rimosa/3414. Dalbergia rimosa.2/3414. Dalbergia rimosa.2 (35).png,Dalbergia rimosa,Dalbergia,rimosa,3414. Dalbergia rimosa.2
/kaggle/input/datasets/b23dckh002lvitanh/s3-origin/S3/Dalbergia rimosa/3414. Dalbergia rimosa.6/3414. Dalbergia rimosa.6 (179).png,Dalbergia rimosa,Dalbergia,rimosa,3414. Dalbergia rimosa.6
/kaggle/input/datasets/b23dckh002lvitanh/s3-origin/S3/Dalbergia rimosa/3414. Dalbergia rimosa.9/3414. Dalbergia rimosa.9 (250).png,Dalbergia rimosa,Dalbergia,rimosa,3414. Dalbergia rimosa.9
/kaggle/input/datasets/b23dckh002lvitanh/s3-origin/S3/Dalbergia rimosa/3414. Dalbergia rimosa.8/3414. Dalbergia rimosa.8 (217).png,Dalbergia rimosa,Dalbergia,rimosa,3414. Dalbergia rimosa.8
/kaggle/input/datasets/b23dckh002lvitanh/s3-origin/S3/Dalbergia rimosa/3414. Dalbergia rimosa.9/3414. Dalbergia rimosa.9 (242).png,Dalbergia rimosa,Dalbergia,rimosa,3414. Dalbergia rimosa.9
/kaggle/input/datasets/b23dckh002lvitanh/s3-origin/S3/Dalbergia rimosa/3414. Dalbergia rimosa.2/3414. Dalbergia rimosa.2 (33).png,Dalbergia rimosa,Dalbergia,rimosa,3414. Dalbergia rimosa.2
/kaggle/input/datasets/b23dckh002lvitanh/s3-origin/S3/Dalbergia rimosa/3414. Dalbergia rimosa.7/3414. Dalbergia rimosa.7 (193).png,Dalbergia rimosa,Dalbergia,rimosa,3414. Dalbergia rimosa.7
/kaggle/input/datasets/b23dckh002lvitanh/s3-origin/S3/Dalbergia rimosa/3414. Dalbergia rimosa.4/3414. Dalbergia rimosa.4 (97).png,Dalbergia rimosa,Dalbergia,rimosa,3414. Dalbergia rimosa.4
/kaggle/input/datasets/b23dckh002lvitanh/s3-origin/S3/Dalbergia rimosa/3414. Dalbergia rimosa.2/3414. Dalbergia rimosa.2 (60).png,Dalbergia rimosa,Dalbergia,rimosa,3414. Dalbergia rimosa.2
/kaggle/input/datasets/b23dckh002lvitanh/s3-origin/S3/Dalbergia rimosa/3414. Dalbergia rimosa.10/3414. Dalbergia rimosa.10 (275).png,Dalbergia rimosa,Dalbergia,rimosa,3414. Dalbergia rimosa.10
/kaggle/input/datasets/b23dckh002lvitanh/s3-origin/S3/Dalbergia rimosa/3414. Dalbergia rimosa.7/3414. Dalbergia rimosa.7 (201).png,Dalbergia rimosa,Dalbergia,rimosa,3414. Dalbergia rimosa.7
/kaggle/input/datasets/b23dckh002lvitanh/s3-origin/S3/Dalbergia rimosa/3414. Dalbergia rimosa.5/3414. Dalbergia rimosa.5 (142).png,Dalbergia rimosa,Dalbergia,rimosa,3414. Dalbergia rimosa.5
/kaggle/input/datasets/b23dckh002lvitanh/s3-origin/S3/Dalbergia rimosa/3414. Dalbergia rimosa.5/3414. Dalbergia rimosa.5 (146).png,Dalbergia rimosa,Dalbergia,rimosa,3414. Dalbergia rimosa.5
/kaggle/input/datasets/b23dckh002lvitanh/s3-origin/S3/Dalbergia rimosa/3414. Dalbergia rimosa.4/3414. Dalbergia rimosa.4 (110).png,Dalbergia rimosa,Dalbergia,rimosa,3414. Dalbergia rimosa.4
/kaggle/input/datasets/b23dckh002lvitanh/s3-origin/S3/Dalbergia rimosa/3414. Dalbergia rimosa.9/3414. Dalbergia rimosa.9 (252).png,Dalbergia rimosa,Dalbergia,rimosa,3414. Dalbergia rimosa.9
/kaggle/input/datasets/b23dckh002lvitanh/s3-origin/S3/Dalbergia rimosa/3414. Dalbergia rimosa.9/3414. Dalbergia rimosa.9 (270).png,Dalbergia rimosa,Dalbergia,rimosa,3414. Dalbergia rimosa.9
/kaggle/input/datasets/b23dckh002lvitanh/s3-origin/S3/Dalbergia rimosa/3414. Dalbergia rimosa.4/3414. Dalbergia rimosa.4 (92).png,Dalbergia rimosa,Dalbergia,rimosa,3414. Dalbergia rimosa.4
/kaggle/input/datasets/b23dckh002lvitanh/s3-origin/S3/Dalbergia rimosa/3414. Dalbergia rimosa.10/3414. Dalbergia rimosa.10 (291).png,Dalbergia rimosa,Dalbergia,rimosa,3414. Dalbergia rimosa.10
/kaggle/input/datasets/b23dckh002lvitanh/s3-origin/S3/Dalbergia rimosa/3414. Dalbergia rimosa.10/3414. Dalbergia rimosa.10 (289).png,Dalbergia rimosa,Dalbergia,rimosa,3414. Dalbergia rimosa.10
/kaggle/input/datasets/b23dckh002lvitanh/s3-origin/S3/Dalbergia rimosa/3414. Dalbergia rimosa.2/3414. Dalbergia rimosa.2 (31).png,Dalbergia rimosa,Dalbergia,rimosa,3414. Dalbergia rimosa.2
/kaggle/input/datasets/b23dckh002lvitanh/s3-origin/S3/Dalbergia rimosa/3414. Dalbergia rimosa.8/3414. Dalbergia rimosa.8 (212).png,Dalbergia rimosa,Dalbergia,rimosa,3414. Dalbergia rimosa.8
/kaggle/input/datasets/b23dckh002lvitanh/s3-origin/S3/Dalbergia rimosa/3414. Dalbergia rimosa.6/3414. Dalbergia rimosa.6 (159).png,Dalbergia rimosa,Dalbergia,rimosa,3414. Dalbergia rimosa.6
/kaggle/input/datasets/b23dckh002lvitanh/s3-origin/S3/Dalbergia rimosa/3414. Dalbergia rimosa.10/3414. Dalbergia rimosa.10 (297).png,Dalbergia rimosa,Dalbergia,rimosa,3414. Dalbergia rimosa.10
/kaggle/input/datasets/b23dckh002lvitanh/s3-origin/S3/Dalbergia rimosa/3414. Dalbergia rimosa.7/3414. Dalbergia rimosa.7 (191).png,Dalbergia rimosa,Dalbergia,rimosa,3414. Dalbergia rimosa.7
/kaggle/input/datasets/b23dckh002lvitanh/s3-origin/S3/Dalbergia rimosa/3414. Dalbergia rimosa.4/3414. Dalbergia rimosa.4 (120).png,Dalbergia rimosa,Dalbergia,rimosa,3414. Dalbergia rimosa.4
/kaggle/input/datasets/b23dckh002lvitanh/s3-origin/S3/Dalbergia rimosa/3414. Dalbergia rimosa.9/3414. Dalbergia rimosa.9 (265).png,Dalbergia rimosa,Dalbergia,rimosa,3414. Dalbergia rimosa.9
/kaggle/input/datasets/b23dckh002lvitanh/s3-origin/S3/Dalbergia rimosa/3414. Dalbergia rimosa.6/3414. Dalbergia rimosa.6 (155).png,Dalbergia rimosa,Dalbergia,rimosa,3414. Dalbergia rimosa.6
/kaggle/input/datasets/b23dckh002lvitanh/s3-origin/S3/Dalbergia rimosa/3414. Dalbergia rimosa.8/3414. Dalbergia rimosa.8 (230).png,Dalbergia rimosa,Dalbergia,rimosa,3414. Dalbergia rimosa.8
/kaggle/input/datasets/b23dckh002lvitanh/s3-origin/S3/Dalbergia rimosa/3414. Dalbergia rimosa.9/3414. Dalbergia rimosa.9 (246).png,Dalbergia rimosa,Dalbergia,rimosa,3414. Dalbergia rimosa.9
/kaggle/input/datasets/b23dckh002lvitanh/s3-origin/S3/Dalbergia rimosa/3414. Dalbergia rimosa.4/3414. Dalbergia rimosa.4 (107).png,Dalbergia rimosa,Dalbergia,rimosa,3414. Dalbergia rimosa.4
/kaggle/input/datasets/b23dckh002lvitanh/s3-origin/S3/Dalbergia rimosa/3414. Dalbergia rimosa.2/3414. Dalbergia rimosa.2 (46).png,Dalbergia rimosa,Dalbergia,rimosa,3414. Dalbergia rimosa.2
/kaggle/input/datasets/b23dckh002lvitanh/s3-origin/S3/Dalbergia rimosa/3414. Dalbergia rimosa.5/3414. Dalbergia rimosa.5 (148).png,Dalbergia rimosa,Dalbergia,rimosa,3414. Dalbergia rimosa.5
/kaggle/input/datasets/b23dckh002lvitanh/s3-origin/S3/Dalbergia rimosa/3414. Dalbergia rimosa.2/3414. Dalbergia rimosa.2 (32).png,Dalbergia rimosa,Dalbergia,rimosa,3414. Dalbergia rimosa.2
/kaggle/input/datasets/b23dckh002lvitanh/s3-origin/S3/Dalbergia rimosa/3414. Dalbergia rimosa.8/3414. Dalbergia rimosa.8 (233).png,Dalbergia rimosa,Dalbergia,rimosa,3414. Dalbergia rimosa.8
/kaggle/input/datasets/b23dckh002lvitanh/s3-origin/S3/Dalbergia rimosa/3414. Dalbergia rimosa.7/3414. Dalbergia rimosa.7 (209).png,Dalbergia rimosa,Dalbergia,rimosa,3414. Dalbergia rimosa.7
/kaggle/input/datasets/b23dckh002lvitanh/s3-origin/S3/Dalbergia rimosa/3414. Dalbergia rimosa.8/3414. Dalbergia rimosa.8 (228).png,Dalbergia rimosa,Dalbergia,rimosa,3414. Dalbergia rimosa.8
/kaggle/input/datasets/b23dckh002lvitanh/s3-origin/S3/Dalbergia rimosa/3414. Dalbergia rimosa.8/3414. Dalbergia rimosa.8 (220).png,Dalbergia rimosa,Dalbergia,rimosa,3414. Dalbergia rimosa.8
/kaggle/input/datasets/b23dckh002lvitanh/s3-origin/S3/Dalbergia rimosa/3414. Dalbergia rimosa.9/3414. Dalbergia rimosa.9 (266).png,Dalbergia rimosa,Dalbergia,rimosa,3414. Dalbergia rimosa.9
/kaggle/input/datasets/b23dckh002lvitanh/s3-origin/S3/Dalbergia rimosa/3414. Dalbergia rimosa.9/3414. Dalbergia rimosa.9 (255).png,Dalbergia rimosa,Dalbergia,rimosa,3414. Dalbergia rimosa.9
/kaggle/input/datasets/b23dckh002lvitanh/s3-origin/S3/Dalbergia rimosa/3414. Dalbergia rimosa.7/3414. Dalbergia rimosa.7 (195).png,Dalbergia rimosa,Dalbergia,rimosa,3414. Dalbergia rimosa.7
/kaggle/input/datasets/b23dckh002lvitanh/s3-origin/S3/Dalbergia rimosa/3414. Dalbergia rimosa.2/3414. Dalbergia rimosa.2 (45).png,Dalbergia rimosa,Dalbergia,rimosa,3414. Dalbergia rimosa.2
/kaggle/input/datasets/b23dckh002lvitanh/s3-origin/S3/Dalbergia rimosa/3414. Dalbergia rimosa.2/3414. Dalbergia rimosa.2 (50).png,Dalbergia rimosa,Dalbergia,rimosa,3414. Dalbergia rimosa.2
/kaggle/input/datasets/b23dckh002lvitanh/s3-origin/S3/Dalbergia rimosa/3414. Dalbergia rimosa.4/3414. Dalbergia rimosa.4 (101).png,Dalbergia rimosa,Dalbergia,rimosa,3414. Dalbergia rimosa.4
/kaggle/input/datasets/b23dckh002lvitanh/s3-origin/S3/Dalbergia rimosa/3414. Dalbergia rimosa.10/3414. Dalbergia rimosa.10 (292).png,Dalbergia rimosa,Dalbergia,rimosa,3414. Dalbergia rimosa.10
/kaggle/input/datasets/b23dckh002lvitanh/s3-origin/S3/Dalbergia rimosa/3414. Dalbergia rimosa.2/3414. Dalbergia rimosa.2 (51).png,Dalbergia rimosa,Dalbergia,rimosa,3414. Dalbergia rimosa.2
/kaggle/input/datasets/b23dckh002lvitanh/s3-origin/S3/Dalbergia rimosa/3414. Dalbergia rimosa.8/3414. Dalbergia rimosa.8 (232).png,Dalbergia rimosa,Dalbergia,rimosa,3414. Dalbergia rimosa.8
/kaggle/input/datasets/b23dckh002lvitanh/s3-origin/S3/Dalbergia rimosa/3414. Dalbergia rimosa.7/3414. Dalbergia rimosa.7 (206).png,Dalbergia rimosa,Dalbergia,rimosa,3414. Dalbergia rimosa.7
/kaggle/input/datasets/b23dckh002lvitanh/s3-origin/S3/Dalbergia rimosa/3414. Dalbergia rimosa.9/3414. Dalbergia rimosa.9 (256).png,Dalbergia rimosa,Dalbergia,rimosa,3414. Dalbergia rimosa.9
/kaggle/input/datasets/b23dckh002lvitanh/s3-origin/S3/Dalbergia rimosa/3414. Dalbergia rimosa.8/3414. Dalbergia rimosa.8 (215).png,Dalbergia rimosa,Dalbergia,rimosa,3414. Dalbergia rimosa.8
/kaggle/input/datasets/b23dckh002lvitanh/s3-origin/S3/Dalbergia rimosa/3414. Dalbergia rimosa.8/3414. Dalbergia rimosa.8 (229).png,Dalbergia rimosa,Dalbergia,rimosa,3414. Dalbergia rimosa.8
/kaggle/input/datasets/b23dckh002lvitanh/s3-origin/S3/Dalbergia rimosa/3414. Dalbergia rimosa.6/3414. Dalbergia rimosa.6 (153).png,Dalbergia rimosa,Dalbergia,rimosa,3414. Dalbergia rimosa.6
/kaggle/input/datasets/b23dckh002lvitanh/s3-origin/S3/Dalbergia rimosa/3414. Dalbergia rimosa.2/3414. Dalbergia rimosa.2 (47).png,Dalbergia rimosa,Dalbergia,rimosa,3414. Dalbergia rimosa.2
/kaggle/input/datasets/b23dckh002lvitanh/s3-origin/S3/Dalbergia rimosa/3414. Dalbergia rimosa.7/3414. Dalbergia rimosa.7 (204).png,Dalbergia rimosa,Dalbergia,rimosa,3414. Dalbergia rimosa.7
/kaggle/input/datasets/b23dckh002lvitanh/s3-origin/S3/Dalbergia rimosa/3414. Dalbergia rimosa.9/3414. Dalbergia rimosa.9 (261).png,Dalbergia rimosa,Dalbergia,rimosa,3414. Dalbergia rimosa.9
/kaggle/input/datasets/b23dckh002lvitanh/s3-origin/S3/Dalbergia rimosa/3414. Dalbergia rimosa.10/3414. Dalbergia rimosa.10 (271).png,Dalbergia rimosa,Dalbergia,rimosa,3414. Dalbergia rimosa.10
/kaggle/input/datasets/b23dckh002lvitanh/s3-origin/S3/Dalbergia rimosa/3414. Dalbergia rimosa.2/3414. Dalbergia rimosa.2 (57).png,Dalbergia rimosa,Dalbergia,rimosa,3414. Dalbergia rimosa.2
/kaggle/input/datasets/b23dckh002lvitanh/s3-origin/S3/Dalbergia rimosa/3414. Dalbergia rimosa.6/3414. Dalbergia rimosa.6 (173).png,Dalbergia rimosa,Dalbergia,rimosa,3414. Dalbergia rimosa.6
/kaggle/input/datasets/b23dckh002lvitanh/s3-origin/S3/Dalbergia rimosa/3414. Dalbergia rimosa.6/3414. Dalbergia rimosa.6 (171).png,Dalbergia rimosa,Dalbergia,rimosa,3414. Dalbergia rimosa.6
/kaggle/input/datasets/b23dckh002lvitanh/s3-origin/S3/Dalbergia rimosa/3414. Dalbergia rimosa.7/3414. Dalbergia rimosa.7 (210).png,Dalbergia rimosa,Dalbergia,rimosa,3414. Dalbergia rimosa.7
/kaggle/input/datasets/b23dckh002lvitanh/s3-origin/S3/Dalbergia rimosa/3414. Dalbergia rimosa.5/3414. Dalbergia rimosa.5 (128).png,Dalbergia rimosa,Dalbergia,rimosa,3414. Dalbergia rimosa.5
/kaggle/input/datasets/b23dckh002lvitanh/s3-origin/S3/Dalbergia rimosa/3414. Dalbergia rimosa.5/3414. Dalbergia rimosa.5 (137).png,Dalbergia rimosa,Dalbergia,rimosa,3414. Dalbergia rimosa.5
/kaggle/input/datasets/b23dckh002lvitanh/s3-origin/S3/Dalbergia rimosa/3414. Dalbergia rimosa.5/3414. Dalbergia rimosa.5 (126).png,Dalbergia rimosa,Dalbergia,rimosa,3414. Dalbergia rimosa.5
/kaggle/input/datasets/b23dckh002lvitanh/s3-origin/S3/Dalbergia rimosa/3414. Dalbergia rimosa.4/3414. Dalbergia rimosa.4 (102).png,Dalbergia rimosa,Dalbergia,rimosa,3414. Dalbergia rimosa.4
/kaggle/input/datasets/b23dckh002lvitanh/s3-origin/S3/Dalbergia rimosa/3414. Dalbergia rimosa.8/3414. Dalbergia rimosa.8 (221).png,Dalbergia rimosa,Dalbergia,rimosa,3414. Dalbergia rimosa.8
/kaggle/input/datasets/b23dckh002lvitanh/s3-origin/S3/Dalbergia rimosa/3414. Dalbergia rimosa.4/3414. Dalbergia rimosa.4 (113).png,Dalbergia rimosa,Dalbergia,rimosa,3414. Dalbergia rimosa.4
/kaggle/input/datasets/b23dckh002lvitanh/s3-origin/S3/Dalbergia rimosa/3414. Dalbergia rimosa.9/3414. Dalbergia rimosa.9 (269).png,Dalbergia rimosa,Dalbergia,rimosa,3414. Dalbergia rimosa.9
/kaggle/input/datasets/b23dckh002lvitanh/s3-origin/S3/Dalbergia rimosa/3414. Dalbergia rimosa.9/3414. Dalbergia rimosa.9 (268).png,Dalbergia rimosa,Dalbergia,rimosa,3414. Dalbergia rimosa.9
/kaggle/input/datasets/b23dckh002lvitanh/s3-origin/S3/Dalbergia rimosa/3414. Dalbergia rimosa.6/3414. Dalbergia rimosa.6 (175).png,Dalbergia rimosa,Dalbergia,rimosa,3414. Dalbergia rimosa.6
/kaggle/input/datasets/b23dckh002lvitanh/s3-origin/S3/Dalbergia rimosa/3414. Dalbergia rimosa.9/3414. Dalbergia rimosa.9 (248).png,Dalbergia rimosa,Dalbergia,rimosa,3414. Dalbergia rimosa.9
/kaggle/input/datasets/b23dckh002lvitanh/s3-origin/S3/Dalbergia rimosa/3414. Dalbergia rimosa.10/3414. Dalbergia rimosa.10 (296).png,Dalbergia rimosa,Dalbergia,rimosa,3414. Dalbergia rimosa.10
/kaggle/input/datasets/b23dckh002lvitanh/s3-origin/S3/Dalbergia rimosa/3414. Dalbergia rimosa.8/3414. Dalbergia rimosa.8 (224).png,Dalbergia rimosa,Dalbergia,rimosa,3414. Dalbergia rimosa.8
/kaggle/input/datasets/b23dckh002lvitanh/s3-origin/S3/Dalbergia rimosa/3414. Dalbergia rimosa.4/3414. Dalbergia rimosa.4 (96).png,Dalbergia rimosa,Dalbergia,rimosa,3414. Dalbergia rimosa.4
/kaggle/input/datasets/b23dckh002lvitanh/s3-origin/S3/Dalbergia rimosa/3414. Dalbergia rimosa.5/3414. Dalbergia rimosa.5 (141).png,Dalbergia rimosa,Dalbergia,rimosa,3414. Dalbergia rimosa.5
/kaggle/input/datasets/b23dckh002lvitanh/s3-origin/S3/Dalbergia rimosa/3414. Dalbergia rimosa.10/3414. Dalbergia rimosa.10 (290).png,Dalbergia rimosa,Dalbergia,rimosa,3414. Dalbergia rimosa.10
/kaggle/input/datasets/b23dckh002lvitanh/s3-origin/S3/Dalbergia rimosa/3414. Dalbergia rimosa.5/3414. Dalbergia rimosa.5 (150).png,Dalbergia rimosa,Dalbergia,rimosa,3414. Dalbergia rimosa.5
/kaggle/input/datasets/b23dckh002lvitanh/s3-origin/S3/Dalbergia rimosa/3414. Dalbergia rimosa.7/3414. Dalbergia rimosa.7 (187).png,Dalbergia rimosa,Dalbergia,rimosa,3414. Dalbergia rimosa.7
/kaggle/input/datasets/b23dckh002lvitanh/s3-origin/S3/Dalbergia rimosa/3414. Dalbergia rimosa.5/3414. Dalbergia rimosa.5 (131).png,Dalbergia rimosa,Dalbergia,rimosa,3414. Dalbergia rimosa.5
/kaggle/input/datasets/b23dckh002lvitanh/s3-origin/S3/Dalbergia tonkinensis/3353. Dalbergia tonkinensis.2/3353. Dalbergia tonkinensis.2.(59).png,Dalbergia tonkinensis,Dalbergia,tonkinensis,3353. Dalbergia tonkinensis.2
/kaggle/input/datasets/b23dckh002lvitanh/s3-origin/S3/Dalbergia tonkinensis/3353. Dalbergia tonkinensis.7/3353. Dalbergia tonkinensis.7.(204).png,Dalbergia tonkinensis,Dalbergia,tonkinensis,3353. Dalbergia tonkinensis.7
/kaggle/input/datasets/b23dckh002lvitanh/s3-origin/S3/Dalbergia tonkinensis/3353. Dalbergia tonkinensis.2/3353. Dalbergia tonkinensis.2.(62).png,Dalbergia tonkinensis,Dalbergia,tonkinensis,3353. Dalbergia tonkinensis.2
/kaggle/input/datasets/b23dckh002lvitanh/s3-origin/S3/Dalbergia tonkinensis/3353. Dalbergia tonkinensis.9/3353. Dalbergia tonkinensis.9.(270).png,Dalbergia tonkinensis,Dalbergia,tonkinensis,3353. Dalbergia tonkinensis.9
/kaggle/input/datasets/b23dckh002lvitanh/s3-origin/S3/Dalbergia tonkinensis/3353. Dalbergia tonkinensis.4/3353. Dalbergia tonkinensis.4.(129).png,Dalbergia tonkinensis,Dalbergia,tonkinensis,3353. Dalbergia tonkinensis.4
/kaggle/input/datasets/b23dckh002lvitanh/s3-origin/S3/Dalbergia tonkinensis/3353. Dalbergia tonkinensis.4/3353. Dalbergia tonkinensis.4.(111).png,Dalbergia tonkinensis,Dalbergia,tonkinensis,3353. Dalbergia tonkinensis.4
/kaggle/input/datasets/b23dckh002lvitanh/s3-origin/S3/Dalbergia tonkinensis/3353. Dalbergia tonkinensis.4/3353. Dalbergia tonkinensis.4.(96).png,Dalbergia tonkinensis,Dalbergia,tonkinensis,3353. Dalbergia tonkinensis.4
/kaggle/input/datasets/b23dckh002lvitanh/s3-origin/S3/Dalbergia tonkinensis/3353. Dalbergia tonkinensis.7/3353. Dalbergia tonkinensis.7.(213).png,Dalbergia tonkinensis,Dalbergia,tonkinensis,3353. Dalbergia tonkinensis.7
/kaggle/input/datasets/b23dckh002lvitanh/s3-origin/S3/Dalbergia tonkinensis/3353. Dalbergia tonkinensis.1/3353. Dalbergia tonkinensis.1.(2).png,Dalbergia tonkinensis,Dalbergia,tonkinensis,3353. Dalbergia tonkinensis.1
/kaggle/input/datasets/b23dckh002lvitanh/s3-origin/S3/Dalbergia tonkinensis/3353. Dalbergia tonkinensis.9/3353. Dalbergia tonkinensis.9.(287).png,Dalbergia tonkinensis,Dalbergia,tonkinensis,3353. Dalbergia tonkinensis.9
/kaggle/input/datasets/b23dckh002lvitanh/s3-origin/S3/Dalbergia tonkinensis/3353. Dalbergia tonkinensis.7/3353. Dalbergia tonkinensis.7.(195).png,Dalbergia tonkinensis,Dalbergia,tonkinensis,3353. Dalbergia tonkinensis.7
/kaggle/input/datasets/b23dckh002lvitanh/s3-origin/S3/Dalbergia tonkinensis/3353. Dalbergia tonkinensis.8/3353. Dalbergia tonkinensis.8.(240).png,Dalbergia tonkinensis,Dalbergia,tonkinensis,3353. Dalbergia tonkinensis.8
/kaggle/input/datasets/b23dckh002lvitanh/s3-origin/S3/Dalbergia tonkinensis/3353. Dalbergia tonkinensis.9/3353. Dalbergia tonkinensis.9.(266).png,Dalbergia tonkinensis,Dalbergia,tonkinensis,3353. Dalbergia tonkinensis.9
/kaggle/input/datasets/b23dckh002lvitanh/s3-origin/S3/Dalbergia tonkinensis/3353. Dalbergia tonkinensis.2/3353. Dalbergia tonkinensis.2.(50).png,Dalbergia tonkinensis,Dalbergia,tonkinensis,3353. Dalbergia tonkinensis.2
/kaggle/input/datasets/b23dckh002lvitanh/s3-origin/S3/Dalbergia tonkinensis/3353. Dalbergia tonkinensis.8/3353. Dalbergia tonkinensis.8.(235).png,Dalbergia tonkinensis,Dalbergia,tonkinensis,3353. Dalbergia tonkinensis.8
/kaggle/input/datasets/b23dckh002lvitanh/s3-origin/S3/Dalbergia tonkinensis/3353. Dalbergia tonkinensis.4/3353. Dalbergia tonkinensis.4.(100).png,Dalbergia tonkinensis,Dalbergia,tonkinensis,3353. Dalbergia tonkinensis.4
/kaggle/input/datasets/b23dckh002lvitanh/s3-origin/S3/Dalbergia tonkinensis/3353. Dalbergia tonkinensis.7/3353. Dalbergia tonkinensis.7.(219).png,Dalbergia tonkinensis,Dalbergia,tonkinensis,3353. Dalbergia tonkinensis.7
/kaggle/input/datasets/b23dckh002lvitanh/s3-origin/S3/Dalbergia tonkinensis/3353. Dalbergia tonkinensis.7/3353. Dalbergia tonkinensis.7.(217).png,Dalbergia tonkinensis,Dalbergia,tonkinensis,3353. Dalbergia tonkinensis.7
/kaggle/input/datasets/b23dckh002lvitanh/s3-origin/S3/Dalbergia tonkinensis/3353. Dalbergia tonkinensis.2/3353. Dalbergia tonkinensis.2.(40).png,Dalbergia tonkinensis,Dalbergia,tonkinensis,3353. Dalbergia tonkinensis.2
/kaggle/input/datasets/b23dckh002lvitanh/s3-origin/S3/Dalbergia tonkinensis/3353. Dalbergia tonkinensis.9/3353. Dalbergia tonkinensis.9.(272).png,Dalbergia tonkinensis,Dalbergia,tonkinensis,3353. Dalbergia tonkinensis.9
/kaggle/input/datasets/b23dckh002lvitanh/s3-origin/S3/Dalbergia tonkinensis/3353. Dalbergia tonkinensis.1/3353. Dalbergia tonkinensis.1.(29).png,Dalbergia tonkinensis,Dalbergia,tonkinensis,3353. Dalbergia tonkinensis.1
/kaggle/input/datasets/b23dckh002lvitanh/s3-origin/S3/Dalbergia tonkinensis/3353. Dalbergia tonkinensis.1/3353. Dalbergia tonkinensis.1.(11).png,Dalbergia tonkinensis,Dalbergia,tonkinensis,3353. Dalbergia tonkinensis.1
/kaggle/input/datasets/b23dckh002lvitanh/s3-origin/S3/Dalbergia tonkinensis/3353. Dalbergia tonkinensis.1/3353. Dalbergia tonkinensis.1.(14).png,Dalbergia tonkinensis,Dalbergia,tonkinensis,3353. Dalbergia tonkinensis.1
/kaggle/input/datasets/b23dckh002lvitanh/s3-origin/S3/Dalbergia tonkinensis/3353. Dalbergia tonkinensis.10/3353. Dalbergia tonkinensis.10.(296).png,Dalbergia tonkinensis,Dalbergia,tonkinensis,3353. Dalbergia tonkinensis.10
/kaggle/input/datasets/b23dckh002lvitanh/s3-origin/S3/Dalbergia tonkinensis/3353. Dalbergia tonkinensis.7/3353. Dalbergia tonkinensis.7.(207).png,Dalbergia tonkinensis,Dalbergia,tonkinensis,3353. Dalbergia tonkinensis.7
/kaggle/input/datasets/b23dckh002lvitanh/s3-origin/S3/Dalbergia tonkinensis/3353. Dalbergia tonkinensis.4/3353. Dalbergia tonkinensis.4.(101).png,Dalbergia tonkinensis,Dalbergia,tonkinensis,3353. Dalbergia tonkinensis.4
/kaggle/input/datasets/b23dckh002lvitanh/s3-origin/S3/Dalbergia tonkinensis/3353. Dalbergia tonkinensis.1/3353. Dalbergia tonkinensis.1.(7).png,Dalbergia tonkinensis,Dalbergia,tonkinensis,3353. Dalbergia tonkinensis.1
/kaggle/input/datasets/b23dckh002lvitanh/s3-origin/S3/Dalbergia tonkinensis/3353. Dalbergia tonkinensis.6/3353. Dalbergia tonkinensis.6.(169).png,Dalbergia tonkinensis,Dalbergia,tonkinensis,3353. Dalbergia tonkinensis.6
/kaggle/input/datasets/b23dckh002lvitanh/s3-origin/S3/Dalbergia tonkinensis/3353. Dalbergia tonkinensis.6/3353. Dalbergia tonkinensis.6.(171).png,Dalbergia tonkinensis,Dalbergia,tonkinensis,3353. Dalbergia tonkinensis.6
/kaggle/input/datasets/b23dckh002lvitanh/s3-origin/S3/Dalbergia tonkinensis/3353. Dalbergia tonkinensis.4/3353. Dalbergia tonkinensis.4.(121).png,Dalbergia tonkinensis,Dalbergia,tonkinensis,3353. Dalbergia tonkinensis.4
/kaggle/input/datasets/b23dckh002lvitanh/s3-origin/S3/Dalbergia tonkinensis/3353. Dalbergia tonkinensis.7/3353. Dalbergia tonkinensis.7.(203).png,Dalbergia tonkinensis,Dalbergia,tonkinensis,3353. Dalbergia tonkinensis.7
/kaggle/input/datasets/b23dckh002lvitanh/s3-origin/S3/Dalbergia tonkinensis/3353. Dalbergia tonkinensis.4/3353. Dalbergia tonkinensis.4.(114).png,Dalbergia tonkinensis,Dalbergia,tonkinensis,3353. Dalbergia tonkinensis.4
/kaggle/input/datasets/b23dckh002lvitanh/s3-origin/S3/Dalbergia tonkinensis/3353. Dalbergia tonkinensis.6/3353. Dalbergia tonkinensis.6.(186).png,Dalbergia tonkinensis,Dalbergia,tonkinensis,3353. Dalbergia tonkinensis.6
/kaggle/input/datasets/b23dckh002lvitanh/s3-origin/S3/Dalbergia tonkinensis/3353. Dalbergia tonkinensis.9/3353. Dalbergia tonkinensis.9.(265).png,Dalbergia tonkinensis,Dalbergia,tonkinensis,3353. Dalbergia tonkinensis.9
/kaggle/input/datasets/b23dckh002lvitanh/s3-origin/S3/Dalbergia tonkinensis/3353. Dalbergia tonkinensis.1/3353. Dalbergia tonkinensis.1.(26).png,Dalbergia tonkinensis,Dalbergia,tonkinensis,3353. Dalbergia tonkinensis.1
/kaggle/input/datasets/b23dckh002lvitanh/s3-origin/S3/Dalbergia tonkinensis/3353. Dalbergia tonkinensis.7/3353. Dalbergia tonkinensis.7.(223).png,Dalbergia tonkinensis,Dalbergia,tonkinensis,3353. Dalbergia tonkinensis.7
/kaggle/input/datasets/b23dckh002lvitanh/s3-origin/S3/Dalbergia tonkinensis/3353. Dalbergia tonkinensis.9/3353. Dalbergia tonkinensis.9.(276).png,Dalbergia tonkinensis,Dalbergia,tonkinensis,3353. Dalbergia tonkinensis.9
/kaggle/input/datasets/b23dckh002lvitanh/s3-origin/S3/Dalbergia tonkinensis/3353. Dalbergia tonkinensis.10/3353. Dalbergia tonkinensis.10.(298).png,Dalbergia tonkinensis,Dalbergia,tonkinensis,3353. Dalbergia tonkinensis.10
/kaggle/input/datasets/b23dckh002lvitanh/s3-origin/S3/Dalbergia tonkinensis/3353. Dalbergia tonkinensis.10/3353. Dalbergia tonkinensis.10.(311).png,Dalbergia tonkinensis,Dalbergia,tonkinensis,3353. Dalbergia tonkinensis.10
/kaggle/input/datasets/b23dckh002lvitanh/s3-origin/S3/Dalbergia tonkinensis/3353. Dalbergia tonkinensis.6/3353. Dalbergia tonkinensis.6.(170).png,Dalbergia tonkinensis,Dalbergia,tonkinensis,3353. Dalbergia tonkinensis.6
/kaggle/input/datasets/b23dckh002lvitanh/s3-origin/S3/Dalbergia tonkinensis/3353. Dalbergia tonkinensis.2/3353. Dalbergia tonkinensis.2.(46).png,Dalbergia tonkinensis,Dalbergia,tonkinensis,3353. Dalbergia tonkinensis.2
/kaggle/input/datasets/b23dckh002lvitanh/s3-origin/S3/Dalbergia tonkinensis/3353. Dalbergia tonkinensis.9/3353. Dalbergia tonkinensis.9.(259).png,Dalbergia tonkinensis,Dalbergia,tonkinensis,3353. Dalbergia tonkinensis.9
/kaggle/input/datasets/b23dckh002lvitanh/s3-origin/S3/Dalbergia tonkinensis/3353. Dalbergia tonkinensis.8/3353. Dalbergia tonkinensis.8.(257).png,Dalbergia tonkinensis,Dalbergia,tonkinensis,3353. Dalbergia tonkinensis.8
/kaggle/input/datasets/b23dckh002lvitanh/s3-origin/S3/Dalbergia tonkinensis/3353. Dalbergia tonkinensis.1/3353. Dalbergia tonkinensis.1.(13).png,Dalbergia tonkinensis,Dalbergia,tonkinensis,3353. Dalbergia tonkinensis.1
/kaggle/input/datasets/b23dckh002lvitanh/s3-origin/S3/Dalbergia tonkinensis/3353. Dalbergia tonkinensis.4/3353. Dalbergia tonkinensis.4.(120).png,Dalbergia tonkinensis,Dalbergia,tonkinensis,3353. Dalbergia tonkinensis.4
/kaggle/input/datasets/b23dckh002lvitanh/s3-origin/S3/Dalbergia tonkinensis/3353. Dalbergia tonkinensis.6/3353. Dalbergia tonkinensis.6.(167).png,Dalbergia tonkinensis,Dalbergia,tonkinensis,3353. Dalbergia tonkinensis.6
/kaggle/input/datasets/b23dckh002lvitanh/s3-origin/S3/Dalbergia tonkinensis/3353. Dalbergia tonkinensis.6/3353. Dalbergia tonkinensis.6.(174).png,Dalbergia tonkinensis,Dalbergia,tonkinensis,3353. Dalbergia tonkinensis.6
/kaggle/input/datasets/b23dckh002lvitanh/s3-origin/S3/Dalbergia tonkinensis/3353. Dalbergia tonkinensis.8/3353. Dalbergia tonkinensis.8.(228).png,Dalbergia tonkinensis,Dalbergia,tonkinensis,3353. Dalbergia tonkinensis.8
/kaggle/input/datasets/b23dckh002lvitanh/s3-origin/S3/Dalbergia tonkinensis/3353. Dalbergia tonkinensis.1/3353. Dalbergia tonkinensis.1.(8).png,Dalbergia tonkinensis,Dalbergia,tonkinensis,3353. Dalbergia tonkinensis.1
/kaggle/input/datasets/b23dckh002lvitanh/s3-origin/S3/Dalbergia tonkinensis/3353. Dalbergia tonkinensis.7/3353. Dalbergia tonkinensis.7.(215).png,Dalbergia tonkinensis,Dalbergia,tonkinensis,3353. Dalbergia tonkinensis.7
/kaggle/input/datasets/b23dckh002lvitanh/s3-origin/S3/Dalbergia tonkinensis/3353. Dalbergia tonkinensis.8/3353. Dalbergia tonkinensis.8.(237).png,Dalbergia tonkinensis,Dalbergia,tonkinensis,3353. Dalbergia tonkinensis.8
/kaggle/input/datasets/b23dckh002lvitanh/s3-origin/S3/Dalbergia tonkinensis/3353. Dalbergia tonkinensis.1/3353. Dalbergia tonkinensis.1.(25).png,Dalbergia tonkinensis,Dalbergia,tonkinensis,3353. Dalbergia tonkinensis.1
/kaggle/input/datasets/b23dckh002lvitanh/s3-origin/S3/Dalbergia tonkinensis/3353. Dalbergia tonkinensis.2/3353. Dalbergia tonkinensis.2.(48).png,Dalbergia tonkinensis,Dalbergia,tonkinensis,3353. Dalbergia tonkinensis.2
/kaggle/input/datasets/b23dckh002lvitanh/s3-origin/S3/Dalbergia tonkinensis/3353. Dalbergia tonkinensis.6/3353. Dalbergia tonkinensis.6.(193).png,Dalbergia tonkinensis,Dalbergia,tonkinensis,3353. Dalbergia tonkinensis.6
/kaggle/input/datasets/b23dckh002lvitanh/s3-origin/S3/Dalbergia tonkinensis/3353. Dalbergia tonkinensis.2/3353. Dalbergia tonkinensis.2.(56).png,Dalbergia tonkinensis,Dalbergia,tonkinensis,3353. Dalbergia tonkinensis.2
/kaggle/input/datasets/b23dckh002lvitanh/s3-origin/S3/Dalbergia tonkinensis/3353. Dalbergia tonkinensis.2/3353. Dalbergia tonkinensis.2.(43).png,Dalbergia tonkinensis,Dalbergia,tonkinensis,3353. Dalbergia tonkinensis.2
/kaggle/input/datasets/b23dckh002lvitanh/s3-origin/S3/Dalbergia tonkinensis/3353. Dalbergia tonkinensis.9/3353. Dalbergia tonkinensis.9.(273).png,Dalbergia tonkinensis,Dalbergia,tonkinensis,3353. Dalbergia tonkinensis.9
/kaggle/input/datasets/b23dckh002lvitanh/s3-origin/S3/Dalbergia tonkinensis/3353. Dalbergia tonkinensis.7/3353. Dalbergia tonkinensis.7.(199).png,Dalbergia tonkinensis,Dalbergia,tonkinensis,3353. Dalbergia tonkinensis.7
/kaggle/input/datasets/b23dckh002lvitanh/s3-origin/S3/Dalbergia tonkinensis/3353. Dalbergia tonkinensis.4/3353. Dalbergia tonkinensis.4.(132).png,Dalbergia tonkinensis,Dalbergia,tonkinensis,3353. Dalbergia tonkinensis.4
/kaggle/input/datasets/b23dckh002lvitanh/s3-origin/S3/Dalbergia tonkinensis/3353. Dalbergia tonkinensis.10/3353. Dalbergia tonkinensis.10.(310).png,Dalbergia tonkinensis,Dalbergia,tonkinensis,3353. Dalbergia tonkinensis.10
/kaggle/input/datasets/b23dckh002lvitanh/s3-origin/S3/Dalbergia tonkinensis/3353. Dalbergia tonkinensis.2/3353. Dalbergia tonkinensis.2.(39).png,Dalbergia tonkinensis,Dalbergia,tonkinensis,3353. Dalbergia tonkinensis.2
/kaggle/input/datasets/b23dckh002lvitanh/s3-origin/S3/Dalbergia tonkinensis/3353. Dalbergia tonkinensis.9/3353. Dalbergia tonkinensis.9.(285).png,Dalbergia tonkinensis,Dalbergia,tonkinensis,3353. Dalbergia tonkinensis.9
/kaggle/input/datasets/b23dckh002lvitanh/s3-origin/S3/Dalbergia tonkinensis/3353. Dalbergia tonkinensis.8/3353. Dalbergia tonkinensis.8.(245).png,Dalbergia tonkinensis,Dalbergia,tonkinensis,3353. Dalbergia tonkinensis.8
/kaggle/input/datasets/b23dckh002lvitanh/s3-origin/S3/Dalbergia tonkinensis/3353. Dalbergia tonkinensis.1/3353. Dalbergia tonkinensis.1.(20).png,Dalbergia tonkinensis,Dalbergia,tonkinensis,3353. Dalbergia tonkinensis.1
/kaggle/input/datasets/b23dckh002lvitanh/s3-origin/S3/Dalbergia tonkinensis/3353. Dalbergia tonkinensis.10/3353. Dalbergia tonkinensis.10.(321).png,Dalbergia tonkinensis,Dalbergia,tonkinensis,3353. Dalbergia tonkinensis.10
/kaggle/input/datasets/b23dckh002lvitanh/s3-origin/S3/Dalbergia tonkinensis/3353. Dalbergia tonkinensis.2/3353. Dalbergia tonkinensis.2.(63).png,Dalbergia tonkinensis,Dalbergia,tonkinensis,3353. Dalbergia tonkinensis.2
/kaggle/input/datasets/b23dckh002lvitanh/s3-origin/S3/Dalbergia tonkinensis/3353. Dalbergia tonkinensis.7/3353. Dalbergia tonkinensis.7.(209).png,Dalbergia tonkinensis,Dalbergia,tonkinensis,3353. Dalbergia tonkinensis.7
/kaggle/input/datasets/b23dckh002lvitanh/s3-origin/S3/Dalbergia tonkinensis/3353. Dalbergia tonkinensis.10/3353. Dalbergia tonkinensis.10.(303).png,Dalbergia tonkinensis,Dalbergia,tonkinensis,3353. Dalbergia tonkinensis.10
/kaggle/input/datasets/b23dckh002lvitanh/s3-origin/S3/Dalbergia tonkinensis/3353. Dalbergia tonkinensis.7/3353. Dalbergia tonkinensis.7.(202).png,Dalbergia tonkinensis,Dalbergia,tonkinensis,3353. Dalbergia tonkinensis.7
/kaggle/input/datasets/b23dckh002lvitanh/s3-origin/S3/Dalbergia tonkinensis/3353. Dalbergia tonkinensis.8/3353. Dalbergia tonkinensis.8.(232).png,Dalbergia tonkinensis,Dalbergia,tonkinensis,3353. Dalbergia tonkinensis.8
/kaggle/input/datasets/b23dckh002lvitanh/s3-origin/S3/Dalbergia tonkinensis/3353. Dalbergia tonkinensis.9/3353. Dalbergia tonkinensis.9.(282).png,Dalbergia tonkinensis,Dalbergia,tonkinensis,3353. Dalbergia tonkinensis.9
/kaggle/input/datasets/b23dckh002lvitanh/s3-origin/S3/Dalbergia tonkinensis/3353. Dalbergia tonkinensis.2/3353. Dalbergia tonkinensis.2.(33).png,Dalbergia tonkinensis,Dalbergia,tonkinensis,3353. Dalbergia tonkinensis.2
/kaggle/input/datasets/b23dckh002lvitanh/s3-origin/S3/Dalbergia tonkinensis/3353. Dalbergia tonkinensis.9/3353. Dalbergia tonkinensis.9.(260).png,Dalbergia tonkinensis,Dalbergia,tonkinensis,3353. Dalbergia tonkinensis.9
/kaggle/input/datasets/b23dckh002lvitanh/s3-origin/S3/Dalbergia tonkinensis/3353. Dalbergia tonkinensis.4/3353. Dalbergia tonkinensis.4.(98).png,Dalbergia tonkinensis,Dalbergia,tonkinensis,3353. Dalbergia tonkinensis.4
/kaggle/input/datasets/b23dckh002lvitanh/s3-origin/S3/Dalbergia tonkinensis/3353. Dalbergia tonkinensis.9/3353. Dalbergia tonkinensis.9.(286).png,Dalbergia tonkinensis,Dalbergia,tonkinensis,3353. Dalbergia tonkinensis.9
/kaggle/input/datasets/b23dckh002lvitanh/s3-origin/S3/Dalbergia tonkinensis/3353. Dalbergia tonkinensis.7/3353. Dalbergia tonkinensis.7.(197).png,Dalbergia tonkinensis,Dalbergia,tonkinensis,3353. Dalbergia tonkinensis.7
/kaggle/input/datasets/b23dckh002lvitanh/s3-origin/S3/Dalbergia tonkinensis/3353. Dalbergia tonkinensis.4/3353. Dalbergia tonkinensis.4.(130).png,Dalbergia tonkinensis,Dalbergia,tonkinensis,3353. Dalbergia tonkinensis.4
/kaggle/input/datasets/b23dckh002lvitanh/s3-origin/S3/Dalbergia tonkinensis/3353. Dalbergia tonkinensis.4/3353. Dalbergia tonkinensis.4.(117).png,Dalbergia tonkinensis,Dalbergia,tonkinensis,3353. Dalbergia tonkinensis.4
/kaggle/input/datasets/b23dckh002lvitanh/s3-origin/S3/Dalbergia tonkinensis/3353. Dalbergia tonkinensis.6/3353. Dalbergia tonkinensis.6.(175).png,Dalbergia tonkinensis,Dalbergia,tonkinensis,3353. Dalbergia tonkinensis.6
/kaggle/input/datasets/b23dckh002lvitanh/s3-origin/S3/Dalbergia tonkinensis/3353. Dalbergia tonkinensis.2/3353. Dalbergia tonkinensis.2.(37).png,Dalbergia tonkinensis,Dalbergia,tonkinensis,3353. Dalbergia tonkinensis.2
/kaggle/input/datasets/b23dckh002lvitanh/s3-origin/S3/Dalbergia tonkinensis/3353. Dalbergia tonkinensis.9/3353. Dalbergia tonkinensis.9.(288).png,Dalbergia tonkinensis,Dalbergia,tonkinensis,3353. Dalbergia tonkinensis.9
/kaggle/input/datasets/b23dckh002lvitanh/s3-origin/S3/Dalbergia tonkinensis/3353. Dalbergia tonkinensis.6/3353. Dalbergia tonkinensis.6.(178).png,Dalbergia tonkinensis,Dalbergia,tonkinensis,3353. Dalbergia tonkinensis.6
/kaggle/input/datasets/b23dckh002lvitanh/s3-origin/S3/Dalbergia tonkinensis/3353. Dalbergia tonkinensis.6/3353. Dalbergia tonkinensis.6.(162).png,Dalbergia tonkinensis,Dalbergia,tonkinensis,3353. Dalbergia tonkinensis.6
/kaggle/input/datasets/b23dckh002lvitanh/s3-origin/S3/Dalbergia tonkinensis/3353. Dalbergia tonkinensis.2/3353. Dalbergia tonkinensis.2.(36).png,Dalbergia tonkinensis,Dalbergia,tonkinensis,3353. Dalbergia tonkinensis.2
/kaggle/input/datasets/b23dckh002lvitanh/s3-origin/S3/Dalbergia tonkinensis/3353. Dalbergia tonkinensis.1/3353. Dalbergia tonkinensis.1.(12).png,Dalbergia tonkinensis,Dalbergia,tonkinensis,3353. Dalbergia tonkinensis.1
/kaggle/input/datasets/b23dckh002lvitanh/s3-origin/S3/Dalbergia tonkinensis/3353. Dalbergia tonkinensis.4/3353. Dalbergia tonkinensis.4.(124).png,Dalbergia tonkinensis,Dalbergia,tonkinensis,3353. Dalbergia tonkinensis.4
/kaggle/input/datasets/b23dckh002lvitanh/s3-origin/S3/Dalbergia tonkinensis/3353. Dalbergia tonkinensis.6/3353. Dalbergia tonkinensis.6.(188).png,Dalbergia tonkinensis,Dalbergia,tonkinensis,3353. Dalbergia tonkinensis.6
/kaggle/input/datasets/b23dckh002lvitanh/s3-origin/S3/Dalbergia tonkinensis/3353. Dalbergia tonkinensis.6/3353. Dalbergia tonkinensis.6.(172).png,Dalbergia tonkinensis,Dalbergia,tonkinensis,3353. Dalbergia tonkinensis.6
/kaggle/input/datasets/b23dckh002lvitanh/s3-origin/S3/Dalbergia tonkinensis/3353. Dalbergia tonkinensis.9/3353. Dalbergia tonkinensis.9.(291).png,Dalbergia tonkinensis,Dalbergia,tonkinensis,3353. Dalbergia tonkinensis.9
/kaggle/input/datasets/b23dckh002lvitanh/s3-origin/S3/Dalbergia tonkinensis/3353. Dalbergia tonkinensis.2/3353. Dalbergia tonkinensis.2.(60).png,Dalbergia tonkinensis,Dalbergia,tonkinensis,3353. Dalbergia tonkinensis.2
/kaggle/input/datasets/b23dckh002lvitanh/s3-origin/S3/Dalbergia tonkinensis/3353. Dalbergia tonkinensis.6/3353. Dalbergia tonkinensis.6.(194).png,Dalbergia tonkinensis,Dalbergia,tonkinensis,3353. Dalbergia tonkinensis.6
/kaggle/input/datasets/b23dckh002lvitanh/s3-origin/S3/Dalbergia tonkinensis/3353. Dalbergia tonkinensis.9/3353. Dalbergia tonkinensis.9.(258).png,Dalbergia tonkinensis,Dalbergia,tonkinensis,3353. Dalbergia tonkinensis.9
/kaggle/input/datasets/b23dckh002lvitanh/s3-origin/S3/Dalbergia tonkinensis/3353. Dalbergia tonkinensis.4/3353. Dalbergia tonkinensis.4.(105).png,Dalbergia tonkinensis,Dalbergia,tonkinensis,3353. Dalbergia tonkinensis.4
/kaggle/input/datasets/b23dckh002lvitanh/s3-origin/S3/Dalbergia tonkinensis/3353. Dalbergia tonkinensis.1/3353. Dalbergia tonkinensis.1.(3).png,Dalbergia tonkinensis,Dalbergia,tonkinensis,3353. Dalbergia tonkinensis.1
/kaggle/input/datasets/b23dckh002lvitanh/s3-origin/S3/Dalbergia tonkinensis/3353. Dalbergia tonkinensis.8/3353. Dalbergia tonkinensis.8.(233).png,Dalbergia tonkinensis,Dalbergia,tonkinensis,3353. Dalbergia tonkinensis.8
/kaggle/input/datasets/b23dckh002lvitanh/s3-origin/S3/Dalbergia tonkinensis/3353. Dalbergia tonkinensis.7/3353. Dalbergia tonkinensis.7.(200).png,Dalbergia tonkinensis,Dalbergia,tonkinensis,3353. Dalbergia tonkinensis.7
/kaggle/input/datasets/b23dckh002lvitanh/s3-origin/S3/Dalbergia tonkinensis/3353. Dalbergia tonkinensis.4/3353. Dalbergia tonkinensis.4.(126).png,Dalbergia tonkinensis,Dalbergia,tonkinensis,3353. Dalbergia tonkinensis.4
/kaggle/input/datasets/b23dckh002lvitanh/s3-origin/S3/Dalbergia tonkinensis/3353. Dalbergia tonkinensis.4/3353. Dalbergia tonkinensis.4.(127).png,Dalbergia tonkinensis,Dalbergia,tonkinensis,3353. Dalbergia tonkinensis.4
/kaggle/input/datasets/b23dckh002lvitanh/s3-origin/S3/Dalbergia tonkinensis/3353. Dalbergia tonkinensis.1/3353. Dalbergia tonkinensis.1.(16).png,Dalbergia tonkinensis,Dalbergia,tonkinensis,3353. Dalbergia tonkinensis.1
/kaggle/input/datasets/b23dckh002lvitanh/s3-origin/S3/Dalbergia tonkinensis/3353. Dalbergia tonkinensis.10/3353. Dalbergia tonkinensis.10.(316).png,Dalbergia tonkinensis,Dalbergia,tonkinensis,3353. Dalbergia tonkinensis.10
/kaggle/input/datasets/b23dckh002lvitanh/s3-origin/S3/Dalbergia tonkinensis/3353. Dalbergia tonkinensis.6/3353. Dalbergia tonkinensis.6.(165).png,Dalbergia tonkinensis,Dalbergia,tonkinensis,3353. Dalbergia tonkinensis.6
/kaggle/input/datasets/b23dckh002lvitanh/s3-origin/S3/Dalbergia tonkinensis/3353. Dalbergia tonkinensis.6/3353. Dalbergia tonkinensis.6.(184).png,Dalbergia tonkinensis,Dalbergia,tonkinensis,3353. Dalbergia tonkinensis.6
/kaggle/input/datasets/b23dckh002lvitanh/s3-origin/S3/Dalbergia tonkinensis/3353. Dalbergia tonkinensis.8/3353. Dalbergia tonkinensis.8.(253).png,Dalbergia tonkinensis,Dalbergia,tonkinensis,3353. Dalbergia tonkinensis.8
/kaggle/input/datasets/b23dckh002lvitanh/s3-origin/S3/Dalbergia tonkinensis/3353. Dalbergia tonkinensis.2/3353. Dalbergia tonkinensis.2.(45).png,Dalbergia tonkinensis,Dalbergia,tonkinensis,3353. Dalbergia tonkinensis.2
/kaggle/input/datasets/b23dckh002lvitanh/s3-origin/S3/Dalbergia tonkinensis/3353. Dalbergia tonkinensis.6/3353. Dalbergia tonkinensis.6.(182).png,Dalbergia tonkinensis,Dalbergia,tonkinensis,3353. Dalbergia tonkinensis.6
/kaggle/input/datasets/b23dckh002lvitanh/s3-origin/S3/Dalbergia tonkinensis/3353. Dalbergia tonkinensis.2/3353. Dalbergia tonkinensis.2.(54).png,Dalbergia tonkinensis,Dalbergia,tonkinensis,3353. Dalbergia tonkinensis.2
/kaggle/input/datasets/b23dckh002lvitanh/s3-origin/S3/Dalbergia tonkinensis/3353. Dalbergia tonkinensis.9/3353. Dalbergia tonkinensis.9.(262).png,Dalbergia tonkinensis,Dalbergia,tonkinensis,3353. Dalbergia tonkinensis.9
/kaggle/input/datasets/b23dckh002lvitanh/s3-origin/S3/Dalbergia tonkinensis/3353. Dalbergia tonkinensis.7/3353. Dalbergia tonkinensis.7.(221).png,Dalbergia tonkinensis,Dalbergia,tonkinensis,3353. Dalbergia tonkinensis.7
/kaggle/input/datasets/b23dckh002lvitanh/s3-origin/S3/Dalbergia tonkinensis/3353. Dalbergia tonkinensis.10/3353. Dalbergia tonkinensis.10.(325).png,Dalbergia tonkinensis,Dalbergia,tonkinensis,3353. Dalbergia tonkinensis.10
/kaggle/input/datasets/b23dckh002lvitanh/s3-origin/S3/Dalbergia tonkinensis/3353. Dalbergia tonkinensis.1/3353. Dalbergia tonkinensis.1.(9).png,Dalbergia tonkinensis,Dalbergia,tonkinensis,3353. Dalbergia tonkinensis.1
/kaggle/input/datasets/b23dckh002lvitanh/s3-origin/S3/Dalbergia tonkinensis/3353. Dalbergia tonkinensis.10/3353. Dalbergia tonkinensis.10.(305).png,Dalbergia tonkinensis,Dalbergia,tonkinensis,3353. Dalbergia tonkinensis.10
/kaggle/input/datasets/b23dckh002lvitanh/s3-origin/S3/Dalbergia tonkinensis/3353. Dalbergia tonkinensis.1/3353. Dalbergia tonkinensis.1.(28).png,Dalbergia tonkinensis,Dalbergia,tonkinensis,3353. Dalbergia tonkinensis.1
/kaggle/input/datasets/b23dckh002lvitanh/s3-origin/S3/Dalbergia tonkinensis/3353. Dalbergia tonkinensis.10/3353. Dalbergia tonkinensis.10.(300).png,Dalbergia tonkinensis,Dalbergia,tonkinensis,3353. Dalbergia tonkinensis.10
/kaggle/input/datasets/b23dckh002lvitanh/s3-origin/S3/Dalbergia tonkinensis/3353. Dalbergia tonkinensis.9/3353. Dalbergia tonkinensis.9.(279).png,Dalbergia tonkinensis,Dalbergia,tonkinensis,3353. Dalbergia tonkinensis.9
/kaggle/input/datasets/b23dckh002lvitanh/s3-origin/S3/Dalbergia tonkinensis/3353. Dalbergia tonkinensis.4/3353. Dalbergia tonkinensis.4.(131).png,Dalbergia tonkinensis,Dalbergia,tonkinensis,3353. Dalbergia tonkinensis.4
/kaggle/input/datasets/b23dckh002lvitanh/s3-origin/S3/Dalbergia tonkinensis/3353. Dalbergia tonkinensis.6/3353. Dalbergia tonkinensis.6.(187).png,Dalbergia tonkinensis,Dalbergia,tonkinensis,3353. Dalbergia tonkinensis.6
/kaggle/input/datasets/b23dckh002lvitanh/s3-origin/S3/Dalbergia tonkinensis/3353. Dalbergia tonkinensis.1/3353. Dalbergia tonkinensis.1.(22).png,Dalbergia tonkinensis,Dalbergia,tonkinensis,3353. Dalbergia tonkinensis.1
/kaggle/input/datasets/b23dckh002lvitanh/s3-origin/S3/Dalbergia tonkinensis/3353. Dalbergia tonkinensis.6/3353. Dalbergia tonkinensis.6.(185).png,Dalbergia tonkinensis,Dalbergia,tonkinensis,3353. Dalbergia tonkinensis.6
/kaggle/input/datasets/b23dckh002lvitanh/s3-origin/S3/Dalbergia tonkinensis/3353. Dalbergia tonkinensis.2/3353. Dalbergia tonkinensis.2.(38).png,Dalbergia tonkinensis,Dalbergia,tonkinensis,3353. Dalbergia tonkinensis.2
/kaggle/input/datasets/b23dckh002lvitanh/s3-origin/S3/Dalbergia tonkinensis/3353. Dalbergia tonkinensis.7/3353. Dalbergia tonkinensis.7.(205).png,Dalbergia tonkinensis,Dalbergia,tonkinensis,3353. Dalbergia tonkinensis.7
/kaggle/input/datasets/b23dckh002lvitanh/s3-origin/S3/Dalbergia tonkinensis/3353. Dalbergia tonkinensis.4/3353. Dalbergia tonkinensis.4.(116).png,Dalbergia tonkinensis,Dalbergia,tonkinensis,3353. Dalbergia tonkinensis.4
/kaggle/input/datasets/b23dckh002lvitanh/s3-origin/S3/Dalbergia tonkinensis/3353. Dalbergia tonkinensis.10/3353. Dalbergia tonkinensis.10.(324).png,Dalbergia tonkinensis,Dalbergia,tonkinensis,3353. Dalbergia tonkinensis.10
/kaggle/input/datasets/b23dckh002lvitanh/s3-origin/S3/Dalbergia tonkinensis/3353. Dalbergia tonkinensis.4/3353. Dalbergia tonkinensis.4.(128).png,Dalbergia tonkinensis,Dalbergia,tonkinensis,3353. Dalbergia tonkinensis.4
/kaggle/input/datasets/b23dckh002lvitanh/s3-origin/S3/Dalbergia tonkinensis/3353. Dalbergia tonkinensis.7/3353. Dalbergia tonkinensis.7.(222).png,Dalbergia tonkinensis,Dalbergia,tonkinensis,3353. Dalbergia tonkinensis.7
/kaggle/input/datasets/b23dckh002lvitanh/s3-origin/S3/Dalbergia tonkinensis/3353. Dalbergia tonkinensis.4/3353. Dalbergia tonkinensis.4.(125).png,Dalbergia tonkinensis,Dalbergia,tonkinensis,3353. Dalbergia tonkinensis.4
/kaggle/input/datasets/b23dckh002lvitanh/s3-origin/S3/Dalbergia tonkinensis/3353. Dalbergia tonkinensis.8/3353. Dalbergia tonkinensis.8.(230).png,Dalbergia tonkinensis,Dalbergia,tonkinensis,3353. Dalbergia tonkinensis.8
/kaggle/input/datasets/b23dckh002lvitanh/s3-origin/S3/Dalbergia tonkinensis/3353. Dalbergia tonkinensis.9/3353. Dalbergia tonkinensis.9.(274).png,Dalbergia tonkinensis,Dalbergia,tonkinensis,3353. Dalbergia tonkinensis.9
/kaggle/input/datasets/b23dckh002lvitanh/s3-origin/S3/Dalbergia tonkinensis/3353. Dalbergia tonkinensis.2/3353. Dalbergia tonkinensis.2.(35).png,Dalbergia tonkinensis,Dalbergia,tonkinensis,3353. Dalbergia tonkinensis.2
/kaggle/input/datasets/b23dckh002lvitanh/s3-origin/S3/Dalbergia tonkinensis/3353. Dalbergia tonkinensis.7/3353. Dalbergia tonkinensis.7.(224).png,Dalbergia tonkinensis,Dalbergia,tonkinensis,3353. Dalbergia tonkinensis.7
/kaggle/input/datasets/b23dckh002lvitanh/s3-origin/S3/Dalbergia tonkinensis/3353. Dalbergia tonkinensis.10/3353. Dalbergia tonkinensis.10.(308).png,Dalbergia tonkinensis,Dalbergia,tonkinensis,3353. Dalbergia tonkinensis.10
/kaggle/input/datasets/b23dckh002lvitanh/s3-origin/S3/Dalbergia tonkinensis/3353. Dalbergia tonkinensis.9/3353. Dalbergia tonkinensis.9.(281).png,Dalbergia tonkinensis,Dalbergia,tonkinensis,3353. Dalbergia tonkinensis.9
/kaggle/input/datasets/b23dckh002lvitanh/s3-origin/S3/Dalbergia tonkinensis/3353. Dalbergia tonkinensis.7/3353. Dalbergia tonkinensis.7.(218).png,Dalbergia tonkinensis,Dalbergia,tonkinensis,3353. Dalbergia tonkinensis.7
/kaggle/input/datasets/b23dckh002lvitanh/s3-origin/S3/Dalbergia tonkinensis/3353. Dalbergia tonkinensis.1/3353. Dalbergia tonkinensis.1.(30).png,Dalbergia tonkinensis,Dalbergia,tonkinensis,3353. Dalbergia tonkinensis.1
/kaggle/input/datasets/b23dckh002lvitanh/s3-origin/S3/Dalbergia tonkinensis/3353. Dalbergia tonkinensis.9/3353. Dalbergia tonkinensis.9.(283).png,Dalbergia tonkinensis,Dalbergia,tonkinensis,3353. Dalbergia tonkinensis.9
/kaggle/input/datasets/b23dckh002lvitanh/s3-origin/S3/Dalbergia tonkinensis/3353. Dalbergia tonkinensis.6/3353. Dalbergia tonkinensis.6.(190).png,Dalbergia tonkinensis,Dalbergia,tonkinensis,3353. Dalbergia tonkinensis.6
/kaggle/input/datasets/b23dckh002lvitanh/s3-origin/S3/Dalbergia tonkinensis/3353. Dalbergia tonkinensis.1/3353. Dalbergia tonkinensis.1.(27).png,Dalbergia tonkinensis,Dalbergia,tonkinensis,3353. Dalbergia tonkinensis.1
/kaggle/input/datasets/b23dckh002lvitanh/s3-origin/S3/Dalbergia tonkinensis/3353. Dalbergia tonkinensis.8/3353. Dalbergia tonkinensis.8.(249).png,Dalbergia tonkinensis,Dalbergia,tonkinensis,3353. Dalbergia tonkinensis.8
/kaggle/input/datasets/b23dckh002lvitanh/s3-origin/S3/Dalbergia tonkinensis/3353. Dalbergia tonkinensis.4/3353. Dalbergia tonkinensis.4.(104).png,Dalbergia tonkinensis,Dalbergia,tonkinensis,3353. Dalbergia tonkinensis.4
/kaggle/input/datasets/b23dckh002lvitanh/s3-origin/S3/Dalbergia tonkinensis/3353. Dalbergia tonkinensis.7/3353. Dalbergia tonkinensis.7.(211).png,Dalbergia tonkinensis,Dalbergia,tonkinensis,3353. Dalbergia tonkinensis.7
/kaggle/input/datasets/b23dckh002lvitanh/s3-origin/S3/Dalbergia tonkinensis/3353. Dalbergia tonkinensis.8/3353. Dalbergia tonkinensis.8.(247).png,Dalbergia tonkinensis,Dalbergia,tonkinensis,3353. Dalbergia tonkinensis.8
/kaggle/input/datasets/b23dckh002lvitanh/s3-origin/S3/Dalbergia tonkinensis/3353. Dalbergia tonkinensis.4/3353. Dalbergia tonkinensis.4.(106).png,Dalbergia tonkinensis,Dalbergia,tonkinensis,3353. Dalbergia tonkinensis.4
/kaggle/input/datasets/b23dckh002lvitanh/s3-origin/S3/Dalbergia tonkinensis/3353. Dalbergia tonkinensis.10/3353. Dalbergia tonkinensis.10.(301).png,Dalbergia tonkinensis,Dalbergia,tonkinensis,3353. Dalbergia tonkinensis.10
/kaggle/input/datasets/b23dckh002lvitanh/s3-origin/S3/Dalbergia tonkinensis/3353. Dalbergia tonkinensis.10/3353. Dalbergia tonkinensis.10.(320).png,Dalbergia tonkinensis,Dalbergia,tonkinensis,3353. Dalbergia tonkinensis.10
/kaggle/input/datasets/b23dckh002lvitanh/s3-origin/S3/Dalbergia tonkinensis/3353. Dalbergia tonkinensis.7/3353. Dalbergia tonkinensis.7.(201).png,Dalbergia tonkinensis,Dalbergia,tonkinensis,3353. Dalbergia tonkinensis.7
/kaggle/input/datasets/b23dckh002lvitanh/s3-origin/S3/Dalbergia tonkinensis/3353. Dalbergia tonkinensis.6/3353. Dalbergia tonkinensis.6.(163).png,Dalbergia tonkinensis,Dalbergia,tonkinensis,3353. Dalbergia tonkinensis.6
/kaggle/input/datasets/b23dckh002lvitanh/s3-origin/S3/Dalbergia tonkinensis/3353. Dalbergia tonkinensis.1/3353. Dalbergia tonkinensis.1.(19).png,Dalbergia tonkinensis,Dalbergia,tonkinensis,3353. Dalbergia tonkinensis.1
/kaggle/input/datasets/b23dckh002lvitanh/s3-origin/S3/Dalbergia tonkinensis/3353. Dalbergia tonkinensis.9/3353. Dalbergia tonkinensis.9.(271).png,Dalbergia tonkinensis,Dalbergia,tonkinensis,3353. Dalbergia tonkinensis.9
/kaggle/input/datasets/b23dckh002lvitanh/s3-origin/S3/Dalbergia tonkinensis/3353. Dalbergia tonkinensis.8/3353. Dalbergia tonkinensis.8.(234).png,Dalbergia tonkinensis,Dalbergia,tonkinensis,3353. Dalbergia tonkinensis.8
/kaggle/input/datasets/b23dckh002lvitanh/s3-origin/S3/Dalbergia tonkinensis/3353. Dalbergia tonkinensis.1/3353. Dalbergia tonkinensis.1.(31).png,Dalbergia tonkinensis,Dalbergia,tonkinensis,3353. Dalbergia tonkinensis.1
/kaggle/input/datasets/b23dckh002lvitanh/s3-origin/S3/Dalbergia tonkinensis/3353. Dalbergia tonkinensis.7/3353. Dalbergia tonkinensis.7.(227).png,Dalbergia tonkinensis,Dalbergia,tonkinensis,3353. Dalbergia tonkinensis.7
/kaggle/input/datasets/b23dckh002lvitanh/s3-origin/S3/Dalbergia tonkinensis/3353. Dalbergia tonkinensis.1/3353. Dalbergia tonkinensis.1.(17).png,Dalbergia tonkinensis,Dalbergia,tonkinensis,3353. Dalbergia tonkinensis.1
/kaggle/input/datasets/b23dckh002lvitanh/s3-origin/S3/Dalbergia tonkinensis/3353. Dalbergia tonkinensis.4/3353. Dalbergia tonkinensis.4.(108).png,Dalbergia tonkinensis,Dalbergia,tonkinensis,3353. Dalbergia tonkinensis.4
/kaggle/input/datasets/b23dckh002lvitanh/s3-origin/S3/Dalbergia tonkinensis/3353. Dalbergia tonkinensis.10/3353. Dalbergia tonkinensis.10.(317).png,Dalbergia tonkinensis,Dalbergia,tonkinensis,3353. Dalbergia tonkinensis.10
/kaggle/input/datasets/b23dckh002lvitanh/s3-origin/S3/Dalbergia tonkinensis/3353. Dalbergia tonkinensis.9/3353. Dalbergia tonkinensis.9.(280).png,Dalbergia tonkinensis,Dalbergia,tonkinensis,3353. Dalbergia tonkinensis.9
/kaggle/input/datasets/b23dckh002lvitanh/s3-origin/S3/Dalbergia tonkinensis/3353. Dalbergia tonkinensis.7/3353. Dalbergia tonkinensis.7.(216).png,Dalbergia tonkinensis,Dalbergia,tonkinensis,3353. Dalbergia tonkinensis.7
/kaggle/input/datasets/b23dckh002lvitanh/s3-origin/S3/Dalbergia tonkinensis/3353. Dalbergia tonkinensis.6/3353. Dalbergia tonkinensis.6.(181).png,Dalbergia tonkinensis,Dalbergia,tonkinensis,3353. Dalbergia tonkinensis.6
/kaggle/input/datasets/b23dckh002lvitanh/s3-origin/S3/Dalbergia tonkinensis/3353. Dalbergia tonkinensis.10/3353. Dalbergia tonkinensis.10.(297).png,Dalbergia tonkinensis,Dalbergia,tonkinensis,3353. Dalbergia tonkinensis.10
/kaggle/input/datasets/b23dckh002lvitanh/s3-origin/S3/Dalbergia tonkinensis/3353. Dalbergia tonkinensis.6/3353. Dalbergia tonkinensis.6.(189).png,Dalbergia tonkinensis,Dalbergia,tonkinensis,3353. Dalbergia tonkinensis.6
/kaggle/input/datasets/b23dckh002lvitanh/s3-origin/S3/Dalbergia tonkinensis/3353. Dalbergia tonkinensis.4/3353. Dalbergia tonkinensis.4.(118).png,Dalbergia tonkinensis,Dalbergia,tonkinensis,3353. Dalbergia tonkinensis.4
/kaggle/input/datasets/b23dckh002lvitanh/s3-origin/S3/Dalbergia tonkinensis/3353. Dalbergia tonkinensis.9/3353. Dalbergia tonkinensis.9.(284).png,Dalbergia tonkinensis,Dalbergia,tonkinensis,3353. Dalbergia tonkinensis.9
/kaggle/input/datasets/b23dckh002lvitanh/s3-origin/S3/Dalbergia tonkinensis/3353. Dalbergia tonkinensis.8/3353. Dalbergia tonkinensis.8.(256).png,Dalbergia tonkinensis,Dalbergia,tonkinensis,3353. Dalbergia tonkinensis.8
/kaggle/input/datasets/b23dckh002lvitanh/s3-origin/S3/Dalbergia tonkinensis/3353. Dalbergia tonkinensis.2/3353. Dalbergia tonkinensis.2.(55).png,Dalbergia tonkinensis,Dalbergia,tonkinensis,3353. Dalbergia tonkinensis.2
/kaggle/input/datasets/b23dckh002lvitanh/s3-origin/S3/Dalbergia tonkinensis/3353. Dalbergia tonkinensis.8/3353. Dalbergia tonkinensis.8.(243).png,Dalbergia tonkinensis,Dalbergia,tonkinensis,3353. Dalbergia tonkinensis.8
/kaggle/input/datasets/b23dckh002lvitanh/s3-origin/S3/Dalbergia tonkinensis/3353. Dalbergia tonkinensis.2/3353. Dalbergia tonkinensis.2.(34).png,Dalbergia tonkinensis,Dalbergia,tonkinensis,3353. Dalbergia tonkinensis.2
/kaggle/input/datasets/b23dckh002lvitanh/s3-origin/S3/Dalbergia tonkinensis/3353. Dalbergia tonkinensis.10/3353. Dalbergia tonkinensis.10.(322).png,Dalbergia tonkinensis,Dalbergia,tonkinensis,3353. Dalbergia tonkinensis.10
/kaggle/input/datasets/b23dckh002lvitanh/s3-origin/S3/Dalbergia tonkinensis/3353. Dalbergia tonkinensis.7/3353. Dalbergia tonkinensis.7.(225).png,Dalbergia tonkinensis,Dalbergia,tonkinensis,3353. Dalbergia tonkinensis.7
/kaggle/input/datasets/b23dckh002lvitanh/s3-origin/S3/Dalbergia tonkinensis/3353. Dalbergia tonkinensis.6/3353. Dalbergia tonkinensis.6.(191).png,Dalbergia tonkinensis,Dalbergia,tonkinensis,3353. Dalbergia tonkinensis.6
/kaggle/input/datasets/b23dckh002lvitanh/s3-origin/S3/Dalbergia tonkinensis/3353. Dalbergia tonkinensis.10/3353. Dalbergia tonkinensis.10.(312).png,Dalbergia tonkinensis,Dalbergia,tonkinensis,3353. Dalbergia tonkinensis.10
/kaggle/input/datasets/b23dckh002lvitanh/s3-origin/S3/Dalbergia tonkinensis/3353. Dalbergia tonkinensis.4/3353. Dalbergia tonkinensis.4.(115).png,Dalbergia tonkinensis,Dalbergia,tonkinensis,3353. Dalbergia tonkinensis.4
/kaggle/input/datasets/b23dckh002lvitanh/s3-origin/S3/Dalbergia tonkinensis/3353. Dalbergia tonkinensis.6/3353. Dalbergia tonkinensis.6.(180).png,Dalbergia tonkinensis,Dalbergia,tonkinensis,3353. Dalbergia tonkinensis.6
/kaggle/input/datasets/b23dckh002lvitanh/s3-origin/S3/Dalbergia tonkinensis/3353. Dalbergia tonkinensis.1/3353. Dalbergia tonkinensis.1.(15).png,Dalbergia tonkinensis,Dalbergia,tonkinensis,3353. Dalbergia tonkinensis.1
/kaggle/input/datasets/b23dckh002lvitanh/s3-origin/S3/Dalbergia tonkinensis/3353. Dalbergia tonkinensis.9/3353. Dalbergia tonkinensis.9.(293).png,Dalbergia tonkinensis,Dalbergia,tonkinensis,3353. Dalbergia tonkinensis.9
/kaggle/input/datasets/b23dckh002lvitanh/s3-origin/S3/Dalbergia tonkinensis/3353. Dalbergia tonkinensis.8/3353. Dalbergia tonkinensis.8.(242).png,Dalbergia tonkinensis,Dalbergia,tonkinensis,3353. Dalbergia tonkinensis.8
/kaggle/input/datasets/b23dckh002lvitanh/s3-origin/S3/Dalbergia tonkinensis/3353. Dalbergia tonkinensis.2/3353. Dalbergia tonkinensis.2.(61).png,Dalbergia tonkinensis,Dalbergia,tonkinensis,3353. Dalbergia tonkinensis.2
/kaggle/input/datasets/b23dckh002lvitanh/s3-origin/S3/Dalbergia tonkinensis/3353. Dalbergia tonkinensis.10/3353. Dalbergia tonkinensis.10.(307).png,Dalbergia tonkinensis,Dalbergia,tonkinensis,3353. Dalbergia tonkinensis.10
/kaggle/input/datasets/b23dckh002lvitanh/s3-origin/S3/Dalbergia tonkinensis/3353. Dalbergia tonkinensis.8/3353. Dalbergia tonkinensis.8.(236).png,Dalbergia tonkinensis,Dalbergia,tonkinensis,3353. Dalbergia tonkinensis.8
/kaggle/input/datasets/b23dckh002lvitanh/s3-origin/S3/Dalbergia tonkinensis/3353. Dalbergia tonkinensis.10/3353. Dalbergia tonkinensis.10.(314).png,Dalbergia tonkinensis,Dalbergia,tonkinensis,3353. Dalbergia tonkinensis.10
/kaggle/input/datasets/b23dckh002lvitanh/s3-origin/S3/Dalbergia tonkinensis/3353. Dalbergia tonkinensis.2/3353. Dalbergia tonkinensis.2.(51).png,Dalbergia tonkinensis,Dalbergia,tonkinensis,3353. Dalbergia tonkinensis.2
/kaggle/input/datasets/b23dckh002lvitanh/s3-origin/S3/Dalbergia tonkinensis/3353. Dalbergia tonkinensis.8/3353. Dalbergia tonkinensis.8.(250).png,Dalbergia tonkinensis,Dalbergia,tonkinensis,3353. Dalbergia tonkinensis.8
/kaggle/input/datasets/b23dckh002lvitanh/s3-origin/S3/Dalbergia tonkinensis/3353. Dalbergia tonkinensis.6/3353. Dalbergia tonkinensis.6.(183).png,Dalbergia tonkinensis,Dalbergia,tonkinensis,3353. Dalbergia tonkinensis.6
/kaggle/input/datasets/b23dckh002lvitanh/s3-origin/S3/Dalbergia tonkinensis/3353. Dalbergia tonkinensis.10/3353. Dalbergia tonkinensis.10.(313).png,Dalbergia tonkinensis,Dalbergia,tonkinensis,3353. Dalbergia tonkinensis.10
/kaggle/input/datasets/b23dckh002lvitanh/s3-origin/S3/Dalbergia tonkinensis/3353. Dalbergia tonkinensis.6/3353. Dalbergia tonkinensis.6.(177).png,Dalbergia tonkinensis,Dalbergia,tonkinensis,3353. Dalbergia tonkinensis.6
/kaggle/input/datasets/b23dckh002lvitanh/s3-origin/S3/Dalbergia tonkinensis/3353. Dalbergia tonkinensis.7/3353. Dalbergia tonkinensis.7.(198).png,Dalbergia tonkinensis,Dalbergia,tonkinensis,3353. Dalbergia tonkinensis.7
/kaggle/input/datasets/b23dckh002lvitanh/s3-origin/S3/Dalbergia tonkinensis/3353. Dalbergia tonkinensis.1/3353. Dalbergia tonkinensis.1.(23).png,Dalbergia tonkinensis,Dalbergia,tonkinensis,3353. Dalbergia tonkinensis.1
/kaggle/input/datasets/b23dckh002lvitanh/s3-origin/S3/Dalbergia tonkinensis/3353. Dalbergia tonkinensis.4/3353. Dalbergia tonkinensis.4.(103).png,Dalbergia tonkinensis,Dalbergia,tonkinensis,3353. Dalbergia tonkinensis.4
/kaggle/input/datasets/b23dckh002lvitanh/s3-origin/S3/Dalbergia tonkinensis/3353. Dalbergia tonkinensis.10/3353. Dalbergia tonkinensis.10.(306).png,Dalbergia tonkinensis,Dalbergia,tonkinensis,3353. Dalbergia tonkinensis.10
/kaggle/input/datasets/b23dckh002lvitanh/s3-origin/S3/Dalbergia tonkinensis/3353. Dalbergia tonkinensis.6/3353. Dalbergia tonkinensis.6.(173).png,Dalbergia tonkinensis,Dalbergia,tonkinensis,3353. Dalbergia tonkinensis.6
/kaggle/input/datasets/b23dckh002lvitanh/s3-origin/S3/Dalbergia tonkinensis/3353. Dalbergia tonkinensis.9/3353. Dalbergia tonkinensis.9.(264).png,Dalbergia tonkinensis,Dalbergia,tonkinensis,3353. Dalbergia tonkinensis.9
/kaggle/input/datasets/b23dckh002lvitanh/s3-origin/S3/Dalbergia tonkinensis/3353. Dalbergia tonkinensis.8/3353. Dalbergia tonkinensis.8.(244).png,Dalbergia tonkinensis,Dalbergia,tonkinensis,3353. Dalbergia tonkinensis.8
/kaggle/input/datasets/b23dckh002lvitanh/s3-origin/S3/Dalbergia tonkinensis/3353. Dalbergia tonkinensis.9/3353. Dalbergia tonkinensis.9.(267).png,Dalbergia tonkinensis,Dalbergia,tonkinensis,3353. Dalbergia tonkinensis.9
/kaggle/input/datasets/b23dckh002lvitanh/s3-origin/S3/Dalbergia tonkinensis/3353. Dalbergia tonkinensis.10/3353. Dalbergia tonkinensis.10.(318).png,Dalbergia tonkinensis,Dalbergia,tonkinensis,3353. Dalbergia tonkinensis.10
/kaggle/input/datasets/b23dckh002lvitanh/s3-origin/S3/Dalbergia tonkinensis/3353. Dalbergia tonkinensis.6/3353. Dalbergia tonkinensis.6.(168).png,Dalbergia tonkinensis,Dalbergia,tonkinensis,3353. Dalbergia tonkinensis.6
/kaggle/input/datasets/b23dckh002lvitanh/s3-origin/S3/Dalbergia tonkinensis/3353. Dalbergia tonkinensis.2/3353. Dalbergia tonkinensis.2.(41).png,Dalbergia tonkinensis,Dalbergia,tonkinensis,3353. Dalbergia tonkinensis.2
/kaggle/input/datasets/b23dckh002lvitanh/s3-origin/S3/Dalbergia tonkinensis/3353. Dalbergia tonkinensis.10/3353. Dalbergia tonkinensis.10.(299).png,Dalbergia tonkinensis,Dalbergia,tonkinensis,3353. Dalbergia tonkinensis.10
/kaggle/input/datasets/b23dckh002lvitanh/s3-origin/S3/Dalbergia tonkinensis/3353. Dalbergia tonkinensis.8/3353. Dalbergia tonkinensis.8.(229).png,Dalbergia tonkinensis,Dalbergia,tonkinensis,3353. Dalbergia tonkinensis.8
/kaggle/input/datasets/b23dckh002lvitanh/s3-origin/S3/Dalbergia tonkinensis/3353. Dalbergia tonkinensis.1/3353. Dalbergia tonkinensis.1.(5).png,Dalbergia tonkinensis,Dalbergia,tonkinensis,3353. Dalbergia tonkinensis.1
/kaggle/input/datasets/b23dckh002lvitanh/s3-origin/S3/Dalbergia tonkinensis/3353. Dalbergia tonkinensis.7/3353. Dalbergia tonkinensis.7.(212).png,Dalbergia tonkinensis,Dalbergia,tonkinensis,3353. Dalbergia tonkinensis.7
/kaggle/input/datasets/b23dckh002lvitanh/s3-origin/S3/Dalbergia tonkinensis/3353. Dalbergia tonkinensis.8/3353. Dalbergia tonkinensis.8.(252).png,Dalbergia tonkinensis,Dalbergia,tonkinensis,3353. Dalbergia tonkinensis.8
/kaggle/input/datasets/b23dckh002lvitanh/s3-origin/S3/Dalbergia tonkinensis/3353. Dalbergia tonkinensis.4/3353. Dalbergia tonkinensis.4.(112).png,Dalbergia tonkinensis,Dalbergia,tonkinensis,3353. Dalbergia tonkinensis.4
/kaggle/input/datasets/b23dckh002lvitanh/s3-origin/S3/Dalbergia tonkinensis/3353. Dalbergia tonkinensis.2/3353. Dalbergia tonkinensis.2.(49).png,Dalbergia tonkinensis,Dalbergia,tonkinensis,3353. Dalbergia tonkinensis.2
/kaggle/input/datasets/b23dckh002lvitanh/s3-origin/S3/Dalbergia tonkinensis/3353. Dalbergia tonkinensis.2/3353. Dalbergia tonkinensis.2.(32).png,Dalbergia tonkinensis,Dalbergia,tonkinensis,3353. Dalbergia tonkinensis.2
/kaggle/input/datasets/b23dckh002lvitanh/s3-origin/S3/Dalbergia tonkinensis/3353. Dalbergia tonkinensis.9/3353. Dalbergia tonkinensis.9.(290).png,Dalbergia tonkinensis,Dalbergia,tonkinensis,3353. Dalbergia tonkinensis.9
/kaggle/input/datasets/b23dckh002lvitanh/s3-origin/S3/Dalbergia tonkinensis/3353. Dalbergia tonkinensis.9/3353. Dalbergia tonkinensis.9.(278).png,Dalbergia tonkinensis,Dalbergia,tonkinensis,3353. Dalbergia tonkinensis.9
/kaggle/input/datasets/b23dckh002lvitanh/s3-origin/S3/Dalbergia tonkinensis/3353. Dalbergia tonkinensis.2/3353. Dalbergia tonkinensis.2.(58).png,Dalbergia tonkinensis,Dalbergia,tonkinensis,3353. Dalbergia tonkinensis.2
/kaggle/input/datasets/b23dckh002lvitanh/s3-origin/S3/Dalbergia tonkinensis/3353. Dalbergia tonkinensis.1/3353. Dalbergia tonkinensis.1.(10).png,Dalbergia tonkinensis,Dalbergia,tonkinensis,3353. Dalbergia tonkinensis.1
/kaggle/input/datasets/b23dckh002lvitanh/s3-origin/S3/Dalbergia tonkinensis/3353. Dalbergia tonkinensis.1/3353. Dalbergia tonkinensis.1.(1).png,Dalbergia tonkinensis,Dalbergia,tonkinensis,3353. Dalbergia tonkinensis.1
/kaggle/input/datasets/b23dckh002lvitanh/s3-origin/S3/Dalbergia tonkinensis/3353. Dalbergia tonkinensis.10/3353. Dalbergia tonkinensis.10.(323).png,Dalbergia tonkinensis,Dalbergia,tonkinensis,3353. Dalbergia tonkinensis.10
/kaggle/input/datasets/b23dckh002lvitanh/s3-origin/S3/Dalbergia tonkinensis/3353. Dalbergia tonkinensis.9/3353. Dalbergia tonkinensis.9.(275).png,Dalbergia tonkinensis,Dalbergia,tonkinensis,3353. Dalbergia tonkinensis.9
/kaggle/input/datasets/b23dckh002lvitanh/s3-origin/S3/Dalbergia tonkinensis/3353. Dalbergia tonkinensis.4/3353. Dalbergia tonkinensis.4.(97).png,Dalbergia tonkinensis,Dalbergia,tonkinensis,3353. Dalbergia tonkinensis.4
/kaggle/input/datasets/b23dckh002lvitanh/s3-origin/S3/Dalbergia tonkinensis/3353. Dalbergia tonkinensis.1/3353. Dalbergia tonkinensis.1.(21).png,Dalbergia tonkinensis,Dalbergia,tonkinensis,3353. Dalbergia tonkinensis.1
/kaggle/input/datasets/b23dckh002lvitanh/s3-origin/S3/Dalbergia tonkinensis/3353. Dalbergia tonkinensis.7/3353. Dalbergia tonkinensis.7.(196).png,Dalbergia tonkinensis,Dalbergia,tonkinensis,3353. Dalbergia tonkinensis.7
/kaggle/input/datasets/b23dckh002lvitanh/s3-origin/S3/Dalbergia tonkinensis/3353. Dalbergia tonkinensis.2/3353. Dalbergia tonkinensis.2.(52).png,Dalbergia tonkinensis,Dalbergia,tonkinensis,3353. Dalbergia tonkinensis.2
/kaggle/input/datasets/b23dckh002lvitanh/s3-origin/S3/Dalbergia tonkinensis/3353. Dalbergia tonkinensis.9/3353. Dalbergia tonkinensis.9.(263).png,Dalbergia tonkinensis,Dalbergia,tonkinensis,3353. Dalbergia tonkinensis.9
/kaggle/input/datasets/b23dckh002lvitanh/s3-origin/S3/Dalbergia tonkinensis/3353. Dalbergia tonkinensis.6/3353. Dalbergia tonkinensis.6.(176).png,Dalbergia tonkinensis,Dalbergia,tonkinensis,3353. Dalbergia tonkinensis.6
/kaggle/input/datasets/b23dckh002lvitanh/s3-origin/S3/Dalbergia tonkinensis/3353. Dalbergia tonkinensis.8/3353. Dalbergia tonkinensis.8.(231).png,Dalbergia tonkinensis,Dalbergia,tonkinensis,3353. Dalbergia tonkinensis.8
/kaggle/input/datasets/b23dckh002lvitanh/s3-origin/S3/Dalbergia tonkinensis/3353. Dalbergia tonkinensis.9/3353. Dalbergia tonkinensis.9.(289).png,Dalbergia tonkinensis,Dalbergia,tonkinensis,3353. Dalbergia tonkinensis.9
/kaggle/input/datasets/b23dckh002lvitanh/s3-origin/S3/Dalbergia tonkinensis/3353. Dalbergia tonkinensis.2/3353. Dalbergia tonkinensis.2.(42).png,Dalbergia tonkinensis,Dalbergia,tonkinensis,3353. Dalbergia tonkinensis.2
/kaggle/input/datasets/b23dckh002lvitanh/s3-origin/S3/Dalbergia tonkinensis/3353. Dalbergia tonkinensis.10/3353. Dalbergia tonkinensis.10.(319).png,Dalbergia tonkinensis,Dalbergia,tonkinensis,3353. Dalbergia tonkinensis.10
/kaggle/input/datasets/b23dckh002lvitanh/s3-origin/S3/Dalbergia tonkinensis/3353. Dalbergia tonkinensis.4/3353. Dalbergia tonkinensis.4.(122).png,Dalbergia tonkinensis,Dalbergia,tonkinensis,3353. Dalbergia tonkinensis.4
/kaggle/input/datasets/b23dckh002lvitanh/s3-origin/S3/Dalbergia tonkinensis/3353. Dalbergia tonkinensis.10/3353. Dalbergia tonkinensis.10.(315).png,Dalbergia tonkinensis,Dalbergia,tonkinensis,3353. Dalbergia tonkinensis.10
/kaggle/input/datasets/b23dckh002lvitanh/s3-origin/S3/Dalbergia tonkinensis/3353. Dalbergia tonkinensis.8/3353. Dalbergia tonkinensis.8.(238).png,Dalbergia tonkinensis,Dalbergia,tonkinensis,3353. Dalbergia tonkinensis.8
/kaggle/input/datasets/b23dckh002lvitanh/s3-origin/S3/Dalbergia tonkinensis/3353. Dalbergia tonkinensis.7/3353. Dalbergia tonkinensis.7.(208).png,Dalbergia tonkinensis,Dalbergia,tonkinensis,3353. Dalbergia tonkinensis.7
/kaggle/input/datasets/b23dckh002lvitanh/s3-origin/S3/Dalbergia tonkinensis/3353. Dalbergia tonkinensis.8/3353. Dalbergia tonkinensis.8.(246).png,Dalbergia tonkinensis,Dalbergia,tonkinensis,3353. Dalbergia tonkinensis.8
/kaggle/input/datasets/b23dckh002lvitanh/s3-origin/S3/Dalbergia tonkinensis/3353. Dalbergia tonkinensis.7/3353. Dalbergia tonkinensis.7.(226).png,Dalbergia tonkinensis,Dalbergia,tonkinensis,3353. Dalbergia tonkinensis.7
/kaggle/input/datasets/b23dckh002lvitanh/s3-origin/S3/Dalbergia tonkinensis/3353. Dalbergia tonkinensis.1/3353. Dalbergia tonkinensis.1.(4).png,Dalbergia tonkinensis,Dalbergia,tonkinensis,3353. Dalbergia tonkinensis.1
/kaggle/input/datasets/b23dckh002lvitanh/s3-origin/S3/Dalbergia tonkinensis/3353. Dalbergia tonkinensis.8/3353. Dalbergia tonkinensis.8.(239).png,Dalbergia tonkinensis,Dalbergia,tonkinensis,3353. Dalbergia tonkinensis.8
/kaggle/input/datasets/b23dckh002lvitanh/s3-origin/S3/Dalbergia tonkinensis/3353. Dalbergia tonkinensis.9/3353. Dalbergia tonkinensis.9.(261).png,Dalbergia tonkinensis,Dalbergia,tonkinensis,3353. Dalbergia tonkinensis.9
/kaggle/input/datasets/b23dckh002lvitanh/s3-origin/S3/Dalbergia tonkinensis/3353. Dalbergia tonkinensis.8/3353. Dalbergia tonkinensis.8.(241).png,Dalbergia tonkinensis,Dalbergia,tonkinensis,3353. Dalbergia tonkinensis.8
/kaggle/input/datasets/b23dckh002lvitanh/s3-origin/S3/Dalbergia tonkinensis/3353. Dalbergia tonkinensis.7/3353. Dalbergia tonkinensis.7.(214).png,Dalbergia tonkinensis,Dalbergia,tonkinensis,3353. Dalbergia tonkinensis.7
/kaggle/input/datasets/b23dckh002lvitanh/s3-origin/S3/Dalbergia tonkinensis/3353. Dalbergia tonkinensis.10/3353. Dalbergia tonkinensis.10.(295).png,Dalbergia tonkinensis,Dalbergia,tonkinensis,3353. Dalbergia tonkinensis.10
/kaggle/input/datasets/b23dckh002lvitanh/s3-origin/S3/Dalbergia tonkinensis/3353. Dalbergia tonkinensis.8/3353. Dalbergia tonkinensis.8.(248).png,Dalbergia tonkinensis,Dalbergia,tonkinensis,3353. Dalbergia tonkinensis.8
/kaggle/input/datasets/b23dckh002lvitanh/s3-origin/S3/Dalbergia tonkinensis/3353. Dalbergia tonkinensis.10/3353. Dalbergia tonkinensis.10.(302).png,Dalbergia tonkinensis,Dalbergia,tonkinensis,3353. Dalbergia tonkinensis.10
/kaggle/input/datasets/b23dckh002lvitanh/s3-origin/S3/Dalbergia tonkinensis/3353. Dalbergia tonkinensis.2/3353. Dalbergia tonkinensis.2.(44).png,Dalbergia tonkinensis,Dalbergia,tonkinensis,3353. Dalbergia tonkinensis.2
/kaggle/input/datasets/b23dckh002lvitanh/s3-origin/S3/Dalbergia tonkinensis/3353. Dalbergia tonkinensis.1/3353. Dalbergia tonkinensis.1.(18).png,Dalbergia tonkinensis,Dalbergia,tonkinensis,3353. Dalbergia tonkinensis.1
/kaggle/input/datasets/b23dckh002lvitanh/s3-origin/S3/Dalbergia tonkinensis/3353. Dalbergia tonkinensis.10/3353. Dalbergia tonkinensis.10.(304).png,Dalbergia tonkinensis,Dalbergia,tonkinensis,3353. Dalbergia tonkinensis.10
/kaggle/input/datasets/b23dckh002lvitanh/s3-origin/S3/Dalbergia tonkinensis/3353. Dalbergia tonkinensis.8/3353. Dalbergia tonkinensis.8.(251).png,Dalbergia tonkinensis,Dalbergia,tonkinensis,3353. Dalbergia tonkinensis.8
/kaggle/input/datasets/b23dckh002lvitanh/s3-origin/S3/Dalbergia tonkinensis/3353. Dalbergia tonkinensis.6/3353. Dalbergia tonkinensis.6.(164).png,Dalbergia tonkinensis,Dalbergia,tonkinensis,3353. Dalbergia tonkinensis.6
/kaggle/input/datasets/b23dckh002lvitanh/s3-origin/S3/Dalbergia tonkinensis/3353. Dalbergia tonkinensis.9/3353. Dalbergia tonkinensis.9.(292).png,Dalbergia tonkinensis,Dalbergia,tonkinensis,3353. Dalbergia tonkinensis.9
/kaggle/input/datasets/b23dckh002lvitanh/s3-origin/S3/Dalbergia tonkinensis/3353. Dalbergia tonkinensis.7/3353. Dalbergia tonkinensis.7.(206).png,Dalbergia tonkinensis,Dalbergia,tonkinensis,3353. Dalbergia tonkinensis.7
/kaggle/input/datasets/b23dckh002lvitanh/s3-origin/S3/Dalbergia tonkinensis/3353. Dalbergia tonkinensis.7/3353. Dalbergia tonkinensis.7.(220).png,Dalbergia tonkinensis,Dalbergia,tonkinensis,3353. Dalbergia tonkinensis.7
/kaggle/input/datasets/b23dckh002lvitanh/s3-origin/S3/Dalbergia tonkinensis/3353. Dalbergia tonkinensis.4/3353. Dalbergia tonkinensis.4.(110).png,Dalbergia tonkinensis,Dalbergia,tonkinensis,3353. Dalbergia tonkinensis.4
/kaggle/input/datasets/b23dckh002lvitanh/s3-origin/S3/Dalbergia tonkinensis/3353. Dalbergia tonkinensis.10/3353. Dalbergia tonkinensis.10.(309).png,Dalbergia tonkinensis,Dalbergia,tonkinensis,3353. Dalbergia tonkinensis.10
/kaggle/input/datasets/b23dckh002lvitanh/s3-origin/S3/Dalbergia tonkinensis/3353. Dalbergia tonkinensis.6/3353. Dalbergia tonkinensis.6.(179).png,Dalbergia tonkinensis,Dalbergia,tonkinensis,3353. Dalbergia tonkinensis.6
/kaggle/input/datasets/b23dckh002lvitanh/s3-origin/S3/Dalbergia tonkinensis/3353. Dalbergia tonkinensis.9/3353. Dalbergia tonkinensis.9.(269).png,Dalbergia tonkinensis,Dalbergia,tonkinensis,3353. Dalbergia tonkinensis.9
/kaggle/input/datasets/b23dckh002lvitanh/s3-origin/S3/Dalbergia tonkinensis/3353. Dalbergia tonkinensis.9/3353. Dalbergia tonkinensis.9.(277).png,Dalbergia tonkinensis,Dalbergia,tonkinensis,3353. Dalbergia tonkinensis.9
/kaggle/input/datasets/b23dckh002lvitanh/s3-origin/S3/Dalbergia tonkinensis/3353. Dalbergia tonkinensis.1/3353. Dalbergia tonkinensis.1.(24).png,Dalbergia tonkinensis,Dalbergia,tonkinensis,3353. Dalbergia tonkinensis.1
/kaggle/input/datasets/b23dckh002lvitanh/s3-origin/S3/Dalbergia tonkinensis/3353. Dalbergia tonkinensis.10/3353. Dalbergia tonkinensis.10.(294).png,Dalbergia tonkinensis,Dalbergia,tonkinensis,3353. Dalbergia tonkinensis.10
/kaggle/input/datasets/b23dckh002lvitanh/s3-origin/S3/Dalbergia tonkinensis/3353. Dalbergia tonkinensis.6/3353. Dalbergia tonkinensis.6.(192).png,Dalbergia tonkinensis,Dalbergia,tonkinensis,3353. Dalbergia tonkinensis.6
/kaggle/input/datasets/b23dckh002lvitanh/s3-origin/S3/Dalbergia tonkinensis/3353. Dalbergia tonkinensis.4/3353. Dalbergia tonkinensis.4.(113).png,Dalbergia tonkinensis,Dalbergia,tonkinensis,3353. Dalbergia tonkinensis.4
/kaggle/input/datasets/b23dckh002lvitanh/s3-origin/S3/Dalbergia tonkinensis/3353. Dalbergia tonkinensis.6/3353. Dalbergia tonkinensis.6.(166).png,Dalbergia tonkinensis,Dalbergia,tonkinensis,3353. Dalbergia tonkinensis.6
/kaggle/input/datasets/b23dckh002lvitanh/s3-origin/S3/Dalbergia tonkinensis/3353. Dalbergia tonkinensis.4/3353. Dalbergia tonkinensis.4.(119).png,Dalbergia tonkinensis,Dalbergia,tonkinensis,3353. Dalbergia tonkinensis.4
/kaggle/input/datasets/b23dckh002lvitanh/s3-origin/S3/Dalbergia tonkinensis/3353. Dalbergia tonkinensis.4/3353. Dalbergia tonkinensis.4.(102).png,Dalbergia tonkinensis,Dalbergia,tonkinensis,3353. Dalbergia tonkinensis.4
/kaggle/input/datasets/b23dckh002lvitanh/s3-origin/S3/Dalbergia tonkinensis/3353. Dalbergia tonkinensis.4/3353. Dalbergia tonkinensis.4.(99).png,Dalbergia tonkinensis,Dalbergia,tonkinensis,3353. Dalbergia tonkinensis.4
/kaggle/input/datasets/b23dckh002lvitanh/s3-origin/S3/Dalbergia tonkinensis/3353. Dalbergia tonkinensis.2/3353. Dalbergia tonkinensis.2.(47).png,Dalbergia tonkinensis,Dalbergia,tonkinensis,3353. Dalbergia tonkinensis.2
/kaggle/input/datasets/b23dckh002lvitanh/s3-origin/S3/Dalbergia tonkinensis/3353. Dalbergia tonkinensis.8/3353. Dalbergia tonkinensis.8.(254).png,Dalbergia tonkinensis,Dalbergia,tonkinensis,3353. Dalbergia tonkinensis.8
/kaggle/input/datasets/b23dckh002lvitanh/s3-origin/S3/Dalbergia tonkinensis/3353. Dalbergia tonkinensis.2/3353. Dalbergia tonkinensis.2.(53).png,Dalbergia tonkinensis,Dalbergia,tonkinensis,3353. Dalbergia tonkinensis.2
/kaggle/input/datasets/b23dckh002lvitanh/s3-origin/S3/Dalbergia tonkinensis/3353. Dalbergia tonkinensis.8/3353. Dalbergia tonkinensis.8.(255).png,Dalbergia tonkinensis,Dalbergia,tonkinensis,3353. Dalbergia tonkinensis.8
/kaggle/input/datasets/b23dckh002lvitanh/s3-origin/S3/Dalbergia tonkinensis/3353. Dalbergia tonkinensis.4/3353. Dalbergia tonkinensis.4.(123).png,Dalbergia tonkinensis,Dalbergia,tonkinensis,3353. Dalbergia tonkinensis.4
/kaggle/input/datasets/b23dckh002lvitanh/s3-origin/S3/Dalbergia tonkinensis/3353. Dalbergia tonkinensis.9/3353. Dalbergia tonkinensis.9.(268).png,Dalbergia tonkinensis,Dalbergia,tonkinensis,3353. Dalbergia tonkinensis.9
/kaggle/input/datasets/b23dckh002lvitanh/s3-origin/S3/Dalbergia tonkinensis/3353. Dalbergia tonkinensis.1/3353. Dalbergia tonkinensis.1.(6).png,Dalbergia tonkinensis,Dalbergia,tonkinensis,3353. Dalbergia tonkinensis.1
/kaggle/input/datasets/b23dckh002lvitanh/s3-origin/S3/Dalbergia tonkinensis/3353. Dalbergia tonkinensis.7/3353. Dalbergia tonkinensis.7.(210).png,Dalbergia tonkinensis,Dalbergia,tonkinensis,3353. Dalbergia tonkinensis.7
/kaggle/input/datasets/b23dckh002lvitanh/s3-origin/S3/Dalbergia tonkinensis/3353. Dalbergia tonkinensis.2/3353. Dalbergia tonkinensis.2.(57).png,Dalbergia tonkinensis,Dalbergia,tonkinensis,3353. Dalbergia tonkinensis.2
/kaggle/input/datasets/b23dckh002lvitanh/s3-origin/S3/Dalbergia tonkinensis/3353. Dalbergia tonkinensis.4/3353. Dalbergia tonkinensis.4.(109).png,Dalbergia tonkinensis,Dalbergia,tonkinensis,3353. Dalbergia tonkinensis.4
/kaggle/input/datasets/b23dckh002lvitanh/s3-origin/S3/Dalbergia tonkinensis/3353. Dalbergia tonkinensis.4/3353. Dalbergia tonkinensis.4.(107).png,Dalbergia tonkinensis,Dalbergia,tonkinensis,3353. Dalbergia tonkinensis.4
/kaggle/input/datasets/b23dckh002lvitanh/s3-origin/S3/Guibourtia arnoldiana/3411. Guibourtia arnoldiana.10/3411. Guibourtia arnoldiana.10 (298).png,Guibourtia arnoldiana,Guibourtia,arnoldiana,3411. Guibourtia arnoldiana.10
/kaggle/input/datasets/b23dckh002lvitanh/s3-origin/S3/Guibourtia arnoldiana/3411. Guibourtia arnoldiana.6/3411. Guibourtia arnoldiana.6 (191).png,Guibourtia arnoldiana,Guibourtia,arnoldiana,3411. Guibourtia arnoldiana.6
/kaggle/input/datasets/b23dckh002lvitanh/s3-origin/S3/Guibourtia arnoldiana/3411. Guibourtia arnoldiana.8/3411. Guibourtia arnoldiana.8 (246).png,Guibourtia arnoldiana,Guibourtia,arnoldiana,3411. Guibourtia arnoldiana.8
/kaggle/input/datasets/b23dckh002lvitanh/s3-origin/S3/Guibourtia arnoldiana/3411. Guibourtia arnoldiana.9/3411. Guibourtia arnoldiana.9 (272).png,Guibourtia arnoldiana,Guibourtia,arnoldiana,3411. Guibourtia arnoldiana.9
/kaggle/input/datasets/b23dckh002lvitanh/s3-origin/S3/Guibourtia arnoldiana/3411. Guibourtia arnoldiana.9/3411. Guibourtia arnoldiana.9 (275).png,Guibourtia arnoldiana,Guibourtia,arnoldiana,3411. Guibourtia arnoldiana.9
/kaggle/input/datasets/b23dckh002lvitanh/s3-origin/S3/Guibourtia arnoldiana/3411. Guibourtia arnoldiana.1/3411. Guibourtia arnoldiana.1 (5).png,Guibourtia arnoldiana,Guibourtia,arnoldiana,3411. Guibourtia arnoldiana.1
/kaggle/input/datasets/b23dckh002lvitanh/s3-origin/S3/Guibourtia arnoldiana/3411. Guibourtia arnoldiana.7/3411. Guibourtia arnoldiana.7 (216).png,Guibourtia arnoldiana,Guibourtia,arnoldiana,3411. Guibourtia arnoldiana.7
/kaggle/input/datasets/b23dckh002lvitanh/s3-origin/S3/Guibourtia arnoldiana/3411. Guibourtia arnoldiana.4/3411. Guibourtia arnoldiana.4 (112).png,Guibourtia arnoldiana,Guibourtia,arnoldiana,3411. Guibourtia arnoldiana.4
/kaggle/input/datasets/b23dckh002lvitanh/s3-origin/S3/Guibourtia arnoldiana/3411. Guibourtia arnoldiana.10/3411. Guibourtia arnoldiana.10 (303).png,Guibourtia arnoldiana,Guibourtia,arnoldiana,3411. Guibourtia arnoldiana.10
/kaggle/input/datasets/b23dckh002lvitanh/s3-origin/S3/Guibourtia arnoldiana/3411. Guibourtia arnoldiana.6/3411. Guibourtia arnoldiana.6 (173).png,Guibourtia arnoldiana,Guibourtia,arnoldiana,3411. Guibourtia arnoldiana.6
/kaggle/input/datasets/b23dckh002lvitanh/s3-origin/S3/Guibourtia arnoldiana/3411. Guibourtia arnoldiana.7/3411. Guibourtia arnoldiana.7 (195).png,Guibourtia arnoldiana,Guibourtia,arnoldiana,3411. Guibourtia arnoldiana.7
/kaggle/input/datasets/b23dckh002lvitanh/s3-origin/S3/Guibourtia arnoldiana/3411. Guibourtia arnoldiana.3/3411. Guibourtia arnoldiana.3 (75).png,Guibourtia arnoldiana,Guibourtia,arnoldiana,3411. Guibourtia arnoldiana.3
/kaggle/input/datasets/b23dckh002lvitanh/s3-origin/S3/Guibourtia arnoldiana/3411. Guibourtia arnoldiana.6/3411. Guibourtia arnoldiana.6 (180).png,Guibourtia arnoldiana,Guibourtia,arnoldiana,3411. Guibourtia arnoldiana.6
/kaggle/input/datasets/b23dckh002lvitanh/s3-origin/S3/Guibourtia arnoldiana/3411. Guibourtia arnoldiana.8/3411. Guibourtia arnoldiana.8 (222).png,Guibourtia arnoldiana,Guibourtia,arnoldiana,3411. Guibourtia arnoldiana.8
/kaggle/input/datasets/b23dckh002lvitanh/s3-origin/S3/Guibourtia arnoldiana/3411. Guibourtia arnoldiana.5/3411. Guibourtia arnoldiana.5 (147).png,Guibourtia arnoldiana,Guibourtia,arnoldiana,3411. Guibourtia arnoldiana.5
/kaggle/input/datasets/b23dckh002lvitanh/s3-origin/S3/Guibourtia arnoldiana/3411. Guibourtia arnoldiana.5/3411. Guibourtia arnoldiana.5 (141).png,Guibourtia arnoldiana,Guibourtia,arnoldiana,3411. Guibourtia arnoldiana.5
/kaggle/input/datasets/b23dckh002lvitanh/s3-origin/S3/Guibourtia arnoldiana/3411. Guibourtia arnoldiana.3/3411. Guibourtia arnoldiana.3 (87).png,Guibourtia arnoldiana,Guibourtia,arnoldiana,3411. Guibourtia arnoldiana.3
/kaggle/input/datasets/b23dckh002lvitanh/s3-origin/S3/Guibourtia arnoldiana/3411. Guibourtia arnoldiana.10/3411. Guibourtia arnoldiana.10 (310).png,Guibourtia arnoldiana,Guibourtia,arnoldiana,3411. Guibourtia arnoldiana.10
/kaggle/input/datasets/b23dckh002lvitanh/s3-origin/S3/Guibourtia arnoldiana/3411. Guibourtia arnoldiana.6/3411. Guibourtia arnoldiana.6 (189).png,Guibourtia arnoldiana,Guibourtia,arnoldiana,3411. Guibourtia arnoldiana.6
/kaggle/input/datasets/b23dckh002lvitanh/s3-origin/S3/Guibourtia arnoldiana/3411. Guibourtia arnoldiana.6/3411. Guibourtia arnoldiana.6 (184).png,Guibourtia arnoldiana,Guibourtia,arnoldiana,3411. Guibourtia arnoldiana.6
/kaggle/input/datasets/b23dckh002lvitanh/s3-origin/S3/Guibourtia arnoldiana/3411. Guibourtia arnoldiana.4/3411. Guibourtia arnoldiana.4 (108).png,Guibourtia arnoldiana,Guibourtia,arnoldiana,3411. Guibourtia arnoldiana.4
/kaggle/input/datasets/b23dckh002lvitanh/s3-origin/S3/Guibourtia arnoldiana/3411. Guibourtia arnoldiana.9/3411. Guibourtia arnoldiana.9 (264).png,Guibourtia arnoldiana,Guibourtia,arnoldiana,3411. Guibourtia arnoldiana.9
/kaggle/input/datasets/b23dckh002lvitanh/s3-origin/S3/Guibourtia arnoldiana/3411. Guibourtia arnoldiana.9/3411. Guibourtia arnoldiana.9 (280).png,Guibourtia arnoldiana,Guibourtia,arnoldiana,3411. Guibourtia arnoldiana.9
/kaggle/input/datasets/b23dckh002lvitanh/s3-origin/S3/Guibourtia arnoldiana/3411. Guibourtia arnoldiana.5/3411. Guibourtia arnoldiana.5 (132).png,Guibourtia arnoldiana,Guibourtia,arnoldiana,3411. Guibourtia arnoldiana.5
/kaggle/input/datasets/b23dckh002lvitanh/s3-origin/S3/Guibourtia arnoldiana/3411. Guibourtia arnoldiana.5/3411. Guibourtia arnoldiana.5 (127).png,Guibourtia arnoldiana,Guibourtia,arnoldiana,3411. Guibourtia arnoldiana.5
/kaggle/input/datasets/b23dckh002lvitanh/s3-origin/S3/Guibourtia arnoldiana/3411. Guibourtia arnoldiana.8/3411. Guibourtia arnoldiana.8 (257).png,Guibourtia arnoldiana,Guibourtia,arnoldiana,3411. Guibourtia arnoldiana.8
/kaggle/input/datasets/b23dckh002lvitanh/s3-origin/S3/Guibourtia arnoldiana/3411. Guibourtia arnoldiana.8/3411. Guibourtia arnoldiana.8 (238).png,Guibourtia arnoldiana,Guibourtia,arnoldiana,3411. Guibourtia arnoldiana.8
/kaggle/input/datasets/b23dckh002lvitanh/s3-origin/S3/Guibourtia arnoldiana/3411. Guibourtia arnoldiana.1/3411. Guibourtia arnoldiana.1 (14).png,Guibourtia arnoldiana,Guibourtia,arnoldiana,3411. Guibourtia arnoldiana.1
/kaggle/input/datasets/b23dckh002lvitanh/s3-origin/S3/Guibourtia arnoldiana/3411. Guibourtia arnoldiana.8/3411. Guibourtia arnoldiana.8 (254).png,Guibourtia arnoldiana,Guibourtia,arnoldiana,3411. Guibourtia arnoldiana.8
/kaggle/input/datasets/b23dckh002lvitanh/s3-origin/S3/Guibourtia arnoldiana/3411. Guibourtia arnoldiana.3/3411. Guibourtia arnoldiana.3 (77).png,Guibourtia arnoldiana,Guibourtia,arnoldiana,3411. Guibourtia arnoldiana.3
/kaggle/input/datasets/b23dckh002lvitanh/s3-origin/S3/Guibourtia arnoldiana/3411. Guibourtia arnoldiana.9/3411. Guibourtia arnoldiana.9 (277).png,Guibourtia arnoldiana,Guibourtia,arnoldiana,3411. Guibourtia arnoldiana.9
/kaggle/input/datasets/b23dckh002lvitanh/s3-origin/S3/Guibourtia arnoldiana/3411. Guibourtia arnoldiana.8/3411. Guibourtia arnoldiana.8 (223).png,Guibourtia arnoldiana,Guibourtia,arnoldiana,3411. Guibourtia arnoldiana.8
/kaggle/input/datasets/b23dckh002lvitanh/s3-origin/S3/Guibourtia arnoldiana/3411. Guibourtia arnoldiana.6/3411. Guibourtia arnoldiana.6 (168).png,Guibourtia arnoldiana,Guibourtia,arnoldiana,3411. Guibourtia arnoldiana.6
/kaggle/input/datasets/b23dckh002lvitanh/s3-origin/S3/Guibourtia arnoldiana/3411. Guibourtia arnoldiana.6/3411. Guibourtia arnoldiana.6 (185).png,Guibourtia arnoldiana,Guibourtia,arnoldiana,3411. Guibourtia arnoldiana.6
/kaggle/input/datasets/b23dckh002lvitanh/s3-origin/S3/Guibourtia arnoldiana/3411. Guibourtia arnoldiana.1/3411. Guibourtia arnoldiana.1 (11).png,Guibourtia arnoldiana,Guibourtia,arnoldiana,3411. Guibourtia arnoldiana.1
/kaggle/input/datasets/b23dckh002lvitanh/s3-origin/S3/Guibourtia arnoldiana/3411. Guibourtia arnoldiana.8/3411. Guibourtia arnoldiana.8 (256).png,Guibourtia arnoldiana,Guibourtia,arnoldiana,3411. Guibourtia arnoldiana.8
/kaggle/input/datasets/b23dckh002lvitanh/s3-origin/S3/Guibourtia arnoldiana/3411. Guibourtia arnoldiana.5/3411. Guibourtia arnoldiana.5 (156).png,Guibourtia arnoldiana,Guibourtia,arnoldiana,3411. Guibourtia arnoldiana.5
/kaggle/input/datasets/b23dckh002lvitanh/s3-origin/S3/Guibourtia arnoldiana/3411. Guibourtia arnoldiana.9/3411. Guibourtia arnoldiana.9 (282).png,Guibourtia arnoldiana,Guibourtia,arnoldiana,3411. Guibourtia arnoldiana.9
/kaggle/input/datasets/b23dckh002lvitanh/s3-origin/S3/Guibourtia arnoldiana/3411. Guibourtia arnoldiana.4/3411. Guibourtia arnoldiana.4 (107).png,Guibourtia arnoldiana,Guibourtia,arnoldiana,3411. Guibourtia arnoldiana.4
/kaggle/input/datasets/b23dckh002lvitanh/s3-origin/S3/Guibourtia arnoldiana/3411. Guibourtia arnoldiana.5/3411. Guibourtia arnoldiana.5 (148).png,Guibourtia arnoldiana,Guibourtia,arnoldiana,3411. Guibourtia arnoldiana.5
/kaggle/input/datasets/b23dckh002lvitanh/s3-origin/S3/Guibourtia arnoldiana/3411. Guibourtia arnoldiana.7/3411. Guibourtia arnoldiana.7 (196).png,Guibourtia arnoldiana,Guibourtia,arnoldiana,3411. Guibourtia arnoldiana.7
/kaggle/input/datasets/b23dckh002lvitanh/s3-origin/S3/Guibourtia arnoldiana/3411. Guibourtia arnoldiana.9/3411. Guibourtia arnoldiana.9 (283).png,Guibourtia arnoldiana,Guibourtia,arnoldiana,3411. Guibourtia arnoldiana.9
/kaggle/input/datasets/b23dckh002lvitanh/s3-origin/S3/Guibourtia arnoldiana/3411. Guibourtia arnoldiana.3/3411. Guibourtia arnoldiana.3 (79).png,Guibourtia arnoldiana,Guibourtia,arnoldiana,3411. Guibourtia arnoldiana.3
/kaggle/input/datasets/b23dckh002lvitanh/s3-origin/S3/Guibourtia arnoldiana/3411. Guibourtia arnoldiana.8/3411. Guibourtia arnoldiana.8 (245).png,Guibourtia arnoldiana,Guibourtia,arnoldiana,3411. Guibourtia arnoldiana.8
/kaggle/input/datasets/b23dckh002lvitanh/s3-origin/S3/Guibourtia arnoldiana/3411. Guibourtia arnoldiana.7/3411. Guibourtia arnoldiana.7 (212).png,Guibourtia arnoldiana,Guibourtia,arnoldiana,3411. Guibourtia arnoldiana.7
/kaggle/input/datasets/b23dckh002lvitanh/s3-origin/S3/Guibourtia arnoldiana/3411. Guibourtia arnoldiana.9/3411. Guibourtia arnoldiana.9 (281).png,Guibourtia arnoldiana,Guibourtia,arnoldiana,3411. Guibourtia arnoldiana.9
/kaggle/input/datasets/b23dckh002lvitanh/s3-origin/S3/Guibourtia arnoldiana/3411. Guibourtia arnoldiana.9/3411. Guibourtia arnoldiana.9 (269).png,Guibourtia arnoldiana,Guibourtia,arnoldiana,3411. Guibourtia arnoldiana.9
/kaggle/input/datasets/b23dckh002lvitanh/s3-origin/S3/Guibourtia arnoldiana/3411. Guibourtia arnoldiana.3/3411. Guibourtia arnoldiana.3 (68).png,Guibourtia arnoldiana,Guibourtia,arnoldiana,3411. Guibourtia arnoldiana.3
/kaggle/input/datasets/b23dckh002lvitanh/s3-origin/S3/Guibourtia arnoldiana/3411. Guibourtia arnoldiana.8/3411. Guibourtia arnoldiana.8 (249).png,Guibourtia arnoldiana,Guibourtia,arnoldiana,3411. Guibourtia arnoldiana.8
/kaggle/input/datasets/b23dckh002lvitanh/s3-origin/S3/Guibourtia arnoldiana/3411. Guibourtia arnoldiana.6/3411. Guibourtia arnoldiana.6 (188).png,Guibourtia arnoldiana,Guibourtia,arnoldiana,3411. Guibourtia arnoldiana.6
/kaggle/input/datasets/b23dckh002lvitanh/s3-origin/S3/Guibourtia arnoldiana/3411. Guibourtia arnoldiana.7/3411. Guibourtia arnoldiana.7 (210).png,Guibourtia arnoldiana,Guibourtia,arnoldiana,3411. Guibourtia arnoldiana.7
/kaggle/input/datasets/b23dckh002lvitanh/s3-origin/S3/Guibourtia arnoldiana/3411. Guibourtia arnoldiana.9/3411. Guibourtia arnoldiana.9 (274).png,Guibourtia arnoldiana,Guibourtia,arnoldiana,3411. Guibourtia arnoldiana.9
/kaggle/input/datasets/b23dckh002lvitanh/s3-origin/S3/Guibourtia arnoldiana/3411. Guibourtia arnoldiana.8/3411. Guibourtia arnoldiana.8 (231).png,Guibourtia arnoldiana,Guibourtia,arnoldiana,3411. Guibourtia arnoldiana.8
/kaggle/input/datasets/b23dckh002lvitanh/s3-origin/S3/Guibourtia arnoldiana/3411. Guibourtia arnoldiana.3/3411. Guibourtia arnoldiana.3 (90).png,Guibourtia arnoldiana,Guibourtia,arnoldiana,3411. Guibourtia arnoldiana.3
/kaggle/input/datasets/b23dckh002lvitanh/s3-origin/S3/Guibourtia arnoldiana/3411. Guibourtia arnoldiana.5/3411. Guibourtia arnoldiana.5 (153).png,Guibourtia arnoldiana,Guibourtia,arnoldiana,3411. Guibourtia arnoldiana.5
/kaggle/input/datasets/b23dckh002lvitanh/s3-origin/S3/Guibourtia arnoldiana/3411. Guibourtia arnoldiana.9/3411. Guibourtia arnoldiana.9 (262).png,Guibourtia arnoldiana,Guibourtia,arnoldiana,3411. Guibourtia arnoldiana.9
/kaggle/input/datasets/b23dckh002lvitanh/s3-origin/S3/Guibourtia arnoldiana/3411. Guibourtia arnoldiana.8/3411. Guibourtia arnoldiana.8 (237).png,Guibourtia arnoldiana,Guibourtia,arnoldiana,3411. Guibourtia arnoldiana.8
/kaggle/input/datasets/b23dckh002lvitanh/s3-origin/S3/Guibourtia arnoldiana/3411. Guibourtia arnoldiana.10/3411. Guibourtia arnoldiana.10 (304).png,Guibourtia arnoldiana,Guibourtia,arnoldiana,3411. Guibourtia arnoldiana.10
/kaggle/input/datasets/b23dckh002lvitanh/s3-origin/S3/Guibourtia arnoldiana/3411. Guibourtia arnoldiana.8/3411. Guibourtia arnoldiana.8 (227).png,Guibourtia arnoldiana,Guibourtia,arnoldiana,3411. Guibourtia arnoldiana.8
/kaggle/input/datasets/b23dckh002lvitanh/s3-origin/S3/Guibourtia arnoldiana/3411. Guibourtia arnoldiana.3/3411. Guibourtia arnoldiana.3 (84).png,Guibourtia arnoldiana,Guibourtia,arnoldiana,3411. Guibourtia arnoldiana.3
/kaggle/input/datasets/b23dckh002lvitanh/s3-origin/S3/Guibourtia arnoldiana/3411. Guibourtia arnoldiana.6/3411. Guibourtia arnoldiana.6 (161).png,Guibourtia arnoldiana,Guibourtia,arnoldiana,3411. Guibourtia arnoldiana.6
/kaggle/input/datasets/b23dckh002lvitanh/s3-origin/S3/Guibourtia arnoldiana/3411. Guibourtia arnoldiana.10/3411. Guibourtia arnoldiana.10 (296).png,Guibourtia arnoldiana,Guibourtia,arnoldiana,3411. Guibourtia arnoldiana.10
/kaggle/input/datasets/b23dckh002lvitanh/s3-origin/S3/Guibourtia arnoldiana/3411. Guibourtia arnoldiana.7/3411. Guibourtia arnoldiana.7 (217).png,Guibourtia arnoldiana,Guibourtia,arnoldiana,3411. Guibourtia arnoldiana.7
/kaggle/input/datasets/b23dckh002lvitanh/s3-origin/S3/Guibourtia arnoldiana/3411. Guibourtia arnoldiana.3/3411. Guibourtia arnoldiana.3 (89).png,Guibourtia arnoldiana,Guibourtia,arnoldiana,3411. Guibourtia arnoldiana.3
/kaggle/input/datasets/b23dckh002lvitanh/s3-origin/S3/Guibourtia arnoldiana/3411. Guibourtia arnoldiana.8/3411. Guibourtia arnoldiana.8 (226).png,Guibourtia arnoldiana,Guibourtia,arnoldiana,3411. Guibourtia arnoldiana.8
/kaggle/input/datasets/b23dckh002lvitanh/s3-origin/S3/Guibourtia arnoldiana/3411. Guibourtia arnoldiana.7/3411. Guibourtia arnoldiana.7 (207).png,Guibourtia arnoldiana,Guibourtia,arnoldiana,3411. Guibourtia arnoldiana.7
/kaggle/input/datasets/b23dckh002lvitanh/s3-origin/S3/Guibourtia arnoldiana/3411. Guibourtia arnoldiana.4/3411. Guibourtia arnoldiana.4 (110).png,Guibourtia arnoldiana,Guibourtia,arnoldiana,3411. Guibourtia arnoldiana.4
/kaggle/input/datasets/b23dckh002lvitanh/s3-origin/S3/Guibourtia arnoldiana/3411. Guibourtia arnoldiana.8/3411. Guibourtia arnoldiana.8 (253).png,Guibourtia arnoldiana,Guibourtia,arnoldiana,3411. Guibourtia arnoldiana.8
/kaggle/input/datasets/b23dckh002lvitanh/s3-origin/S3/Guibourtia arnoldiana/3411. Guibourtia arnoldiana.7/3411. Guibourtia arnoldiana.7 (214).png,Guibourtia arnoldiana,Guibourtia,arnoldiana,3411. Guibourtia arnoldiana.7
/kaggle/input/datasets/b23dckh002lvitanh/s3-origin/S3/Guibourtia arnoldiana/3411. Guibourtia arnoldiana.4/3411. Guibourtia arnoldiana.4 (97).png,Guibourtia arnoldiana,Guibourtia,arnoldiana,3411. Guibourtia arnoldiana.4
/kaggle/input/datasets/b23dckh002lvitanh/s3-origin/S3/Guibourtia arnoldiana/3411. Guibourtia arnoldiana.1/3411. Guibourtia arnoldiana.1 (22).png,Guibourtia arnoldiana,Guibourtia,arnoldiana,3411. Guibourtia arnoldiana.1
/kaggle/input/datasets/b23dckh002lvitanh/s3-origin/S3/Guibourtia arnoldiana/3411. Guibourtia arnoldiana.3/3411. Guibourtia arnoldiana.3 (93).png,Guibourtia arnoldiana,Guibourtia,arnoldiana,3411. Guibourtia arnoldiana.3
/kaggle/input/datasets/b23dckh002lvitanh/s3-origin/S3/Guibourtia arnoldiana/3411. Guibourtia arnoldiana.5/3411. Guibourtia arnoldiana.5 (158).png,Guibourtia arnoldiana,Guibourtia,arnoldiana,3411. Guibourtia arnoldiana.5
/kaggle/input/datasets/b23dckh002lvitanh/s3-origin/S3/Guibourtia arnoldiana/3411. Guibourtia arnoldiana.10/3411. Guibourtia arnoldiana.10 (307).png,Guibourtia arnoldiana,Guibourtia,arnoldiana,3411. Guibourtia arnoldiana.10
/kaggle/input/datasets/b23dckh002lvitanh/s3-origin/S3/Guibourtia arnoldiana/3411. Guibourtia arnoldiana.6/3411. Guibourtia arnoldiana.6 (169).png,Guibourtia arnoldiana,Guibourtia,arnoldiana,3411. Guibourtia arnoldiana.6
/kaggle/input/datasets/b23dckh002lvitanh/s3-origin/S3/Guibourtia arnoldiana/3411. Guibourtia arnoldiana.6/3411. Guibourtia arnoldiana.6 (167).png,Guibourtia arnoldiana,Guibourtia,arnoldiana,3411. Guibourtia arnoldiana.6
/kaggle/input/datasets/b23dckh002lvitanh/s3-origin/S3/Guibourtia arnoldiana/3411. Guibourtia arnoldiana.6/3411. Guibourtia arnoldiana.6 (177).png,Guibourtia arnoldiana,Guibourtia,arnoldiana,3411. Guibourtia arnoldiana.6
/kaggle/input/datasets/b23dckh002lvitanh/s3-origin/S3/Guibourtia arnoldiana/3411. Guibourtia arnoldiana.10/3411. Guibourtia arnoldiana.10 (318).png,Guibourtia arnoldiana,Guibourtia,arnoldiana,3411. Guibourtia arnoldiana.10
/kaggle/input/datasets/b23dckh002lvitanh/s3-origin/S3/Guibourtia arnoldiana/3411. Guibourtia arnoldiana.1/3411. Guibourtia arnoldiana.1 (9).png,Guibourtia arnoldiana,Guibourtia,arnoldiana,3411. Guibourtia arnoldiana.1
/kaggle/input/datasets/b23dckh002lvitanh/s3-origin/S3/Guibourtia arnoldiana/3411. Guibourtia arnoldiana.5/3411. Guibourtia arnoldiana.5 (159).png,Guibourtia arnoldiana,Guibourtia,arnoldiana,3411. Guibourtia arnoldiana.5
/kaggle/input/datasets/b23dckh002lvitanh/s3-origin/S3/Guibourtia arnoldiana/3411. Guibourtia arnoldiana.1/3411. Guibourtia arnoldiana.1 (8).png,Guibourtia arnoldiana,Guibourtia,arnoldiana,3411. Guibourtia arnoldiana.1
/kaggle/input/datasets/b23dckh002lvitanh/s3-origin/S3/Guibourtia arnoldiana/3411. Guibourtia arnoldiana.8/3411. Guibourtia arnoldiana.8 (228).png,Guibourtia arnoldiana,Guibourtia,arnoldiana,3411. Guibourtia arnoldiana.8
/kaggle/input/datasets/b23dckh002lvitanh/s3-origin/S3/Guibourtia arnoldiana/3411. Guibourtia arnoldiana.10/3411. Guibourtia arnoldiana.10 (305).png,Guibourtia arnoldiana,Guibourtia,arnoldiana,3411. Guibourtia arnoldiana.10
/kaggle/input/datasets/b23dckh002lvitanh/s3-origin/S3/Guibourtia arnoldiana/3411. Guibourtia arnoldiana.5/3411. Guibourtia arnoldiana.5 (143).png,Guibourtia arnoldiana,Guibourtia,arnoldiana,3411. Guibourtia arnoldiana.5
/kaggle/input/datasets/b23dckh002lvitanh/s3-origin/S3/Guibourtia arnoldiana/3411. Guibourtia arnoldiana.1/3411. Guibourtia arnoldiana.1 (3).png,Guibourtia arnoldiana,Guibourtia,arnoldiana,3411. Guibourtia arnoldiana.1
/kaggle/input/datasets/b23dckh002lvitanh/s3-origin/S3/Guibourtia arnoldiana/3411. Guibourtia arnoldiana.8/3411. Guibourtia arnoldiana.8 (232).png,Guibourtia arnoldiana,Guibourtia,arnoldiana,3411. Guibourtia arnoldiana.8
/kaggle/input/datasets/b23dckh002lvitanh/s3-origin/S3/Guibourtia arnoldiana/3411. Guibourtia arnoldiana.2/3411. Guibourtia arnoldiana.2 (58).png,Guibourtia arnoldiana,Guibourtia,arnoldiana,3411. Guibourtia arnoldiana.2
/kaggle/input/datasets/b23dckh002lvitanh/s3-origin/S3/Guibourtia arnoldiana/3411. Guibourtia arnoldiana.8/3411. Guibourtia arnoldiana.8 (242).png,Guibourtia arnoldiana,Guibourtia,arnoldiana,3411. Guibourtia arnoldiana.8
/kaggle/input/datasets/b23dckh002lvitanh/s3-origin/S3/Guibourtia arnoldiana/3411. Guibourtia arnoldiana.7/3411. Guibourtia arnoldiana.7 (201).png,Guibourtia arnoldiana,Guibourtia,arnoldiana,3411. Guibourtia arnoldiana.7
/kaggle/input/datasets/b23dckh002lvitanh/s3-origin/S3/Guibourtia arnoldiana/3411. Guibourtia arnoldiana.10/3411. Guibourtia arnoldiana.10 (308).png,Guibourtia arnoldiana,Guibourtia,arnoldiana,3411. Guibourtia arnoldiana.10
/kaggle/input/datasets/b23dckh002lvitanh/s3-origin/S3/Guibourtia arnoldiana/3411. Guibourtia arnoldiana.1/3411. Guibourtia arnoldiana.1 (1).png,Guibourtia arnoldiana,Guibourtia,arnoldiana,3411. Guibourtia arnoldiana.1
/kaggle/input/datasets/b23dckh002lvitanh/s3-origin/S3/Guibourtia arnoldiana/3411. Guibourtia arnoldiana.5/3411. Guibourtia arnoldiana.5 (142).png,Guibourtia arnoldiana,Guibourtia,arnoldiana,3411. Guibourtia arnoldiana.5
/kaggle/input/datasets/b23dckh002lvitanh/s3-origin/S3/Guibourtia arnoldiana/3411. Guibourtia arnoldiana.10/3411. Guibourtia arnoldiana.10 (297).png,Guibourtia arnoldiana,Guibourtia,arnoldiana,3411. Guibourtia arnoldiana.10
/kaggle/input/datasets/b23dckh002lvitanh/s3-origin/S3/Guibourtia arnoldiana/3411. Guibourtia arnoldiana.10/3411. Guibourtia arnoldiana.10 (314).png,Guibourtia arnoldiana,Guibourtia,arnoldiana,3411. Guibourtia arnoldiana.10
/kaggle/input/datasets/b23dckh002lvitanh/s3-origin/S3/Guibourtia arnoldiana/3411. Guibourtia arnoldiana.8/3411. Guibourtia arnoldiana.8 (221).png,Guibourtia arnoldiana,Guibourtia,arnoldiana,3411. Guibourtia arnoldiana.8
/kaggle/input/datasets/b23dckh002lvitanh/s3-origin/S3/Guibourtia arnoldiana/3411. Guibourtia arnoldiana.1/3411. Guibourtia arnoldiana.1 (32).png,Guibourtia arnoldiana,Guibourtia,arnoldiana,3411. Guibourtia arnoldiana.1
/kaggle/input/datasets/b23dckh002lvitanh/s3-origin/S3/Guibourtia arnoldiana/3411. Guibourtia arnoldiana.9/3411. Guibourtia arnoldiana.9 (276).png,Guibourtia arnoldiana,Guibourtia,arnoldiana,3411. Guibourtia arnoldiana.9
/kaggle/input/datasets/b23dckh002lvitanh/s3-origin/S3/Guibourtia arnoldiana/3411. Guibourtia arnoldiana.10/3411. Guibourtia arnoldiana.10 (306).png,Guibourtia arnoldiana,Guibourtia,arnoldiana,3411. Guibourtia arnoldiana.10
/kaggle/input/datasets/b23dckh002lvitanh/s3-origin/S3/Guibourtia arnoldiana/3411. Guibourtia arnoldiana.10/3411. Guibourtia arnoldiana.10 (317).png,Guibourtia arnoldiana,Guibourtia,arnoldiana,3411. Guibourtia arnoldiana.10
/kaggle/input/datasets/b23dckh002lvitanh/s3-origin/S3/Guibourtia arnoldiana/3411. Guibourtia arnoldiana.6/3411. Guibourtia arnoldiana.6 (182).png,Guibourtia arnoldiana,Guibourtia,arnoldiana,3411. Guibourtia arnoldiana.6
/kaggle/input/datasets/b23dckh002lvitanh/s3-origin/S3/Guibourtia arnoldiana/3411. Guibourtia arnoldiana.5/3411. Guibourtia arnoldiana.5 (160).png,Guibourtia arnoldiana,Guibourtia,arnoldiana,3411. Guibourtia arnoldiana.5
/kaggle/input/datasets/b23dckh002lvitanh/s3-origin/S3/Guibourtia arnoldiana/3411. Guibourtia arnoldiana.2/3411. Guibourtia arnoldiana.2 (56).png,Guibourtia arnoldiana,Guibourtia,arnoldiana,3411. Guibourtia arnoldiana.2
/kaggle/input/datasets/b23dckh002lvitanh/s3-origin/S3/Guibourtia arnoldiana/3411. Guibourtia arnoldiana.4/3411. Guibourtia arnoldiana.4 (114).png,Guibourtia arnoldiana,Guibourtia,arnoldiana,3411. Guibourtia arnoldiana.4
/kaggle/input/datasets/b23dckh002lvitanh/s3-origin/S3/Guibourtia arnoldiana/3411. Guibourtia arnoldiana.1/3411. Guibourtia arnoldiana.1 (16).png,Guibourtia arnoldiana,Guibourtia,arnoldiana,3411. Guibourtia arnoldiana.1
/kaggle/input/datasets/b23dckh002lvitanh/s3-origin/S3/Guibourtia arnoldiana/3411. Guibourtia arnoldiana.3/3411. Guibourtia arnoldiana.3 (85).png,Guibourtia arnoldiana,Guibourtia,arnoldiana,3411. Guibourtia arnoldiana.3
/kaggle/input/datasets/b23dckh002lvitanh/s3-origin/S3/Guibourtia arnoldiana/3411. Guibourtia arnoldiana.1/3411. Guibourtia arnoldiana.1 (18).png,Guibourtia arnoldiana,Guibourtia,arnoldiana,3411. Guibourtia arnoldiana.1
/kaggle/input/datasets/b23dckh002lvitanh/s3-origin/S3/Guibourtia arnoldiana/3411. Guibourtia arnoldiana.8/3411. Guibourtia arnoldiana.8 (233).png,Guibourtia arnoldiana,Guibourtia,arnoldiana,3411. Guibourtia arnoldiana.8
/kaggle/input/datasets/b23dckh002lvitanh/s3-origin/S3/Guibourtia arnoldiana/3411. Guibourtia arnoldiana.7/3411. Guibourtia arnoldiana.7 (193).png,Guibourtia arnoldiana,Guibourtia,arnoldiana,3411. Guibourtia arnoldiana.7
/kaggle/input/datasets/b23dckh002lvitanh/s3-origin/S3/Guibourtia arnoldiana/3411. Guibourtia arnoldiana.8/3411. Guibourtia arnoldiana.8 (243).png,Guibourtia arnoldiana,Guibourtia,arnoldiana,3411. Guibourtia arnoldiana.8
/kaggle/input/datasets/b23dckh002lvitanh/s3-origin/S3/Guibourtia arnoldiana/3411. Guibourtia arnoldiana.5/3411. Guibourtia arnoldiana.5 (134).png,Guibourtia arnoldiana,Guibourtia,arnoldiana,3411. Guibourtia arnoldiana.5
/kaggle/input/datasets/b23dckh002lvitanh/s3-origin/S3/Guibourtia arnoldiana/3411. Guibourtia arnoldiana.3/3411. Guibourtia arnoldiana.3 (82).png,Guibourtia arnoldiana,Guibourtia,arnoldiana,3411. Guibourtia arnoldiana.3
/kaggle/input/datasets/b23dckh002lvitanh/s3-origin/S3/Guibourtia arnoldiana/3411. Guibourtia arnoldiana.9/3411. Guibourtia arnoldiana.9 (288).png,Guibourtia arnoldiana,Guibourtia,arnoldiana,3411. Guibourtia arnoldiana.9
/kaggle/input/datasets/b23dckh002lvitanh/s3-origin/S3/Guibourtia arnoldiana/3411. Guibourtia arnoldiana.9/3411. Guibourtia arnoldiana.9 (263).png,Guibourtia arnoldiana,Guibourtia,arnoldiana,3411. Guibourtia arnoldiana.9
/kaggle/input/datasets/b23dckh002lvitanh/s3-origin/S3/Guibourtia arnoldiana/3411. Guibourtia arnoldiana.9/3411. Guibourtia arnoldiana.9 (266).png,Guibourtia arnoldiana,Guibourtia,arnoldiana,3411. Guibourtia arnoldiana.9
/kaggle/input/datasets/b23dckh002lvitanh/s3-origin/S3/Guibourtia arnoldiana/3411. Guibourtia arnoldiana.9/3411. Guibourtia arnoldiana.9 (268).png,Guibourtia arnoldiana,Guibourtia,arnoldiana,3411. Guibourtia arnoldiana.9
/kaggle/input/datasets/b23dckh002lvitanh/s3-origin/S3/Guibourtia arnoldiana/3411. Guibourtia arnoldiana.4/3411. Guibourtia arnoldiana.4 (122).png,Guibourtia arnoldiana,Guibourtia,arnoldiana,3411. Guibourtia arnoldiana.4
/kaggle/input/datasets/b23dckh002lvitanh/s3-origin/S3/Guibourtia arnoldiana/3411. Guibourtia arnoldiana.1/3411. Guibourtia arnoldiana.1 (2).png,Guibourtia arnoldiana,Guibourtia,arnoldiana,3411. Guibourtia arnoldiana.1
/kaggle/input/datasets/b23dckh002lvitanh/s3-origin/S3/Guibourtia arnoldiana/3411. Guibourtia arnoldiana.6/3411. Guibourtia arnoldiana.6 (165).png,Guibourtia arnoldiana,Guibourtia,arnoldiana,3411. Guibourtia arnoldiana.6
/kaggle/input/datasets/b23dckh002lvitanh/s3-origin/S3/Guibourtia arnoldiana/3411. Guibourtia arnoldiana.6/3411. Guibourtia arnoldiana.6 (162).png,Guibourtia arnoldiana,Guibourtia,arnoldiana,3411. Guibourtia arnoldiana.6
/kaggle/input/datasets/b23dckh002lvitanh/s3-origin/S3/Guibourtia arnoldiana/3411. Guibourtia arnoldiana.9/3411. Guibourtia arnoldiana.9 (265).png,Guibourtia arnoldiana,Guibourtia,arnoldiana,3411. Guibourtia arnoldiana.9
/kaggle/input/datasets/b23dckh002lvitanh/s3-origin/S3/Guibourtia arnoldiana/3411. Guibourtia arnoldiana.3/3411. Guibourtia arnoldiana.3 (91).png,Guibourtia arnoldiana,Guibourtia,arnoldiana,3411. Guibourtia arnoldiana.3
/kaggle/input/datasets/b23dckh002lvitanh/s3-origin/S3/Guibourtia arnoldiana/3411. Guibourtia arnoldiana.8/3411. Guibourtia arnoldiana.8 (235).png,Guibourtia arnoldiana,Guibourtia,arnoldiana,3411. Guibourtia arnoldiana.8
/kaggle/input/datasets/b23dckh002lvitanh/s3-origin/S3/Guibourtia arnoldiana/3411. Guibourtia arnoldiana.10/3411. Guibourtia arnoldiana.10 (301).png,Guibourtia arnoldiana,Guibourtia,arnoldiana,3411. Guibourtia arnoldiana.10
/kaggle/input/datasets/b23dckh002lvitanh/s3-origin/S3/Guibourtia arnoldiana/3411. Guibourtia arnoldiana.6/3411. Guibourtia arnoldiana.6 (192).png,Guibourtia arnoldiana,Guibourtia,arnoldiana,3411. Guibourtia arnoldiana.6
/kaggle/input/datasets/b23dckh002lvitanh/s3-origin/S3/Guibourtia arnoldiana/3411. Guibourtia arnoldiana.4/3411. Guibourtia arnoldiana.4 (113).png,Guibourtia arnoldiana,Guibourtia,arnoldiana,3411. Guibourtia arnoldiana.4
/kaggle/input/datasets/b23dckh002lvitanh/s3-origin/S3/Guibourtia arnoldiana/3411. Guibourtia arnoldiana.6/3411. Guibourtia arnoldiana.6 (190).png,Guibourtia arnoldiana,Guibourtia,arnoldiana,3411. Guibourtia arnoldiana.6
/kaggle/input/datasets/b23dckh002lvitanh/s3-origin/S3/Guibourtia arnoldiana/3411. Guibourtia arnoldiana.1/3411. Guibourtia arnoldiana.1 (4).png,Guibourtia arnoldiana,Guibourtia,arnoldiana,3411. Guibourtia arnoldiana.1
/kaggle/input/datasets/b23dckh002lvitanh/s3-origin/S3/Guibourtia arnoldiana/3411. Guibourtia arnoldiana.8/3411. Guibourtia arnoldiana.8 (241).png,Guibourtia arnoldiana,Guibourtia,arnoldiana,3411. Guibourtia arnoldiana.8
/kaggle/input/datasets/b23dckh002lvitanh/s3-origin/S3/Guibourtia arnoldiana/3411. Guibourtia arnoldiana.7/3411. Guibourtia arnoldiana.7 (204).png,Guibourtia arnoldiana,Guibourtia,arnoldiana,3411. Guibourtia arnoldiana.7
/kaggle/input/datasets/b23dckh002lvitanh/s3-origin/S3/Guibourtia arnoldiana/3411. Guibourtia arnoldiana.5/3411. Guibourtia arnoldiana.5 (137).png,Guibourtia arnoldiana,Guibourtia,arnoldiana,3411. Guibourtia arnoldiana.5
/kaggle/input/datasets/b23dckh002lvitanh/s3-origin/S3/Guibourtia arnoldiana/3411. Guibourtia arnoldiana.4/3411. Guibourtia arnoldiana.4 (98).png,Guibourtia arnoldiana,Guibourtia,arnoldiana,3411. Guibourtia arnoldiana.4
/kaggle/input/datasets/b23dckh002lvitanh/s3-origin/S3/Guibourtia arnoldiana/3411. Guibourtia arnoldiana.10/3411. Guibourtia arnoldiana.10 (300).png,Guibourtia arnoldiana,Guibourtia,arnoldiana,3411. Guibourtia arnoldiana.10
/kaggle/input/datasets/b23dckh002lvitanh/s3-origin/S3/Guibourtia arnoldiana/3411. Guibourtia arnoldiana.5/3411. Guibourtia arnoldiana.5 (155).png,Guibourtia arnoldiana,Guibourtia,arnoldiana,3411. Guibourtia arnoldiana.5
/kaggle/input/datasets/b23dckh002lvitanh/s3-origin/S3/Guibourtia arnoldiana/3411. Guibourtia arnoldiana.9/3411. Guibourtia arnoldiana.9 (290).png,Guibourtia arnoldiana,Guibourtia,arnoldiana,3411. Guibourtia arnoldiana.9
/kaggle/input/datasets/b23dckh002lvitanh/s3-origin/S3/Guibourtia arnoldiana/3411. Guibourtia arnoldiana.7/3411. Guibourtia arnoldiana.7 (213).png,Guibourtia arnoldiana,Guibourtia,arnoldiana,3411. Guibourtia arnoldiana.7
/kaggle/input/datasets/b23dckh002lvitanh/s3-origin/S3/Guibourtia arnoldiana/3411. Guibourtia arnoldiana.7/3411. Guibourtia arnoldiana.7 (211).png,Guibourtia arnoldiana,Guibourtia,arnoldiana,3411. Guibourtia arnoldiana.7
/kaggle/input/datasets/b23dckh002lvitanh/s3-origin/S3/Guibourtia arnoldiana/3411. Guibourtia arnoldiana.2/3411. Guibourtia arnoldiana.2 (61).png,Guibourtia arnoldiana,Guibourtia,arnoldiana,3411. Guibourtia arnoldiana.2
/kaggle/input/datasets/b23dckh002lvitanh/s3-origin/S3/Guibourtia arnoldiana/3411. Guibourtia arnoldiana.5/3411. Guibourtia arnoldiana.5 (130).png,Guibourtia arnoldiana,Guibourtia,arnoldiana,3411. Guibourtia arnoldiana.5
/kaggle/input/datasets/b23dckh002lvitanh/s3-origin/S3/Guibourtia arnoldiana/3411. Guibourtia arnoldiana.8/3411. Guibourtia arnoldiana.8 (236).png,Guibourtia arnoldiana,Guibourtia,arnoldiana,3411. Guibourtia arnoldiana.8
/kaggle/input/datasets/b23dckh002lvitanh/s3-origin/S3/Guibourtia arnoldiana/3411. Guibourtia arnoldiana.10/3411. Guibourtia arnoldiana.10 (302).png,Guibourtia arnoldiana,Guibourtia,arnoldiana,3411. Guibourtia arnoldiana.10
/kaggle/input/datasets/b23dckh002lvitanh/s3-origin/S3/Guibourtia arnoldiana/3411. Guibourtia arnoldiana.10/3411. Guibourtia arnoldiana.10 (323).png,Guibourtia arnoldiana,Guibourtia,arnoldiana,3411. Guibourtia arnoldiana.10
/kaggle/input/datasets/b23dckh002lvitanh/s3-origin/S3/Guibourtia arnoldiana/3411. Guibourtia arnoldiana.8/3411. Guibourtia arnoldiana.8 (239).png,Guibourtia arnoldiana,Guibourtia,arnoldiana,3411. Guibourtia arnoldiana.8
/kaggle/input/datasets/b23dckh002lvitanh/s3-origin/S3/Guibourtia arnoldiana/3411. Guibourtia arnoldiana.9/3411. Guibourtia arnoldiana.9 (278).png,Guibourtia arnoldiana,Guibourtia,arnoldiana,3411. Guibourtia arnoldiana.9
/kaggle/input/datasets/b23dckh002lvitanh/s3-origin/S3/Guibourtia arnoldiana/3411. Guibourtia arnoldiana.4/3411. Guibourtia arnoldiana.4 (109).png,Guibourtia arnoldiana,Guibourtia,arnoldiana,3411. Guibourtia arnoldiana.4
/kaggle/input/datasets/b23dckh002lvitanh/s3-origin/S3/Guibourtia arnoldiana/3411. Guibourtia arnoldiana.3/3411. Guibourtia arnoldiana.3 (74).png,Guibourtia arnoldiana,Guibourtia,arnoldiana,3411. Guibourtia arnoldiana.3
/kaggle/input/datasets/b23dckh002lvitanh/s3-origin/S3/Guibourtia arnoldiana/3411. Guibourtia arnoldiana.3/3411. Guibourtia arnoldiana.3 (76).png,Guibourtia arnoldiana,Guibourtia,arnoldiana,3411. Guibourtia arnoldiana.3
/kaggle/input/datasets/b23dckh002lvitanh/s3-origin/S3/Guibourtia arnoldiana/3411. Guibourtia arnoldiana.9/3411. Guibourtia arnoldiana.9 (286).png,Guibourtia arnoldiana,Guibourtia,arnoldiana,3411. Guibourtia arnoldiana.9
/kaggle/input/datasets/b23dckh002lvitanh/s3-origin/S3/Guibourtia arnoldiana/3411. Guibourtia arnoldiana.7/3411. Guibourtia arnoldiana.7 (205).png,Guibourtia arnoldiana,Guibourtia,arnoldiana,3411. Guibourtia arnoldiana.7
/kaggle/input/datasets/b23dckh002lvitanh/s3-origin/S3/Guibourtia arnoldiana/3411. Guibourtia arnoldiana.5/3411. Guibourtia arnoldiana.5 (152).png,Guibourtia arnoldiana,Guibourtia,arnoldiana,3411. Guibourtia arnoldiana.5
/kaggle/input/datasets/b23dckh002lvitanh/s3-origin/S3/Guibourtia arnoldiana/3411. Guibourtia arnoldiana.9/3411. Guibourtia arnoldiana.9 (279).png,Guibourtia arnoldiana,Guibourtia,arnoldiana,3411. Guibourtia arnoldiana.9
/kaggle/input/datasets/b23dckh002lvitanh/s3-origin/S3/Guibourtia arnoldiana/3411. Guibourtia arnoldiana.3/3411. Guibourtia arnoldiana.3 (80).png,Guibourtia arnoldiana,Guibourtia,arnoldiana,3411. Guibourtia arnoldiana.3
/kaggle/input/datasets/b23dckh002lvitanh/s3-origin/S3/Guibourtia arnoldiana/3411. Guibourtia arnoldiana.2/3411. Guibourtia arnoldiana.2 (66).png,Guibourtia arnoldiana,Guibourtia,arnoldiana,3411. Guibourtia arnoldiana.2
/kaggle/input/datasets/b23dckh002lvitanh/s3-origin/S3/Guibourtia arnoldiana/3411. Guibourtia arnoldiana.6/3411. Guibourtia arnoldiana.6 (164).png,Guibourtia arnoldiana,Guibourtia,arnoldiana,3411. Guibourtia arnoldiana.6
/kaggle/input/datasets/b23dckh002lvitanh/s3-origin/S3/Guibourtia arnoldiana/3411. Guibourtia arnoldiana.9/3411. Guibourtia arnoldiana.9 (267).png,Guibourtia arnoldiana,Guibourtia,arnoldiana,3411. Guibourtia arnoldiana.9
/kaggle/input/datasets/b23dckh002lvitanh/s3-origin/S3/Guibourtia arnoldiana/3411. Guibourtia arnoldiana.3/3411. Guibourtia arnoldiana.3 (94).png,Guibourtia arnoldiana,Guibourtia,arnoldiana,3411. Guibourtia arnoldiana.3
/kaggle/input/datasets/b23dckh002lvitanh/s3-origin/S3/Guibourtia arnoldiana/3411. Guibourtia arnoldiana.10/3411. Guibourtia arnoldiana.10 (295).png,Guibourtia arnoldiana,Guibourtia,arnoldiana,3411. Guibourtia arnoldiana.10
/kaggle/input/datasets/b23dckh002lvitanh/s3-origin/S3/Guibourtia arnoldiana/3411. Guibourtia arnoldiana.1/3411. Guibourtia arnoldiana.1 (15).png,Guibourtia arnoldiana,Guibourtia,arnoldiana,3411. Guibourtia arnoldiana.1
/kaggle/input/datasets/b23dckh002lvitanh/s3-origin/S3/Guibourtia arnoldiana/3411. Guibourtia arnoldiana.4/3411. Guibourtia arnoldiana.4 (103).png,Guibourtia arnoldiana,Guibourtia,arnoldiana,3411. Guibourtia arnoldiana.4
/kaggle/input/datasets/b23dckh002lvitanh/s3-origin/S3/Guibourtia arnoldiana/3411. Guibourtia arnoldiana.1/3411. Guibourtia arnoldiana.1 (26).png,Guibourtia arnoldiana,Guibourtia,arnoldiana,3411. Guibourtia arnoldiana.1
/kaggle/input/datasets/b23dckh002lvitanh/s3-origin/S3/Guibourtia arnoldiana/3411. Guibourtia arnoldiana.6/3411. Guibourtia arnoldiana.6 (174).png,Guibourtia arnoldiana,Guibourtia,arnoldiana,3411. Guibourtia arnoldiana.6
/kaggle/input/datasets/b23dckh002lvitanh/s3-origin/S3/Guibourtia arnoldiana/3411. Guibourtia arnoldiana.7/3411. Guibourtia arnoldiana.7 (197).png,Guibourtia arnoldiana,Guibourtia,arnoldiana,3411. Guibourtia arnoldiana.7
/kaggle/input/datasets/b23dckh002lvitanh/s3-origin/S3/Guibourtia arnoldiana/3411. Guibourtia arnoldiana.10/3411. Guibourtia arnoldiana.10 (315).png,Guibourtia arnoldiana,Guibourtia,arnoldiana,3411. Guibourtia arnoldiana.10
/kaggle/input/datasets/b23dckh002lvitanh/s3-origin/S3/Guibourtia arnoldiana/3411. Guibourtia arnoldiana.8/3411. Guibourtia arnoldiana.8 (244).png,Guibourtia arnoldiana,Guibourtia,arnoldiana,3411. Guibourtia arnoldiana.8
/kaggle/input/datasets/b23dckh002lvitanh/s3-origin/S3/Guibourtia arnoldiana/3411. Guibourtia arnoldiana.5/3411. Guibourtia arnoldiana.5 (126).png,Guibourtia arnoldiana,Guibourtia,arnoldiana,3411. Guibourtia arnoldiana.5
/kaggle/input/datasets/b23dckh002lvitanh/s3-origin/S3/Guibourtia arnoldiana/3411. Guibourtia arnoldiana.8/3411. Guibourtia arnoldiana.8 (248).png,Guibourtia arnoldiana,Guibourtia,arnoldiana,3411. Guibourtia arnoldiana.8
/kaggle/input/datasets/b23dckh002lvitanh/s3-origin/S3/Guibourtia arnoldiana/3411. Guibourtia arnoldiana.4/3411. Guibourtia arnoldiana.4 (118).png,Guibourtia arnoldiana,Guibourtia,arnoldiana,3411. Guibourtia arnoldiana.4
/kaggle/input/datasets/b23dckh002lvitanh/s3-origin/S3/Guibourtia arnoldiana/3411. Guibourtia arnoldiana.3/3411. Guibourtia arnoldiana.3 (95).png,Guibourtia arnoldiana,Guibourtia,arnoldiana,3411. Guibourtia arnoldiana.3
/kaggle/input/datasets/b23dckh002lvitanh/s3-origin/S3/Guibourtia arnoldiana/3411. Guibourtia arnoldiana.3/3411. Guibourtia arnoldiana.3 (92).png,Guibourtia arnoldiana,Guibourtia,arnoldiana,3411. Guibourtia arnoldiana.3
/kaggle/input/datasets/b23dckh002lvitanh/s3-origin/S3/Guibourtia arnoldiana/3411. Guibourtia arnoldiana.4/3411. Guibourtia arnoldiana.4 (117).png,Guibourtia arnoldiana,Guibourtia,arnoldiana,3411. Guibourtia arnoldiana.4
/kaggle/input/datasets/b23dckh002lvitanh/s3-origin/S3/Guibourtia arnoldiana/3411. Guibourtia arnoldiana.6/3411. Guibourtia arnoldiana.6 (171).png,Guibourtia arnoldiana,Guibourtia,arnoldiana,3411. Guibourtia arnoldiana.6
/kaggle/input/datasets/b23dckh002lvitanh/s3-origin/S3/Guibourtia arnoldiana/3411. Guibourtia arnoldiana.3/3411. Guibourtia arnoldiana.3 (67).png,Guibourtia arnoldiana,Guibourtia,arnoldiana,3411. Guibourtia arnoldiana.3
/kaggle/input/datasets/b23dckh002lvitanh/s3-origin/S3/Guibourtia arnoldiana/3411. Guibourtia arnoldiana.9/3411. Guibourtia arnoldiana.9 (271).png,Guibourtia arnoldiana,Guibourtia,arnoldiana,3411. Guibourtia arnoldiana.9
/kaggle/input/datasets/b23dckh002lvitanh/s3-origin/S3/Guibourtia arnoldiana/3411. Guibourtia arnoldiana.10/3411. Guibourtia arnoldiana.10 (319).png,Guibourtia arnoldiana,Guibourtia,arnoldiana,3411. Guibourtia arnoldiana.10
/kaggle/input/datasets/b23dckh002lvitanh/s3-origin/S3/Guibourtia arnoldiana/3411. Guibourtia arnoldiana.10/3411. Guibourtia arnoldiana.10 (292).png,Guibourtia arnoldiana,Guibourtia,arnoldiana,3411. Guibourtia arnoldiana.10
/kaggle/input/datasets/b23dckh002lvitanh/s3-origin/S3/Guibourtia arnoldiana/3411. Guibourtia arnoldiana.8/3411. Guibourtia arnoldiana.8 (240).png,Guibourtia arnoldiana,Guibourtia,arnoldiana,3411. Guibourtia arnoldiana.8
/kaggle/input/datasets/b23dckh002lvitanh/s3-origin/S3/Guibourtia arnoldiana/3411. Guibourtia arnoldiana.4/3411. Guibourtia arnoldiana.4 (115).png,Guibourtia arnoldiana,Guibourtia,arnoldiana,3411. Guibourtia arnoldiana.4
/kaggle/input/datasets/b23dckh002lvitanh/s3-origin/S3/Guibourtia arnoldiana/3411. Guibourtia arnoldiana.5/3411. Guibourtia arnoldiana.5 (136).png,Guibourtia arnoldiana,Guibourtia,arnoldiana,3411. Guibourtia arnoldiana.5
/kaggle/input/datasets/b23dckh002lvitanh/s3-origin/S3/Guibourtia arnoldiana/3411. Guibourtia arnoldiana.4/3411. Guibourtia arnoldiana.4 (102).png,Guibourtia arnoldiana,Guibourtia,arnoldiana,3411. Guibourtia arnoldiana.4
/kaggle/input/datasets/b23dckh002lvitanh/s3-origin/S3/Guibourtia arnoldiana/3411. Guibourtia arnoldiana.8/3411. Guibourtia arnoldiana.8 (224).png,Guibourtia arnoldiana,Guibourtia,arnoldiana,3411. Guibourtia arnoldiana.8
/kaggle/input/datasets/b23dckh002lvitanh/s3-origin/S3/Guibourtia arnoldiana/3411. Guibourtia arnoldiana.5/3411. Guibourtia arnoldiana.5 (150).png,Guibourtia arnoldiana,Guibourtia,arnoldiana,3411. Guibourtia arnoldiana.5
/kaggle/input/datasets/b23dckh002lvitanh/s3-origin/S3/Guibourtia arnoldiana/3411. Guibourtia arnoldiana.3/3411. Guibourtia arnoldiana.3 (86).png,Guibourtia arnoldiana,Guibourtia,arnoldiana,3411. Guibourtia arnoldiana.3
/kaggle/input/datasets/b23dckh002lvitanh/s3-origin/S3/Guibourtia arnoldiana/3411. Guibourtia arnoldiana.4/3411. Guibourtia arnoldiana.4 (99).png,Guibourtia arnoldiana,Guibourtia,arnoldiana,3411. Guibourtia arnoldiana.4
/kaggle/input/datasets/b23dckh002lvitanh/s3-origin/S3/Guibourtia arnoldiana/3411. Guibourtia arnoldiana.1/3411. Guibourtia arnoldiana.1 (13).png,Guibourtia arnoldiana,Guibourtia,arnoldiana,3411. Guibourtia arnoldiana.1
/kaggle/input/datasets/b23dckh002lvitanh/s3-origin/S3/Guibourtia arnoldiana/3411. Guibourtia arnoldiana.10/3411. Guibourtia arnoldiana.10 (312).png,Guibourtia arnoldiana,Guibourtia,arnoldiana,3411. Guibourtia arnoldiana.10
/kaggle/input/datasets/b23dckh002lvitanh/s3-origin/S3/Guibourtia arnoldiana/3411. Guibourtia arnoldiana.2/3411. Guibourtia arnoldiana.2 (59).png,Guibourtia arnoldiana,Guibourtia,arnoldiana,3411. Guibourtia arnoldiana.2
/kaggle/input/datasets/b23dckh002lvitanh/s3-origin/S3/Guibourtia arnoldiana/3411. Guibourtia arnoldiana.6/3411. Guibourtia arnoldiana.6 (178).png,Guibourtia arnoldiana,Guibourtia,arnoldiana,3411. Guibourtia arnoldiana.6
/kaggle/input/datasets/b23dckh002lvitanh/s3-origin/S3/Guibourtia arnoldiana/3411. Guibourtia arnoldiana.4/3411. Guibourtia arnoldiana.4 (120).png,Guibourtia arnoldiana,Guibourtia,arnoldiana,3411. Guibourtia arnoldiana.4
/kaggle/input/datasets/b23dckh002lvitanh/s3-origin/S3/Guibourtia arnoldiana/3411. Guibourtia arnoldiana.1/3411. Guibourtia arnoldiana.1 (10).png,Guibourtia arnoldiana,Guibourtia,arnoldiana,3411. Guibourtia arnoldiana.1
/kaggle/input/datasets/b23dckh002lvitanh/s3-origin/S3/Guibourtia arnoldiana/3411. Guibourtia arnoldiana.7/3411. Guibourtia arnoldiana.7 (199).png,Guibourtia arnoldiana,Guibourtia,arnoldiana,3411. Guibourtia arnoldiana.7
/kaggle/input/datasets/b23dckh002lvitanh/s3-origin/S3/Guibourtia arnoldiana/3411. Guibourtia arnoldiana.5/3411. Guibourtia arnoldiana.5 (157).png,Guibourtia arnoldiana,Guibourtia,arnoldiana,3411. Guibourtia arnoldiana.5
/kaggle/input/datasets/b23dckh002lvitanh/s3-origin/S3/Guibourtia arnoldiana/3411. Guibourtia arnoldiana.7/3411. Guibourtia arnoldiana.7 (215).png,Guibourtia arnoldiana,Guibourtia,arnoldiana,3411. Guibourtia arnoldiana.7
/kaggle/input/datasets/b23dckh002lvitanh/s3-origin/S3/Guibourtia arnoldiana/3411. Guibourtia arnoldiana.4/3411. Guibourtia arnoldiana.4 (111).png,Guibourtia arnoldiana,Guibourtia,arnoldiana,3411. Guibourtia arnoldiana.4
/kaggle/input/datasets/b23dckh002lvitanh/s3-origin/S3/Guibourtia arnoldiana/3411. Guibourtia arnoldiana.3/3411. Guibourtia arnoldiana.3 (73).png,Guibourtia arnoldiana,Guibourtia,arnoldiana,3411. Guibourtia arnoldiana.3
/kaggle/input/datasets/b23dckh002lvitanh/s3-origin/S3/Guibourtia arnoldiana/3411. Guibourtia arnoldiana.8/3411. Guibourtia arnoldiana.8 (250).png,Guibourtia arnoldiana,Guibourtia,arnoldiana,3411. Guibourtia arnoldiana.8
/kaggle/input/datasets/b23dckh002lvitanh/s3-origin/S3/Guibourtia arnoldiana/3411. Guibourtia arnoldiana.9/3411. Guibourtia arnoldiana.9 (260).png,Guibourtia arnoldiana,Guibourtia,arnoldiana,3411. Guibourtia arnoldiana.9
/kaggle/input/datasets/b23dckh002lvitanh/s3-origin/S3/Guibourtia arnoldiana/3411. Guibourtia arnoldiana.5/3411. Guibourtia arnoldiana.5 (128).png,Guibourtia arnoldiana,Guibourtia,arnoldiana,3411. Guibourtia arnoldiana.5
/kaggle/input/datasets/b23dckh002lvitanh/s3-origin/S3/Guibourtia arnoldiana/3411. Guibourtia arnoldiana.9/3411. Guibourtia arnoldiana.9 (270).png,Guibourtia arnoldiana,Guibourtia,arnoldiana,3411. Guibourtia arnoldiana.9
/kaggle/input/datasets/b23dckh002lvitanh/s3-origin/S3/Guibourtia arnoldiana/3411. Guibourtia arnoldiana.3/3411. Guibourtia arnoldiana.3 (69).png,Guibourtia arnoldiana,Guibourtia,arnoldiana,3411. Guibourtia arnoldiana.3
/kaggle/input/datasets/b23dckh002lvitanh/s3-origin/S3/Guibourtia arnoldiana/3411. Guibourtia arnoldiana.10/3411. Guibourtia arnoldiana.10 (313).png,Guibourtia arnoldiana,Guibourtia,arnoldiana,3411. Guibourtia arnoldiana.10
/kaggle/input/datasets/b23dckh002lvitanh/s3-origin/S3/Guibourtia arnoldiana/3411. Guibourtia arnoldiana.5/3411. Guibourtia arnoldiana.5 (144).png,Guibourtia arnoldiana,Guibourtia,arnoldiana,3411. Guibourtia arnoldiana.5
/kaggle/input/datasets/b23dckh002lvitanh/s3-origin/S3/Guibourtia arnoldiana/3411. Guibourtia arnoldiana.6/3411. Guibourtia arnoldiana.6 (183).png,Guibourtia arnoldiana,Guibourtia,arnoldiana,3411. Guibourtia arnoldiana.6
/kaggle/input/datasets/b23dckh002lvitanh/s3-origin/S3/Guibourtia arnoldiana/3411. Guibourtia arnoldiana.8/3411. Guibourtia arnoldiana.8 (225).png,Guibourtia arnoldiana,Guibourtia,arnoldiana,3411. Guibourtia arnoldiana.8
/kaggle/input/datasets/b23dckh002lvitanh/s3-origin/S3/Guibourtia arnoldiana/3411. Guibourtia arnoldiana.8/3411. Guibourtia arnoldiana.8 (230).png,Guibourtia arnoldiana,Guibourtia,arnoldiana,3411. Guibourtia arnoldiana.8
/kaggle/input/datasets/b23dckh002lvitanh/s3-origin/S3/Guibourtia arnoldiana/3411. Guibourtia arnoldiana.7/3411. Guibourtia arnoldiana.7 (206).png,Guibourtia arnoldiana,Guibourtia,arnoldiana,3411. Guibourtia arnoldiana.7
/kaggle/input/datasets/b23dckh002lvitanh/s3-origin/S3/Guibourtia arnoldiana/3411. Guibourtia arnoldiana.7/3411. Guibourtia arnoldiana.7 (219).png,Guibourtia arnoldiana,Guibourtia,arnoldiana,3411. Guibourtia arnoldiana.7
/kaggle/input/datasets/b23dckh002lvitanh/s3-origin/S3/Guibourtia arnoldiana/3411. Guibourtia arnoldiana.8/3411. Guibourtia arnoldiana.8 (234).png,Guibourtia arnoldiana,Guibourtia,arnoldiana,3411. Guibourtia arnoldiana.8
/kaggle/input/datasets/b23dckh002lvitanh/s3-origin/S3/Guibourtia arnoldiana/3411. Guibourtia arnoldiana.9/3411. Guibourtia arnoldiana.9 (287).png,Guibourtia arnoldiana,Guibourtia,arnoldiana,3411. Guibourtia arnoldiana.9
/kaggle/input/datasets/b23dckh002lvitanh/s3-origin/S3/Guibourtia arnoldiana/3411. Guibourtia arnoldiana.9/3411. Guibourtia arnoldiana.9 (284).png,Guibourtia arnoldiana,Guibourtia,arnoldiana,3411. Guibourtia arnoldiana.9
/kaggle/input/datasets/b23dckh002lvitanh/s3-origin/S3/Guibourtia arnoldiana/3411. Guibourtia arnoldiana.4/3411. Guibourtia arnoldiana.4 (121).png,Guibourtia arnoldiana,Guibourtia,arnoldiana,3411. Guibourtia arnoldiana.4
/kaggle/input/datasets/b23dckh002lvitanh/s3-origin/S3/Guibourtia arnoldiana/3411. Guibourtia arnoldiana.5/3411. Guibourtia arnoldiana.5 (154).png,Guibourtia arnoldiana,Guibourtia,arnoldiana,3411. Guibourtia arnoldiana.5
/kaggle/input/datasets/b23dckh002lvitanh/s3-origin/S3/Guibourtia arnoldiana/3411. Guibourtia arnoldiana.6/3411. Guibourtia arnoldiana.6 (175).png,Guibourtia arnoldiana,Guibourtia,arnoldiana,3411. Guibourtia arnoldiana.6
/kaggle/input/datasets/b23dckh002lvitanh/s3-origin/S3/Guibourtia arnoldiana/3411. Guibourtia arnoldiana.9/3411. Guibourtia arnoldiana.9 (259).png,Guibourtia arnoldiana,Guibourtia,arnoldiana,3411. Guibourtia arnoldiana.9
/kaggle/input/datasets/b23dckh002lvitanh/s3-origin/S3/Guibourtia arnoldiana/3411. Guibourtia arnoldiana.3/3411. Guibourtia arnoldiana.3 (72).png,Guibourtia arnoldiana,Guibourtia,arnoldiana,3411. Guibourtia arnoldiana.3
/kaggle/input/datasets/b23dckh002lvitanh/s3-origin/S3/Guibourtia arnoldiana/3411. Guibourtia arnoldiana.8/3411. Guibourtia arnoldiana.8 (229).png,Guibourtia arnoldiana,Guibourtia,arnoldiana,3411. Guibourtia arnoldiana.8
/kaggle/input/datasets/b23dckh002lvitanh/s3-origin/S3/Guibourtia arnoldiana/3411. Guibourtia arnoldiana.7/3411. Guibourtia arnoldiana.7 (202).png,Guibourtia arnoldiana,Guibourtia,arnoldiana,3411. Guibourtia arnoldiana.7
/kaggle/input/datasets/b23dckh002lvitanh/s3-origin/S3/Guibourtia arnoldiana/3411. Guibourtia arnoldiana.1/3411. Guibourtia arnoldiana.1 (7).png,Guibourtia arnoldiana,Guibourtia,arnoldiana,3411. Guibourtia arnoldiana.1
/kaggle/input/datasets/b23dckh002lvitanh/s3-origin/S3/Guibourtia arnoldiana/3411. Guibourtia arnoldiana.5/3411. Guibourtia arnoldiana.5 (125).png,Guibourtia arnoldiana,Guibourtia,arnoldiana,3411. Guibourtia arnoldiana.5
/kaggle/input/datasets/b23dckh002lvitanh/s3-origin/S3/Guibourtia arnoldiana/3411. Guibourtia arnoldiana.7/3411. Guibourtia arnoldiana.7 (209).png,Guibourtia arnoldiana,Guibourtia,arnoldiana,3411. Guibourtia arnoldiana.7
/kaggle/input/datasets/b23dckh002lvitanh/s3-origin/S3/Guibourtia arnoldiana/3411. Guibourtia arnoldiana.8/3411. Guibourtia arnoldiana.8 (255).png,Guibourtia arnoldiana,Guibourtia,arnoldiana,3411. Guibourtia arnoldiana.8
/kaggle/input/datasets/b23dckh002lvitanh/s3-origin/S3/Guibourtia arnoldiana/3411. Guibourtia arnoldiana.4/3411. Guibourtia arnoldiana.4 (116).png,Guibourtia arnoldiana,Guibourtia,arnoldiana,3411. Guibourtia arnoldiana.4
/kaggle/input/datasets/b23dckh002lvitanh/s3-origin/S3/Guibourtia arnoldiana/3411. Guibourtia arnoldiana.6/3411. Guibourtia arnoldiana.6 (179).png,Guibourtia arnoldiana,Guibourtia,arnoldiana,3411. Guibourtia arnoldiana.6
/kaggle/input/datasets/b23dckh002lvitanh/s3-origin/S3/Guibourtia arnoldiana/3411. Guibourtia arnoldiana.4/3411. Guibourtia arnoldiana.4 (104).png,Guibourtia arnoldiana,Guibourtia,arnoldiana,3411. Guibourtia arnoldiana.4
/kaggle/input/datasets/b23dckh002lvitanh/s3-origin/S3/Guibourtia arnoldiana/3411. Guibourtia arnoldiana.5/3411. Guibourtia arnoldiana.5 (129).png,Guibourtia arnoldiana,Guibourtia,arnoldiana,3411. Guibourtia arnoldiana.5
/kaggle/input/datasets/b23dckh002lvitanh/s3-origin/S3/Guibourtia arnoldiana/3411. Guibourtia arnoldiana.3/3411. Guibourtia arnoldiana.3 (83).png,Guibourtia arnoldiana,Guibourtia,arnoldiana,3411. Guibourtia arnoldiana.3
/kaggle/input/datasets/b23dckh002lvitanh/s3-origin/S3/Guibourtia arnoldiana/3411. Guibourtia arnoldiana.5/3411. Guibourtia arnoldiana.5 (139).png,Guibourtia arnoldiana,Guibourtia,arnoldiana,3411. Guibourtia arnoldiana.5
/kaggle/input/datasets/b23dckh002lvitanh/s3-origin/S3/Guibourtia arnoldiana/3411. Guibourtia arnoldiana.10/3411. Guibourtia arnoldiana.10 (309).png,Guibourtia arnoldiana,Guibourtia,arnoldiana,3411. Guibourtia arnoldiana.10
/kaggle/input/datasets/b23dckh002lvitanh/s3-origin/S3/Guibourtia arnoldiana/3411. Guibourtia arnoldiana.9/3411. Guibourtia arnoldiana.9 (285).png,Guibourtia arnoldiana,Guibourtia,arnoldiana,3411. Guibourtia arnoldiana.9
/kaggle/input/datasets/b23dckh002lvitanh/s3-origin/S3/Guibourtia arnoldiana/3411. Guibourtia arnoldiana.10/3411. Guibourtia arnoldiana.10 (294).png,Guibourtia arnoldiana,Guibourtia,arnoldiana,3411. Guibourtia arnoldiana.10
/kaggle/input/datasets/b23dckh002lvitanh/s3-origin/S3/Guibourtia arnoldiana/3411. Guibourtia arnoldiana.7/3411. Guibourtia arnoldiana.7 (198).png,Guibourtia arnoldiana,Guibourtia,arnoldiana,3411. Guibourtia arnoldiana.7
/kaggle/input/datasets/b23dckh002lvitanh/s3-origin/S3/Guibourtia arnoldiana/3411. Guibourtia arnoldiana.5/3411. Guibourtia arnoldiana.5 (146).png,Guibourtia arnoldiana,Guibourtia,arnoldiana,3411. Guibourtia arnoldiana.5
/kaggle/input/datasets/b23dckh002lvitanh/s3-origin/S3/Guibourtia arnoldiana/3411. Guibourtia arnoldiana.3/3411. Guibourtia arnoldiana.3 (88).png,Guibourtia arnoldiana,Guibourtia,arnoldiana,3411. Guibourtia arnoldiana.3
/kaggle/input/datasets/b23dckh002lvitanh/s3-origin/S3/Guibourtia arnoldiana/3411. Guibourtia arnoldiana.4/3411. Guibourtia arnoldiana.4 (106).png,Guibourtia arnoldiana,Guibourtia,arnoldiana,3411. Guibourtia arnoldiana.4
/kaggle/input/datasets/b23dckh002lvitanh/s3-origin/S3/Guibourtia arnoldiana/3411. Guibourtia arnoldiana.5/3411. Guibourtia arnoldiana.5 (149).png,Guibourtia arnoldiana,Guibourtia,arnoldiana,3411. Guibourtia arnoldiana.5
/kaggle/input/datasets/b23dckh002lvitanh/s3-origin/S3/Guibourtia arnoldiana/3411. Guibourtia arnoldiana.4/3411. Guibourtia arnoldiana.4 (101).png,Guibourtia arnoldiana,Guibourtia,arnoldiana,3411. Guibourtia arnoldiana.4
/kaggle/input/datasets/b23dckh002lvitanh/s3-origin/S3/Guibourtia arnoldiana/3411. Guibourtia arnoldiana.8/3411. Guibourtia arnoldiana.8 (251).png,Guibourtia arnoldiana,Guibourtia,arnoldiana,3411. Guibourtia arnoldiana.8
/kaggle/input/datasets/b23dckh002lvitanh/s3-origin/S3/Guibourtia arnoldiana/3411. Guibourtia arnoldiana.7/3411. Guibourtia arnoldiana.7 (220).png,Guibourtia arnoldiana,Guibourtia,arnoldiana,3411. Guibourtia arnoldiana.7
/kaggle/input/datasets/b23dckh002lvitanh/s3-origin/S3/Guibourtia arnoldiana/3411. Guibourtia arnoldiana.9/3411. Guibourtia arnoldiana.9 (289).png,Guibourtia arnoldiana,Guibourtia,arnoldiana,3411. Guibourtia arnoldiana.9
/kaggle/input/datasets/b23dckh002lvitanh/s3-origin/S3/Guibourtia arnoldiana/3411. Guibourtia arnoldiana.4/3411. Guibourtia arnoldiana.4 (119).png,Guibourtia arnoldiana,Guibourtia,arnoldiana,3411. Guibourtia arnoldiana.4
/kaggle/input/datasets/b23dckh002lvitanh/s3-origin/S3/Guibourtia arnoldiana/3411. Guibourtia arnoldiana.10/3411. Guibourtia arnoldiana.10 (311).png,Guibourtia arnoldiana,Guibourtia,arnoldiana,3411. Guibourtia arnoldiana.10
/kaggle/input/datasets/b23dckh002lvitanh/s3-origin/S3/Guibourtia arnoldiana/3411. Guibourtia arnoldiana.3/3411. Guibourtia arnoldiana.3 (81).png,Guibourtia arnoldiana,Guibourtia,arnoldiana,3411. Guibourtia arnoldiana.3
/kaggle/input/datasets/b23dckh002lvitanh/s3-origin/S3/Guibourtia arnoldiana/3411. Guibourtia arnoldiana.7/3411. Guibourtia arnoldiana.7 (203).png,Guibourtia arnoldiana,Guibourtia,arnoldiana,3411. Guibourtia arnoldiana.7
/kaggle/input/datasets/b23dckh002lvitanh/s3-origin/S3/Guibourtia arnoldiana/3411. Guibourtia arnoldiana.10/3411. Guibourtia arnoldiana.10 (299).png,Guibourtia arnoldiana,Guibourtia,arnoldiana,3411. Guibourtia arnoldiana.10
/kaggle/input/datasets/b23dckh002lvitanh/s3-origin/S3/Guibourtia arnoldiana/3411. Guibourtia arnoldiana.10/3411. Guibourtia arnoldiana.10 (322).png,Guibourtia arnoldiana,Guibourtia,arnoldiana,3411. Guibourtia arnoldiana.10
/kaggle/input/datasets/b23dckh002lvitanh/s3-origin/S3/Guibourtia arnoldiana/3411. Guibourtia arnoldiana.6/3411. Guibourtia arnoldiana.6 (170).png,Guibourtia arnoldiana,Guibourtia,arnoldiana,3411. Guibourtia arnoldiana.6
/kaggle/input/datasets/b23dckh002lvitanh/s3-origin/S3/Guibourtia arnoldiana/3411. Guibourtia arnoldiana.4/3411. Guibourtia arnoldiana.4 (123).png,Guibourtia arnoldiana,Guibourtia,arnoldiana,3411. Guibourtia arnoldiana.4
/kaggle/input/datasets/b23dckh002lvitanh/s3-origin/S3/Guibourtia arnoldiana/3411. Guibourtia arnoldiana.3/3411. Guibourtia arnoldiana.3 (71).png,Guibourtia arnoldiana,Guibourtia,arnoldiana,3411. Guibourtia arnoldiana.3
/kaggle/input/datasets/b23dckh002lvitanh/s3-origin/S3/Guibourtia arnoldiana/3411. Guibourtia arnoldiana.5/3411. Guibourtia arnoldiana.5 (145).png,Guibourtia arnoldiana,Guibourtia,arnoldiana,3411. Guibourtia arnoldiana.5
/kaggle/input/datasets/b23dckh002lvitanh/s3-origin/S3/Guibourtia arnoldiana/3411. Guibourtia arnoldiana.7/3411. Guibourtia arnoldiana.7 (208).png,Guibourtia arnoldiana,Guibourtia,arnoldiana,3411. Guibourtia arnoldiana.7
/kaggle/input/datasets/b23dckh002lvitanh/s3-origin/S3/Guibourtia arnoldiana/3411. Guibourtia arnoldiana.2/3411. Guibourtia arnoldiana.2 (64).png,Guibourtia arnoldiana,Guibourtia,arnoldiana,3411. Guibourtia arnoldiana.2
/kaggle/input/datasets/b23dckh002lvitanh/s3-origin/S3/Guibourtia arnoldiana/3411. Guibourtia arnoldiana.4/3411. Guibourtia arnoldiana.4 (124).png,Guibourtia arnoldiana,Guibourtia,arnoldiana,3411. Guibourtia arnoldiana.4
/kaggle/input/datasets/b23dckh002lvitanh/s3-origin/S3/Guibourtia arnoldiana/3411. Guibourtia arnoldiana.1/3411. Guibourtia arnoldiana.1 (12).png,Guibourtia arnoldiana,Guibourtia,arnoldiana,3411. Guibourtia arnoldiana.1
/kaggle/input/datasets/b23dckh002lvitanh/s3-origin/S3/Guibourtia arnoldiana/3411. Guibourtia arnoldiana.6/3411. Guibourtia arnoldiana.6 (186).png,Guibourtia arnoldiana,Guibourtia,arnoldiana,3411. Guibourtia arnoldiana.6
/kaggle/input/datasets/b23dckh002lvitanh/s3-origin/S3/Guibourtia arnoldiana/3411. Guibourtia arnoldiana.1/3411. Guibourtia arnoldiana.1 (6).png,Guibourtia arnoldiana,Guibourtia,arnoldiana,3411. Guibourtia arnoldiana.1
/kaggle/input/datasets/b23dckh002lvitanh/s3-origin/S3/Guibourtia arnoldiana/3411. Guibourtia arnoldiana.6/3411. Guibourtia arnoldiana.6 (176).png,Guibourtia arnoldiana,Guibourtia,arnoldiana,3411. Guibourtia arnoldiana.6
/kaggle/input/datasets/b23dckh002lvitanh/s3-origin/S3/Guibourtia arnoldiana/3411. Guibourtia arnoldiana.8/3411. Guibourtia arnoldiana.8 (247).png,Guibourtia arnoldiana,Guibourtia,arnoldiana,3411. Guibourtia arnoldiana.8
/kaggle/input/datasets/b23dckh002lvitanh/s3-origin/S3/Guibourtia arnoldiana/3411. Guibourtia arnoldiana.6/3411. Guibourtia arnoldiana.6 (166).png,Guibourtia arnoldiana,Guibourtia,arnoldiana,3411. Guibourtia arnoldiana.6
/kaggle/input/datasets/b23dckh002lvitanh/s3-origin/S3/Guibourtia arnoldiana/3411. Guibourtia arnoldiana.8/3411. Guibourtia arnoldiana.8 (258).png,Guibourtia arnoldiana,Guibourtia,arnoldiana,3411. Guibourtia arnoldiana.8
/kaggle/input/datasets/b23dckh002lvitanh/s3-origin/S3/Guibourtia arnoldiana/3411. Guibourtia arnoldiana.5/3411. Guibourtia arnoldiana.5 (151).png,Guibourtia arnoldiana,Guibourtia,arnoldiana,3411. Guibourtia arnoldiana.5
/kaggle/input/datasets/b23dckh002lvitanh/s3-origin/S3/Guibourtia arnoldiana/3411. Guibourtia arnoldiana.6/3411. Guibourtia arnoldiana.6 (163).png,Guibourtia arnoldiana,Guibourtia,arnoldiana,3411. Guibourtia arnoldiana.6
/kaggle/input/datasets/b23dckh002lvitanh/s3-origin/S3/Guibourtia arnoldiana/3411. Guibourtia arnoldiana.7/3411. Guibourtia arnoldiana.7 (200).png,Guibourtia arnoldiana,Guibourtia,arnoldiana,3411. Guibourtia arnoldiana.7
/kaggle/input/datasets/b23dckh002lvitanh/s3-origin/S3/Guibourtia arnoldiana/3411. Guibourtia arnoldiana.9/3411. Guibourtia arnoldiana.9 (291).png,Guibourtia arnoldiana,Guibourtia,arnoldiana,3411. Guibourtia arnoldiana.9
/kaggle/input/datasets/b23dckh002lvitanh/s3-origin/S3/Guibourtia arnoldiana/3411. Guibourtia arnoldiana.10/3411. Guibourtia arnoldiana.10 (321).png,Guibourtia arnoldiana,Guibourtia,arnoldiana,3411. Guibourtia arnoldiana.10
/kaggle/input/datasets/b23dckh002lvitanh/s3-origin/S3/Guibourtia arnoldiana/3411. Guibourtia arnoldiana.8/3411. Guibourtia arnoldiana.8 (252).png,Guibourtia arnoldiana,Guibourtia,arnoldiana,3411. Guibourtia arnoldiana.8
/kaggle/input/datasets/b23dckh002lvitanh/s3-origin/S3/Guibourtia arnoldiana/3411. Guibourtia arnoldiana.6/3411. Guibourtia arnoldiana.6 (181).png,Guibourtia arnoldiana,Guibourtia,arnoldiana,3411. Guibourtia arnoldiana.6
/kaggle/input/datasets/b23dckh002lvitanh/s3-origin/S3/Guibourtia arnoldiana/3411. Guibourtia arnoldiana.6/3411. Guibourtia arnoldiana.6 (187).png,Guibourtia arnoldiana,Guibourtia,arnoldiana,3411. Guibourtia arnoldiana.6
/kaggle/input/datasets/b23dckh002lvitanh/s3-origin/S3/Guibourtia coleosperma/dọc/Guibourtia coleosperma_3253.3 (8).png,Guibourtia coleosperma,Guibourtia,coleosperma,dọc
/kaggle/input/datasets/b23dckh002lvitanh/s3-origin/S3/Guibourtia coleosperma/dọc/Guibourtia coleosperma_3253.4 (11).png,Guibourtia coleosperma,Guibourtia,coleosperma,dọc
/kaggle/input/datasets/b23dckh002lvitanh/s3-origin/S3/Guibourtia coleosperma/dọc/Guibourtia coleosperma_3253.11 (1).png,Guibourtia coleosperma,Guibourtia,coleosperma,dọc
/kaggle/input/datasets/b23dckh002lvitanh/s3-origin/S3/Guibourtia coleosperma/dọc/Guibourtia coleosperma_3253.7 (8).png,Guibourtia coleosperma,Guibourtia,coleosperma,dọc
/kaggle/input/datasets/b23dckh002lvitanh/s3-origin/S3/Guibourtia coleosperma/dọc/Guibourtia coleosperma_3253.6 (34).png,Guibourtia coleosperma,Guibourtia,coleosperma,dọc
/kaggle/input/datasets/b23dckh002lvitanh/s3-origin/S3/Guibourtia coleosperma/dọc/Guibourtia coleosperma_3253.11 (16).png,Guibourtia coleosperma,Guibourtia,coleosperma,dọc
/kaggle/input/datasets/b23dckh002lvitanh/s3-origin/S3/Guibourtia coleosperma/dọc/Guibourtia coleosperma_3253.8 (4).png,Guibourtia coleosperma,Guibourtia,coleosperma,dọc
/kaggle/input/datasets/b23dckh002lvitanh/s3-origin/S3/Guibourtia coleosperma/dọc/Guibourtia coleosperma_3253.2 (35).png,Guibourtia coleosperma,Guibourtia,coleosperma,dọc
/kaggle/input/datasets/b23dckh002lvitanh/s3-origin/S3/Guibourtia coleosperma/dọc/Guibourtia coleosperma_3253.1 (23).png,Guibourtia coleosperma,Guibourtia,coleosperma,dọc
/kaggle/input/datasets/b23dckh002lvitanh/s3-origin/S3/Guibourtia coleosperma/dọc/Guibourtia coleosperma_3253.9 (20).png,Guibourtia coleosperma,Guibourtia,coleosperma,dọc
/kaggle/input/datasets/b23dckh002lvitanh/s3-origin/S3/Guibourtia coleosperma/dọc/Guibourtia coleosperma_3253.1 (33).png,Guibourtia coleosperma,Guibourtia,coleosperma,dọc
/kaggle/input/datasets/b23dckh002lvitanh/s3-origin/S3/Guibourtia coleosperma/dọc/Guibourtia coleosperma_3253.10 (27).png,Guibourtia coleosperma,Guibourtia,coleosperma,dọc
/kaggle/input/datasets/b23dckh002lvitanh/s3-origin/S3/Guibourtia coleosperma/dọc/Guibourtia coleosperma_3253.6 (26).png,Guibourtia coleosperma,Guibourtia,coleosperma,dọc
/kaggle/input/datasets/b23dckh002lvitanh/s3-origin/S3/Guibourtia coleosperma/dọc/Guibourtia coleosperma_3253.4 (13).png,Guibourtia coleosperma,Guibourtia,coleosperma,dọc
/kaggle/input/datasets/b23dckh002lvitanh/s3-origin/S3/Guibourtia coleosperma/dọc/Guibourtia coleosperma_3253.10 (5).png,Guibourtia coleosperma,Guibourtia,coleosperma,dọc
/kaggle/input/datasets/b23dckh002lvitanh/s3-origin/S3/Guibourtia coleosperma/dọc/Guibourtia coleosperma_3253.3 (17).png,Guibourtia coleosperma,Guibourtia,coleosperma,dọc
/kaggle/input/datasets/b23dckh002lvitanh/s3-origin/S3/Guibourtia coleosperma/dọc/Guibourtia coleosperma_3253.6 (16).png,Guibourtia coleosperma,Guibourtia,coleosperma,dọc
/kaggle/input/datasets/b23dckh002lvitanh/s3-origin/S3/Guibourtia coleosperma/dọc/Guibourtia coleosperma_3253.8 (18).png,Guibourtia coleosperma,Guibourtia,coleosperma,dọc
/kaggle/input/datasets/b23dckh002lvitanh/s3-origin/S3/Guibourtia coleosperma/dọc/Guibourtia coleosperma_3253.10 (33).png,Guibourtia coleosperma,Guibourtia,coleosperma,dọc
/kaggle/input/datasets/b23dckh002lvitanh/s3-origin/S3/Guibourtia coleosperma/dọc/Guibourtia coleosperma_3253.9 (18).png,Guibourtia coleosperma,Guibourtia,coleosperma,dọc
/kaggle/input/datasets/b23dckh002lvitanh/s3-origin/S3/Guibourtia coleosperma/dọc/Guibourtia coleosperma_3253.1 (6).png,Guibourtia coleosperma,Guibourtia,coleosperma,dọc
/kaggle/input/datasets/b23dckh002lvitanh/s3-origin/S3/Guibourtia coleosperma/dọc/Guibourtia coleosperma_3253.6 (6).png,Guibourtia coleosperma,Guibourtia,coleosperma,dọc
/kaggle/input/datasets/b23dckh002lvitanh/s3-origin/S3/Guibourtia coleosperma/dọc/Guibourtia coleosperma_3253.7 (18).png,Guibourtia coleosperma,Guibourtia,coleosperma,dọc
/kaggle/input/datasets/b23dckh002lvitanh/s3-origin/S3/Guibourtia coleosperma/dọc/Guibourtia coleosperma_3253.8 (25).png,Guibourtia coleosperma,Guibourtia,coleosperma,dọc
/kaggle/input/datasets/b23dckh002lvitanh/s3-origin/S3/Guibourtia coleosperma/dọc/Guibourtia coleosperma_3253.7 (36).png,Guibourtia coleosperma,Guibourtia,coleosperma,dọc
/kaggle/input/datasets/b23dckh002lvitanh/s3-origin/S3/Guibourtia coleosperma/dọc/Guibourtia coleosperma_3253.11 (20).png,Guibourtia coleosperma,Guibourtia,coleosperma,dọc
/kaggle/input/datasets/b23dckh002lvitanh/s3-origin/S3/Guibourtia coleosperma/dọc/Guibourtia coleosperma_3253.9 (6).png,Guibourtia coleosperma,Guibourtia,coleosperma,dọc
/kaggle/input/datasets/b23dckh002lvitanh/s3-origin/S3/Guibourtia coleosperma/dọc/Guibourtia coleosperma_3253.3 (11).png,Guibourtia coleosperma,Guibourtia,coleosperma,dọc
/kaggle/input/datasets/b23dckh002lvitanh/s3-origin/S3/Guibourtia coleosperma/dọc/Guibourtia coleosperma_3253.9 (34).png,Guibourtia coleosperma,Guibourtia,coleosperma,dọc
/kaggle/input/datasets/b23dckh002lvitanh/s3-origin/S3/Guibourtia coleosperma/dọc/Guibourtia coleosperma_3253.1 (4).png,Guibourtia coleosperma,Guibourtia,coleosperma,dọc
/kaggle/input/datasets/b23dckh002lvitanh/s3-origin/S3/Guibourtia coleosperma/dọc/Guibourtia coleosperma_3253.7 (25).png,Guibourtia coleosperma,Guibourtia,coleosperma,dọc
/kaggle/input/datasets/b23dckh002lvitanh/s3-origin/S3/Guibourtia coleosperma/dọc/Guibourtia coleosperma_3253.7 (22).png,Guibourtia coleosperma,Guibourtia,coleosperma,dọc
/kaggle/input/datasets/b23dckh002lvitanh/s3-origin/S3/Guibourtia coleosperma/dọc/Guibourtia coleosperma_3253.2 (3).png,Guibourtia coleosperma,Guibourtia,coleosperma,dọc
/kaggle/input/datasets/b23dckh002lvitanh/s3-origin/S3/Guibourtia coleosperma/dọc/Guibourtia coleosperma_3253.6 (14).png,Guibourtia coleosperma,Guibourtia,coleosperma,dọc
/kaggle/input/datasets/b23dckh002lvitanh/s3-origin/S3/Guibourtia coleosperma/dọc/Guibourtia coleosperma_3253.8 (1).png,Guibourtia coleosperma,Guibourtia,coleosperma,dọc
/kaggle/input/datasets/b23dckh002lvitanh/s3-origin/S3/Guibourtia coleosperma/dọc/Guibourtia coleosperma_3253.3 (31).png,Guibourtia coleosperma,Guibourtia,coleosperma,dọc
/kaggle/input/datasets/b23dckh002lvitanh/s3-origin/S3/Guibourtia coleosperma/dọc/Guibourtia coleosperma_3253.4 (30).png,Guibourtia coleosperma,Guibourtia,coleosperma,dọc
/kaggle/input/datasets/b23dckh002lvitanh/s3-origin/S3/Guibourtia coleosperma/dọc/Guibourtia coleosperma_3253.9 (30).png,Guibourtia coleosperma,Guibourtia,coleosperma,dọc
/kaggle/input/datasets/b23dckh002lvitanh/s3-origin/S3/Guibourtia coleosperma/dọc/Guibourtia coleosperma_3253.6 (23).png,Guibourtia coleosperma,Guibourtia,coleosperma,dọc
/kaggle/input/datasets/b23dckh002lvitanh/s3-origin/S3/Guibourtia coleosperma/dọc/Guibourtia coleosperma_3253.8 (11).png,Guibourtia coleosperma,Guibourtia,coleosperma,dọc
/kaggle/input/datasets/b23dckh002lvitanh/s3-origin/S3/Guibourtia coleosperma/dọc/Guibourtia coleosperma_3253.2 (21).png,Guibourtia coleosperma,Guibourtia,coleosperma,dọc
/kaggle/input/datasets/b23dckh002lvitanh/s3-origin/S3/Guibourtia coleosperma/dọc/Guibourtia coleosperma_3253.4 (15).png,Guibourtia coleosperma,Guibourtia,coleosperma,dọc
/kaggle/input/datasets/b23dckh002lvitanh/s3-origin/S3/Guibourtia coleosperma/dọc/Guibourtia coleosperma_3253.9 (9).png,Guibourtia coleosperma,Guibourtia,coleosperma,dọc
/kaggle/input/datasets/b23dckh002lvitanh/s3-origin/S3/Guibourtia coleosperma/dọc/Guibourtia coleosperma_3253.1 (16).png,Guibourtia coleosperma,Guibourtia,coleosperma,dọc
/kaggle/input/datasets/b23dckh002lvitanh/s3-origin/S3/Guibourtia coleosperma/dọc/Guibourtia coleosperma_3253.7 (35).png,Guibourtia coleosperma,Guibourtia,coleosperma,dọc
/kaggle/input/datasets/b23dckh002lvitanh/s3-origin/S3/Guibourtia coleosperma/dọc/Guibourtia coleosperma_3253.1 (36).png,Guibourtia coleosperma,Guibourtia,coleosperma,dọc
/kaggle/input/datasets/b23dckh002lvitanh/s3-origin/S3/Guibourtia coleosperma/dọc/Guibourtia coleosperma_3253.8 (29).png,Guibourtia coleosperma,Guibourtia,coleosperma,dọc
/kaggle/input/datasets/b23dckh002lvitanh/s3-origin/S3/Guibourtia coleosperma/dọc/Guibourtia coleosperma_3253.4 (26).png,Guibourtia coleosperma,Guibourtia,coleosperma,dọc
/kaggle/input/datasets/b23dckh002lvitanh/s3-origin/S3/Guibourtia coleosperma/dọc/Guibourtia coleosperma_3253.6 (4).png,Guibourtia coleosperma,Guibourtia,coleosperma,dọc
/kaggle/input/datasets/b23dckh002lvitanh/s3-origin/S3/Guibourtia coleosperma/dọc/Guibourtia coleosperma_3253.7 (7).png,Guibourtia coleosperma,Guibourtia,coleosperma,dọc
/kaggle/input/datasets/b23dckh002lvitanh/s3-origin/S3/Guibourtia coleosperma/dọc/Guibourtia coleosperma_3253.8 (12).png,Guibourtia coleosperma,Guibourtia,coleosperma,dọc
/kaggle/input/datasets/b23dckh002lvitanh/s3-origin/S3/Guibourtia coleosperma/dọc/Guibourtia coleosperma_3253.3 (3).png,Guibourtia coleosperma,Guibourtia,coleosperma,dọc
/kaggle/input/datasets/b23dckh002lvitanh/s3-origin/S3/Guibourtia coleosperma/dọc/Guibourtia coleosperma_3253.9 (12).png,Guibourtia coleosperma,Guibourtia,coleosperma,dọc
/kaggle/input/datasets/b23dckh002lvitanh/s3-origin/S3/Guibourtia coleosperma/dọc/Guibourtia coleosperma_3253.4 (31).png,Guibourtia coleosperma,Guibourtia,coleosperma,dọc
/kaggle/input/datasets/b23dckh002lvitanh/s3-origin/S3/Guibourtia coleosperma/dọc/Guibourtia coleosperma_3253.3 (32).png,Guibourtia coleosperma,Guibourtia,coleosperma,dọc
/kaggle/input/datasets/b23dckh002lvitanh/s3-origin/S3/Guibourtia coleosperma/dọc/Guibourtia coleosperma_3253.11 (13).png,Guibourtia coleosperma,Guibourtia,coleosperma,dọc
/kaggle/input/datasets/b23dckh002lvitanh/s3-origin/S3/Guibourtia coleosperma/dọc/Guibourtia coleosperma_3253.11 (19).png,Guibourtia coleosperma,Guibourtia,coleosperma,dọc
/kaggle/input/datasets/b23dckh002lvitanh/s3-origin/S3/Guibourtia coleosperma/dọc/Guibourtia coleosperma_3253.3 (16).png,Guibourtia coleosperma,Guibourtia,coleosperma,dọc
/kaggle/input/datasets/b23dckh002lvitanh/s3-origin/S3/Guibourtia coleosperma/dọc/Guibourtia coleosperma_3253.4 (16).png,Guibourtia coleosperma,Guibourtia,coleosperma,dọc
/kaggle/input/datasets/b23dckh002lvitanh/s3-origin/S3/Guibourtia coleosperma/dọc/Guibourtia coleosperma_3253.1 (3).png,Guibourtia coleosperma,Guibourtia,coleosperma,dọc
/kaggle/input/datasets/b23dckh002lvitanh/s3-origin/S3/Guibourtia coleosperma/dọc/Guibourtia coleosperma_3253.2 (29).png,Guibourtia coleosperma,Guibourtia,coleosperma,dọc
/kaggle/input/datasets/b23dckh002lvitanh/s3-origin/S3/Guibourtia coleosperma/dọc/Guibourtia coleosperma_3253.3 (28).png,Guibourtia coleosperma,Guibourtia,coleosperma,dọc
/kaggle/input/datasets/b23dckh002lvitanh/s3-origin/S3/Guibourtia coleosperma/dọc/Guibourtia coleosperma_3253.6 (9).png,Guibourtia coleosperma,Guibourtia,coleosperma,dọc
/kaggle/input/datasets/b23dckh002lvitanh/s3-origin/S3/Guibourtia coleosperma/dọc/Guibourtia coleosperma_3253.3 (7).png,Guibourtia coleosperma,Guibourtia,coleosperma,dọc
/kaggle/input/datasets/b23dckh002lvitanh/s3-origin/S3/Guibourtia coleosperma/dọc/Guibourtia coleosperma_3253.4 (5).png,Guibourtia coleosperma,Guibourtia,coleosperma,dọc
/kaggle/input/datasets/b23dckh002lvitanh/s3-origin/S3/Guibourtia coleosperma/dọc/Guibourtia coleosperma_3253.3 (18).png,Guibourtia coleosperma,Guibourtia,coleosperma,dọc
/kaggle/input/datasets/b23dckh002lvitanh/s3-origin/S3/Guibourtia coleosperma/dọc/Guibourtia coleosperma_3253.7 (19).png,Guibourtia coleosperma,Guibourtia,coleosperma,dọc
/kaggle/input/datasets/b23dckh002lvitanh/s3-origin/S3/Guibourtia coleosperma/dọc/Guibourtia coleosperma_3253.2 (5).png,Guibourtia coleosperma,Guibourtia,coleosperma,dọc
/kaggle/input/datasets/b23dckh002lvitanh/s3-origin/S3/Guibourtia coleosperma/dọc/Guibourtia coleosperma_3253.4 (12).png,Guibourtia coleosperma,Guibourtia,coleosperma,dọc
/kaggle/input/datasets/b23dckh002lvitanh/s3-origin/S3/Guibourtia coleosperma/dọc/Guibourtia coleosperma_3253.2 (33).png,Guibourtia coleosperma,Guibourtia,coleosperma,dọc
/kaggle/input/datasets/b23dckh002lvitanh/s3-origin/S3/Guibourtia coleosperma/dọc/Guibourtia coleosperma_3253.9 (21).png,Guibourtia coleosperma,Guibourtia,coleosperma,dọc
/kaggle/input/datasets/b23dckh002lvitanh/s3-origin/S3/Guibourtia coleosperma/dọc/Guibourtia coleosperma_3253.8 (6).png,Guibourtia coleosperma,Guibourtia,coleosperma,dọc
/kaggle/input/datasets/b23dckh002lvitanh/s3-origin/S3/Guibourtia coleosperma/dọc/Guibourtia coleosperma_3253.1 (2).png,Guibourtia coleosperma,Guibourtia,coleosperma,dọc
/kaggle/input/datasets/b23dckh002lvitanh/s3-origin/S3/Guibourtia coleosperma/dọc/Guibourtia coleosperma_3253.10 (32).png,Guibourtia coleosperma,Guibourtia,coleosperma,dọc
/kaggle/input/datasets/b23dckh002lvitanh/s3-origin/S3/Guibourtia coleosperma/dọc/Guibourtia coleosperma_3253.2 (1).png,Guibourtia coleosperma,Guibourtia,coleosperma,dọc
/kaggle/input/datasets/b23dckh002lvitanh/s3-origin/S3/Guibourtia coleosperma/dọc/Guibourtia coleosperma_3253.7 (14).png,Guibourtia coleosperma,Guibourtia,coleosperma,dọc
/kaggle/input/datasets/b23dckh002lvitanh/s3-origin/S3/Guibourtia coleosperma/dọc/Guibourtia coleosperma_3253.1 (7).png,Guibourtia coleosperma,Guibourtia,coleosperma,dọc
/kaggle/input/datasets/b23dckh002lvitanh/s3-origin/S3/Guibourtia coleosperma/dọc/Guibourtia coleosperma_3253.6 (29).png,Guibourtia coleosperma,Guibourtia,coleosperma,dọc
/kaggle/input/datasets/b23dckh002lvitanh/s3-origin/S3/Guibourtia coleosperma/dọc/Guibourtia coleosperma_3253.6 (12).png,Guibourtia coleosperma,Guibourtia,coleosperma,dọc
/kaggle/input/datasets/b23dckh002lvitanh/s3-origin/S3/Guibourtia coleosperma/dọc/Guibourtia coleosperma_3253.9 (4).png,Guibourtia coleosperma,Guibourtia,coleosperma,dọc
/kaggle/input/datasets/b23dckh002lvitanh/s3-origin/S3/Guibourtia coleosperma/dọc/Guibourtia coleosperma_3253.1 (13).png,Guibourtia coleosperma,Guibourtia,coleosperma,dọc
/kaggle/input/datasets/b23dckh002lvitanh/s3-origin/S3/Guibourtia coleosperma/dọc/Guibourtia coleosperma_3253.8 (2).png,Guibourtia coleosperma,Guibourtia,coleosperma,dọc
/kaggle/input/datasets/b23dckh002lvitanh/s3-origin/S3/Guibourtia coleosperma/dọc/Guibourtia coleosperma_3253.6 (25).png,Guibourtia coleosperma,Guibourtia,coleosperma,dọc
/kaggle/input/datasets/b23dckh002lvitanh/s3-origin/S3/Guibourtia coleosperma/dọc/Guibourtia coleosperma_3253.7 (16).png,Guibourtia coleosperma,Guibourtia,coleosperma,dọc
/kaggle/input/datasets/b23dckh002lvitanh/s3-origin/S3/Guibourtia coleosperma/dọc/Guibourtia coleosperma_3253.8 (21).png,Guibourtia coleosperma,Guibourtia,coleosperma,dọc
/kaggle/input/datasets/b23dckh002lvitanh/s3-origin/S3/Guibourtia coleosperma/dọc/Guibourtia coleosperma_3253.10 (3).png,Guibourtia coleosperma,Guibourtia,coleosperma,dọc
/kaggle/input/datasets/b23dckh002lvitanh/s3-origin/S3/Guibourtia coleosperma/dọc/Guibourtia coleosperma_3253.4 (7).png,Guibourtia coleosperma,Guibourtia,coleosperma,dọc
/kaggle/input/datasets/b23dckh002lvitanh/s3-origin/S3/Guibourtia coleosperma/dọc/Guibourtia coleosperma_3253.4 (22).png,Guibourtia coleosperma,Guibourtia,coleosperma,dọc
/kaggle/input/datasets/b23dckh002lvitanh/s3-origin/S3/Guibourtia coleosperma/dọc/Guibourtia coleosperma_3253.8 (23).png,Guibourtia coleosperma,Guibourtia,coleosperma,dọc
/kaggle/input/datasets/b23dckh002lvitanh/s3-origin/S3/Guibourtia coleosperma/dọc/Guibourtia coleosperma_3253.9 (1).png,Guibourtia coleosperma,Guibourtia,coleosperma,dọc
/kaggle/input/datasets/b23dckh002lvitanh/s3-origin/S3/Guibourtia coleosperma/dọc/Guibourtia coleosperma_3253.6 (36).png,Guibourtia coleosperma,Guibourtia,coleosperma,dọc
/kaggle/input/datasets/b23dckh002lvitanh/s3-origin/S3/Guibourtia coleosperma/dọc/Guibourtia coleosperma_3253.1 (28).png,Guibourtia coleosperma,Guibourtia,coleosperma,dọc
/kaggle/input/datasets/b23dckh002lvitanh/s3-origin/S3/Guibourtia coleosperma/dọc/Guibourtia coleosperma_3253.1 (10).png,Guibourtia coleosperma,Guibourtia,coleosperma,dọc
/kaggle/input/datasets/b23dckh002lvitanh/s3-origin/S3/Guibourtia coleosperma/dọc/Guibourtia coleosperma_3253.4 (34).png,Guibourtia coleosperma,Guibourtia,coleosperma,dọc
/kaggle/input/datasets/b23dckh002lvitanh/s3-origin/S3/Guibourtia coleosperma/dọc/Guibourtia coleosperma_3253.2 (2).png,Guibourtia coleosperma,Guibourtia,coleosperma,dọc
/kaggle/input/datasets/b23dckh002lvitanh/s3-origin/S3/Guibourtia coleosperma/dọc/Guibourtia coleosperma_3253.3 (12).png,Guibourtia coleosperma,Guibourtia,coleosperma,dọc
/kaggle/input/datasets/b23dckh002lvitanh/s3-origin/S3/Guibourtia coleosperma/dọc/Guibourtia coleosperma_3253.10 (14).png,Guibourtia coleosperma,Guibourtia,coleosperma,dọc
/kaggle/input/datasets/b23dckh002lvitanh/s3-origin/S3/Guibourtia coleosperma/dọc/Guibourtia coleosperma_3253.4 (23).png,Guibourtia coleosperma,Guibourtia,coleosperma,dọc
/kaggle/input/datasets/b23dckh002lvitanh/s3-origin/S3/Guibourtia coleosperma/dọc/Guibourtia coleosperma_3253.9 (5).png,Guibourtia coleosperma,Guibourtia,coleosperma,dọc
/kaggle/input/datasets/b23dckh002lvitanh/s3-origin/S3/Guibourtia coleosperma/dọc/Guibourtia coleosperma_3253.8 (30).png,Guibourtia coleosperma,Guibourtia,coleosperma,dọc
/kaggle/input/datasets/b23dckh002lvitanh/s3-origin/S3/Guibourtia coleosperma/dọc/Guibourtia coleosperma_3253.8 (10).png,Guibourtia coleosperma,Guibourtia,coleosperma,dọc
/kaggle/input/datasets/b23dckh002lvitanh/s3-origin/S3/Guibourtia coleosperma/dọc/Guibourtia coleosperma_3253.9 (24).png,Guibourtia coleosperma,Guibourtia,coleosperma,dọc
/kaggle/input/datasets/b23dckh002lvitanh/s3-origin/S3/Guibourtia coleosperma/dọc/Guibourtia coleosperma_3253.8 (32).png,Guibourtia coleosperma,Guibourtia,coleosperma,dọc
/kaggle/input/datasets/b23dckh002lvitanh/s3-origin/S3/Guibourtia coleosperma/dọc/Guibourtia coleosperma_3253.8 (5).png,Guibourtia coleosperma,Guibourtia,coleosperma,dọc
/kaggle/input/datasets/b23dckh002lvitanh/s3-origin/S3/Guibourtia coleosperma/dọc/Guibourtia coleosperma_3253.11 (26).png,Guibourtia coleosperma,Guibourtia,coleosperma,dọc
/kaggle/input/datasets/b23dckh002lvitanh/s3-origin/S3/Guibourtia coleosperma/dọc/Guibourtia coleosperma_3253.6 (15).png,Guibourtia coleosperma,Guibourtia,coleosperma,dọc
/kaggle/input/datasets/b23dckh002lvitanh/s3-origin/S3/Guibourtia coleosperma/dọc/Guibourtia coleosperma_3253.2 (19).png,Guibourtia coleosperma,Guibourtia,coleosperma,dọc
/kaggle/input/datasets/b23dckh002lvitanh/s3-origin/S3/Guibourtia coleosperma/dọc/Guibourtia coleosperma_3253.9 (27).png,Guibourtia coleosperma,Guibourtia,coleosperma,dọc
/kaggle/input/datasets/b23dckh002lvitanh/s3-origin/S3/Guibourtia coleosperma/dọc/Guibourtia coleosperma_3253.4 (28).png,Guibourtia coleosperma,Guibourtia,coleosperma,dọc
/kaggle/input/datasets/b23dckh002lvitanh/s3-origin/S3/Guibourtia coleosperma/dọc/Guibourtia coleosperma_3253.7 (34).png,Guibourtia coleosperma,Guibourtia,coleosperma,dọc
/kaggle/input/datasets/b23dckh002lvitanh/s3-origin/S3/Guibourtia coleosperma/dọc/Guibourtia coleosperma_3253.10 (6).png,Guibourtia coleosperma,Guibourtia,coleosperma,dọc
/kaggle/input/datasets/b23dckh002lvitanh/s3-origin/S3/Guibourtia coleosperma/dọc/Guibourtia coleosperma_3253.11 (30).png,Guibourtia coleosperma,Guibourtia,coleosperma,dọc
/kaggle/input/datasets/b23dckh002lvitanh/s3-origin/S3/Guibourtia coleosperma/dọc/Guibourtia coleosperma_3253.9 (10).png,Guibourtia coleosperma,Guibourtia,coleosperma,dọc
/kaggle/input/datasets/b23dckh002lvitanh/s3-origin/S3/Guibourtia coleosperma/dọc/Guibourtia coleosperma_3253.6 (24).png,Guibourtia coleosperma,Guibourtia,coleosperma,dọc
/kaggle/input/datasets/b23dckh002lvitanh/s3-origin/S3/Guibourtia coleosperma/dọc/Guibourtia coleosperma_3253.8 (27).png,Guibourtia coleosperma,Guibourtia,coleosperma,dọc
/kaggle/input/datasets/b23dckh002lvitanh/s3-origin/S3/Guibourtia coleosperma/dọc/Guibourtia coleosperma_3253.2 (18).png,Guibourtia coleosperma,Guibourtia,coleosperma,dọc
/kaggle/input/datasets/b23dckh002lvitanh/s3-origin/S3/Guibourtia coleosperma/dọc/Guibourtia coleosperma_3253.8 (8).png,Guibourtia coleosperma,Guibourtia,coleosperma,dọc
/kaggle/input/datasets/b23dckh002lvitanh/s3-origin/S3/Guibourtia coleosperma/dọc/Guibourtia coleosperma_3253.8 (7).png,Guibourtia coleosperma,Guibourtia,coleosperma,dọc
/kaggle/input/datasets/b23dckh002lvitanh/s3-origin/S3/Guibourtia coleosperma/dọc/Guibourtia coleosperma_3253.3 (27).png,Guibourtia coleosperma,Guibourtia,coleosperma,dọc
/kaggle/input/datasets/b23dckh002lvitanh/s3-origin/S3/Guibourtia coleosperma/dọc/Guibourtia coleosperma_3253.7 (20).png,Guibourtia coleosperma,Guibourtia,coleosperma,dọc
/kaggle/input/datasets/b23dckh002lvitanh/s3-origin/S3/Guibourtia coleosperma/dọc/Guibourtia coleosperma_3253.11 (33).png,Guibourtia coleosperma,Guibourtia,coleosperma,dọc
/kaggle/input/datasets/b23dckh002lvitanh/s3-origin/S3/Guibourtia coleosperma/dọc/Guibourtia coleosperma_3253.11 (34).png,Guibourtia coleosperma,Guibourtia,coleosperma,dọc
/kaggle/input/datasets/b23dckh002lvitanh/s3-origin/S3/Guibourtia coleosperma/dọc/Guibourtia coleosperma_3253.2 (16).png,Guibourtia coleosperma,Guibourtia,coleosperma,dọc
/kaggle/input/datasets/b23dckh002lvitanh/s3-origin/S3/Guibourtia coleosperma/dọc/Guibourtia coleosperma_3253.6 (21).png,Guibourtia coleosperma,Guibourtia,coleosperma,dọc
/kaggle/input/datasets/b23dckh002lvitanh/s3-origin/S3/Guibourtia coleosperma/dọc/Guibourtia coleosperma_3253.10 (12).png,Guibourtia coleosperma,Guibourtia,coleosperma,dọc
/kaggle/input/datasets/b23dckh002lvitanh/s3-origin/S3/Guibourtia coleosperma/dọc/Guibourtia coleosperma_3253.11 (28).png,Guibourtia coleosperma,Guibourtia,coleosperma,dọc
/kaggle/input/datasets/b23dckh002lvitanh/s3-origin/S3/Guibourtia coleosperma/dọc/Guibourtia coleosperma_3253.2 (4).png,Guibourtia coleosperma,Guibourtia,coleosperma,dọc
/kaggle/input/datasets/b23dckh002lvitanh/s3-origin/S3/Guibourtia coleosperma/dọc/Guibourtia coleosperma_3253.4 (21).png,Guibourtia coleosperma,Guibourtia,coleosperma,dọc
/kaggle/input/datasets/b23dckh002lvitanh/s3-origin/S3/Guibourtia coleosperma/dọc/Guibourtia coleosperma_3253.4 (17).png,Guibourtia coleosperma,Guibourtia,coleosperma,dọc
/kaggle/input/datasets/b23dckh002lvitanh/s3-origin/S3/Guibourtia coleosperma/dọc/Guibourtia coleosperma_3253.11 (7).png,Guibourtia coleosperma,Guibourtia,coleosperma,dọc
/kaggle/input/datasets/b23dckh002lvitanh/s3-origin/S3/Guibourtia coleosperma/dọc/Guibourtia coleosperma_3253.1 (11).png,Guibourtia coleosperma,Guibourtia,coleosperma,dọc
/kaggle/input/datasets/b23dckh002lvitanh/s3-origin/S3/Guibourtia coleosperma/dọc/Guibourtia coleosperma_3253.8 (20).png,Guibourtia coleosperma,Guibourtia,coleosperma,dọc
/kaggle/input/datasets/b23dckh002lvitanh/s3-origin/S3/Guibourtia coleosperma/dọc/Guibourtia coleosperma_3253.6 (7).png,Guibourtia coleosperma,Guibourtia,coleosperma,dọc
/kaggle/input/datasets/b23dckh002lvitanh/s3-origin/S3/Guibourtia coleosperma/dọc/Guibourtia coleosperma_3253.9 (36).png,Guibourtia coleosperma,Guibourtia,coleosperma,dọc
/kaggle/input/datasets/b23dckh002lvitanh/s3-origin/S3/Guibourtia coleosperma/dọc/Guibourtia coleosperma_3253.6 (22).png,Guibourtia coleosperma,Guibourtia,coleosperma,dọc
/kaggle/input/datasets/b23dckh002lvitanh/s3-origin/S3/Guibourtia coleosperma/dọc/Guibourtia coleosperma_3253.9 (13).png,Guibourtia coleosperma,Guibourtia,coleosperma,dọc
/kaggle/input/datasets/b23dckh002lvitanh/s3-origin/S3/Guibourtia coleosperma/dọc/Guibourtia coleosperma_3253.4 (27).png,Guibourtia coleosperma,Guibourtia,coleosperma,dọc
/kaggle/input/datasets/b23dckh002lvitanh/s3-origin/S3/Guibourtia coleosperma/dọc/Guibourtia coleosperma_3253.2 (12).png,Guibourtia coleosperma,Guibourtia,coleosperma,dọc
/kaggle/input/datasets/b23dckh002lvitanh/s3-origin/S3/Guibourtia coleosperma/dọc/Guibourtia coleosperma_3253.8 (26).png,Guibourtia coleosperma,Guibourtia,coleosperma,dọc
/kaggle/input/datasets/b23dckh002lvitanh/s3-origin/S3/Guibourtia coleosperma/dọc/Guibourtia coleosperma_3253.6 (3).png,Guibourtia coleosperma,Guibourtia,coleosperma,dọc
/kaggle/input/datasets/b23dckh002lvitanh/s3-origin/S3/Guibourtia coleosperma/dọc/Guibourtia coleosperma_3253.3 (25).png,Guibourtia coleosperma,Guibourtia,coleosperma,dọc
/kaggle/input/datasets/b23dckh002lvitanh/s3-origin/S3/Guibourtia coleosperma/dọc/Guibourtia coleosperma_3253.1 (8).png,Guibourtia coleosperma,Guibourtia,coleosperma,dọc
/kaggle/input/datasets/b23dckh002lvitanh/s3-origin/S3/Guibourtia coleosperma/dọc/Guibourtia coleosperma_3253.1 (19).png,Guibourtia coleosperma,Guibourtia,coleosperma,dọc
/kaggle/input/datasets/b23dckh002lvitanh/s3-origin/S3/Guibourtia coleosperma/dọc/Guibourtia coleosperma_3253.7 (4).png,Guibourtia coleosperma,Guibourtia,coleosperma,dọc
/kaggle/input/datasets/b23dckh002lvitanh/s3-origin/S3/Guibourtia coleosperma/dọc/Guibourtia coleosperma_3253.7 (33).png,Guibourtia coleosperma,Guibourtia,coleosperma,dọc
/kaggle/input/datasets/b23dckh002lvitanh/s3-origin/S3/Guibourtia coleosperma/dọc/Guibourtia coleosperma_3253.7 (12).png,Guibourtia coleosperma,Guibourtia,coleosperma,dọc
/kaggle/input/datasets/b23dckh002lvitanh/s3-origin/S3/Guibourtia coleosperma/dọc/Guibourtia coleosperma_3253.11 (14).png,Guibourtia coleosperma,Guibourtia,coleosperma,dọc
/kaggle/input/datasets/b23dckh002lvitanh/s3-origin/S3/Guibourtia coleosperma/dọc/Guibourtia coleosperma_3253.7 (17).png,Guibourtia coleosperma,Guibourtia,coleosperma,dọc
/kaggle/input/datasets/b23dckh002lvitanh/s3-origin/S3/Guibourtia coleosperma/dọc/Guibourtia coleosperma_3253.10 (24).png,Guibourtia coleosperma,Guibourtia,coleosperma,dọc
/kaggle/input/datasets/b23dckh002lvitanh/s3-origin/S3/Guibourtia coleosperma/dọc/Guibourtia coleosperma_3253.6 (30).png,Guibourtia coleosperma,Guibourtia,coleosperma,dọc
/kaggle/input/datasets/b23dckh002lvitanh/s3-origin/S3/Guibourtia coleosperma/dọc/Guibourtia coleosperma_3253.4 (24).png,Guibourtia coleosperma,Guibourtia,coleosperma,dọc
/kaggle/input/datasets/b23dckh002lvitanh/s3-origin/S3/Guibourtia coleosperma/dọc/Guibourtia coleosperma_3253.9 (31).png,Guibourtia coleosperma,Guibourtia,coleosperma,dọc
/kaggle/input/datasets/b23dckh002lvitanh/s3-origin/S3/Guibourtia coleosperma/dọc/Guibourtia coleosperma_3253.8 (36).png,Guibourtia coleosperma,Guibourtia,coleosperma,dọc
/kaggle/input/datasets/b23dckh002lvitanh/s3-origin/S3/Guibourtia coleosperma/dọc/Guibourtia coleosperma_3253.2 (10).png,Guibourtia coleosperma,Guibourtia,coleosperma,dọc
/kaggle/input/datasets/b23dckh002lvitanh/s3-origin/S3/Guibourtia coleosperma/dọc/Guibourtia coleosperma_3253.3 (23).png,Guibourtia coleosperma,Guibourtia,coleosperma,dọc
/kaggle/input/datasets/b23dckh002lvitanh/s3-origin/S3/Guibourtia coleosperma/dọc/Guibourtia coleosperma_3253.10 (9).png,Guibourtia coleosperma,Guibourtia,coleosperma,dọc
/kaggle/input/datasets/b23dckh002lvitanh/s3-origin/S3/Guibourtia coleosperma/dọc/Guibourtia coleosperma_3253.4 (1).png,Guibourtia coleosperma,Guibourtia,coleosperma,dọc
/kaggle/input/datasets/b23dckh002lvitanh/s3-origin/S3/Guibourtia coleosperma/dọc/Guibourtia coleosperma_3253.3 (15).png,Guibourtia coleosperma,Guibourtia,coleosperma,dọc
/kaggle/input/datasets/b23dckh002lvitanh/s3-origin/S3/Guibourtia coleosperma/dọc/Guibourtia coleosperma_3253.6 (11).png,Guibourtia coleosperma,Guibourtia,coleosperma,dọc
/kaggle/input/datasets/b23dckh002lvitanh/s3-origin/S3/Guibourtia coleosperma/dọc/Guibourtia coleosperma_3253.11 (36).png,Guibourtia coleosperma,Guibourtia,coleosperma,dọc
/kaggle/input/datasets/b23dckh002lvitanh/s3-origin/S3/Guibourtia coleosperma/dọc/Guibourtia coleosperma_3253.7 (5).png,Guibourtia coleosperma,Guibourtia,coleosperma,dọc
/kaggle/input/datasets/b23dckh002lvitanh/s3-origin/S3/Guibourtia coleosperma/dọc/Guibourtia coleosperma_3253.3 (10).png,Guibourtia coleosperma,Guibourtia,coleosperma,dọc
/kaggle/input/datasets/b23dckh002lvitanh/s3-origin/S3/Guibourtia coleosperma/dọc/Guibourtia coleosperma_3253.1 (24).png,Guibourtia coleosperma,Guibourtia,coleosperma,dọc
/kaggle/input/datasets/b23dckh002lvitanh/s3-origin/S3/Guibourtia coleosperma/dọc/Guibourtia coleosperma_3253.1 (14).png,Guibourtia coleosperma,Guibourtia,coleosperma,dọc
/kaggle/input/datasets/b23dckh002lvitanh/s3-origin/S3/Guibourtia coleosperma/dọc/Guibourtia coleosperma_3253.9 (26).png,Guibourtia coleosperma,Guibourtia,coleosperma,dọc
/kaggle/input/datasets/b23dckh002lvitanh/s3-origin/S3/Guibourtia coleosperma/dọc/Guibourtia coleosperma_3253.7 (21).png,Guibourtia coleosperma,Guibourtia,coleosperma,dọc
/kaggle/input/datasets/b23dckh002lvitanh/s3-origin/S3/Guibourtia coleosperma/dọc/Guibourtia coleosperma_3253.7 (24).png,Guibourtia coleosperma,Guibourtia,coleosperma,dọc
/kaggle/input/datasets/b23dckh002lvitanh/s3-origin/S3/Guibourtia coleosperma/dọc/Guibourtia coleosperma_3253.4 (9).png,Guibourtia coleosperma,Guibourtia,coleosperma,dọc
/kaggle/input/datasets/b23dckh002lvitanh/s3-origin/S3/Guibourtia coleosperma/dọc/Guibourtia coleosperma_3253.11 (18).png,Guibourtia coleosperma,Guibourtia,coleosperma,dọc
/kaggle/input/datasets/b23dckh002lvitanh/s3-origin/S3/Guibourtia coleosperma/dọc/Guibourtia coleosperma_3253.11 (25).png,Guibourtia coleosperma,Guibourtia,coleosperma,dọc
/kaggle/input/datasets/b23dckh002lvitanh/s3-origin/S3/Guibourtia coleosperma/dọc/Guibourtia coleosperma_3253.4 (20).png,Guibourtia coleosperma,Guibourtia,coleosperma,dọc
/kaggle/input/datasets/b23dckh002lvitanh/s3-origin/S3/Guibourtia coleosperma/dọc/Guibourtia coleosperma_3253.10 (7).png,Guibourtia coleosperma,Guibourtia,coleosperma,dọc
/kaggle/input/datasets/b23dckh002lvitanh/s3-origin/S3/Guibourtia coleosperma/dọc/Guibourtia coleosperma_3253.10 (34).png,Guibourtia coleosperma,Guibourtia,coleosperma,dọc
/kaggle/input/datasets/b23dckh002lvitanh/s3-origin/S3/Guibourtia coleosperma/dọc/Guibourtia coleosperma_3253.7 (13).png,Guibourtia coleosperma,Guibourtia,coleosperma,dọc
/kaggle/input/datasets/b23dckh002lvitanh/s3-origin/S3/Guibourtia coleosperma/dọc/Guibourtia coleosperma_3253.11 (27).png,Guibourtia coleosperma,Guibourtia,coleosperma,dọc
/kaggle/input/datasets/b23dckh002lvitanh/s3-origin/S3/Guibourtia coleosperma/dọc/Guibourtia coleosperma_3253.9 (29).png,Guibourtia coleosperma,Guibourtia,coleosperma,dọc
/kaggle/input/datasets/b23dckh002lvitanh/s3-origin/S3/Guibourtia coleosperma/dọc/Guibourtia coleosperma_3253.9 (17).png,Guibourtia coleosperma,Guibourtia,coleosperma,dọc
/kaggle/input/datasets/b23dckh002lvitanh/s3-origin/S3/Guibourtia coleosperma/dọc/Guibourtia coleosperma_3253.10 (2).png,Guibourtia coleosperma,Guibourtia,coleosperma,dọc
/kaggle/input/datasets/b23dckh002lvitanh/s3-origin/S3/Guibourtia coleosperma/dọc/Guibourtia coleosperma_3253.11 (21).png,Guibourtia coleosperma,Guibourtia,coleosperma,dọc
/kaggle/input/datasets/b23dckh002lvitanh/s3-origin/S3/Guibourtia coleosperma/dọc/Guibourtia coleosperma_3253.3 (19).png,Guibourtia coleosperma,Guibourtia,coleosperma,dọc
/kaggle/input/datasets/b23dckh002lvitanh/s3-origin/S3/Guibourtia coleosperma/dọc/Guibourtia coleosperma_3253.7 (9).png,Guibourtia coleosperma,Guibourtia,coleosperma,dọc
/kaggle/input/datasets/b23dckh002lvitanh/s3-origin/S3/Guibourtia coleosperma/dọc/Guibourtia coleosperma_3253.6 (8).png,Guibourtia coleosperma,Guibourtia,coleosperma,dọc
/kaggle/input/datasets/b23dckh002lvitanh/s3-origin/S3/Guibourtia coleosperma/dọc/Guibourtia coleosperma_3253.6 (2).png,Guibourtia coleosperma,Guibourtia,coleosperma,dọc
/kaggle/input/datasets/b23dckh002lvitanh/s3-origin/S3/Guibourtia coleosperma/dọc/Guibourtia coleosperma_3253.2 (26).png,Guibourtia coleosperma,Guibourtia,coleosperma,dọc
/kaggle/input/datasets/b23dckh002lvitanh/s3-origin/S3/Guibourtia coleosperma/dọc/Guibourtia coleosperma_3253.9 (32).png,Guibourtia coleosperma,Guibourtia,coleosperma,dọc
/kaggle/input/datasets/b23dckh002lvitanh/s3-origin/S3/Guibourtia coleosperma/dọc/Guibourtia coleosperma_3253.4 (14).png,Guibourtia coleosperma,Guibourtia,coleosperma,dọc
/kaggle/input/datasets/b23dckh002lvitanh/s3-origin/S3/Guibourtia coleosperma/dọc/Guibourtia coleosperma_3253.7 (23).png,Guibourtia coleosperma,Guibourtia,coleosperma,dọc
/kaggle/input/datasets/b23dckh002lvitanh/s3-origin/S3/Guibourtia coleosperma/dọc/Guibourtia coleosperma_3253.2 (27).png,Guibourtia coleosperma,Guibourtia,coleosperma,dọc
/kaggle/input/datasets/b23dckh002lvitanh/s3-origin/S3/Guibourtia coleosperma/dọc/Guibourtia coleosperma_3253.7 (2).png,Guibourtia coleosperma,Guibourtia,coleosperma,dọc
/kaggle/input/datasets/b23dckh002lvitanh/s3-origin/S3/Guibourtia coleosperma/dọc/Guibourtia coleosperma_3253.7 (3).png,Guibourtia coleosperma,Guibourtia,coleosperma,dọc
/kaggle/input/datasets/b23dckh002lvitanh/s3-origin/S3/Guibourtia coleosperma/dọc/Guibourtia coleosperma_3253.3 (34).png,Guibourtia coleosperma,Guibourtia,coleosperma,dọc
/kaggle/input/datasets/b23dckh002lvitanh/s3-origin/S3/Guibourtia coleosperma/dọc/Guibourtia coleosperma_3253.1 (18).png,Guibourtia coleosperma,Guibourtia,coleosperma,dọc
/kaggle/input/datasets/b23dckh002lvitanh/s3-origin/S3/Guibourtia coleosperma/dọc/Guibourtia coleosperma_3253.6 (19).png,Guibourtia coleosperma,Guibourtia,coleosperma,dọc
/kaggle/input/datasets/b23dckh002lvitanh/s3-origin/S3/Guibourtia coleosperma/dọc/Guibourtia coleosperma_3253.4 (19).png,Guibourtia coleosperma,Guibourtia,coleosperma,dọc
/kaggle/input/datasets/b23dckh002lvitanh/s3-origin/S3/Guibourtia coleosperma/dọc/Guibourtia coleosperma_3253.11 (3).png,Guibourtia coleosperma,Guibourtia,coleosperma,dọc
/kaggle/input/datasets/b23dckh002lvitanh/s3-origin/S3/Guibourtia coleosperma/dọc/Guibourtia coleosperma_3253.10 (36).png,Guibourtia coleosperma,Guibourtia,coleosperma,dọc
/kaggle/input/datasets/b23dckh002lvitanh/s3-origin/S3/Guibourtia coleosperma/dọc/Guibourtia coleosperma_3253.9 (3).png,Guibourtia coleosperma,Guibourtia,coleosperma,dọc
/kaggle/input/datasets/b23dckh002lvitanh/s3-origin/S3/Guibourtia coleosperma/dọc/Guibourtia coleosperma_3253.8 (24).png,Guibourtia coleosperma,Guibourtia,coleosperma,dọc
/kaggle/input/datasets/b23dckh002lvitanh/s3-origin/S3/Guibourtia coleosperma/dọc/Guibourtia coleosperma_3253.6 (33).png,Guibourtia coleosperma,Guibourtia,coleosperma,dọc
/kaggle/input/datasets/b23dckh002lvitanh/s3-origin/S3/Guibourtia coleosperma/dọc/Guibourtia coleosperma_3253.3 (20).png,Guibourtia coleosperma,Guibourtia,coleosperma,dọc
/kaggle/input/datasets/b23dckh002lvitanh/s3-origin/S3/Guibourtia coleosperma/dọc/Guibourtia coleosperma_3253.10 (28).png,Guibourtia coleosperma,Guibourtia,coleosperma,dọc
/kaggle/input/datasets/b23dckh002lvitanh/s3-origin/S3/Guibourtia coleosperma/dọc/Guibourtia coleosperma_3253.6 (20).png,Guibourtia coleosperma,Guibourtia,coleosperma,dọc
/kaggle/input/datasets/b23dckh002lvitanh/s3-origin/S3/Guibourtia coleosperma/dọc/Guibourtia coleosperma_3253.1 (9).png,Guibourtia coleosperma,Guibourtia,coleosperma,dọc
/kaggle/input/datasets/b23dckh002lvitanh/s3-origin/S3/Guibourtia coleosperma/dọc/Guibourtia coleosperma_3253.8 (35).png,Guibourtia coleosperma,Guibourtia,coleosperma,dọc
/kaggle/input/datasets/b23dckh002lvitanh/s3-origin/S3/Guibourtia coleosperma/dọc/Guibourtia coleosperma_3253.2 (28).png,Guibourtia coleosperma,Guibourtia,coleosperma,dọc
/kaggle/input/datasets/b23dckh002lvitanh/s3-origin/S3/Guibourtia coleosperma/dọc/Guibourtia coleosperma_3253.2 (11).png,Guibourtia coleosperma,Guibourtia,coleosperma,dọc
/kaggle/input/datasets/b23dckh002lvitanh/s3-origin/S3/Guibourtia coleosperma/dọc/Guibourtia coleosperma_3253.11 (8).png,Guibourtia coleosperma,Guibourtia,coleosperma,dọc
/kaggle/input/datasets/b23dckh002lvitanh/s3-origin/S3/Guibourtia coleosperma/dọc/Guibourtia coleosperma_3253.2 (17).png,Guibourtia coleosperma,Guibourtia,coleosperma,dọc
/kaggle/input/datasets/b23dckh002lvitanh/s3-origin/S3/Guibourtia coleosperma/dọc/Guibourtia coleosperma_3253.1 (29).png,Guibourtia coleosperma,Guibourtia,coleosperma,dọc
/kaggle/input/datasets/b23dckh002lvitanh/s3-origin/S3/Guibourtia coleosperma/dọc/Guibourtia coleosperma_3253.11 (22).png,Guibourtia coleosperma,Guibourtia,coleosperma,dọc
/kaggle/input/datasets/b23dckh002lvitanh/s3-origin/S3/Guibourtia coleosperma/dọc/Guibourtia coleosperma_3253.3 (5).png,Guibourtia coleosperma,Guibourtia,coleosperma,dọc
/kaggle/input/datasets/b23dckh002lvitanh/s3-origin/S3/Guibourtia coleosperma/dọc/Guibourtia coleosperma_3253.4 (4).png,Guibourtia coleosperma,Guibourtia,coleosperma,dọc
/kaggle/input/datasets/b23dckh002lvitanh/s3-origin/S3/Guibourtia coleosperma/dọc/Guibourtia coleosperma_3253.3 (2).png,Guibourtia coleosperma,Guibourtia,coleosperma,dọc
/kaggle/input/datasets/b23dckh002lvitanh/s3-origin/S3/Guibourtia coleosperma/dọc/Guibourtia coleosperma_3253.10 (13).png,Guibourtia coleosperma,Guibourtia,coleosperma,dọc
/kaggle/input/datasets/b23dckh002lvitanh/s3-origin/S3/Guibourtia coleosperma/dọc/Guibourtia coleosperma_3253.1 (15).png,Guibourtia coleosperma,Guibourtia,coleosperma,dọc
/kaggle/input/datasets/b23dckh002lvitanh/s3-origin/S3/Guibourtia coleosperma/dọc/Guibourtia coleosperma_3253.4 (3).png,Guibourtia coleosperma,Guibourtia,coleosperma,dọc
/kaggle/input/datasets/b23dckh002lvitanh/s3-origin/S3/Guibourtia coleosperma/dọc/Guibourtia coleosperma_3253.1 (22).png,Guibourtia coleosperma,Guibourtia,coleosperma,dọc
/kaggle/input/datasets/b23dckh002lvitanh/s3-origin/S3/Guibourtia coleosperma/dọc/Guibourtia coleosperma_3253.10 (22).png,Guibourtia coleosperma,Guibourtia,coleosperma,dọc
/kaggle/input/datasets/b23dckh002lvitanh/s3-origin/S3/Guibourtia coleosperma/dọc/Guibourtia coleosperma_3253.4 (8).png,Guibourtia coleosperma,Guibourtia,coleosperma,dọc
/kaggle/input/datasets/b23dckh002lvitanh/s3-origin/S3/Guibourtia coleosperma/dọc/Guibourtia coleosperma_3253.10 (17).png,Guibourtia coleosperma,Guibourtia,coleosperma,dọc
/kaggle/input/datasets/b23dckh002lvitanh/s3-origin/S3/Guibourtia coleosperma/dọc/Guibourtia coleosperma_3253.2 (30).png,Guibourtia coleosperma,Guibourtia,coleosperma,dọc
/kaggle/input/datasets/b23dckh002lvitanh/s3-origin/S3/Guibourtia coleosperma/dọc/Guibourtia coleosperma_3253.2 (6).png,Guibourtia coleosperma,Guibourtia,coleosperma,dọc
/kaggle/input/datasets/b23dckh002lvitanh/s3-origin/S3/Guibourtia coleosperma/dọc/Guibourtia coleosperma_3253.1 (27).png,Guibourtia coleosperma,Guibourtia,coleosperma,dọc
/kaggle/input/datasets/b23dckh002lvitanh/s3-origin/S3/Guibourtia coleosperma/dọc/Guibourtia coleosperma_3253.10 (16).png,Guibourtia coleosperma,Guibourtia,coleosperma,dọc
/kaggle/input/datasets/b23dckh002lvitanh/s3-origin/S3/Guibourtia coleosperma/dọc/Guibourtia coleosperma_3253.7 (6).png,Guibourtia coleosperma,Guibourtia,coleosperma,dọc
/kaggle/input/datasets/b23dckh002lvitanh/s3-origin/S3/Guibourtia coleosperma/dọc/Guibourtia coleosperma_3253.1 (35).png,Guibourtia coleosperma,Guibourtia,coleosperma,dọc
/kaggle/input/datasets/b23dckh002lvitanh/s3-origin/S3/Guibourtia coleosperma/dọc/Guibourtia coleosperma_3253.2 (23).png,Guibourtia coleosperma,Guibourtia,coleosperma,dọc
/kaggle/input/datasets/b23dckh002lvitanh/s3-origin/S3/Guibourtia coleosperma/dọc/Guibourtia coleosperma_3253.9 (35).png,Guibourtia coleosperma,Guibourtia,coleosperma,dọc
/kaggle/input/datasets/b23dckh002lvitanh/s3-origin/S3/Guibourtia coleosperma/dọc/Guibourtia coleosperma_3253.2 (13).png,Guibourtia coleosperma,Guibourtia,coleosperma,dọc
/kaggle/input/datasets/b23dckh002lvitanh/s3-origin/S3/Guibourtia coleosperma/dọc/Guibourtia coleosperma_3253.9 (23).png,Guibourtia coleosperma,Guibourtia,coleosperma,dọc
/kaggle/input/datasets/b23dckh002lvitanh/s3-origin/S3/Guibourtia coleosperma/dọc/Guibourtia coleosperma_3253.10 (20).png,Guibourtia coleosperma,Guibourtia,coleosperma,dọc
/kaggle/input/datasets/b23dckh002lvitanh/s3-origin/S3/Guibourtia coleosperma/dọc/Guibourtia coleosperma_3253.7 (1).png,Guibourtia coleosperma,Guibourtia,coleosperma,dọc
/kaggle/input/datasets/b23dckh002lvitanh/s3-origin/S3/Guibourtia coleosperma/dọc/Guibourtia coleosperma_3253.6 (13).png,Guibourtia coleosperma,Guibourtia,coleosperma,dọc
/kaggle/input/datasets/b23dckh002lvitanh/s3-origin/S3/Guibourtia coleosperma/dọc/Guibourtia coleosperma_3253.4 (29).png,Guibourtia coleosperma,Guibourtia,coleosperma,dọc
/kaggle/input/datasets/b23dckh002lvitanh/s3-origin/S3/Guibourtia coleosperma/dọc/Guibourtia coleosperma_3253.4 (36).png,Guibourtia coleosperma,Guibourtia,coleosperma,dọc
/kaggle/input/datasets/b23dckh002lvitanh/s3-origin/S3/Guibourtia coleosperma/dọc/Guibourtia coleosperma_3253.7 (29).png,Guibourtia coleosperma,Guibourtia,coleosperma,dọc
/kaggle/input/datasets/b23dckh002lvitanh/s3-origin/S3/Guibourtia coleosperma/dọc/Guibourtia coleosperma_3253.11 (2).png,Guibourtia coleosperma,Guibourtia,coleosperma,dọc
/kaggle/input/datasets/b23dckh002lvitanh/s3-origin/S3/Guibourtia coleosperma/dọc/Guibourtia coleosperma_3253.6 (5).png,Guibourtia coleosperma,Guibourtia,coleosperma,dọc
/kaggle/input/datasets/b23dckh002lvitanh/s3-origin/S3/Guibourtia coleosperma/dọc/Guibourtia coleosperma_3253.11 (12).png,Guibourtia coleosperma,Guibourtia,coleosperma,dọc
/kaggle/input/datasets/b23dckh002lvitanh/s3-origin/S3/Guibourtia coleosperma/dọc/Guibourtia coleosperma_3253.1 (34).png,Guibourtia coleosperma,Guibourtia,coleosperma,dọc
/kaggle/input/datasets/b23dckh002lvitanh/s3-origin/S3/Guibourtia coleosperma/dọc/Guibourtia coleosperma_3253.1 (26).png,Guibourtia coleosperma,Guibourtia,coleosperma,dọc
/kaggle/input/datasets/b23dckh002lvitanh/s3-origin/S3/Guibourtia coleosperma/dọc/Guibourtia coleosperma_3253.4 (10).png,Guibourtia coleosperma,Guibourtia,coleosperma,dọc
/kaggle/input/datasets/b23dckh002lvitanh/s3-origin/S3/Guibourtia coleosperma/dọc/Guibourtia coleosperma_3253.2 (22).png,Guibourtia coleosperma,Guibourtia,coleosperma,dọc
/kaggle/input/datasets/b23dckh002lvitanh/s3-origin/S3/Guibourtia coleosperma/dọc/Guibourtia coleosperma_3253.1 (21).png,Guibourtia coleosperma,Guibourtia,coleosperma,dọc
/kaggle/input/datasets/b23dckh002lvitanh/s3-origin/S3/Guibourtia coleosperma/dọc/Guibourtia coleosperma_3253.3 (6).png,Guibourtia coleosperma,Guibourtia,coleosperma,dọc
/kaggle/input/datasets/b23dckh002lvitanh/s3-origin/S3/Guibourtia coleosperma/dọc/Guibourtia coleosperma_3253.6 (1).png,Guibourtia coleosperma,Guibourtia,coleosperma,dọc
/kaggle/input/datasets/b23dckh002lvitanh/s3-origin/S3/Guibourtia coleosperma/dọc/Guibourtia coleosperma_3253.11 (10).png,Guibourtia coleosperma,Guibourtia,coleosperma,dọc
/kaggle/input/datasets/b23dckh002lvitanh/s3-origin/S3/Guibourtia coleosperma/dọc/Guibourtia coleosperma_3253.8 (31).png,Guibourtia coleosperma,Guibourtia,coleosperma,dọc
/kaggle/input/datasets/b23dckh002lvitanh/s3-origin/S3/Guibourtia coleosperma/dọc/Guibourtia coleosperma_3253.9 (25).png,Guibourtia coleosperma,Guibourtia,coleosperma,dọc
/kaggle/input/datasets/b23dckh002lvitanh/s3-origin/S3/Guibourtia coleosperma/dọc/Guibourtia coleosperma_3253.7 (28).png,Guibourtia coleosperma,Guibourtia,coleosperma,dọc
/kaggle/input/datasets/b23dckh002lvitanh/s3-origin/S3/Guibourtia coleosperma/dọc/Guibourtia coleosperma_3253.11 (4).png,Guibourtia coleosperma,Guibourtia,coleosperma,dọc
/kaggle/input/datasets/b23dckh002lvitanh/s3-origin/S3/Guibourtia coleosperma/dọc/Guibourtia coleosperma_3253.2 (14).png,Guibourtia coleosperma,Guibourtia,coleosperma,dọc
/kaggle/input/datasets/b23dckh002lvitanh/s3-origin/S3/Guibourtia coleosperma/dọc/Guibourtia coleosperma_3253.3 (33).png,Guibourtia coleosperma,Guibourtia,coleosperma,dọc
/kaggle/input/datasets/b23dckh002lvitanh/s3-origin/S3/Guibourtia coleosperma/dọc/Guibourtia coleosperma_3253.11 (29).png,Guibourtia coleosperma,Guibourtia,coleosperma,dọc
/kaggle/input/datasets/b23dckh002lvitanh/s3-origin/S3/Guibourtia coleosperma/dọc/Guibourtia coleosperma_3253.10 (8).png,Guibourtia coleosperma,Guibourtia,coleosperma,dọc
/kaggle/input/datasets/b23dckh002lvitanh/s3-origin/S3/Guibourtia coleosperma/dọc/Guibourtia coleosperma_3253.3 (29).png,Guibourtia coleosperma,Guibourtia,coleosperma,dọc
/kaggle/input/datasets/b23dckh002lvitanh/s3-origin/S3/Guibourtia coleosperma/dọc/Guibourtia coleosperma_3253.2 (36).png,Guibourtia coleosperma,Guibourtia,coleosperma,dọc
/kaggle/input/datasets/b23dckh002lvitanh/s3-origin/S3/Guibourtia coleosperma/dọc/Guibourtia coleosperma_3253.4 (35).png,Guibourtia coleosperma,Guibourtia,coleosperma,dọc
/kaggle/input/datasets/b23dckh002lvitanh/s3-origin/S3/Guibourtia coleosperma/dọc/Guibourtia coleosperma_3253.10 (29).png,Guibourtia coleosperma,Guibourtia,coleosperma,dọc
/kaggle/input/datasets/b23dckh002lvitanh/s3-origin/S3/Guibourtia coleosperma/dọc/Guibourtia coleosperma_3253.1 (20).png,Guibourtia coleosperma,Guibourtia,coleosperma,dọc
/kaggle/input/datasets/b23dckh002lvitanh/s3-origin/S3/Guibourtia coleosperma/dọc/Guibourtia coleosperma_3253.3 (22).png,Guibourtia coleosperma,Guibourtia,coleosperma,dọc
/kaggle/input/datasets/b23dckh002lvitanh/s3-origin/S3/Guibourtia coleosperma/dọc/Guibourtia coleosperma_3253.6 (27).png,Guibourtia coleosperma,Guibourtia,coleosperma,dọc
/kaggle/input/datasets/b23dckh002lvitanh/s3-origin/S3/Guibourtia coleosperma/dọc/Guibourtia coleosperma_3253.2 (31).png,Guibourtia coleosperma,Guibourtia,coleosperma,dọc
/kaggle/input/datasets/b23dckh002lvitanh/s3-origin/S3/Guibourtia coleosperma/dọc/Guibourtia coleosperma_3253.3 (36).png,Guibourtia coleosperma,Guibourtia,coleosperma,dọc
/kaggle/input/datasets/b23dckh002lvitanh/s3-origin/S3/Guibourtia coleosperma/dọc/Guibourtia coleosperma_3253.8 (22).png,Guibourtia coleosperma,Guibourtia,coleosperma,dọc
/kaggle/input/datasets/b23dckh002lvitanh/s3-origin/S3/Guibourtia coleosperma/dọc/Guibourtia coleosperma_3253.6 (35).png,Guibourtia coleosperma,Guibourtia,coleosperma,dọc
/kaggle/input/datasets/b23dckh002lvitanh/s3-origin/S3/Guibourtia coleosperma/dọc/Guibourtia coleosperma_3253.1 (12).png,Guibourtia coleosperma,Guibourtia,coleosperma,dọc
/kaggle/input/datasets/b23dckh002lvitanh/s3-origin/S3/Guibourtia coleosperma/dọc/Guibourtia coleosperma_3253.6 (28).png,Guibourtia coleosperma,Guibourtia,coleosperma,dọc
/kaggle/input/datasets/b23dckh002lvitanh/s3-origin/S3/Guibourtia coleosperma/dọc/Guibourtia coleosperma_3253.1 (5).png,Guibourtia coleosperma,Guibourtia,coleosperma,dọc
/kaggle/input/datasets/b23dckh002lvitanh/s3-origin/S3/Guibourtia coleosperma/dọc/Guibourtia coleosperma_3253.1 (31).png,Guibourtia coleosperma,Guibourtia,coleosperma,dọc
/kaggle/input/datasets/b23dckh002lvitanh/s3-origin/S3/Guibourtia coleosperma/dọc/Guibourtia coleosperma_3253.2 (32).png,Guibourtia coleosperma,Guibourtia,coleosperma,dọc
/kaggle/input/datasets/b23dckh002lvitanh/s3-origin/S3/Guibourtia coleosperma/dọc/Guibourtia coleosperma_3253.10 (4).png,Guibourtia coleosperma,Guibourtia,coleosperma,dọc
/kaggle/input/datasets/b23dckh002lvitanh/s3-origin/S3/Guibourtia coleosperma/dọc/Guibourtia coleosperma_3253.11 (35).png,Guibourtia coleosperma,Guibourtia,coleosperma,dọc
/kaggle/input/datasets/b23dckh002lvitanh/s3-origin/S3/Guibourtia coleosperma/dọc/Guibourtia coleosperma_3253.6 (10).png,Guibourtia coleosperma,Guibourtia,coleosperma,dọc
/kaggle/input/datasets/b23dckh002lvitanh/s3-origin/S3/Guibourtia coleosperma/dọc/Guibourtia coleosperma_3253.11 (11).png,Guibourtia coleosperma,Guibourtia,coleosperma,dọc
/kaggle/input/datasets/b23dckh002lvitanh/s3-origin/S3/Guibourtia coleosperma/dọc/Guibourtia coleosperma_3253.7 (10).png,Guibourtia coleosperma,Guibourtia,coleosperma,dọc
/kaggle/input/datasets/b23dckh002lvitanh/s3-origin/S3/Guibourtia coleosperma/dọc/Guibourtia coleosperma_3253.2 (9).png,Guibourtia coleosperma,Guibourtia,coleosperma,dọc
/kaggle/input/datasets/b23dckh002lvitanh/s3-origin/S3/Guibourtia coleosperma/dọc/Guibourtia coleosperma_3253.4 (25).png,Guibourtia coleosperma,Guibourtia,coleosperma,dọc
/kaggle/input/datasets/b23dckh002lvitanh/s3-origin/S3/Guibourtia coleosperma/dọc/Guibourtia coleosperma_3253.11 (15).png,Guibourtia coleosperma,Guibourtia,coleosperma,dọc
/kaggle/input/datasets/b23dckh002lvitanh/s3-origin/S3/Guibourtia coleosperma/dọc/Guibourtia coleosperma_3253.10 (11).png,Guibourtia coleosperma,Guibourtia,coleosperma,dọc
/kaggle/input/datasets/b23dckh002lvitanh/s3-origin/S3/Guibourtia coleosperma/dọc/Guibourtia coleosperma_3253.1 (30).png,Guibourtia coleosperma,Guibourtia,coleosperma,dọc
/kaggle/input/datasets/b23dckh002lvitanh/s3-origin/S3/Guibourtia coleosperma/dọc/Guibourtia coleosperma_3253.9 (33).png,Guibourtia coleosperma,Guibourtia,coleosperma,dọc
/kaggle/input/datasets/b23dckh002lvitanh/s3-origin/S3/Guibourtia coleosperma/dọc/Guibourtia coleosperma_3253.3 (26).png,Guibourtia coleosperma,Guibourtia,coleosperma,dọc
/kaggle/input/datasets/b23dckh002lvitanh/s3-origin/S3/Guibourtia coleosperma/dọc/Guibourtia coleosperma_3253.7 (30).png,Guibourtia coleosperma,Guibourtia,coleosperma,dọc
/kaggle/input/datasets/b23dckh002lvitanh/s3-origin/S3/Guibourtia coleosperma/dọc/Guibourtia coleosperma_3253.2 (25).png,Guibourtia coleosperma,Guibourtia,coleosperma,dọc
/kaggle/input/datasets/b23dckh002lvitanh/s3-origin/S3/Guibourtia coleosperma/dọc/Guibourtia coleosperma_3253.4 (2).png,Guibourtia coleosperma,Guibourtia,coleosperma,dọc
/kaggle/input/datasets/b23dckh002lvitanh/s3-origin/S3/Guibourtia coleosperma/dọc/Guibourtia coleosperma_3253.10 (30).png,Guibourtia coleosperma,Guibourtia,coleosperma,dọc
/kaggle/input/datasets/b23dckh002lvitanh/s3-origin/S3/Guibourtia coleosperma/dọc/Guibourtia coleosperma_3253.1 (32).png,Guibourtia coleosperma,Guibourtia,coleosperma,dọc
/kaggle/input/datasets/b23dckh002lvitanh/s3-origin/S3/Guibourtia coleosperma/dọc/Guibourtia coleosperma_3253.6 (17).png,Guibourtia coleosperma,Guibourtia,coleosperma,dọc
/kaggle/input/datasets/b23dckh002lvitanh/s3-origin/S3/Guibourtia coleosperma/dọc/Guibourtia coleosperma_3253.3 (14).png,Guibourtia coleosperma,Guibourtia,coleosperma,dọc
/kaggle/input/datasets/b23dckh002lvitanh/s3-origin/S3/Guibourtia coleosperma/dọc/Guibourtia coleosperma_3253.6 (18).png,Guibourtia coleosperma,Guibourtia,coleosperma,dọc
/kaggle/input/datasets/b23dckh002lvitanh/s3-origin/S3/Guibourtia coleosperma/dọc/Guibourtia coleosperma_3253.4 (33).png,Guibourtia coleosperma,Guibourtia,coleosperma,dọc
/kaggle/input/datasets/b23dckh002lvitanh/s3-origin/S3/Guibourtia coleosperma/dọc/Guibourtia coleosperma_3253.2 (24).png,Guibourtia coleosperma,Guibourtia,coleosperma,dọc
/kaggle/input/datasets/b23dckh002lvitanh/s3-origin/S3/Guibourtia coleosperma/dọc/Guibourtia coleosperma_3253.7 (26).png,Guibourtia coleosperma,Guibourtia,coleosperma,dọc
/kaggle/input/datasets/b23dckh002lvitanh/s3-origin/S3/Guibourtia coleosperma/dọc/Guibourtia coleosperma_3253.4 (18).png,Guibourtia coleosperma,Guibourtia,coleosperma,dọc
/kaggle/input/datasets/b23dckh002lvitanh/s3-origin/S3/Guibourtia coleosperma/dọc/Guibourtia coleosperma_3253.7 (27).png,Guibourtia coleosperma,Guibourtia,coleosperma,dọc
/kaggle/input/datasets/b23dckh002lvitanh/s3-origin/S3/Guibourtia coleosperma/dọc/Guibourtia coleosperma_3253.4 (6).png,Guibourtia coleosperma,Guibourtia,coleosperma,dọc
/kaggle/input/datasets/b23dckh002lvitanh/s3-origin/S3/Guibourtia coleosperma/dọc/Guibourtia coleosperma_3253.9 (11).png,Guibourtia coleosperma,Guibourtia,coleosperma,dọc
/kaggle/input/datasets/b23dckh002lvitanh/s3-origin/S3/Guibourtia coleosperma/dọc/Guibourtia coleosperma_3253.6 (31).png,Guibourtia coleosperma,Guibourtia,coleosperma,dọc
/kaggle/input/datasets/b23dckh002lvitanh/s3-origin/S3/Guibourtia coleosperma/dọc/Guibourtia coleosperma_3253.11 (6).png,Guibourtia coleosperma,Guibourtia,coleosperma,dọc
/kaggle/input/datasets/b23dckh002lvitanh/s3-origin/S3/Guibourtia coleosperma/dọc/Guibourtia coleosperma_3253.3 (1).png,Guibourtia coleosperma,Guibourtia,coleosperma,dọc
/kaggle/input/datasets/b23dckh002lvitanh/s3-origin/S3/Guibourtia coleosperma/dọc/Guibourtia coleosperma_3253.4 (32).png,Guibourtia coleosperma,Guibourtia,coleosperma,dọc
/kaggle/input/datasets/b23dckh002lvitanh/s3-origin/S3/Guibourtia coleosperma/dọc/Guibourtia coleosperma_3253.2 (20).png,Guibourtia coleosperma,Guibourtia,coleosperma,dọc
/kaggle/input/datasets/b23dckh002lvitanh/s3-origin/S3/Guibourtia coleosperma/dọc/Guibourtia coleosperma_3253.3 (24).png,Guibourtia coleosperma,Guibourtia,coleosperma,dọc
/kaggle/input/datasets/b23dckh002lvitanh/s3-origin/S3/Guibourtia coleosperma/dọc/Guibourtia coleosperma_3253.9 (7).png,Guibourtia coleosperma,Guibourtia,coleosperma,dọc
/kaggle/input/datasets/b23dckh002lvitanh/s3-origin/S3/Guibourtia coleosperma/dọc/Guibourtia coleosperma_3253.3 (30).png,Guibourtia coleosperma,Guibourtia,coleosperma,dọc
/kaggle/input/datasets/b23dckh002lvitanh/s3-origin/S3/Guibourtia coleosperma/dọc/Guibourtia coleosperma_3253.7 (11).png,Guibourtia coleosperma,Guibourtia,coleosperma,dọc
/kaggle/input/datasets/b23dckh002lvitanh/s3-origin/S3/Guibourtia coleosperma/dọc/Guibourtia coleosperma_3253.3 (9).png,Guibourtia coleosperma,Guibourtia,coleosperma,dọc
/kaggle/input/datasets/b23dckh002lvitanh/s3-origin/S3/Guibourtia coleosperma/dọc/Guibourtia coleosperma_3253.2 (15).png,Guibourtia coleosperma,Guibourtia,coleosperma,dọc
/kaggle/input/datasets/b23dckh002lvitanh/s3-origin/S3/Guibourtia coleosperma/dọc/Guibourtia coleosperma_3253.1 (17).png,Guibourtia coleosperma,Guibourtia,coleosperma,dọc
/kaggle/input/datasets/b23dckh002lvitanh/s3-origin/S3/Guibourtia coleosperma/dọc/Guibourtia coleosperma_3253.8 (28).png,Guibourtia coleosperma,Guibourtia,coleosperma,dọc
/kaggle/input/datasets/b23dckh002lvitanh/s3-origin/S3/Guibourtia coleosperma/dọc/Guibourtia coleosperma_3253.2 (34).png,Guibourtia coleosperma,Guibourtia,coleosperma,dọc
/kaggle/input/datasets/b23dckh002lvitanh/s3-origin/S3/Guibourtia coleosperma/dọc/Guibourtia coleosperma_3253.1 (25).png,Guibourtia coleosperma,Guibourtia,coleosperma,dọc
/kaggle/input/datasets/b23dckh002lvitanh/s3-origin/S3/Guibourtia coleosperma/dọc/Guibourtia coleosperma_3253.8 (9).png,Guibourtia coleosperma,Guibourtia,coleosperma,dọc
/kaggle/input/datasets/b23dckh002lvitanh/s3-origin/S3/Guibourtia coleosperma/dọc/Guibourtia coleosperma_3253.11 (24).png,Guibourtia coleosperma,Guibourtia,coleosperma,dọc
/kaggle/input/datasets/b23dckh002lvitanh/s3-origin/S3/Guibourtia coleosperma/dọc/Guibourtia coleosperma_3253.11 (17).png,Guibourtia coleosperma,Guibourtia,coleosperma,dọc
/kaggle/input/datasets/b23dckh002lvitanh/s3-origin/S3/Guibourtia coleosperma/dọc/Guibourtia coleosperma_3253.7 (15).png,Guibourtia coleosperma,Guibourtia,coleosperma,dọc
/kaggle/input/datasets/b23dckh002lvitanh/s3-origin/S3/Guibourtia coleosperma/dọc/Guibourtia coleosperma_3253.3 (13).png,Guibourtia coleosperma,Guibourtia,coleosperma,dọc
/kaggle/input/datasets/b23dckh002lvitanh/s3-origin/S3/Guibourtia coleosperma/dọc/Guibourtia coleosperma_3253.3 (35).png,Guibourtia coleosperma,Guibourtia,coleosperma,dọc
/kaggle/input/datasets/b23dckh002lvitanh/s3-origin/S3/Guibourtia coleosperma/dọc/Guibourtia coleosperma_3253.11 (32).png,Guibourtia coleosperma,Guibourtia,coleosperma,dọc
/kaggle/input/datasets/b23dckh002lvitanh/s3-origin/S3/Guibourtia coleosperma/dọc/Guibourtia coleosperma_3253.6 (32).png,Guibourtia coleosperma,Guibourtia,coleosperma,dọc
/kaggle/input/datasets/b23dckh002lvitanh/s3-origin/S3/Guibourtia coleosperma/dọc/Guibourtia coleosperma_3253.2 (8).png,Guibourtia coleosperma,Guibourtia,coleosperma,dọc
/kaggle/input/datasets/b23dckh002lvitanh/s3-origin/S3/Guibourtia coleosperma/dọc/Guibourtia coleosperma_3253.1 (1).png,Guibourtia coleosperma,Guibourtia,coleosperma,dọc
/kaggle/input/datasets/b23dckh002lvitanh/s3-origin/S3/Guibourtia coleosperma/dọc/Guibourtia coleosperma_3253.2 (7).png,Guibourtia coleosperma,Guibourtia,coleosperma,dọc
/kaggle/input/datasets/b23dckh002lvitanh/s3-origin/S3/Guibourtia coleosperma/dọc/Guibourtia coleosperma_3253.3 (4).png,Guibourtia coleosperma,Guibourtia,coleosperma,dọc
/kaggle/input/datasets/b23dckh002lvitanh/s3-origin/S3/Guibourtia coleosperma/dọc/Guibourtia coleosperma_3253.3 (21).png,Guibourtia coleosperma,Guibourtia,coleosperma,dọc
/kaggle/input/datasets/b23dckh002lvitanh/s3-origin/S3/Guibourtia ehie/Guibourtia ehie_KREW954_4/Guibourtia ehie_KREW954_4_(160).png,Guibourtia ehie,Guibourtia,ehie,Guibourtia ehie_KREW954_4
/kaggle/input/datasets/b23dckh002lvitanh/s3-origin/S3/Guibourtia ehie/Guibourtia ehie_GHQN943_3/Guibourtia ehie_GHQN943_3_(117).png,Guibourtia ehie,Guibourtia,ehie,Guibourtia ehie_GHQN943_3
/kaggle/input/datasets/b23dckh002lvitanh/s3-origin/S3/Guibourtia ehie/Guibourtia ehie_SXGM640_8/Guibourtia ehie_SXGM640_8_(317).png,Guibourtia ehie,Guibourtia,ehie,Guibourtia ehie_SXGM640_8
/kaggle/input/datasets/b23dckh002lvitanh/s3-origin/S3/Guibourtia ehie/Guibourtia ehie_TLYO895_9/Guibourtia ehie_TLYO895_9_(328).png,Guibourtia ehie,Guibourtia,ehie,Guibourtia ehie_TLYO895_9
/kaggle/input/datasets/b23dckh002lvitanh/s3-origin/S3/Guibourtia ehie/Guibourtia ehie_GHQN943_3/Guibourtia ehie_GHQN943_3_(112).png,Guibourtia ehie,Guibourtia,ehie,Guibourtia ehie_GHQN943_3
/kaggle/input/datasets/b23dckh002lvitanh/s3-origin/S3/Guibourtia ehie/Guibourtia ehie_CHYX256_1/Guibourtia ehie_CHYX256_1_(15).png,Guibourtia ehie,Guibourtia,ehie,Guibourtia ehie_CHYX256_1
/kaggle/input/datasets/b23dckh002lvitanh/s3-origin/S3/Guibourtia ehie/Guibourtia ehie_PVFM153_6/Guibourtia ehie_PVFM153_6_(205).png,Guibourtia ehie,Guibourtia,ehie,Guibourtia ehie_PVFM153_6
/kaggle/input/datasets/b23dckh002lvitanh/s3-origin/S3/Guibourtia ehie/Guibourtia ehie_GHQN943_3/Guibourtia ehie_GHQN943_3_(84).png,Guibourtia ehie,Guibourtia,ehie,Guibourtia ehie_GHQN943_3
/kaggle/input/datasets/b23dckh002lvitanh/s3-origin/S3/Guibourtia ehie/Guibourtia ehie_QAMZ768_7/Guibourtia ehie_QAMZ768_7_(278).png,Guibourtia ehie,Guibourtia,ehie,Guibourtia ehie_QAMZ768_7
/kaggle/input/datasets/b23dckh002lvitanh/s3-origin/S3/Guibourtia ehie/Guibourtia ehie_PRQC042_5/Guibourtia ehie_PRQC042_5_(189).png,Guibourtia ehie,Guibourtia,ehie,Guibourtia ehie_PRQC042_5
/kaggle/input/datasets/b23dckh002lvitanh/s3-origin/S3/Guibourtia ehie/Guibourtia ehie_FEHC134_2/Guibourtia ehie_FEHC134_2_(55).png,Guibourtia ehie,Guibourtia,ehie,Guibourtia ehie_FEHC134_2
/kaggle/input/datasets/b23dckh002lvitanh/s3-origin/S3/Guibourtia ehie/Guibourtia ehie_UORX694_10/Guibourtia ehie_UORX694_10_(400).png,Guibourtia ehie,Guibourtia,ehie,Guibourtia ehie_UORX694_10
/kaggle/input/datasets/b23dckh002lvitanh/s3-origin/S3/Guibourtia ehie/Guibourtia ehie_CHYX256_1/Guibourtia ehie_CHYX256_1_(26).png,Guibourtia ehie,Guibourtia,ehie,Guibourtia ehie_CHYX256_1
/kaggle/input/datasets/b23dckh002lvitanh/s3-origin/S3/Guibourtia ehie/Guibourtia ehie_PRQC042_5/Guibourtia ehie_PRQC042_5_(183).png,Guibourtia ehie,Guibourtia,ehie,Guibourtia ehie_PRQC042_5
/kaggle/input/datasets/b23dckh002lvitanh/s3-origin/S3/Guibourtia ehie/Guibourtia ehie_QAMZ768_7/Guibourtia ehie_QAMZ768_7_(255).png,Guibourtia ehie,Guibourtia,ehie,Guibourtia ehie_QAMZ768_7
/kaggle/input/datasets/b23dckh002lvitanh/s3-origin/S3/Guibourtia ehie/Guibourtia ehie_CHYX256_1/Guibourtia ehie_CHYX256_1_(35).png,Guibourtia ehie,Guibourtia,ehie,Guibourtia ehie_CHYX256_1
/kaggle/input/datasets/b23dckh002lvitanh/s3-origin/S3/Guibourtia ehie/Guibourtia ehie_PRQC042_5/Guibourtia ehie_PRQC042_5_(170).png,Guibourtia ehie,Guibourtia,ehie,Guibourtia ehie_PRQC042_5
/kaggle/input/datasets/b23dckh002lvitanh/s3-origin/S3/Guibourtia ehie/Guibourtia ehie_UORX694_10/Guibourtia ehie_UORX694_10_(369).png,Guibourtia ehie,Guibourtia,ehie,Guibourtia ehie_UORX694_10
/kaggle/input/datasets/b23dckh002lvitanh/s3-origin/S3/Guibourtia ehie/Guibourtia ehie_CHYX256_1/Guibourtia ehie_CHYX256_1_(37).png,Guibourtia ehie,Guibourtia,ehie,Guibourtia ehie_CHYX256_1
/kaggle/input/datasets/b23dckh002lvitanh/s3-origin/S3/Guibourtia ehie/Guibourtia ehie_PRQC042_5/Guibourtia ehie_PRQC042_5_(178).png,Guibourtia ehie,Guibourtia,ehie,Guibourtia ehie_PRQC042_5
/kaggle/input/datasets/b23dckh002lvitanh/s3-origin/S3/Guibourtia ehie/Guibourtia ehie_QAMZ768_7/Guibourtia ehie_QAMZ768_7_(252).png,Guibourtia ehie,Guibourtia,ehie,Guibourtia ehie_QAMZ768_7
/kaggle/input/datasets/b23dckh002lvitanh/s3-origin/S3/Guibourtia ehie/Guibourtia ehie_KREW954_4/Guibourtia ehie_KREW954_4_(156).png,Guibourtia ehie,Guibourtia,ehie,Guibourtia ehie_KREW954_4
/kaggle/input/datasets/b23dckh002lvitanh/s3-origin/S3/Guibourtia ehie/Guibourtia ehie_KREW954_4/Guibourtia ehie_KREW954_4_(149).png,Guibourtia ehie,Guibourtia,ehie,Guibourtia ehie_KREW954_4
/kaggle/input/datasets/b23dckh002lvitanh/s3-origin/S3/Guibourtia ehie/Guibourtia ehie_PVFM153_6/Guibourtia ehie_PVFM153_6_(209).png,Guibourtia ehie,Guibourtia,ehie,Guibourtia ehie_PVFM153_6
/kaggle/input/datasets/b23dckh002lvitanh/s3-origin/S3/Guibourtia ehie/Guibourtia ehie_UORX694_10/Guibourtia ehie_UORX694_10_(394).png,Guibourtia ehie,Guibourtia,ehie,Guibourtia ehie_UORX694_10
/kaggle/input/datasets/b23dckh002lvitanh/s3-origin/S3/Guibourtia ehie/Guibourtia ehie_SXGM640_8/Guibourtia ehie_SXGM640_8_(297).png,Guibourtia ehie,Guibourtia,ehie,Guibourtia ehie_SXGM640_8
/kaggle/input/datasets/b23dckh002lvitanh/s3-origin/S3/Guibourtia ehie/Guibourtia ehie_SXGM640_8/Guibourtia ehie_SXGM640_8_(301).png,Guibourtia ehie,Guibourtia,ehie,Guibourtia ehie_SXGM640_8
/kaggle/input/datasets/b23dckh002lvitanh/s3-origin/S3/Guibourtia ehie/Guibourtia ehie_CHYX256_1/Guibourtia ehie_CHYX256_1_(12).png,Guibourtia ehie,Guibourtia,ehie,Guibourtia ehie_CHYX256_1
/kaggle/input/datasets/b23dckh002lvitanh/s3-origin/S3/Guibourtia ehie/Guibourtia ehie_PVFM153_6/Guibourtia ehie_PVFM153_6_(231).png,Guibourtia ehie,Guibourtia,ehie,Guibourtia ehie_PVFM153_6
/kaggle/input/datasets/b23dckh002lvitanh/s3-origin/S3/Guibourtia ehie/Guibourtia ehie_FEHC134_2/Guibourtia ehie_FEHC134_2_(43).png,Guibourtia ehie,Guibourtia,ehie,Guibourtia ehie_FEHC134_2
/kaggle/input/datasets/b23dckh002lvitanh/s3-origin/S3/Guibourtia ehie/Guibourtia ehie_KREW954_4/Guibourtia ehie_KREW954_4_(135).png,Guibourtia ehie,Guibourtia,ehie,Guibourtia ehie_KREW954_4
/kaggle/input/datasets/b23dckh002lvitanh/s3-origin/S3/Guibourtia ehie/Guibourtia ehie_PVFM153_6/Guibourtia ehie_PVFM153_6_(207).png,Guibourtia ehie,Guibourtia,ehie,Guibourtia ehie_PVFM153_6
/kaggle/input/datasets/b23dckh002lvitanh/s3-origin/S3/Guibourtia ehie/Guibourtia ehie_CHYX256_1/Guibourtia ehie_CHYX256_1_(29).png,Guibourtia ehie,Guibourtia,ehie,Guibourtia ehie_CHYX256_1
/kaggle/input/datasets/b23dckh002lvitanh/s3-origin/S3/Guibourtia ehie/Guibourtia ehie_UORX694_10/Guibourtia ehie_UORX694_10_(391).png,Guibourtia ehie,Guibourtia,ehie,Guibourtia ehie_UORX694_10
/kaggle/input/datasets/b23dckh002lvitanh/s3-origin/S3/Guibourtia ehie/Guibourtia ehie_QAMZ768_7/Guibourtia ehie_QAMZ768_7_(256).png,Guibourtia ehie,Guibourtia,ehie,Guibourtia ehie_QAMZ768_7
/kaggle/input/datasets/b23dckh002lvitanh/s3-origin/S3/Guibourtia ehie/Guibourtia ehie_GHQN943_3/Guibourtia ehie_GHQN943_3_(119).png,Guibourtia ehie,Guibourtia,ehie,Guibourtia ehie_GHQN943_3
/kaggle/input/datasets/b23dckh002lvitanh/s3-origin/S3/Guibourtia ehie/Guibourtia ehie_PVFM153_6/Guibourtia ehie_PVFM153_6_(224).png,Guibourtia ehie,Guibourtia,ehie,Guibourtia ehie_PVFM153_6
/kaggle/input/datasets/b23dckh002lvitanh/s3-origin/S3/Guibourtia ehie/Guibourtia ehie_TLYO895_9/Guibourtia ehie_TLYO895_9_(355).png,Guibourtia ehie,Guibourtia,ehie,Guibourtia ehie_TLYO895_9
/kaggle/input/datasets/b23dckh002lvitanh/s3-origin/S3/Guibourtia ehie/Guibourtia ehie_FEHC134_2/Guibourtia ehie_FEHC134_2_(77).png,Guibourtia ehie,Guibourtia,ehie,Guibourtia ehie_FEHC134_2
/kaggle/input/datasets/b23dckh002lvitanh/s3-origin/S3/Guibourtia ehie/Guibourtia ehie_FEHC134_2/Guibourtia ehie_FEHC134_2_(45).png,Guibourtia ehie,Guibourtia,ehie,Guibourtia ehie_FEHC134_2
/kaggle/input/datasets/b23dckh002lvitanh/s3-origin/S3/Guibourtia ehie/Guibourtia ehie_TLYO895_9/Guibourtia ehie_TLYO895_9_(329).png,Guibourtia ehie,Guibourtia,ehie,Guibourtia ehie_TLYO895_9
/kaggle/input/datasets/b23dckh002lvitanh/s3-origin/S3/Guibourtia ehie/Guibourtia ehie_PVFM153_6/Guibourtia ehie_PVFM153_6_(219).png,Guibourtia ehie,Guibourtia,ehie,Guibourtia ehie_PVFM153_6
/kaggle/input/datasets/b23dckh002lvitanh/s3-origin/S3/Guibourtia ehie/Guibourtia ehie_PRQC042_5/Guibourtia ehie_PRQC042_5_(162).png,Guibourtia ehie,Guibourtia,ehie,Guibourtia ehie_PRQC042_5
/kaggle/input/datasets/b23dckh002lvitanh/s3-origin/S3/Guibourtia ehie/Guibourtia ehie_PRQC042_5/Guibourtia ehie_PRQC042_5_(191).png,Guibourtia ehie,Guibourtia,ehie,Guibourtia ehie_PRQC042_5
/kaggle/input/datasets/b23dckh002lvitanh/s3-origin/S3/Guibourtia ehie/Guibourtia ehie_CHYX256_1/Guibourtia ehie_CHYX256_1_(4).png,Guibourtia ehie,Guibourtia,ehie,Guibourtia ehie_CHYX256_1
/kaggle/input/datasets/b23dckh002lvitanh/s3-origin/S3/Guibourtia ehie/Guibourtia ehie_UORX694_10/Guibourtia ehie_UORX694_10_(387).png,Guibourtia ehie,Guibourtia,ehie,Guibourtia ehie_UORX694_10
/kaggle/input/datasets/b23dckh002lvitanh/s3-origin/S3/Guibourtia ehie/Guibourtia ehie_GHQN943_3/Guibourtia ehie_GHQN943_3_(100).png,Guibourtia ehie,Guibourtia,ehie,Guibourtia ehie_GHQN943_3
/kaggle/input/datasets/b23dckh002lvitanh/s3-origin/S3/Guibourtia ehie/Guibourtia ehie_PVFM153_6/Guibourtia ehie_PVFM153_6_(225).png,Guibourtia ehie,Guibourtia,ehie,Guibourtia ehie_PVFM153_6
/kaggle/input/datasets/b23dckh002lvitanh/s3-origin/S3/Guibourtia ehie/Guibourtia ehie_GHQN943_3/Guibourtia ehie_GHQN943_3_(99).png,Guibourtia ehie,Guibourtia,ehie,Guibourtia ehie_GHQN943_3
/kaggle/input/datasets/b23dckh002lvitanh/s3-origin/S3/Guibourtia ehie/Guibourtia ehie_KREW954_4/Guibourtia ehie_KREW954_4_(139).png,Guibourtia ehie,Guibourtia,ehie,Guibourtia ehie_KREW954_4
/kaggle/input/datasets/b23dckh002lvitanh/s3-origin/S3/Guibourtia ehie/Guibourtia ehie_CHYX256_1/Guibourtia ehie_CHYX256_1_(31).png,Guibourtia ehie,Guibourtia,ehie,Guibourtia ehie_CHYX256_1
/kaggle/input/datasets/b23dckh002lvitanh/s3-origin/S3/Guibourtia ehie/Guibourtia ehie_KREW954_4/Guibourtia ehie_KREW954_4_(136).png,Guibourtia ehie,Guibourtia,ehie,Guibourtia ehie_KREW954_4
/kaggle/input/datasets/b23dckh002lvitanh/s3-origin/S3/Guibourtia ehie/Guibourtia ehie_KREW954_4/Guibourtia ehie_KREW954_4_(145).png,Guibourtia ehie,Guibourtia,ehie,Guibourtia ehie_KREW954_4
/kaggle/input/datasets/b23dckh002lvitanh/s3-origin/S3/Guibourtia ehie/Guibourtia ehie_FEHC134_2/Guibourtia ehie_FEHC134_2_(78).png,Guibourtia ehie,Guibourtia,ehie,Guibourtia ehie_FEHC134_2
/kaggle/input/datasets/b23dckh002lvitanh/s3-origin/S3/Guibourtia ehie/Guibourtia ehie_CHYX256_1/Guibourtia ehie_CHYX256_1_(38).png,Guibourtia ehie,Guibourtia,ehie,Guibourtia ehie_CHYX256_1
/kaggle/input/datasets/b23dckh002lvitanh/s3-origin/S3/Guibourtia ehie/Guibourtia ehie_CHYX256_1/Guibourtia ehie_CHYX256_1_(19).png,Guibourtia ehie,Guibourtia,ehie,Guibourtia ehie_CHYX256_1
/kaggle/input/datasets/b23dckh002lvitanh/s3-origin/S3/Guibourtia ehie/Guibourtia ehie_PVFM153_6/Guibourtia ehie_PVFM153_6_(237).png,Guibourtia ehie,Guibourtia,ehie,Guibourtia ehie_PVFM153_6
/kaggle/input/datasets/b23dckh002lvitanh/s3-origin/S3/Guibourtia ehie/Guibourtia ehie_KREW954_4/Guibourtia ehie_KREW954_4_(150).png,Guibourtia ehie,Guibourtia,ehie,Guibourtia ehie_KREW954_4
/kaggle/input/datasets/b23dckh002lvitanh/s3-origin/S3/Guibourtia ehie/Guibourtia ehie_FEHC134_2/Guibourtia ehie_FEHC134_2_(69).png,Guibourtia ehie,Guibourtia,ehie,Guibourtia ehie_FEHC134_2
/kaggle/input/datasets/b23dckh002lvitanh/s3-origin/S3/Guibourtia ehie/Guibourtia ehie_SXGM640_8/Guibourtia ehie_SXGM640_8_(308).png,Guibourtia ehie,Guibourtia,ehie,Guibourtia ehie_SXGM640_8
/kaggle/input/datasets/b23dckh002lvitanh/s3-origin/S3/Guibourtia ehie/Guibourtia ehie_GHQN943_3/Guibourtia ehie_GHQN943_3_(101).png,Guibourtia ehie,Guibourtia,ehie,Guibourtia ehie_GHQN943_3
/kaggle/input/datasets/b23dckh002lvitanh/s3-origin/S3/Guibourtia ehie/Guibourtia ehie_GHQN943_3/Guibourtia ehie_GHQN943_3_(103).png,Guibourtia ehie,Guibourtia,ehie,Guibourtia ehie_GHQN943_3
/kaggle/input/datasets/b23dckh002lvitanh/s3-origin/S3/Guibourtia ehie/Guibourtia ehie_TLYO895_9/Guibourtia ehie_TLYO895_9_(360).png,Guibourtia ehie,Guibourtia,ehie,Guibourtia ehie_TLYO895_9
/kaggle/input/datasets/b23dckh002lvitanh/s3-origin/S3/Guibourtia ehie/Guibourtia ehie_FEHC134_2/Guibourtia ehie_FEHC134_2_(76).png,Guibourtia ehie,Guibourtia,ehie,Guibourtia ehie_FEHC134_2
/kaggle/input/datasets/b23dckh002lvitanh/s3-origin/S3/Guibourtia ehie/Guibourtia ehie_FEHC134_2/Guibourtia ehie_FEHC134_2_(74).png,Guibourtia ehie,Guibourtia,ehie,Guibourtia ehie_FEHC134_2
/kaggle/input/datasets/b23dckh002lvitanh/s3-origin/S3/Guibourtia ehie/Guibourtia ehie_FEHC134_2/Guibourtia ehie_FEHC134_2_(48).png,Guibourtia ehie,Guibourtia,ehie,Guibourtia ehie_FEHC134_2
/kaggle/input/datasets/b23dckh002lvitanh/s3-origin/S3/Guibourtia ehie/Guibourtia ehie_CHYX256_1/Guibourtia ehie_CHYX256_1_(30).png,Guibourtia ehie,Guibourtia,ehie,Guibourtia ehie_CHYX256_1
/kaggle/input/datasets/b23dckh002lvitanh/s3-origin/S3/Guibourtia ehie/Guibourtia ehie_TLYO895_9/Guibourtia ehie_TLYO895_9_(326).png,Guibourtia ehie,Guibourtia,ehie,Guibourtia ehie_TLYO895_9
/kaggle/input/datasets/b23dckh002lvitanh/s3-origin/S3/Guibourtia ehie/Guibourtia ehie_SXGM640_8/Guibourtia ehie_SXGM640_8_(319).png,Guibourtia ehie,Guibourtia,ehie,Guibourtia ehie_SXGM640_8
/kaggle/input/datasets/b23dckh002lvitanh/s3-origin/S3/Guibourtia ehie/Guibourtia ehie_FEHC134_2/Guibourtia ehie_FEHC134_2_(42).png,Guibourtia ehie,Guibourtia,ehie,Guibourtia ehie_FEHC134_2
/kaggle/input/datasets/b23dckh002lvitanh/s3-origin/S3/Guibourtia ehie/Guibourtia ehie_SXGM640_8/Guibourtia ehie_SXGM640_8_(289).png,Guibourtia ehie,Guibourtia,ehie,Guibourtia ehie_SXGM640_8
/kaggle/input/datasets/b23dckh002lvitanh/s3-origin/S3/Guibourtia ehie/Guibourtia ehie_TLYO895_9/Guibourtia ehie_TLYO895_9_(323).png,Guibourtia ehie,Guibourtia,ehie,Guibourtia ehie_TLYO895_9
/kaggle/input/datasets/b23dckh002lvitanh/s3-origin/S3/Guibourtia ehie/Guibourtia ehie_CHYX256_1/Guibourtia ehie_CHYX256_1_(3).png,Guibourtia ehie,Guibourtia,ehie,Guibourtia ehie_CHYX256_1
/kaggle/input/datasets/b23dckh002lvitanh/s3-origin/S3/Guibourtia ehie/Guibourtia ehie_CHYX256_1/Guibourtia ehie_CHYX256_1_(24).png,Guibourtia ehie,Guibourtia,ehie,Guibourtia ehie_CHYX256_1
/kaggle/input/datasets/b23dckh002lvitanh/s3-origin/S3/Guibourtia ehie/Guibourtia ehie_TLYO895_9/Guibourtia ehie_TLYO895_9_(340).png,Guibourtia ehie,Guibourtia,ehie,Guibourtia ehie_TLYO895_9
/kaggle/input/datasets/b23dckh002lvitanh/s3-origin/S3/Guibourtia ehie/Guibourtia ehie_FEHC134_2/Guibourtia ehie_FEHC134_2_(41).png,Guibourtia ehie,Guibourtia,ehie,Guibourtia ehie_FEHC134_2
/kaggle/input/datasets/b23dckh002lvitanh/s3-origin/S3/Guibourtia ehie/Guibourtia ehie_CHYX256_1/Guibourtia ehie_CHYX256_1_(13).png,Guibourtia ehie,Guibourtia,ehie,Guibourtia ehie_CHYX256_1
/kaggle/input/datasets/b23dckh002lvitanh/s3-origin/S3/Guibourtia ehie/Guibourtia ehie_UORX694_10/Guibourtia ehie_UORX694_10_(374).png,Guibourtia ehie,Guibourtia,ehie,Guibourtia ehie_UORX694_10
/kaggle/input/datasets/b23dckh002lvitanh/s3-origin/S3/Guibourtia ehie/Guibourtia ehie_PVFM153_6/Guibourtia ehie_PVFM153_6_(235).png,Guibourtia ehie,Guibourtia,ehie,Guibourtia ehie_PVFM153_6
/kaggle/input/datasets/b23dckh002lvitanh/s3-origin/S3/Guibourtia ehie/Guibourtia ehie_FEHC134_2/Guibourtia ehie_FEHC134_2_(63).png,Guibourtia ehie,Guibourtia,ehie,Guibourtia ehie_FEHC134_2
/kaggle/input/datasets/b23dckh002lvitanh/s3-origin/S3/Guibourtia ehie/Guibourtia ehie_KREW954_4/Guibourtia ehie_KREW954_4_(121).png,Guibourtia ehie,Guibourtia,ehie,Guibourtia ehie_KREW954_4
/kaggle/input/datasets/b23dckh002lvitanh/s3-origin/S3/Guibourtia ehie/Guibourtia ehie_PVFM153_6/Guibourtia ehie_PVFM153_6_(228).png,Guibourtia ehie,Guibourtia,ehie,Guibourtia ehie_PVFM153_6
/kaggle/input/datasets/b23dckh002lvitanh/s3-origin/S3/Guibourtia ehie/Guibourtia ehie_TLYO895_9/Guibourtia ehie_TLYO895_9_(345).png,Guibourtia ehie,Guibourtia,ehie,Guibourtia ehie_TLYO895_9
/kaggle/input/datasets/b23dckh002lvitanh/s3-origin/S3/Guibourtia ehie/Guibourtia ehie_QAMZ768_7/Guibourtia ehie_QAMZ768_7_(241).png,Guibourtia ehie,Guibourtia,ehie,Guibourtia ehie_QAMZ768_7
/kaggle/input/datasets/b23dckh002lvitanh/s3-origin/S3/Guibourtia ehie/Guibourtia ehie_PRQC042_5/Guibourtia ehie_PRQC042_5_(196).png,Guibourtia ehie,Guibourtia,ehie,Guibourtia ehie_PRQC042_5
/kaggle/input/datasets/b23dckh002lvitanh/s3-origin/S3/Guibourtia ehie/Guibourtia ehie_PRQC042_5/Guibourtia ehie_PRQC042_5_(169).png,Guibourtia ehie,Guibourtia,ehie,Guibourtia ehie_PRQC042_5
/kaggle/input/datasets/b23dckh002lvitanh/s3-origin/S3/Guibourtia ehie/Guibourtia ehie_KREW954_4/Guibourtia ehie_KREW954_4_(157).png,Guibourtia ehie,Guibourtia,ehie,Guibourtia ehie_KREW954_4
/kaggle/input/datasets/b23dckh002lvitanh/s3-origin/S3/Guibourtia ehie/Guibourtia ehie_UORX694_10/Guibourtia ehie_UORX694_10_(377).png,Guibourtia ehie,Guibourtia,ehie,Guibourtia ehie_UORX694_10
/kaggle/input/datasets/b23dckh002lvitanh/s3-origin/S3/Guibourtia ehie/Guibourtia ehie_QAMZ768_7/Guibourtia ehie_QAMZ768_7_(245).png,Guibourtia ehie,Guibourtia,ehie,Guibourtia ehie_QAMZ768_7
/kaggle/input/datasets/b23dckh002lvitanh/s3-origin/S3/Guibourtia ehie/Guibourtia ehie_SXGM640_8/Guibourtia ehie_SXGM640_8_(296).png,Guibourtia ehie,Guibourtia,ehie,Guibourtia ehie_SXGM640_8
/kaggle/input/datasets/b23dckh002lvitanh/s3-origin/S3/Guibourtia ehie/Guibourtia ehie_GHQN943_3/Guibourtia ehie_GHQN943_3_(82).png,Guibourtia ehie,Guibourtia,ehie,Guibourtia ehie_GHQN943_3
/kaggle/input/datasets/b23dckh002lvitanh/s3-origin/S3/Guibourtia ehie/Guibourtia ehie_QAMZ768_7/Guibourtia ehie_QAMZ768_7_(272).png,Guibourtia ehie,Guibourtia,ehie,Guibourtia ehie_QAMZ768_7
/kaggle/input/datasets/b23dckh002lvitanh/s3-origin/S3/Guibourtia ehie/Guibourtia ehie_SXGM640_8/Guibourtia ehie_SXGM640_8_(281).png,Guibourtia ehie,Guibourtia,ehie,Guibourtia ehie_SXGM640_8
/kaggle/input/datasets/b23dckh002lvitanh/s3-origin/S3/Guibourtia ehie/Guibourtia ehie_QAMZ768_7/Guibourtia ehie_QAMZ768_7_(260).png,Guibourtia ehie,Guibourtia,ehie,Guibourtia ehie_QAMZ768_7
/kaggle/input/datasets/b23dckh002lvitanh/s3-origin/S3/Guibourtia ehie/Guibourtia ehie_PRQC042_5/Guibourtia ehie_PRQC042_5_(188).png,Guibourtia ehie,Guibourtia,ehie,Guibourtia ehie_PRQC042_5
/kaggle/input/datasets/b23dckh002lvitanh/s3-origin/S3/Guibourtia ehie/Guibourtia ehie_QAMZ768_7/Guibourtia ehie_QAMZ768_7_(263).png,Guibourtia ehie,Guibourtia,ehie,Guibourtia ehie_QAMZ768_7
/kaggle/input/datasets/b23dckh002lvitanh/s3-origin/S3/Guibourtia ehie/Guibourtia ehie_PVFM153_6/Guibourtia ehie_PVFM153_6_(204).png,Guibourtia ehie,Guibourtia,ehie,Guibourtia ehie_PVFM153_6
/kaggle/input/datasets/b23dckh002lvitanh/s3-origin/S3/Guibourtia ehie/Guibourtia ehie_UORX694_10/Guibourtia ehie_UORX694_10_(395).png,Guibourtia ehie,Guibourtia,ehie,Guibourtia ehie_UORX694_10
/kaggle/input/datasets/b23dckh002lvitanh/s3-origin/S3/Guibourtia ehie/Guibourtia ehie_PVFM153_6/Guibourtia ehie_PVFM153_6_(213).png,Guibourtia ehie,Guibourtia,ehie,Guibourtia ehie_PVFM153_6
/kaggle/input/datasets/b23dckh002lvitanh/s3-origin/S3/Guibourtia ehie/Guibourtia ehie_FEHC134_2/Guibourtia ehie_FEHC134_2_(71).png,Guibourtia ehie,Guibourtia,ehie,Guibourtia ehie_FEHC134_2
/kaggle/input/datasets/b23dckh002lvitanh/s3-origin/S3/Guibourtia ehie/Guibourtia ehie_PRQC042_5/Guibourtia ehie_PRQC042_5_(200).png,Guibourtia ehie,Guibourtia,ehie,Guibourtia ehie_PRQC042_5
/kaggle/input/datasets/b23dckh002lvitanh/s3-origin/S3/Guibourtia ehie/Guibourtia ehie_QAMZ768_7/Guibourtia ehie_QAMZ768_7_(271).png,Guibourtia ehie,Guibourtia,ehie,Guibourtia ehie_QAMZ768_7
/kaggle/input/datasets/b23dckh002lvitanh/s3-origin/S3/Guibourtia ehie/Guibourtia ehie_SXGM640_8/Guibourtia ehie_SXGM640_8_(285).png,Guibourtia ehie,Guibourtia,ehie,Guibourtia ehie_SXGM640_8
/kaggle/input/datasets/b23dckh002lvitanh/s3-origin/S3/Guibourtia ehie/Guibourtia ehie_PRQC042_5/Guibourtia ehie_PRQC042_5_(199).png,Guibourtia ehie,Guibourtia,ehie,Guibourtia ehie_PRQC042_5
/kaggle/input/datasets/b23dckh002lvitanh/s3-origin/S3/Guibourtia ehie/Guibourtia ehie_KREW954_4/Guibourtia ehie_KREW954_4_(154).png,Guibourtia ehie,Guibourtia,ehie,Guibourtia ehie_KREW954_4
/kaggle/input/datasets/b23dckh002lvitanh/s3-origin/S3/Guibourtia ehie/Guibourtia ehie_CHYX256_1/Guibourtia ehie_CHYX256_1_(7).png,Guibourtia ehie,Guibourtia,ehie,Guibourtia ehie_CHYX256_1
/kaggle/input/datasets/b23dckh002lvitanh/s3-origin/S3/Guibourtia ehie/Guibourtia ehie_TLYO895_9/Guibourtia ehie_TLYO895_9_(348).png,Guibourtia ehie,Guibourtia,ehie,Guibourtia ehie_TLYO895_9
/kaggle/input/datasets/b23dckh002lvitanh/s3-origin/S3/Guibourtia ehie/Guibourtia ehie_QAMZ768_7/Guibourtia ehie_QAMZ768_7_(269).png,Guibourtia ehie,Guibourtia,ehie,Guibourtia ehie_QAMZ768_7
/kaggle/input/datasets/b23dckh002lvitanh/s3-origin/S3/Guibourtia ehie/Guibourtia ehie_SXGM640_8/Guibourtia ehie_SXGM640_8_(290).png,Guibourtia ehie,Guibourtia,ehie,Guibourtia ehie_SXGM640_8
/kaggle/input/datasets/b23dckh002lvitanh/s3-origin/S3/Guibourtia ehie/Guibourtia ehie_SXGM640_8/Guibourtia ehie_SXGM640_8_(287).png,Guibourtia ehie,Guibourtia,ehie,Guibourtia ehie_SXGM640_8
/kaggle/input/datasets/b23dckh002lvitanh/s3-origin/S3/Guibourtia ehie/Guibourtia ehie_UORX694_10/Guibourtia ehie_UORX694_10_(384).png,Guibourtia ehie,Guibourtia,ehie,Guibourtia ehie_UORX694_10
/kaggle/input/datasets/b23dckh002lvitanh/s3-origin/S3/Guibourtia ehie/Guibourtia ehie_PVFM153_6/Guibourtia ehie_PVFM153_6_(212).png,Guibourtia ehie,Guibourtia,ehie,Guibourtia ehie_PVFM153_6
/kaggle/input/datasets/b23dckh002lvitanh/s3-origin/S3/Guibourtia ehie/Guibourtia ehie_UORX694_10/Guibourtia ehie_UORX694_10_(375).png,Guibourtia ehie,Guibourtia,ehie,Guibourtia ehie_UORX694_10
/kaggle/input/datasets/b23dckh002lvitanh/s3-origin/S3/Guibourtia ehie/Guibourtia ehie_FEHC134_2/Guibourtia ehie_FEHC134_2_(80).png,Guibourtia ehie,Guibourtia,ehie,Guibourtia ehie_FEHC134_2
/kaggle/input/datasets/b23dckh002lvitanh/s3-origin/S3/Guibourtia ehie/Guibourtia ehie_QAMZ768_7/Guibourtia ehie_QAMZ768_7_(261).png,Guibourtia ehie,Guibourtia,ehie,Guibourtia ehie_QAMZ768_7
/kaggle/input/datasets/b23dckh002lvitanh/s3-origin/S3/Guibourtia ehie/Guibourtia ehie_PVFM153_6/Guibourtia ehie_PVFM153_6_(236).png,Guibourtia ehie,Guibourtia,ehie,Guibourtia ehie_PVFM153_6
/kaggle/input/datasets/b23dckh002lvitanh/s3-origin/S3/Guibourtia ehie/Guibourtia ehie_QAMZ768_7/Guibourtia ehie_QAMZ768_7_(275).png,Guibourtia ehie,Guibourtia,ehie,Guibourtia ehie_QAMZ768_7
/kaggle/input/datasets/b23dckh002lvitanh/s3-origin/S3/Guibourtia ehie/Guibourtia ehie_QAMZ768_7/Guibourtia ehie_QAMZ768_7_(254).png,Guibourtia ehie,Guibourtia,ehie,Guibourtia ehie_QAMZ768_7
/kaggle/input/datasets/b23dckh002lvitanh/s3-origin/S3/Guibourtia ehie/Guibourtia ehie_SXGM640_8/Guibourtia ehie_SXGM640_8_(306).png,Guibourtia ehie,Guibourtia,ehie,Guibourtia ehie_SXGM640_8
/kaggle/input/datasets/b23dckh002lvitanh/s3-origin/S3/Guibourtia ehie/Guibourtia ehie_QAMZ768_7/Guibourtia ehie_QAMZ768_7_(274).png,Guibourtia ehie,Guibourtia,ehie,Guibourtia ehie_QAMZ768_7
/kaggle/input/datasets/b23dckh002lvitanh/s3-origin/S3/Guibourtia ehie/Guibourtia ehie_PVFM153_6/Guibourtia ehie_PVFM153_6_(215).png,Guibourtia ehie,Guibourtia,ehie,Guibourtia ehie_PVFM153_6
/kaggle/input/datasets/b23dckh002lvitanh/s3-origin/S3/Guibourtia ehie/Guibourtia ehie_GHQN943_3/Guibourtia ehie_GHQN943_3_(114).png,Guibourtia ehie,Guibourtia,ehie,Guibourtia ehie_GHQN943_3
/kaggle/input/datasets/b23dckh002lvitanh/s3-origin/S3/Guibourtia ehie/Guibourtia ehie_UORX694_10/Guibourtia ehie_UORX694_10_(383).png,Guibourtia ehie,Guibourtia,ehie,Guibourtia ehie_UORX694_10
/kaggle/input/datasets/b23dckh002lvitanh/s3-origin/S3/Guibourtia ehie/Guibourtia ehie_UORX694_10/Guibourtia ehie_UORX694_10_(389).png,Guibourtia ehie,Guibourtia,ehie,Guibourtia ehie_UORX694_10
/kaggle/input/datasets/b23dckh002lvitanh/s3-origin/S3/Guibourtia ehie/Guibourtia ehie_SXGM640_8/Guibourtia ehie_SXGM640_8_(283).png,Guibourtia ehie,Guibourtia,ehie,Guibourtia ehie_SXGM640_8
/kaggle/input/datasets/b23dckh002lvitanh/s3-origin/S3/Guibourtia ehie/Guibourtia ehie_SXGM640_8/Guibourtia ehie_SXGM640_8_(318).png,Guibourtia ehie,Guibourtia,ehie,Guibourtia ehie_SXGM640_8
/kaggle/input/datasets/b23dckh002lvitanh/s3-origin/S3/Guibourtia ehie/Guibourtia ehie_PRQC042_5/Guibourtia ehie_PRQC042_5_(187).png,Guibourtia ehie,Guibourtia,ehie,Guibourtia ehie_PRQC042_5
/kaggle/input/datasets/b23dckh002lvitanh/s3-origin/S3/Guibourtia ehie/Guibourtia ehie_UORX694_10/Guibourtia ehie_UORX694_10_(382).png,Guibourtia ehie,Guibourtia,ehie,Guibourtia ehie_UORX694_10
/kaggle/input/datasets/b23dckh002lvitanh/s3-origin/S3/Guibourtia ehie/Guibourtia ehie_GHQN943_3/Guibourtia ehie_GHQN943_3_(106).png,Guibourtia ehie,Guibourtia,ehie,Guibourtia ehie_GHQN943_3
/kaggle/input/datasets/b23dckh002lvitanh/s3-origin/S3/Guibourtia ehie/Guibourtia ehie_QAMZ768_7/Guibourtia ehie_QAMZ768_7_(280).png,Guibourtia ehie,Guibourtia,ehie,Guibourtia ehie_QAMZ768_7
/kaggle/input/datasets/b23dckh002lvitanh/s3-origin/S3/Guibourtia ehie/Guibourtia ehie_KREW954_4/Guibourtia ehie_KREW954_4_(130).png,Guibourtia ehie,Guibourtia,ehie,Guibourtia ehie_KREW954_4
/kaggle/input/datasets/b23dckh002lvitanh/s3-origin/S3/Guibourtia ehie/Guibourtia ehie_PVFM153_6/Guibourtia ehie_PVFM153_6_(234).png,Guibourtia ehie,Guibourtia,ehie,Guibourtia ehie_PVFM153_6
/kaggle/input/datasets/b23dckh002lvitanh/s3-origin/S3/Guibourtia ehie/Guibourtia ehie_SXGM640_8/Guibourtia ehie_SXGM640_8_(282).png,Guibourtia ehie,Guibourtia,ehie,Guibourtia ehie_SXGM640_8
/kaggle/input/datasets/b23dckh002lvitanh/s3-origin/S3/Guibourtia ehie/Guibourtia ehie_KREW954_4/Guibourtia ehie_KREW954_4_(127).png,Guibourtia ehie,Guibourtia,ehie,Guibourtia ehie_KREW954_4
/kaggle/input/datasets/b23dckh002lvitanh/s3-origin/S3/Guibourtia ehie/Guibourtia ehie_PVFM153_6/Guibourtia ehie_PVFM153_6_(240).png,Guibourtia ehie,Guibourtia,ehie,Guibourtia ehie_PVFM153_6
/kaggle/input/datasets/b23dckh002lvitanh/s3-origin/S3/Guibourtia ehie/Guibourtia ehie_PRQC042_5/Guibourtia ehie_PRQC042_5_(186).png,Guibourtia ehie,Guibourtia,ehie,Guibourtia ehie_PRQC042_5
/kaggle/input/datasets/b23dckh002lvitanh/s3-origin/S3/Guibourtia ehie/Guibourtia ehie_QAMZ768_7/Guibourtia ehie_QAMZ768_7_(267).png,Guibourtia ehie,Guibourtia,ehie,Guibourtia ehie_QAMZ768_7
/kaggle/input/datasets/b23dckh002lvitanh/s3-origin/S3/Guibourtia ehie/Guibourtia ehie_FEHC134_2/Guibourtia ehie_FEHC134_2_(70).png,Guibourtia ehie,Guibourtia,ehie,Guibourtia ehie_FEHC134_2
/kaggle/input/datasets/b23dckh002lvitanh/s3-origin/S3/Guibourtia ehie/Guibourtia ehie_SXGM640_8/Guibourtia ehie_SXGM640_8_(300).png,Guibourtia ehie,Guibourtia,ehie,Guibourtia ehie_SXGM640_8
/kaggle/input/datasets/b23dckh002lvitanh/s3-origin/S3/Guibourtia ehie/Guibourtia ehie_CHYX256_1/Guibourtia ehie_CHYX256_1_(34).png,Guibourtia ehie,Guibourtia,ehie,Guibourtia ehie_CHYX256_1
/kaggle/input/datasets/b23dckh002lvitanh/s3-origin/S3/Guibourtia ehie/Guibourtia ehie_TLYO895_9/Guibourtia ehie_TLYO895_9_(352).png,Guibourtia ehie,Guibourtia,ehie,Guibourtia ehie_TLYO895_9
/kaggle/input/datasets/b23dckh002lvitanh/s3-origin/S3/Guibourtia ehie/Guibourtia ehie_TLYO895_9/Guibourtia ehie_TLYO895_9_(353).png,Guibourtia ehie,Guibourtia,ehie,Guibourtia ehie_TLYO895_9
/kaggle/input/datasets/b23dckh002lvitanh/s3-origin/S3/Guibourtia ehie/Guibourtia ehie_KREW954_4/Guibourtia ehie_KREW954_4_(122).png,Guibourtia ehie,Guibourtia,ehie,Guibourtia ehie_KREW954_4
/kaggle/input/datasets/b23dckh002lvitanh/s3-origin/S3/Guibourtia ehie/Guibourtia ehie_SXGM640_8/Guibourtia ehie_SXGM640_8_(312).png,Guibourtia ehie,Guibourtia,ehie,Guibourtia ehie_SXGM640_8
/kaggle/input/datasets/b23dckh002lvitanh/s3-origin/S3/Guibourtia ehie/Guibourtia ehie_FEHC134_2/Guibourtia ehie_FEHC134_2_(52).png,Guibourtia ehie,Guibourtia,ehie,Guibourtia ehie_FEHC134_2
/kaggle/input/datasets/b23dckh002lvitanh/s3-origin/S3/Guibourtia ehie/Guibourtia ehie_FEHC134_2/Guibourtia ehie_FEHC134_2_(65).png,Guibourtia ehie,Guibourtia,ehie,Guibourtia ehie_FEHC134_2
/kaggle/input/datasets/b23dckh002lvitanh/s3-origin/S3/Guibourtia ehie/Guibourtia ehie_PRQC042_5/Guibourtia ehie_PRQC042_5_(185).png,Guibourtia ehie,Guibourtia,ehie,Guibourtia ehie_PRQC042_5
/kaggle/input/datasets/b23dckh002lvitanh/s3-origin/S3/Guibourtia ehie/Guibourtia ehie_FEHC134_2/Guibourtia ehie_FEHC134_2_(72).png,Guibourtia ehie,Guibourtia,ehie,Guibourtia ehie_FEHC134_2
/kaggle/input/datasets/b23dckh002lvitanh/s3-origin/S3/Guibourtia ehie/Guibourtia ehie_UORX694_10/Guibourtia ehie_UORX694_10_(396).png,Guibourtia ehie,Guibourtia,ehie,Guibourtia ehie_UORX694_10
/kaggle/input/datasets/b23dckh002lvitanh/s3-origin/S3/Guibourtia ehie/Guibourtia ehie_SXGM640_8/Guibourtia ehie_SXGM640_8_(320).png,Guibourtia ehie,Guibourtia,ehie,Guibourtia ehie_SXGM640_8
/kaggle/input/datasets/b23dckh002lvitanh/s3-origin/S3/Guibourtia ehie/Guibourtia ehie_FEHC134_2/Guibourtia ehie_FEHC134_2_(53).png,Guibourtia ehie,Guibourtia,ehie,Guibourtia ehie_FEHC134_2
/kaggle/input/datasets/b23dckh002lvitanh/s3-origin/S3/Guibourtia ehie/Guibourtia ehie_TLYO895_9/Guibourtia ehie_TLYO895_9_(331).png,Guibourtia ehie,Guibourtia,ehie,Guibourtia ehie_TLYO895_9
/kaggle/input/datasets/b23dckh002lvitanh/s3-origin/S3/Guibourtia ehie/Guibourtia ehie_FEHC134_2/Guibourtia ehie_FEHC134_2_(75).png,Guibourtia ehie,Guibourtia,ehie,Guibourtia ehie_FEHC134_2
/kaggle/input/datasets/b23dckh002lvitanh/s3-origin/S3/Guibourtia ehie/Guibourtia ehie_PVFM153_6/Guibourtia ehie_PVFM153_6_(202).png,Guibourtia ehie,Guibourtia,ehie,Guibourtia ehie_PVFM153_6
/kaggle/input/datasets/b23dckh002lvitanh/s3-origin/S3/Guibourtia ehie/Guibourtia ehie_GHQN943_3/Guibourtia ehie_GHQN943_3_(87).png,Guibourtia ehie,Guibourtia,ehie,Guibourtia ehie_GHQN943_3
/kaggle/input/datasets/b23dckh002lvitanh/s3-origin/S3/Guibourtia ehie/Guibourtia ehie_UORX694_10/Guibourtia ehie_UORX694_10_(398).png,Guibourtia ehie,Guibourtia,ehie,Guibourtia ehie_UORX694_10
/kaggle/input/datasets/b23dckh002lvitanh/s3-origin/S3/Guibourtia ehie/Guibourtia ehie_QAMZ768_7/Guibourtia ehie_QAMZ768_7_(244).png,Guibourtia ehie,Guibourtia,ehie,Guibourtia ehie_QAMZ768_7
/kaggle/input/datasets/b23dckh002lvitanh/s3-origin/S3/Guibourtia ehie/Guibourtia ehie_FEHC134_2/Guibourtia ehie_FEHC134_2_(66).png,Guibourtia ehie,Guibourtia,ehie,Guibourtia ehie_FEHC134_2
/kaggle/input/datasets/b23dckh002lvitanh/s3-origin/S3/Guibourtia ehie/Guibourtia ehie_PRQC042_5/Guibourtia ehie_PRQC042_5_(161).png,Guibourtia ehie,Guibourtia,ehie,Guibourtia ehie_PRQC042_5
/kaggle/input/datasets/b23dckh002lvitanh/s3-origin/S3/Guibourtia ehie/Guibourtia ehie_UORX694_10/Guibourtia ehie_UORX694_10_(393).png,Guibourtia ehie,Guibourtia,ehie,Guibourtia ehie_UORX694_10
/kaggle/input/datasets/b23dckh002lvitanh/s3-origin/S3/Guibourtia ehie/Guibourtia ehie_QAMZ768_7/Guibourtia ehie_QAMZ768_7_(259).png,Guibourtia ehie,Guibourtia,ehie,Guibourtia ehie_QAMZ768_7
/kaggle/input/datasets/b23dckh002lvitanh/s3-origin/S3/Guibourtia ehie/Guibourtia ehie_UORX694_10/Guibourtia ehie_UORX694_10_(378).png,Guibourtia ehie,Guibourtia,ehie,Guibourtia ehie_UORX694_10
/kaggle/input/datasets/b23dckh002lvitanh/s3-origin/S3/Guibourtia ehie/Guibourtia ehie_TLYO895_9/Guibourtia ehie_TLYO895_9_(342).png,Guibourtia ehie,Guibourtia,ehie,Guibourtia ehie_TLYO895_9
/kaggle/input/datasets/b23dckh002lvitanh/s3-origin/S3/Guibourtia ehie/Guibourtia ehie_FEHC134_2/Guibourtia ehie_FEHC134_2_(56).png,Guibourtia ehie,Guibourtia,ehie,Guibourtia ehie_FEHC134_2
/kaggle/input/datasets/b23dckh002lvitanh/s3-origin/S3/Guibourtia ehie/Guibourtia ehie_PRQC042_5/Guibourtia ehie_PRQC042_5_(173).png,Guibourtia ehie,Guibourtia,ehie,Guibourtia ehie_PRQC042_5
/kaggle/input/datasets/b23dckh002lvitanh/s3-origin/S3/Guibourtia ehie/Guibourtia ehie_UORX694_10/Guibourtia ehie_UORX694_10_(397).png,Guibourtia ehie,Guibourtia,ehie,Guibourtia ehie_UORX694_10
/kaggle/input/datasets/b23dckh002lvitanh/s3-origin/S3/Guibourtia ehie/Guibourtia ehie_PRQC042_5/Guibourtia ehie_PRQC042_5_(179).png,Guibourtia ehie,Guibourtia,ehie,Guibourtia ehie_PRQC042_5
/kaggle/input/datasets/b23dckh002lvitanh/s3-origin/S3/Guibourtia ehie/Guibourtia ehie_PRQC042_5/Guibourtia ehie_PRQC042_5_(176).png,Guibourtia ehie,Guibourtia,ehie,Guibourtia ehie_PRQC042_5
/kaggle/input/datasets/b23dckh002lvitanh/s3-origin/S3/Guibourtia ehie/Guibourtia ehie_PRQC042_5/Guibourtia ehie_PRQC042_5_(174).png,Guibourtia ehie,Guibourtia,ehie,Guibourtia ehie_PRQC042_5
/kaggle/input/datasets/b23dckh002lvitanh/s3-origin/S3/Guibourtia ehie/Guibourtia ehie_TLYO895_9/Guibourtia ehie_TLYO895_9_(350).png,Guibourtia ehie,Guibourtia,ehie,Guibourtia ehie_TLYO895_9
/kaggle/input/datasets/b23dckh002lvitanh/s3-origin/S3/Guibourtia ehie/Guibourtia ehie_SXGM640_8/Guibourtia ehie_SXGM640_8_(305).png,Guibourtia ehie,Guibourtia,ehie,Guibourtia ehie_SXGM640_8
/kaggle/input/datasets/b23dckh002lvitanh/s3-origin/S3/Guibourtia ehie/Guibourtia ehie_KREW954_4/Guibourtia ehie_KREW954_4_(137).png,Guibourtia ehie,Guibourtia,ehie,Guibourtia ehie_KREW954_4
/kaggle/input/datasets/b23dckh002lvitanh/s3-origin/S3/Guibourtia ehie/Guibourtia ehie_SXGM640_8/Guibourtia ehie_SXGM640_8_(303).png,Guibourtia ehie,Guibourtia,ehie,Guibourtia ehie_SXGM640_8
/kaggle/input/datasets/b23dckh002lvitanh/s3-origin/S3/Guibourtia ehie/Guibourtia ehie_QAMZ768_7/Guibourtia ehie_QAMZ768_7_(253).png,Guibourtia ehie,Guibourtia,ehie,Guibourtia ehie_QAMZ768_7
/kaggle/input/datasets/b23dckh002lvitanh/s3-origin/S3/Guibourtia ehie/Guibourtia ehie_GHQN943_3/Guibourtia ehie_GHQN943_3_(113).png,Guibourtia ehie,Guibourtia,ehie,Guibourtia ehie_GHQN943_3
/kaggle/input/datasets/b23dckh002lvitanh/s3-origin/S3/Guibourtia ehie/Guibourtia ehie_PVFM153_6/Guibourtia ehie_PVFM153_6_(222).png,Guibourtia ehie,Guibourtia,ehie,Guibourtia ehie_PVFM153_6
/kaggle/input/datasets/b23dckh002lvitanh/s3-origin/S3/Guibourtia ehie/Guibourtia ehie_KREW954_4/Guibourtia ehie_KREW954_4_(142).png,Guibourtia ehie,Guibourtia,ehie,Guibourtia ehie_KREW954_4
/kaggle/input/datasets/b23dckh002lvitanh/s3-origin/S3/Guibourtia ehie/Guibourtia ehie_CHYX256_1/Guibourtia ehie_CHYX256_1_(17).png,Guibourtia ehie,Guibourtia,ehie,Guibourtia ehie_CHYX256_1
/kaggle/input/datasets/b23dckh002lvitanh/s3-origin/S3/Guibourtia ehie/Guibourtia ehie_QAMZ768_7/Guibourtia ehie_QAMZ768_7_(270).png,Guibourtia ehie,Guibourtia,ehie,Guibourtia ehie_QAMZ768_7
/kaggle/input/datasets/b23dckh002lvitanh/s3-origin/S3/Guibourtia ehie/Guibourtia ehie_TLYO895_9/Guibourtia ehie_TLYO895_9_(324).png,Guibourtia ehie,Guibourtia,ehie,Guibourtia ehie_TLYO895_9
/kaggle/input/datasets/b23dckh002lvitanh/s3-origin/S3/Guibourtia ehie/Guibourtia ehie_KREW954_4/Guibourtia ehie_KREW954_4_(159).png,Guibourtia ehie,Guibourtia,ehie,Guibourtia ehie_KREW954_4
/kaggle/input/datasets/b23dckh002lvitanh/s3-origin/S3/Guibourtia ehie/Guibourtia ehie_KREW954_4/Guibourtia ehie_KREW954_4_(151).png,Guibourtia ehie,Guibourtia,ehie,Guibourtia ehie_KREW954_4
/kaggle/input/datasets/b23dckh002lvitanh/s3-origin/S3/Guibourtia ehie/Guibourtia ehie_QAMZ768_7/Guibourtia ehie_QAMZ768_7_(247).png,Guibourtia ehie,Guibourtia,ehie,Guibourtia ehie_QAMZ768_7
/kaggle/input/datasets/b23dckh002lvitanh/s3-origin/S3/Guibourtia ehie/Guibourtia ehie_CHYX256_1/Guibourtia ehie_CHYX256_1_(9).png,Guibourtia ehie,Guibourtia,ehie,Guibourtia ehie_CHYX256_1
/kaggle/input/datasets/b23dckh002lvitanh/s3-origin/S3/Guibourtia ehie/Guibourtia ehie_CHYX256_1/Guibourtia ehie_CHYX256_1_(21).png,Guibourtia ehie,Guibourtia,ehie,Guibourtia ehie_CHYX256_1
/kaggle/input/datasets/b23dckh002lvitanh/s3-origin/S3/Guibourtia ehie/Guibourtia ehie_CHYX256_1/Guibourtia ehie_CHYX256_1_(33).png,Guibourtia ehie,Guibourtia,ehie,Guibourtia ehie_CHYX256_1
/kaggle/input/datasets/b23dckh002lvitanh/s3-origin/S3/Guibourtia ehie/Guibourtia ehie_CHYX256_1/Guibourtia ehie_CHYX256_1_(2).png,Guibourtia ehie,Guibourtia,ehie,Guibourtia ehie_CHYX256_1
/kaggle/input/datasets/b23dckh002lvitanh/s3-origin/S3/Guibourtia ehie/Guibourtia ehie_UORX694_10/Guibourtia ehie_UORX694_10_(399).png,Guibourtia ehie,Guibourtia,ehie,Guibourtia ehie_UORX694_10
/kaggle/input/datasets/b23dckh002lvitanh/s3-origin/S3/Guibourtia ehie/Guibourtia ehie_PRQC042_5/Guibourtia ehie_PRQC042_5_(192).png,Guibourtia ehie,Guibourtia,ehie,Guibourtia ehie_PRQC042_5
/kaggle/input/datasets/b23dckh002lvitanh/s3-origin/S3/Guibourtia ehie/Guibourtia ehie_PRQC042_5/Guibourtia ehie_PRQC042_5_(198).png,Guibourtia ehie,Guibourtia,ehie,Guibourtia ehie_PRQC042_5
/kaggle/input/datasets/b23dckh002lvitanh/s3-origin/S3/Guibourtia ehie/Guibourtia ehie_UORX694_10/Guibourtia ehie_UORX694_10_(366).png,Guibourtia ehie,Guibourtia,ehie,Guibourtia ehie_UORX694_10
/kaggle/input/datasets/b23dckh002lvitanh/s3-origin/S3/Guibourtia ehie/Guibourtia ehie_CHYX256_1/Guibourtia ehie_CHYX256_1_(40).png,Guibourtia ehie,Guibourtia,ehie,Guibourtia ehie_CHYX256_1
/kaggle/input/datasets/b23dckh002lvitanh/s3-origin/S3/Guibourtia ehie/Guibourtia ehie_PVFM153_6/Guibourtia ehie_PVFM153_6_(217).png,Guibourtia ehie,Guibourtia,ehie,Guibourtia ehie_PVFM153_6
/kaggle/input/datasets/b23dckh002lvitanh/s3-origin/S3/Guibourtia ehie/Guibourtia ehie_QAMZ768_7/Guibourtia ehie_QAMZ768_7_(258).png,Guibourtia ehie,Guibourtia,ehie,Guibourtia ehie_QAMZ768_7
/kaggle/input/datasets/b23dckh002lvitanh/s3-origin/S3/Guibourtia ehie/Guibourtia ehie_TLYO895_9/Guibourtia ehie_TLYO895_9_(354).png,Guibourtia ehie,Guibourtia,ehie,Guibourtia ehie_TLYO895_9
/kaggle/input/datasets/b23dckh002lvitanh/s3-origin/S3/Guibourtia ehie/Guibourtia ehie_TLYO895_9/Guibourtia ehie_TLYO895_9_(335).png,Guibourtia ehie,Guibourtia,ehie,Guibourtia ehie_TLYO895_9
/kaggle/input/datasets/b23dckh002lvitanh/s3-origin/S3/Guibourtia ehie/Guibourtia ehie_KREW954_4/Guibourtia ehie_KREW954_4_(140).png,Guibourtia ehie,Guibourtia,ehie,Guibourtia ehie_KREW954_4
/kaggle/input/datasets/b23dckh002lvitanh/s3-origin/S3/Guibourtia ehie/Guibourtia ehie_QAMZ768_7/Guibourtia ehie_QAMZ768_7_(246).png,Guibourtia ehie,Guibourtia,ehie,Guibourtia ehie_QAMZ768_7
/kaggle/input/datasets/b23dckh002lvitanh/s3-origin/S3/Guibourtia ehie/Guibourtia ehie_SXGM640_8/Guibourtia ehie_SXGM640_8_(316).png,Guibourtia ehie,Guibourtia,ehie,Guibourtia ehie_SXGM640_8
/kaggle/input/datasets/b23dckh002lvitanh/s3-origin/S3/Guibourtia ehie/Guibourtia ehie_TLYO895_9/Guibourtia ehie_TLYO895_9_(351).png,Guibourtia ehie,Guibourtia,ehie,Guibourtia ehie_TLYO895_9
/kaggle/input/datasets/b23dckh002lvitanh/s3-origin/S3/Guibourtia ehie/Guibourtia ehie_PRQC042_5/Guibourtia ehie_PRQC042_5_(180).png,Guibourtia ehie,Guibourtia,ehie,Guibourtia ehie_PRQC042_5
/kaggle/input/datasets/b23dckh002lvitanh/s3-origin/S3/Guibourtia ehie/Guibourtia ehie_QAMZ768_7/Guibourtia ehie_QAMZ768_7_(251).png,Guibourtia ehie,Guibourtia,ehie,Guibourtia ehie_QAMZ768_7
/kaggle/input/datasets/b23dckh002lvitanh/s3-origin/S3/Guibourtia ehie/Guibourtia ehie_FEHC134_2/Guibourtia ehie_FEHC134_2_(44).png,Guibourtia ehie,Guibourtia,ehie,Guibourtia ehie_FEHC134_2
/kaggle/input/datasets/b23dckh002lvitanh/s3-origin/S3/Guibourtia ehie/Guibourtia ehie_PRQC042_5/Guibourtia ehie_PRQC042_5_(177).png,Guibourtia ehie,Guibourtia,ehie,Guibourtia ehie_PRQC042_5
/kaggle/input/datasets/b23dckh002lvitanh/s3-origin/S3/Guibourtia ehie/Guibourtia ehie_PVFM153_6/Guibourtia ehie_PVFM153_6_(239).png,Guibourtia ehie,Guibourtia,ehie,Guibourtia ehie_PVFM153_6
/kaggle/input/datasets/b23dckh002lvitanh/s3-origin/S3/Guibourtia ehie/Guibourtia ehie_FEHC134_2/Guibourtia ehie_FEHC134_2_(47).png,Guibourtia ehie,Guibourtia,ehie,Guibourtia ehie_FEHC134_2
/kaggle/input/datasets/b23dckh002lvitanh/s3-origin/S3/Guibourtia ehie/Guibourtia ehie_PRQC042_5/Guibourtia ehie_PRQC042_5_(165).png,Guibourtia ehie,Guibourtia,ehie,Guibourtia ehie_PRQC042_5
/kaggle/input/datasets/b23dckh002lvitanh/s3-origin/S3/Guibourtia ehie/Guibourtia ehie_QAMZ768_7/Guibourtia ehie_QAMZ768_7_(279).png,Guibourtia ehie,Guibourtia,ehie,Guibourtia ehie_QAMZ768_7
/kaggle/input/datasets/b23dckh002lvitanh/s3-origin/S3/Guibourtia ehie/Guibourtia ehie_TLYO895_9/Guibourtia ehie_TLYO895_9_(359).png,Guibourtia ehie,Guibourtia,ehie,Guibourtia ehie_TLYO895_9
/kaggle/input/datasets/b23dckh002lvitanh/s3-origin/S3/Guibourtia ehie/Guibourtia ehie_SXGM640_8/Guibourtia ehie_SXGM640_8_(309).png,Guibourtia ehie,Guibourtia,ehie,Guibourtia ehie_SXGM640_8
/kaggle/input/datasets/b23dckh002lvitanh/s3-origin/S3/Guibourtia ehie/Guibourtia ehie_QAMZ768_7/Guibourtia ehie_QAMZ768_7_(266).png,Guibourtia ehie,Guibourtia,ehie,Guibourtia ehie_QAMZ768_7
/kaggle/input/datasets/b23dckh002lvitanh/s3-origin/S3/Guibourtia ehie/Guibourtia ehie_TLYO895_9/Guibourtia ehie_TLYO895_9_(330).png,Guibourtia ehie,Guibourtia,ehie,Guibourtia ehie_TLYO895_9
/kaggle/input/datasets/b23dckh002lvitanh/s3-origin/S3/Guibourtia ehie/Guibourtia ehie_SXGM640_8/Guibourtia ehie_SXGM640_8_(299).png,Guibourtia ehie,Guibourtia,ehie,Guibourtia ehie_SXGM640_8
/kaggle/input/datasets/b23dckh002lvitanh/s3-origin/S3/Guibourtia ehie/Guibourtia ehie_GHQN943_3/Guibourtia ehie_GHQN943_3_(115).png,Guibourtia ehie,Guibourtia,ehie,Guibourtia ehie_GHQN943_3
/kaggle/input/datasets/b23dckh002lvitanh/s3-origin/S3/Guibourtia ehie/Guibourtia ehie_CHYX256_1/Guibourtia ehie_CHYX256_1_(22).png,Guibourtia ehie,Guibourtia,ehie,Guibourtia ehie_CHYX256_1
/kaggle/input/datasets/b23dckh002lvitanh/s3-origin/S3/Guibourtia ehie/Guibourtia ehie_GHQN943_3/Guibourtia ehie_GHQN943_3_(92).png,Guibourtia ehie,Guibourtia,ehie,Guibourtia ehie_GHQN943_3
/kaggle/input/datasets/b23dckh002lvitanh/s3-origin/S3/Guibourtia ehie/Guibourtia ehie_SXGM640_8/Guibourtia ehie_SXGM640_8_(286).png,Guibourtia ehie,Guibourtia,ehie,Guibourtia ehie_SXGM640_8
/kaggle/input/datasets/b23dckh002lvitanh/s3-origin/S3/Guibourtia ehie/Guibourtia ehie_FEHC134_2/Guibourtia ehie_FEHC134_2_(67).png,Guibourtia ehie,Guibourtia,ehie,Guibourtia ehie_FEHC134_2
/kaggle/input/datasets/b23dckh002lvitanh/s3-origin/S3/Guibourtia ehie/Guibourtia ehie_TLYO895_9/Guibourtia ehie_TLYO895_9_(343).png,Guibourtia ehie,Guibourtia,ehie,Guibourtia ehie_TLYO895_9
/kaggle/input/datasets/b23dckh002lvitanh/s3-origin/S3/Guibourtia ehie/Guibourtia ehie_FEHC134_2/Guibourtia ehie_FEHC134_2_(57).png,Guibourtia ehie,Guibourtia,ehie,Guibourtia ehie_FEHC134_2
/kaggle/input/datasets/b23dckh002lvitanh/s3-origin/S3/Guibourtia ehie/Guibourtia ehie_UORX694_10/Guibourtia ehie_UORX694_10_(376).png,Guibourtia ehie,Guibourtia,ehie,Guibourtia ehie_UORX694_10
/kaggle/input/datasets/b23dckh002lvitanh/s3-origin/S3/Guibourtia ehie/Guibourtia ehie_PVFM153_6/Guibourtia ehie_PVFM153_6_(230).png,Guibourtia ehie,Guibourtia,ehie,Guibourtia ehie_PVFM153_6
/kaggle/input/datasets/b23dckh002lvitanh/s3-origin/S3/Guibourtia ehie/Guibourtia ehie_GHQN943_3/Guibourtia ehie_GHQN943_3_(109).png,Guibourtia ehie,Guibourtia,ehie,Guibourtia ehie_GHQN943_3
/kaggle/input/datasets/b23dckh002lvitanh/s3-origin/S3/Guibourtia ehie/Guibourtia ehie_PVFM153_6/Guibourtia ehie_PVFM153_6_(223).png,Guibourtia ehie,Guibourtia,ehie,Guibourtia ehie_PVFM153_6
/kaggle/input/datasets/b23dckh002lvitanh/s3-origin/S3/Guibourtia ehie/Guibourtia ehie_UORX694_10/Guibourtia ehie_UORX694_10_(388).png,Guibourtia ehie,Guibourtia,ehie,Guibourtia ehie_UORX694_10
/kaggle/input/datasets/b23dckh002lvitanh/s3-origin/S3/Guibourtia ehie/Guibourtia ehie_UORX694_10/Guibourtia ehie_UORX694_10_(365).png,Guibourtia ehie,Guibourtia,ehie,Guibourtia ehie_UORX694_10
/kaggle/input/datasets/b23dckh002lvitanh/s3-origin/S3/Guibourtia ehie/Guibourtia ehie_UORX694_10/Guibourtia ehie_UORX694_10_(361).png,Guibourtia ehie,Guibourtia,ehie,Guibourtia ehie_UORX694_10
/kaggle/input/datasets/b23dckh002lvitanh/s3-origin/S3/Guibourtia ehie/Guibourtia ehie_KREW954_4/Guibourtia ehie_KREW954_4_(148).png,Guibourtia ehie,Guibourtia,ehie,Guibourtia ehie_KREW954_4
/kaggle/input/datasets/b23dckh002lvitanh/s3-origin/S3/Guibourtia ehie/Guibourtia ehie_QAMZ768_7/Guibourtia ehie_QAMZ768_7_(248).png,Guibourtia ehie,Guibourtia,ehie,Guibourtia ehie_QAMZ768_7
/kaggle/input/datasets/b23dckh002lvitanh/s3-origin/S3/Guibourtia ehie/Guibourtia ehie_KREW954_4/Guibourtia ehie_KREW954_4_(155).png,Guibourtia ehie,Guibourtia,ehie,Guibourtia ehie_KREW954_4
/kaggle/input/datasets/b23dckh002lvitanh/s3-origin/S3/Guibourtia ehie/Guibourtia ehie_GHQN943_3/Guibourtia ehie_GHQN943_3_(85).png,Guibourtia ehie,Guibourtia,ehie,Guibourtia ehie_GHQN943_3
/kaggle/input/datasets/b23dckh002lvitanh/s3-origin/S3/Guibourtia ehie/Guibourtia ehie_SXGM640_8/Guibourtia ehie_SXGM640_8_(294).png,Guibourtia ehie,Guibourtia,ehie,Guibourtia ehie_SXGM640_8
/kaggle/input/datasets/b23dckh002lvitanh/s3-origin/S3/Guibourtia ehie/Guibourtia ehie_FEHC134_2/Guibourtia ehie_FEHC134_2_(68).png,Guibourtia ehie,Guibourtia,ehie,Guibourtia ehie_FEHC134_2
/kaggle/input/datasets/b23dckh002lvitanh/s3-origin/S3/Guibourtia ehie/Guibourtia ehie_SXGM640_8/Guibourtia ehie_SXGM640_8_(291).png,Guibourtia ehie,Guibourtia,ehie,Guibourtia ehie_SXGM640_8
/kaggle/input/datasets/b23dckh002lvitanh/s3-origin/S3/Guibourtia ehie/Guibourtia ehie_TLYO895_9/Guibourtia ehie_TLYO895_9_(347).png,Guibourtia ehie,Guibourtia,ehie,Guibourtia ehie_TLYO895_9
/kaggle/input/datasets/b23dckh002lvitanh/s3-origin/S3/Guibourtia ehie/Guibourtia ehie_TLYO895_9/Guibourtia ehie_TLYO895_9_(346).png,Guibourtia ehie,Guibourtia,ehie,Guibourtia ehie_TLYO895_9
/kaggle/input/datasets/b23dckh002lvitanh/s3-origin/S3/Guibourtia ehie/Guibourtia ehie_QAMZ768_7/Guibourtia ehie_QAMZ768_7_(265).png,Guibourtia ehie,Guibourtia,ehie,Guibourtia ehie_QAMZ768_7
/kaggle/input/datasets/b23dckh002lvitanh/s3-origin/S3/Guibourtia ehie/Guibourtia ehie_GHQN943_3/Guibourtia ehie_GHQN943_3_(98).png,Guibourtia ehie,Guibourtia,ehie,Guibourtia ehie_GHQN943_3
/kaggle/input/datasets/b23dckh002lvitanh/s3-origin/S3/Guibourtia ehie/Guibourtia ehie_FEHC134_2/Guibourtia ehie_FEHC134_2_(60).png,Guibourtia ehie,Guibourtia,ehie,Guibourtia ehie_FEHC134_2
/kaggle/input/datasets/b23dckh002lvitanh/s3-origin/S3/Guibourtia ehie/Guibourtia ehie_SXGM640_8/Guibourtia ehie_SXGM640_8_(293).png,Guibourtia ehie,Guibourtia,ehie,Guibourtia ehie_SXGM640_8
/kaggle/input/datasets/b23dckh002lvitanh/s3-origin/S3/Guibourtia ehie/Guibourtia ehie_TLYO895_9/Guibourtia ehie_TLYO895_9_(341).png,Guibourtia ehie,Guibourtia,ehie,Guibourtia ehie_TLYO895_9
/kaggle/input/datasets/b23dckh002lvitanh/s3-origin/S3/Guibourtia ehie/Guibourtia ehie_QAMZ768_7/Guibourtia ehie_QAMZ768_7_(262).png,Guibourtia ehie,Guibourtia,ehie,Guibourtia ehie_QAMZ768_7
/kaggle/input/datasets/b23dckh002lvitanh/s3-origin/S3/Guibourtia ehie/Guibourtia ehie_PVFM153_6/Guibourtia ehie_PVFM153_6_(218).png,Guibourtia ehie,Guibourtia,ehie,Guibourtia ehie_PVFM153_6
/kaggle/input/datasets/b23dckh002lvitanh/s3-origin/S3/Guibourtia ehie/Guibourtia ehie_CHYX256_1/Guibourtia ehie_CHYX256_1_(18).png,Guibourtia ehie,Guibourtia,ehie,Guibourtia ehie_CHYX256_1
/kaggle/input/datasets/b23dckh002lvitanh/s3-origin/S3/Guibourtia ehie/Guibourtia ehie_UORX694_10/Guibourtia ehie_UORX694_10_(370).png,Guibourtia ehie,Guibourtia,ehie,Guibourtia ehie_UORX694_10
/kaggle/input/datasets/b23dckh002lvitanh/s3-origin/S3/Guibourtia ehie/Guibourtia ehie_PRQC042_5/Guibourtia ehie_PRQC042_5_(194).png,Guibourtia ehie,Guibourtia,ehie,Guibourtia ehie_PRQC042_5
/kaggle/input/datasets/b23dckh002lvitanh/s3-origin/S3/Guibourtia ehie/Guibourtia ehie_PVFM153_6/Guibourtia ehie_PVFM153_6_(229).png,Guibourtia ehie,Guibourtia,ehie,Guibourtia ehie_PVFM153_6
/kaggle/input/datasets/b23dckh002lvitanh/s3-origin/S3/Guibourtia ehie/Guibourtia ehie_PVFM153_6/Guibourtia ehie_PVFM153_6_(226).png,Guibourtia ehie,Guibourtia,ehie,Guibourtia ehie_PVFM153_6
/kaggle/input/datasets/b23dckh002lvitanh/s3-origin/S3/Guibourtia ehie/Guibourtia ehie_PRQC042_5/Guibourtia ehie_PRQC042_5_(182).png,Guibourtia ehie,Guibourtia,ehie,Guibourtia ehie_PRQC042_5
/kaggle/input/datasets/b23dckh002lvitanh/s3-origin/S3/Guibourtia ehie/Guibourtia ehie_PRQC042_5/Guibourtia ehie_PRQC042_5_(195).png,Guibourtia ehie,Guibourtia,ehie,Guibourtia ehie_PRQC042_5
/kaggle/input/datasets/b23dckh002lvitanh/s3-origin/S3/Guibourtia ehie/Guibourtia ehie_CHYX256_1/Guibourtia ehie_CHYX256_1_(27).png,Guibourtia ehie,Guibourtia,ehie,Guibourtia ehie_CHYX256_1
/kaggle/input/datasets/b23dckh002lvitanh/s3-origin/S3/Guibourtia ehie/Guibourtia ehie_FEHC134_2/Guibourtia ehie_FEHC134_2_(62).png,Guibourtia ehie,Guibourtia,ehie,Guibourtia ehie_FEHC134_2
/kaggle/input/datasets/b23dckh002lvitanh/s3-origin/S3/Guibourtia ehie/Guibourtia ehie_KREW954_4/Guibourtia ehie_KREW954_4_(146).png,Guibourtia ehie,Guibourtia,ehie,Guibourtia ehie_KREW954_4
/kaggle/input/datasets/b23dckh002lvitanh/s3-origin/S3/Guibourtia ehie/Guibourtia ehie_TLYO895_9/Guibourtia ehie_TLYO895_9_(358).png,Guibourtia ehie,Guibourtia,ehie,Guibourtia ehie_TLYO895_9
/kaggle/input/datasets/b23dckh002lvitanh/s3-origin/S3/Guibourtia ehie/Guibourtia ehie_PRQC042_5/Guibourtia ehie_PRQC042_5_(168).png,Guibourtia ehie,Guibourtia,ehie,Guibourtia ehie_PRQC042_5
/kaggle/input/datasets/b23dckh002lvitanh/s3-origin/S3/Guibourtia ehie/Guibourtia ehie_KREW954_4/Guibourtia ehie_KREW954_4_(123).png,Guibourtia ehie,Guibourtia,ehie,Guibourtia ehie_KREW954_4
/kaggle/input/datasets/b23dckh002lvitanh/s3-origin/S3/Guibourtia ehie/Guibourtia ehie_KREW954_4/Guibourtia ehie_KREW954_4_(133).png,Guibourtia ehie,Guibourtia,ehie,Guibourtia ehie_KREW954_4
/kaggle/input/datasets/b23dckh002lvitanh/s3-origin/S3/Guibourtia ehie/Guibourtia ehie_UORX694_10/Guibourtia ehie_UORX694_10_(390).png,Guibourtia ehie,Guibourtia,ehie,Guibourtia ehie_UORX694_10
/kaggle/input/datasets/b23dckh002lvitanh/s3-origin/S3/Guibourtia ehie/Guibourtia ehie_FEHC134_2/Guibourtia ehie_FEHC134_2_(46).png,Guibourtia ehie,Guibourtia,ehie,Guibourtia ehie_FEHC134_2
/kaggle/input/datasets/b23dckh002lvitanh/s3-origin/S3/Guibourtia ehie/Guibourtia ehie_KREW954_4/Guibourtia ehie_KREW954_4_(125).png,Guibourtia ehie,Guibourtia,ehie,Guibourtia ehie_KREW954_4
/kaggle/input/datasets/b23dckh002lvitanh/s3-origin/S3/Guibourtia ehie/Guibourtia ehie_GHQN943_3/Guibourtia ehie_GHQN943_3_(102).png,Guibourtia ehie,Guibourtia,ehie,Guibourtia ehie_GHQN943_3
/kaggle/input/datasets/b23dckh002lvitanh/s3-origin/S3/Guibourtia ehie/Guibourtia ehie_GHQN943_3/Guibourtia ehie_GHQN943_3_(107).png,Guibourtia ehie,Guibourtia,ehie,Guibourtia ehie_GHQN943_3
/kaggle/input/datasets/b23dckh002lvitanh/s3-origin/S3/Guibourtia ehie/Guibourtia ehie_PVFM153_6/Guibourtia ehie_PVFM153_6_(214).png,Guibourtia ehie,Guibourtia,ehie,Guibourtia ehie_PVFM153_6
/kaggle/input/datasets/b23dckh002lvitanh/s3-origin/S3/Guibourtia ehie/Guibourtia ehie_TLYO895_9/Guibourtia ehie_TLYO895_9_(356).png,Guibourtia ehie,Guibourtia,ehie,Guibourtia ehie_TLYO895_9
/kaggle/input/datasets/b23dckh002lvitanh/s3-origin/S3/Guibourtia ehie/Guibourtia ehie_PRQC042_5/Guibourtia ehie_PRQC042_5_(193).png,Guibourtia ehie,Guibourtia,ehie,Guibourtia ehie_PRQC042_5
/kaggle/input/datasets/b23dckh002lvitanh/s3-origin/S3/Guibourtia ehie/Guibourtia ehie_PVFM153_6/Guibourtia ehie_PVFM153_6_(233).png,Guibourtia ehie,Guibourtia,ehie,Guibourtia ehie_PVFM153_6
/kaggle/input/datasets/b23dckh002lvitanh/s3-origin/S3/Guibourtia ehie/Guibourtia ehie_PRQC042_5/Guibourtia ehie_PRQC042_5_(181).png,Guibourtia ehie,Guibourtia,ehie,Guibourtia ehie_PRQC042_5
/kaggle/input/datasets/b23dckh002lvitanh/s3-origin/S3/Guibourtia ehie/Guibourtia ehie_KREW954_4/Guibourtia ehie_KREW954_4_(138).png,Guibourtia ehie,Guibourtia,ehie,Guibourtia ehie_KREW954_4
/kaggle/input/datasets/b23dckh002lvitanh/s3-origin/S3/Guibourtia ehie/Guibourtia ehie_SXGM640_8/Guibourtia ehie_SXGM640_8_(310).png,Guibourtia ehie,Guibourtia,ehie,Guibourtia ehie_SXGM640_8
/kaggle/input/datasets/b23dckh002lvitanh/s3-origin/S3/Guibourtia ehie/Guibourtia ehie_UORX694_10/Guibourtia ehie_UORX694_10_(386).png,Guibourtia ehie,Guibourtia,ehie,Guibourtia ehie_UORX694_10
/kaggle/input/datasets/b23dckh002lvitanh/s3-origin/S3/Guibourtia ehie/Guibourtia ehie_PRQC042_5/Guibourtia ehie_PRQC042_5_(166).png,Guibourtia ehie,Guibourtia,ehie,Guibourtia ehie_PRQC042_5
/kaggle/input/datasets/b23dckh002lvitanh/s3-origin/S3/Guibourtia ehie/Guibourtia ehie_QAMZ768_7/Guibourtia ehie_QAMZ768_7_(242).png,Guibourtia ehie,Guibourtia,ehie,Guibourtia ehie_QAMZ768_7
/kaggle/input/datasets/b23dckh002lvitanh/s3-origin/S3/Guibourtia ehie/Guibourtia ehie_GHQN943_3/Guibourtia ehie_GHQN943_3_(91).png,Guibourtia ehie,Guibourtia,ehie,Guibourtia ehie_GHQN943_3
/kaggle/input/datasets/b23dckh002lvitanh/s3-origin/S3/Guibourtia ehie/Guibourtia ehie_QAMZ768_7/Guibourtia ehie_QAMZ768_7_(268).png,Guibourtia ehie,Guibourtia,ehie,Guibourtia ehie_QAMZ768_7
/kaggle/input/datasets/b23dckh002lvitanh/s3-origin/S3/Guibourtia ehie/Guibourtia ehie_QAMZ768_7/Guibourtia ehie_QAMZ768_7_(250).png,Guibourtia ehie,Guibourtia,ehie,Guibourtia ehie_QAMZ768_7
/kaggle/input/datasets/b23dckh002lvitanh/s3-origin/S3/Guibourtia ehie/Guibourtia ehie_PVFM153_6/Guibourtia ehie_PVFM153_6_(206).png,Guibourtia ehie,Guibourtia,ehie,Guibourtia ehie_PVFM153_6
/kaggle/input/datasets/b23dckh002lvitanh/s3-origin/S3/Guibourtia ehie/Guibourtia ehie_GHQN943_3/Guibourtia ehie_GHQN943_3_(93).png,Guibourtia ehie,Guibourtia,ehie,Guibourtia ehie_GHQN943_3
/kaggle/input/datasets/b23dckh002lvitanh/s3-origin/S3/Guibourtia ehie/Guibourtia ehie_PVFM153_6/Guibourtia ehie_PVFM153_6_(221).png,Guibourtia ehie,Guibourtia,ehie,Guibourtia ehie_PVFM153_6
/kaggle/input/datasets/b23dckh002lvitanh/s3-origin/S3/Guibourtia ehie/Guibourtia ehie_UORX694_10/Guibourtia ehie_UORX694_10_(364).png,Guibourtia ehie,Guibourtia,ehie,Guibourtia ehie_UORX694_10
/kaggle/input/datasets/b23dckh002lvitanh/s3-origin/S3/Guibourtia ehie/Guibourtia ehie_GHQN943_3/Guibourtia ehie_GHQN943_3_(116).png,Guibourtia ehie,Guibourtia,ehie,Guibourtia ehie_GHQN943_3
/kaggle/input/datasets/b23dckh002lvitanh/s3-origin/S3/Guibourtia ehie/Guibourtia ehie_CHYX256_1/Guibourtia ehie_CHYX256_1_(11).png,Guibourtia ehie,Guibourtia,ehie,Guibourtia ehie_CHYX256_1
/kaggle/input/datasets/b23dckh002lvitanh/s3-origin/S3/Guibourtia ehie/Guibourtia ehie_PRQC042_5/Guibourtia ehie_PRQC042_5_(190).png,Guibourtia ehie,Guibourtia,ehie,Guibourtia ehie_PRQC042_5
/kaggle/input/datasets/b23dckh002lvitanh/s3-origin/S3/Guibourtia ehie/Guibourtia ehie_KREW954_4/Guibourtia ehie_KREW954_4_(128).png,Guibourtia ehie,Guibourtia,ehie,Guibourtia ehie_KREW954_4
/kaggle/input/datasets/b23dckh002lvitanh/s3-origin/S3/Guibourtia ehie/Guibourtia ehie_SXGM640_8/Guibourtia ehie_SXGM640_8_(314).png,Guibourtia ehie,Guibourtia,ehie,Guibourtia ehie_SXGM640_8
/kaggle/input/datasets/b23dckh002lvitanh/s3-origin/S3/Guibourtia ehie/Guibourtia ehie_CHYX256_1/Guibourtia ehie_CHYX256_1_(36).png,Guibourtia ehie,Guibourtia,ehie,Guibourtia ehie_CHYX256_1
/kaggle/input/datasets/b23dckh002lvitanh/s3-origin/S3/Guibourtia ehie/Guibourtia ehie_KREW954_4/Guibourtia ehie_KREW954_4_(147).png,Guibourtia ehie,Guibourtia,ehie,Guibourtia ehie_KREW954_4
/kaggle/input/datasets/b23dckh002lvitanh/s3-origin/S3/Guibourtia ehie/Guibourtia ehie_TLYO895_9/Guibourtia ehie_TLYO895_9_(332).png,Guibourtia ehie,Guibourtia,ehie,Guibourtia ehie_TLYO895_9
/kaggle/input/datasets/b23dckh002lvitanh/s3-origin/S3/Guibourtia ehie/Guibourtia ehie_KREW954_4/Guibourtia ehie_KREW954_4_(158).png,Guibourtia ehie,Guibourtia,ehie,Guibourtia ehie_KREW954_4
/kaggle/input/datasets/b23dckh002lvitanh/s3-origin/S3/Guibourtia ehie/Guibourtia ehie_CHYX256_1/Guibourtia ehie_CHYX256_1_(5).png,Guibourtia ehie,Guibourtia,ehie,Guibourtia ehie_CHYX256_1
/kaggle/input/datasets/b23dckh002lvitanh/s3-origin/S3/Guibourtia ehie/Guibourtia ehie_SXGM640_8/Guibourtia ehie_SXGM640_8_(307).png,Guibourtia ehie,Guibourtia,ehie,Guibourtia ehie_SXGM640_8
/kaggle/input/datasets/b23dckh002lvitanh/s3-origin/S3/Guibourtia ehie/Guibourtia ehie_CHYX256_1/Guibourtia ehie_CHYX256_1_(25).png,Guibourtia ehie,Guibourtia,ehie,Guibourtia ehie_CHYX256_1
/kaggle/input/datasets/b23dckh002lvitanh/s3-origin/S3/Guibourtia ehie/Guibourtia ehie_CHYX256_1/Guibourtia ehie_CHYX256_1_(1).png,Guibourtia ehie,Guibourtia,ehie,Guibourtia ehie_CHYX256_1
/kaggle/input/datasets/b23dckh002lvitanh/s3-origin/S3/Guibourtia ehie/Guibourtia ehie_SXGM640_8/Guibourtia ehie_SXGM640_8_(313).png,Guibourtia ehie,Guibourtia,ehie,Guibourtia ehie_SXGM640_8
/kaggle/input/datasets/b23dckh002lvitanh/s3-origin/S3/Guibourtia ehie/Guibourtia ehie_TLYO895_9/Guibourtia ehie_TLYO895_9_(327).png,Guibourtia ehie,Guibourtia,ehie,Guibourtia ehie_TLYO895_9
/kaggle/input/datasets/b23dckh002lvitanh/s3-origin/S3/Guibourtia ehie/Guibourtia ehie_UORX694_10/Guibourtia ehie_UORX694_10_(381).png,Guibourtia ehie,Guibourtia,ehie,Guibourtia ehie_UORX694_10
/kaggle/input/datasets/b23dckh002lvitanh/s3-origin/S3/Guibourtia ehie/Guibourtia ehie_GHQN943_3/Guibourtia ehie_GHQN943_3_(105).png,Guibourtia ehie,Guibourtia,ehie,Guibourtia ehie_GHQN943_3
/kaggle/input/datasets/b23dckh002lvitanh/s3-origin/S3/Guibourtia ehie/Guibourtia ehie_KREW954_4/Guibourtia ehie_KREW954_4_(129).png,Guibourtia ehie,Guibourtia,ehie,Guibourtia ehie_KREW954_4
/kaggle/input/datasets/b23dckh002lvitanh/s3-origin/S3/Guibourtia ehie/Guibourtia ehie_TLYO895_9/Guibourtia ehie_TLYO895_9_(337).png,Guibourtia ehie,Guibourtia,ehie,Guibourtia ehie_TLYO895_9
/kaggle/input/datasets/b23dckh002lvitanh/s3-origin/S3/Guibourtia ehie/Guibourtia ehie_SXGM640_8/Guibourtia ehie_SXGM640_8_(315).png,Guibourtia ehie,Guibourtia,ehie,Guibourtia ehie_SXGM640_8
/kaggle/input/datasets/b23dckh002lvitanh/s3-origin/S3/Guibourtia ehie/Guibourtia ehie_QAMZ768_7/Guibourtia ehie_QAMZ768_7_(273).png,Guibourtia ehie,Guibourtia,ehie,Guibourtia ehie_QAMZ768_7
/kaggle/input/datasets/b23dckh002lvitanh/s3-origin/S3/Guibourtia ehie/Guibourtia ehie_GHQN943_3/Guibourtia ehie_GHQN943_3_(111).png,Guibourtia ehie,Guibourtia,ehie,Guibourtia ehie_GHQN943_3
/kaggle/input/datasets/b23dckh002lvitanh/s3-origin/S3/Guibourtia ehie/Guibourtia ehie_PVFM153_6/Guibourtia ehie_PVFM153_6_(227).png,Guibourtia ehie,Guibourtia,ehie,Guibourtia ehie_PVFM153_6
/kaggle/input/datasets/b23dckh002lvitanh/s3-origin/S3/Guibourtia ehie/Guibourtia ehie_GHQN943_3/Guibourtia ehie_GHQN943_3_(89).png,Guibourtia ehie,Guibourtia,ehie,Guibourtia ehie_GHQN943_3
/kaggle/input/datasets/b23dckh002lvitanh/s3-origin/S3/Guibourtia ehie/Guibourtia ehie_FEHC134_2/Guibourtia ehie_FEHC134_2_(54).png,Guibourtia ehie,Guibourtia,ehie,Guibourtia ehie_FEHC134_2
/kaggle/input/datasets/b23dckh002lvitanh/s3-origin/S3/Guibourtia ehie/Guibourtia ehie_TLYO895_9/Guibourtia ehie_TLYO895_9_(338).png,Guibourtia ehie,Guibourtia,ehie,Guibourtia ehie_TLYO895_9
/kaggle/input/datasets/b23dckh002lvitanh/s3-origin/S3/Guibourtia ehie/Guibourtia ehie_PVFM153_6/Guibourtia ehie_PVFM153_6_(220).png,Guibourtia ehie,Guibourtia,ehie,Guibourtia ehie_PVFM153_6
/kaggle/input/datasets/b23dckh002lvitanh/s3-origin/S3/Guibourtia ehie/Guibourtia ehie_SXGM640_8/Guibourtia ehie_SXGM640_8_(302).png,Guibourtia ehie,Guibourtia,ehie,Guibourtia ehie_SXGM640_8
/kaggle/input/datasets/b23dckh002lvitanh/s3-origin/S3/Guibourtia ehie/Guibourtia ehie_FEHC134_2/Guibourtia ehie_FEHC134_2_(73).png,Guibourtia ehie,Guibourtia,ehie,Guibourtia ehie_FEHC134_2
/kaggle/input/datasets/b23dckh002lvitanh/s3-origin/S3/Guibourtia ehie/Guibourtia ehie_GHQN943_3/Guibourtia ehie_GHQN943_3_(96).png,Guibourtia ehie,Guibourtia,ehie,Guibourtia ehie_GHQN943_3
/kaggle/input/datasets/b23dckh002lvitanh/s3-origin/S3/Guibourtia ehie/Guibourtia ehie_SXGM640_8/Guibourtia ehie_SXGM640_8_(304).png,Guibourtia ehie,Guibourtia,ehie,Guibourtia ehie_SXGM640_8
/kaggle/input/datasets/b23dckh002lvitanh/s3-origin/S3/Guibourtia ehie/Guibourtia ehie_KREW954_4/Guibourtia ehie_KREW954_4_(126).png,Guibourtia ehie,Guibourtia,ehie,Guibourtia ehie_KREW954_4
/kaggle/input/datasets/b23dckh002lvitanh/s3-origin/S3/Guibourtia ehie/Guibourtia ehie_PVFM153_6/Guibourtia ehie_PVFM153_6_(232).png,Guibourtia ehie,Guibourtia,ehie,Guibourtia ehie_PVFM153_6
/kaggle/input/datasets/b23dckh002lvitanh/s3-origin/S3/Guibourtia ehie/Guibourtia ehie_FEHC134_2/Guibourtia ehie_FEHC134_2_(79).png,Guibourtia ehie,Guibourtia,ehie,Guibourtia ehie_FEHC134_2
/kaggle/input/datasets/b23dckh002lvitanh/s3-origin/S3/Guibourtia ehie/Guibourtia ehie_SXGM640_8/Guibourtia ehie_SXGM640_8_(311).png,Guibourtia ehie,Guibourtia,ehie,Guibourtia ehie_SXGM640_8
/kaggle/input/datasets/b23dckh002lvitanh/s3-origin/S3/Guibourtia ehie/Guibourtia ehie_UORX694_10/Guibourtia ehie_UORX694_10_(379).png,Guibourtia ehie,Guibourtia,ehie,Guibourtia ehie_UORX694_10
/kaggle/input/datasets/b23dckh002lvitanh/s3-origin/S3/Guibourtia ehie/Guibourtia ehie_CHYX256_1/Guibourtia ehie_CHYX256_1_(6).png,Guibourtia ehie,Guibourtia,ehie,Guibourtia ehie_CHYX256_1
/kaggle/input/datasets/b23dckh002lvitanh/s3-origin/S3/Guibourtia ehie/Guibourtia ehie_QAMZ768_7/Guibourtia ehie_QAMZ768_7_(257).png,Guibourtia ehie,Guibourtia,ehie,Guibourtia ehie_QAMZ768_7
/kaggle/input/datasets/b23dckh002lvitanh/s3-origin/S3/Guibourtia ehie/Guibourtia ehie_PRQC042_5/Guibourtia ehie_PRQC042_5_(175).png,Guibourtia ehie,Guibourtia,ehie,Guibourtia ehie_PRQC042_5
/kaggle/input/datasets/b23dckh002lvitanh/s3-origin/S3/Guibourtia ehie/Guibourtia ehie_CHYX256_1/Guibourtia ehie_CHYX256_1_(28).png,Guibourtia ehie,Guibourtia,ehie,Guibourtia ehie_CHYX256_1
/kaggle/input/datasets/b23dckh002lvitanh/s3-origin/S3/Guibourtia ehie/Guibourtia ehie_CHYX256_1/Guibourtia ehie_CHYX256_1_(8).png,Guibourtia ehie,Guibourtia,ehie,Guibourtia ehie_CHYX256_1
/kaggle/input/datasets/b23dckh002lvitanh/s3-origin/S3/Guibourtia ehie/Guibourtia ehie_KREW954_4/Guibourtia ehie_KREW954_4_(134).png,Guibourtia ehie,Guibourtia,ehie,Guibourtia ehie_KREW954_4
/kaggle/input/datasets/b23dckh002lvitanh/s3-origin/S3/Guibourtia ehie/Guibourtia ehie_GHQN943_3/Guibourtia ehie_GHQN943_3_(108).png,Guibourtia ehie,Guibourtia,ehie,Guibourtia ehie_GHQN943_3
/kaggle/input/datasets/b23dckh002lvitanh/s3-origin/S3/Guibourtia ehie/Guibourtia ehie_GHQN943_3/Guibourtia ehie_GHQN943_3_(83).png,Guibourtia ehie,Guibourtia,ehie,Guibourtia ehie_GHQN943_3
/kaggle/input/datasets/b23dckh002lvitanh/s3-origin/S3/Guibourtia ehie/Guibourtia ehie_UORX694_10/Guibourtia ehie_UORX694_10_(371).png,Guibourtia ehie,Guibourtia,ehie,Guibourtia ehie_UORX694_10
/kaggle/input/datasets/b23dckh002lvitanh/s3-origin/S3/Guibourtia ehie/Guibourtia ehie_TLYO895_9/Guibourtia ehie_TLYO895_9_(349).png,Guibourtia ehie,Guibourtia,ehie,Guibourtia ehie_TLYO895_9
/kaggle/input/datasets/b23dckh002lvitanh/s3-origin/S3/Guibourtia ehie/Guibourtia ehie_CHYX256_1/Guibourtia ehie_CHYX256_1_(16).png,Guibourtia ehie,Guibourtia,ehie,Guibourtia ehie_CHYX256_1
/kaggle/input/datasets/b23dckh002lvitanh/s3-origin/S3/Guibourtia ehie/Guibourtia ehie_TLYO895_9/Guibourtia ehie_TLYO895_9_(334).png,Guibourtia ehie,Guibourtia,ehie,Guibourtia ehie_TLYO895_9
/kaggle/input/datasets/b23dckh002lvitanh/s3-origin/S3/Guibourtia ehie/Guibourtia ehie_UORX694_10/Guibourtia ehie_UORX694_10_(380).png,Guibourtia ehie,Guibourtia,ehie,Guibourtia ehie_UORX694_10
/kaggle/input/datasets/b23dckh002lvitanh/s3-origin/S3/Guibourtia ehie/Guibourtia ehie_GHQN943_3/Guibourtia ehie_GHQN943_3_(86).png,Guibourtia ehie,Guibourtia,ehie,Guibourtia ehie_GHQN943_3
/kaggle/input/datasets/b23dckh002lvitanh/s3-origin/S3/Guibourtia ehie/Guibourtia ehie_GHQN943_3/Guibourtia ehie_GHQN943_3_(81).png,Guibourtia ehie,Guibourtia,ehie,Guibourtia ehie_GHQN943_3
/kaggle/input/datasets/b23dckh002lvitanh/s3-origin/S3/Guibourtia ehie/Guibourtia ehie_KREW954_4/Guibourtia ehie_KREW954_4_(124).png,Guibourtia ehie,Guibourtia,ehie,Guibourtia ehie_KREW954_4
/kaggle/input/datasets/b23dckh002lvitanh/s3-origin/S3/Guibourtia ehie/Guibourtia ehie_SXGM640_8/Guibourtia ehie_SXGM640_8_(295).png,Guibourtia ehie,Guibourtia,ehie,Guibourtia ehie_SXGM640_8
/kaggle/input/datasets/b23dckh002lvitanh/s3-origin/S3/Guibourtia ehie/Guibourtia ehie_PVFM153_6/Guibourtia ehie_PVFM153_6_(238).png,Guibourtia ehie,Guibourtia,ehie,Guibourtia ehie_PVFM153_6
/kaggle/input/datasets/b23dckh002lvitanh/s3-origin/S3/Guibourtia ehie/Guibourtia ehie_PRQC042_5/Guibourtia ehie_PRQC042_5_(172).png,Guibourtia ehie,Guibourtia,ehie,Guibourtia ehie_PRQC042_5
/kaggle/input/datasets/b23dckh002lvitanh/s3-origin/S3/Guibourtia ehie/Guibourtia ehie_UORX694_10/Guibourtia ehie_UORX694_10_(385).png,Guibourtia ehie,Guibourtia,ehie,Guibourtia ehie_UORX694_10
/kaggle/input/datasets/b23dckh002lvitanh/s3-origin/S3/Guibourtia ehie/Guibourtia ehie_SXGM640_8/Guibourtia ehie_SXGM640_8_(284).png,Guibourtia ehie,Guibourtia,ehie,Guibourtia ehie_SXGM640_8
/kaggle/input/datasets/b23dckh002lvitanh/s3-origin/S3/Guibourtia ehie/Guibourtia ehie_TLYO895_9/Guibourtia ehie_TLYO895_9_(344).png,Guibourtia ehie,Guibourtia,ehie,Guibourtia ehie_TLYO895_9
/kaggle/input/datasets/b23dckh002lvitanh/s3-origin/S3/Guibourtia ehie/Guibourtia ehie_PRQC042_5/Guibourtia ehie_PRQC042_5_(184).png,Guibourtia ehie,Guibourtia,ehie,Guibourtia ehie_PRQC042_5
/kaggle/input/datasets/b23dckh002lvitanh/s3-origin/S3/Guibourtia ehie/Guibourtia ehie_SXGM640_8/Guibourtia ehie_SXGM640_8_(288).png,Guibourtia ehie,Guibourtia,ehie,Guibourtia ehie_SXGM640_8
/kaggle/input/datasets/b23dckh002lvitanh/s3-origin/S3/Guibourtia ehie/Guibourtia ehie_PRQC042_5/Guibourtia ehie_PRQC042_5_(197).png,Guibourtia ehie,Guibourtia,ehie,Guibourtia ehie_PRQC042_5
/kaggle/input/datasets/b23dckh002lvitanh/s3-origin/S3/Guibourtia ehie/Guibourtia ehie_UORX694_10/Guibourtia ehie_UORX694_10_(392).png,Guibourtia ehie,Guibourtia,ehie,Guibourtia ehie_UORX694_10
/kaggle/input/datasets/b23dckh002lvitanh/s3-origin/S3/Guibourtia ehie/Guibourtia ehie_QAMZ768_7/Guibourtia ehie_QAMZ768_7_(276).png,Guibourtia ehie,Guibourtia,ehie,Guibourtia ehie_QAMZ768_7
/kaggle/input/datasets/b23dckh002lvitanh/s3-origin/S3/Guibourtia ehie/Guibourtia ehie_UORX694_10/Guibourtia ehie_UORX694_10_(372).png,Guibourtia ehie,Guibourtia,ehie,Guibourtia ehie_UORX694_10
/kaggle/input/datasets/b23dckh002lvitanh/s3-origin/S3/Guibourtia ehie/Guibourtia ehie_FEHC134_2/Guibourtia ehie_FEHC134_2_(64).png,Guibourtia ehie,Guibourtia,ehie,Guibourtia ehie_FEHC134_2
/kaggle/input/datasets/b23dckh002lvitanh/s3-origin/S3/Guibourtia ehie/Guibourtia ehie_FEHC134_2/Guibourtia ehie_FEHC134_2_(61).png,Guibourtia ehie,Guibourtia,ehie,Guibourtia ehie_FEHC134_2
/kaggle/input/datasets/b23dckh002lvitanh/s3-origin/S3/Guibourtia ehie/Guibourtia ehie_CHYX256_1/Guibourtia ehie_CHYX256_1_(39).png,Guibourtia ehie,Guibourtia,ehie,Guibourtia ehie_CHYX256_1
/kaggle/input/datasets/b23dckh002lvitanh/s3-origin/S3/Guibourtia ehie/Guibourtia ehie_KREW954_4/Guibourtia ehie_KREW954_4_(143).png,Guibourtia ehie,Guibourtia,ehie,Guibourtia ehie_KREW954_4
/kaggle/input/datasets/b23dckh002lvitanh/s3-origin/S3/Guibourtia ehie/Guibourtia ehie_QAMZ768_7/Guibourtia ehie_QAMZ768_7_(249).png,Guibourtia ehie,Guibourtia,ehie,Guibourtia ehie_QAMZ768_7
/kaggle/input/datasets/b23dckh002lvitanh/s3-origin/S3/Guibourtia ehie/Guibourtia ehie_CHYX256_1/Guibourtia ehie_CHYX256_1_(32).png,Guibourtia ehie,Guibourtia,ehie,Guibourtia ehie_CHYX256_1
/kaggle/input/datasets/b23dckh002lvitanh/s3-origin/S3/Guibourtia ehie/Guibourtia ehie_PVFM153_6/Guibourtia ehie_PVFM153_6_(211).png,Guibourtia ehie,Guibourtia,ehie,Guibourtia ehie_PVFM153_6
/kaggle/input/datasets/b23dckh002lvitanh/s3-origin/S3/Guibourtia ehie/Guibourtia ehie_TLYO895_9/Guibourtia ehie_TLYO895_9_(357).png,Guibourtia ehie,Guibourtia,ehie,Guibourtia ehie_TLYO895_9
/kaggle/input/datasets/b23dckh002lvitanh/s3-origin/S3/Guibourtia ehie/Guibourtia ehie_FEHC134_2/Guibourtia ehie_FEHC134_2_(51).png,Guibourtia ehie,Guibourtia,ehie,Guibourtia ehie_FEHC134_2
/kaggle/input/datasets/b23dckh002lvitanh/s3-origin/S3/Guibourtia ehie/Guibourtia ehie_QAMZ768_7/Guibourtia ehie_QAMZ768_7_(277).png,Guibourtia ehie,Guibourtia,ehie,Guibourtia ehie_QAMZ768_7
/kaggle/input/datasets/b23dckh002lvitanh/s3-origin/S3/Guibourtia ehie/Guibourtia ehie_SXGM640_8/Guibourtia ehie_SXGM640_8_(298).png,Guibourtia ehie,Guibourtia,ehie,Guibourtia ehie_SXGM640_8
/kaggle/input/datasets/b23dckh002lvitanh/s3-origin/S3/Guibourtia ehie/Guibourtia ehie_CHYX256_1/Guibourtia ehie_CHYX256_1_(23).png,Guibourtia ehie,Guibourtia,ehie,Guibourtia ehie_CHYX256_1
/kaggle/input/datasets/b23dckh002lvitanh/s3-origin/S3/Guibourtia ehie/Guibourtia ehie_QAMZ768_7/Guibourtia ehie_QAMZ768_7_(264).png,Guibourtia ehie,Guibourtia,ehie,Guibourtia ehie_QAMZ768_7
/kaggle/input/datasets/b23dckh002lvitanh/s3-origin/S3/Pterocarpus erinaceus/3403. Pterocarpus erinaceus.10/3403. Pterocarpus erinaceus.10 (325).png,Pterocarpus erinaceus,Pterocarpus,erinaceus,3403. Pterocarpus erinaceus.10
/kaggle/input/datasets/b23dckh002lvitanh/s3-origin/S3/Pterocarpus erinaceus/3403. Pterocarpus erinaceus.2/3403. Pterocarpus erinaceus.2 (55).png,Pterocarpus erinaceus,Pterocarpus,erinaceus,3403. Pterocarpus erinaceus.2
/kaggle/input/datasets/b23dckh002lvitanh/s3-origin/S3/Pterocarpus erinaceus/3403. Pterocarpus erinaceus.1/3403. Pterocarpus erinaceus.1(17).png,Pterocarpus erinaceus,Pterocarpus,erinaceus,3403. Pterocarpus erinaceus.1
/kaggle/input/datasets/b23dckh002lvitanh/s3-origin/S3/Pterocarpus erinaceus/3403. Pterocarpus erinaceus.1/3403. Pterocarpus erinaceus.1(23).png,Pterocarpus erinaceus,Pterocarpus,erinaceus,3403. Pterocarpus erinaceus.1
/kaggle/input/datasets/b23dckh002lvitanh/s3-origin/S3/Pterocarpus erinaceus/3403. Pterocarpus erinaceus.9/3403. Pterocarpus erinaceus.9 (293).png,Pterocarpus erinaceus,Pterocarpus,erinaceus,3403. Pterocarpus erinaceus.9
/kaggle/input/datasets/b23dckh002lvitanh/s3-origin/S3/Pterocarpus erinaceus/3403. Pterocarpus erinaceus.6/3403. Pterocarpus erinaceus.6 (171).png,Pterocarpus erinaceus,Pterocarpus,erinaceus,3403. Pterocarpus erinaceus.6
/kaggle/input/datasets/b23dckh002lvitanh/s3-origin/S3/Pterocarpus erinaceus/3403. Pterocarpus erinaceus.7/3403. Pterocarpus erinaceus.7 (202).png,Pterocarpus erinaceus,Pterocarpus,erinaceus,3403. Pterocarpus erinaceus.7
/kaggle/input/datasets/b23dckh002lvitanh/s3-origin/S3/Pterocarpus erinaceus/3403. Pterocarpus erinaceus.10/3403. Pterocarpus erinaceus.10 (334).png,Pterocarpus erinaceus,Pterocarpus,erinaceus,3403. Pterocarpus erinaceus.10
/kaggle/input/datasets/b23dckh002lvitanh/s3-origin/S3/Pterocarpus erinaceus/3403. Pterocarpus erinaceus.10/3403. Pterocarpus erinaceus.10 (333).png,Pterocarpus erinaceus,Pterocarpus,erinaceus,3403. Pterocarpus erinaceus.10
/kaggle/input/datasets/b23dckh002lvitanh/s3-origin/S3/Pterocarpus erinaceus/3403. Pterocarpus erinaceus.8/3403. Pterocarpus erinaceus.8 (240).png,Pterocarpus erinaceus,Pterocarpus,erinaceus,3403. Pterocarpus erinaceus.8
/kaggle/input/datasets/b23dckh002lvitanh/s3-origin/S3/Pterocarpus erinaceus/3403. Pterocarpus erinaceus.5/3403. Pterocarpus erinaceus.5 (154).png,Pterocarpus erinaceus,Pterocarpus,erinaceus,3403. Pterocarpus erinaceus.5
/kaggle/input/datasets/b23dckh002lvitanh/s3-origin/S3/Pterocarpus erinaceus/3403. Pterocarpus erinaceus.3/3403. Pterocarpus erinaceus.3 (71).png,Pterocarpus erinaceus,Pterocarpus,erinaceus,3403. Pterocarpus erinaceus.3
/kaggle/input/datasets/b23dckh002lvitanh/s3-origin/S3/Pterocarpus erinaceus/3403. Pterocarpus erinaceus.1/3403. Pterocarpus erinaceus.1(34).png,Pterocarpus erinaceus,Pterocarpus,erinaceus,3403. Pterocarpus erinaceus.1
/kaggle/input/datasets/b23dckh002lvitanh/s3-origin/S3/Pterocarpus erinaceus/3403. Pterocarpus erinaceus.3/3403. Pterocarpus erinaceus.3 (94).png,Pterocarpus erinaceus,Pterocarpus,erinaceus,3403. Pterocarpus erinaceus.3
/kaggle/input/datasets/b23dckh002lvitanh/s3-origin/S3/Pterocarpus erinaceus/3403. Pterocarpus erinaceus.9/3403. Pterocarpus erinaceus.9 (278).png,Pterocarpus erinaceus,Pterocarpus,erinaceus,3403. Pterocarpus erinaceus.9
/kaggle/input/datasets/b23dckh002lvitanh/s3-origin/S3/Pterocarpus erinaceus/3403. Pterocarpus erinaceus.7/3403. Pterocarpus erinaceus.7 (214).png,Pterocarpus erinaceus,Pterocarpus,erinaceus,3403. Pterocarpus erinaceus.7
/kaggle/input/datasets/b23dckh002lvitanh/s3-origin/S3/Pterocarpus erinaceus/3403. Pterocarpus erinaceus.7/3403. Pterocarpus erinaceus.7 (228).png,Pterocarpus erinaceus,Pterocarpus,erinaceus,3403. Pterocarpus erinaceus.7
/kaggle/input/datasets/b23dckh002lvitanh/s3-origin/S3/Pterocarpus erinaceus/3403. Pterocarpus erinaceus.9/3403. Pterocarpus erinaceus.9 (294).png,Pterocarpus erinaceus,Pterocarpus,erinaceus,3403. Pterocarpus erinaceus.9
/kaggle/input/datasets/b23dckh002lvitanh/s3-origin/S3/Pterocarpus erinaceus/3403. Pterocarpus erinaceus.3/3403. Pterocarpus erinaceus.3 (97).png,Pterocarpus erinaceus,Pterocarpus,erinaceus,3403. Pterocarpus erinaceus.3
/kaggle/input/datasets/b23dckh002lvitanh/s3-origin/S3/Pterocarpus erinaceus/3403. Pterocarpus erinaceus.5/3403. Pterocarpus erinaceus.5 (160).png,Pterocarpus erinaceus,Pterocarpus,erinaceus,3403. Pterocarpus erinaceus.5
/kaggle/input/datasets/b23dckh002lvitanh/s3-origin/S3/Pterocarpus erinaceus/3403. Pterocarpus erinaceus.5/3403. Pterocarpus erinaceus.5 (148).png,Pterocarpus erinaceus,Pterocarpus,erinaceus,3403. Pterocarpus erinaceus.5
/kaggle/input/datasets/b23dckh002lvitanh/s3-origin/S3/Pterocarpus erinaceus/3403. Pterocarpus erinaceus.2/3403. Pterocarpus erinaceus.2 (67).png,Pterocarpus erinaceus,Pterocarpus,erinaceus,3403. Pterocarpus erinaceus.2
/kaggle/input/datasets/b23dckh002lvitanh/s3-origin/S3/Pterocarpus erinaceus/3403. Pterocarpus erinaceus.2/3403. Pterocarpus erinaceus.2 (66).png,Pterocarpus erinaceus,Pterocarpus,erinaceus,3403. Pterocarpus erinaceus.2
/kaggle/input/datasets/b23dckh002lvitanh/s3-origin/S3/Pterocarpus erinaceus/3403. Pterocarpus erinaceus.8/3403. Pterocarpus erinaceus.8 (260).png,Pterocarpus erinaceus,Pterocarpus,erinaceus,3403. Pterocarpus erinaceus.8
/kaggle/input/datasets/b23dckh002lvitanh/s3-origin/S3/Pterocarpus erinaceus/3403. Pterocarpus erinaceus.8/3403. Pterocarpus erinaceus.8 (267).png,Pterocarpus erinaceus,Pterocarpus,erinaceus,3403. Pterocarpus erinaceus.8
/kaggle/input/datasets/b23dckh002lvitanh/s3-origin/S3/Pterocarpus erinaceus/3403. Pterocarpus erinaceus.6/3403. Pterocarpus erinaceus.6 (168).png,Pterocarpus erinaceus,Pterocarpus,erinaceus,3403. Pterocarpus erinaceus.6
/kaggle/input/datasets/b23dckh002lvitanh/s3-origin/S3/Pterocarpus erinaceus/3403. Pterocarpus erinaceus.9/3403. Pterocarpus erinaceus.9 (277).png,Pterocarpus erinaceus,Pterocarpus,erinaceus,3403. Pterocarpus erinaceus.9
/kaggle/input/datasets/b23dckh002lvitanh/s3-origin/S3/Pterocarpus erinaceus/3403. Pterocarpus erinaceus.9/3403. Pterocarpus erinaceus.9 (299).png,Pterocarpus erinaceus,Pterocarpus,erinaceus,3403. Pterocarpus erinaceus.9
/kaggle/input/datasets/b23dckh002lvitanh/s3-origin/S3/Pterocarpus erinaceus/3403. Pterocarpus erinaceus.2/3403. Pterocarpus erinaceus.2 (48).png,Pterocarpus erinaceus,Pterocarpus,erinaceus,3403. Pterocarpus erinaceus.2
/kaggle/input/datasets/b23dckh002lvitanh/s3-origin/S3/Pterocarpus erinaceus/3403. Pterocarpus erinaceus.4/3403. Pterocarpus erinaceus.4 (105).png,Pterocarpus erinaceus,Pterocarpus,erinaceus,3403. Pterocarpus erinaceus.4
/kaggle/input/datasets/b23dckh002lvitanh/s3-origin/S3/Pterocarpus erinaceus/3403. Pterocarpus erinaceus.4/3403. Pterocarpus erinaceus.4 (102).png,Pterocarpus erinaceus,Pterocarpus,erinaceus,3403. Pterocarpus erinaceus.4
/kaggle/input/datasets/b23dckh002lvitanh/s3-origin/S3/Pterocarpus erinaceus/3403. Pterocarpus erinaceus.7/3403. Pterocarpus erinaceus.7 (229).png,Pterocarpus erinaceus,Pterocarpus,erinaceus,3403. Pterocarpus erinaceus.7
/kaggle/input/datasets/b23dckh002lvitanh/s3-origin/S3/Pterocarpus erinaceus/3403. Pterocarpus erinaceus.3/3403. Pterocarpus erinaceus.3 (78).png,Pterocarpus erinaceus,Pterocarpus,erinaceus,3403. Pterocarpus erinaceus.3
/kaggle/input/datasets/b23dckh002lvitanh/s3-origin/S3/Pterocarpus erinaceus/3403. Pterocarpus erinaceus.3/3403. Pterocarpus erinaceus.3 (69).png,Pterocarpus erinaceus,Pterocarpus,erinaceus,3403. Pterocarpus erinaceus.3
/kaggle/input/datasets/b23dckh002lvitanh/s3-origin/S3/Pterocarpus erinaceus/3403. Pterocarpus erinaceus.4/3403. Pterocarpus erinaceus.4 (106).png,Pterocarpus erinaceus,Pterocarpus,erinaceus,3403. Pterocarpus erinaceus.4
/kaggle/input/datasets/b23dckh002lvitanh/s3-origin/S3/Pterocarpus erinaceus/3403. Pterocarpus erinaceus.1/3403. Pterocarpus erinaceus.1(12).png,Pterocarpus erinaceus,Pterocarpus,erinaceus,3403. Pterocarpus erinaceus.1
/kaggle/input/datasets/b23dckh002lvitanh/s3-origin/S3/Pterocarpus erinaceus/3403. Pterocarpus erinaceus.4/3403. Pterocarpus erinaceus.4 (125).png,Pterocarpus erinaceus,Pterocarpus,erinaceus,3403. Pterocarpus erinaceus.4
/kaggle/input/datasets/b23dckh002lvitanh/s3-origin/S3/Pterocarpus erinaceus/3403. Pterocarpus erinaceus.8/3403. Pterocarpus erinaceus.8 (265).png,Pterocarpus erinaceus,Pterocarpus,erinaceus,3403. Pterocarpus erinaceus.8
/kaggle/input/datasets/b23dckh002lvitanh/s3-origin/S3/Pterocarpus erinaceus/3403. Pterocarpus erinaceus.10/3403. Pterocarpus erinaceus.10 (328).png,Pterocarpus erinaceus,Pterocarpus,erinaceus,3403. Pterocarpus erinaceus.10
/kaggle/input/datasets/b23dckh002lvitanh/s3-origin/S3/Pterocarpus erinaceus/3403. Pterocarpus erinaceus.4/3403. Pterocarpus erinaceus.4 (119).png,Pterocarpus erinaceus,Pterocarpus,erinaceus,3403. Pterocarpus erinaceus.4
/kaggle/input/datasets/b23dckh002lvitanh/s3-origin/S3/Pterocarpus erinaceus/3403. Pterocarpus erinaceus.4/3403. Pterocarpus erinaceus.4 (120).png,Pterocarpus erinaceus,Pterocarpus,erinaceus,3403. Pterocarpus erinaceus.4
/kaggle/input/datasets/b23dckh002lvitanh/s3-origin/S3/Pterocarpus erinaceus/3403. Pterocarpus erinaceus.2/3403. Pterocarpus erinaceus.2 (65).png,Pterocarpus erinaceus,Pterocarpus,erinaceus,3403. Pterocarpus erinaceus.2
/kaggle/input/datasets/b23dckh002lvitanh/s3-origin/S3/Pterocarpus erinaceus/3403. Pterocarpus erinaceus.2/3403. Pterocarpus erinaceus.2 (53).png,Pterocarpus erinaceus,Pterocarpus,erinaceus,3403. Pterocarpus erinaceus.2
/kaggle/input/datasets/b23dckh002lvitanh/s3-origin/S3/Pterocarpus erinaceus/3403. Pterocarpus erinaceus.8/3403. Pterocarpus erinaceus.8 (258).png,Pterocarpus erinaceus,Pterocarpus,erinaceus,3403. Pterocarpus erinaceus.8
/kaggle/input/datasets/b23dckh002lvitanh/s3-origin/S3/Pterocarpus erinaceus/3403. Pterocarpus erinaceus.1/3403. Pterocarpus erinaceus.1(33).png,Pterocarpus erinaceus,Pterocarpus,erinaceus,3403. Pterocarpus erinaceus.1
/kaggle/input/datasets/b23dckh002lvitanh/s3-origin/S3/Pterocarpus erinaceus/3403. Pterocarpus erinaceus.3/3403. Pterocarpus erinaceus.3 (93).png,Pterocarpus erinaceus,Pterocarpus,erinaceus,3403. Pterocarpus erinaceus.3
/kaggle/input/datasets/b23dckh002lvitanh/s3-origin/S3/Pterocarpus erinaceus/3403. Pterocarpus erinaceus.6/3403. Pterocarpus erinaceus.6 (167).png,Pterocarpus erinaceus,Pterocarpus,erinaceus,3403. Pterocarpus erinaceus.6
/kaggle/input/datasets/b23dckh002lvitanh/s3-origin/S3/Pterocarpus erinaceus/3403. Pterocarpus erinaceus.1/3403. Pterocarpus erinaceus.1(21).png,Pterocarpus erinaceus,Pterocarpus,erinaceus,3403. Pterocarpus erinaceus.1
/kaggle/input/datasets/b23dckh002lvitanh/s3-origin/S3/Pterocarpus erinaceus/3403. Pterocarpus erinaceus.6/3403. Pterocarpus erinaceus.6 (183).png,Pterocarpus erinaceus,Pterocarpus,erinaceus,3403. Pterocarpus erinaceus.6
/kaggle/input/datasets/b23dckh002lvitanh/s3-origin/S3/Pterocarpus erinaceus/3403. Pterocarpus erinaceus.2/3403. Pterocarpus erinaceus.2 (56).png,Pterocarpus erinaceus,Pterocarpus,erinaceus,3403. Pterocarpus erinaceus.2
/kaggle/input/datasets/b23dckh002lvitanh/s3-origin/S3/Pterocarpus erinaceus/3403. Pterocarpus erinaceus.2/3403. Pterocarpus erinaceus.2 (40).png,Pterocarpus erinaceus,Pterocarpus,erinaceus,3403. Pterocarpus erinaceus.2
/kaggle/input/datasets/b23dckh002lvitanh/s3-origin/S3/Pterocarpus erinaceus/3403. Pterocarpus erinaceus.5/3403. Pterocarpus erinaceus.5 (161).png,Pterocarpus erinaceus,Pterocarpus,erinaceus,3403. Pterocarpus erinaceus.5
/kaggle/input/datasets/b23dckh002lvitanh/s3-origin/S3/Pterocarpus erinaceus/3403. Pterocarpus erinaceus.7/3403. Pterocarpus erinaceus.7 (220).png,Pterocarpus erinaceus,Pterocarpus,erinaceus,3403. Pterocarpus erinaceus.7
/kaggle/input/datasets/b23dckh002lvitanh/s3-origin/S3/Pterocarpus erinaceus/3403. Pterocarpus erinaceus.6/3403. Pterocarpus erinaceus.6 (176).png,Pterocarpus erinaceus,Pterocarpus,erinaceus,3403. Pterocarpus erinaceus.6
/kaggle/input/datasets/b23dckh002lvitanh/s3-origin/S3/Pterocarpus erinaceus/3403. Pterocarpus erinaceus.9/3403. Pterocarpus erinaceus.9 (286).png,Pterocarpus erinaceus,Pterocarpus,erinaceus,3403. Pterocarpus erinaceus.9
/kaggle/input/datasets/b23dckh002lvitanh/s3-origin/S3/Pterocarpus erinaceus/3403. Pterocarpus erinaceus.6/3403. Pterocarpus erinaceus.6 (172).png,Pterocarpus erinaceus,Pterocarpus,erinaceus,3403. Pterocarpus erinaceus.6
/kaggle/input/datasets/b23dckh002lvitanh/s3-origin/S3/Pterocarpus erinaceus/3403. Pterocarpus erinaceus.7/3403. Pterocarpus erinaceus.7 (226).png,Pterocarpus erinaceus,Pterocarpus,erinaceus,3403. Pterocarpus erinaceus.7
/kaggle/input/datasets/b23dckh002lvitanh/s3-origin/S3/Pterocarpus erinaceus/3403. Pterocarpus erinaceus.5/3403. Pterocarpus erinaceus.5 (138).png,Pterocarpus erinaceus,Pterocarpus,erinaceus,3403. Pterocarpus erinaceus.5
/kaggle/input/datasets/b23dckh002lvitanh/s3-origin/S3/Pterocarpus erinaceus/3403. Pterocarpus erinaceus.5/3403. Pterocarpus erinaceus.5 (165).png,Pterocarpus erinaceus,Pterocarpus,erinaceus,3403. Pterocarpus erinaceus.5
/kaggle/input/datasets/b23dckh002lvitanh/s3-origin/S3/Pterocarpus erinaceus/3403. Pterocarpus erinaceus.8/3403. Pterocarpus erinaceus.8 (266).png,Pterocarpus erinaceus,Pterocarpus,erinaceus,3403. Pterocarpus erinaceus.8
/kaggle/input/datasets/b23dckh002lvitanh/s3-origin/S3/Pterocarpus erinaceus/3403. Pterocarpus erinaceus.1/3403. Pterocarpus erinaceus.1(25).png,Pterocarpus erinaceus,Pterocarpus,erinaceus,3403. Pterocarpus erinaceus.1
/kaggle/input/datasets/b23dckh002lvitanh/s3-origin/S3/Pterocarpus erinaceus/3403. Pterocarpus erinaceus.6/3403. Pterocarpus erinaceus.6 (197).png,Pterocarpus erinaceus,Pterocarpus,erinaceus,3403. Pterocarpus erinaceus.6
/kaggle/input/datasets/b23dckh002lvitanh/s3-origin/S3/Pterocarpus erinaceus/3403. Pterocarpus erinaceus.3/3403. Pterocarpus erinaceus.3 (101).png,Pterocarpus erinaceus,Pterocarpus,erinaceus,3403. Pterocarpus erinaceus.3
/kaggle/input/datasets/b23dckh002lvitanh/s3-origin/S3/Pterocarpus erinaceus/3403. Pterocarpus erinaceus.3/3403. Pterocarpus erinaceus.3 (89).png,Pterocarpus erinaceus,Pterocarpus,erinaceus,3403. Pterocarpus erinaceus.3
/kaggle/input/datasets/b23dckh002lvitanh/s3-origin/S3/Pterocarpus erinaceus/3403. Pterocarpus erinaceus.4/3403. Pterocarpus erinaceus.4 (108).png,Pterocarpus erinaceus,Pterocarpus,erinaceus,3403. Pterocarpus erinaceus.4
/kaggle/input/datasets/b23dckh002lvitanh/s3-origin/S3/Pterocarpus erinaceus/3403. Pterocarpus erinaceus.8/3403. Pterocarpus erinaceus.8 (255).png,Pterocarpus erinaceus,Pterocarpus,erinaceus,3403. Pterocarpus erinaceus.8
/kaggle/input/datasets/b23dckh002lvitanh/s3-origin/S3/Pterocarpus erinaceus/3403. Pterocarpus erinaceus.1/3403. Pterocarpus erinaceus.1(14).png,Pterocarpus erinaceus,Pterocarpus,erinaceus,3403. Pterocarpus erinaceus.1
/kaggle/input/datasets/b23dckh002lvitanh/s3-origin/S3/Pterocarpus erinaceus/3403. Pterocarpus erinaceus.10/3403. Pterocarpus erinaceus.10 (320).png,Pterocarpus erinaceus,Pterocarpus,erinaceus,3403. Pterocarpus erinaceus.10
/kaggle/input/datasets/b23dckh002lvitanh/s3-origin/S3/Pterocarpus erinaceus/3403. Pterocarpus erinaceus.1/3403. Pterocarpus erinaceus.1(2).png,Pterocarpus erinaceus,Pterocarpus,erinaceus,3403. Pterocarpus erinaceus.1
/kaggle/input/datasets/b23dckh002lvitanh/s3-origin/S3/Pterocarpus erinaceus/3403. Pterocarpus erinaceus.2/3403. Pterocarpus erinaceus.2 (49).png,Pterocarpus erinaceus,Pterocarpus,erinaceus,3403. Pterocarpus erinaceus.2
/kaggle/input/datasets/b23dckh002lvitanh/s3-origin/S3/Pterocarpus erinaceus/3403. Pterocarpus erinaceus.2/3403. Pterocarpus erinaceus.2 (41).png,Pterocarpus erinaceus,Pterocarpus,erinaceus,3403. Pterocarpus erinaceus.2
/kaggle/input/datasets/b23dckh002lvitanh/s3-origin/S3/Pterocarpus erinaceus/3403. Pterocarpus erinaceus.1/3403. Pterocarpus erinaceus.1(26).png,Pterocarpus erinaceus,Pterocarpus,erinaceus,3403. Pterocarpus erinaceus.1
/kaggle/input/datasets/b23dckh002lvitanh/s3-origin/S3/Pterocarpus erinaceus/3403. Pterocarpus erinaceus.6/3403. Pterocarpus erinaceus.6 (196).png,Pterocarpus erinaceus,Pterocarpus,erinaceus,3403. Pterocarpus erinaceus.6
/kaggle/input/datasets/b23dckh002lvitanh/s3-origin/S3/Pterocarpus erinaceus/3403. Pterocarpus erinaceus.8/3403. Pterocarpus erinaceus.8 (238).png,Pterocarpus erinaceus,Pterocarpus,erinaceus,3403. Pterocarpus erinaceus.8
/kaggle/input/datasets/b23dckh002lvitanh/s3-origin/S3/Pterocarpus erinaceus/3403. Pterocarpus erinaceus.1/3403. Pterocarpus erinaceus.1(6).png,Pterocarpus erinaceus,Pterocarpus,erinaceus,3403. Pterocarpus erinaceus.1
/kaggle/input/datasets/b23dckh002lvitanh/s3-origin/S3/Pterocarpus erinaceus/3403. Pterocarpus erinaceus.8/3403. Pterocarpus erinaceus.8 (252).png,Pterocarpus erinaceus,Pterocarpus,erinaceus,3403. Pterocarpus erinaceus.8
/kaggle/input/datasets/b23dckh002lvitanh/s3-origin/S3/Pterocarpus erinaceus/3403. Pterocarpus erinaceus.1/3403. Pterocarpus erinaceus.1(7).png,Pterocarpus erinaceus,Pterocarpus,erinaceus,3403. Pterocarpus erinaceus.1
/kaggle/input/datasets/b23dckh002lvitanh/s3-origin/S3/Pterocarpus erinaceus/3403. Pterocarpus erinaceus.6/3403. Pterocarpus erinaceus.6 (188).png,Pterocarpus erinaceus,Pterocarpus,erinaceus,3403. Pterocarpus erinaceus.6
/kaggle/input/datasets/b23dckh002lvitanh/s3-origin/S3/Pterocarpus erinaceus/3403. Pterocarpus erinaceus.6/3403. Pterocarpus erinaceus.6 (192).png,Pterocarpus erinaceus,Pterocarpus,erinaceus,3403. Pterocarpus erinaceus.6
/kaggle/input/datasets/b23dckh002lvitanh/s3-origin/S3/Pterocarpus erinaceus/3403. Pterocarpus erinaceus.8/3403. Pterocarpus erinaceus.8 (251).png,Pterocarpus erinaceus,Pterocarpus,erinaceus,3403. Pterocarpus erinaceus.8
/kaggle/input/datasets/b23dckh002lvitanh/s3-origin/S3/Pterocarpus erinaceus/3403. Pterocarpus erinaceus.1/3403. Pterocarpus erinaceus.1(16).png,Pterocarpus erinaceus,Pterocarpus,erinaceus,3403. Pterocarpus erinaceus.1
/kaggle/input/datasets/b23dckh002lvitanh/s3-origin/S3/Pterocarpus erinaceus/3403. Pterocarpus erinaceus.5/3403. Pterocarpus erinaceus.5 (158).png,Pterocarpus erinaceus,Pterocarpus,erinaceus,3403. Pterocarpus erinaceus.5
/kaggle/input/datasets/b23dckh002lvitanh/s3-origin/S3/Pterocarpus erinaceus/3403. Pterocarpus erinaceus.7/3403. Pterocarpus erinaceus.7 (231).png,Pterocarpus erinaceus,Pterocarpus,erinaceus,3403. Pterocarpus erinaceus.7
/kaggle/input/datasets/b23dckh002lvitanh/s3-origin/S3/Pterocarpus erinaceus/3403. Pterocarpus erinaceus.6/3403. Pterocarpus erinaceus.6 (191).png,Pterocarpus erinaceus,Pterocarpus,erinaceus,3403. Pterocarpus erinaceus.6
/kaggle/input/datasets/b23dckh002lvitanh/s3-origin/S3/Pterocarpus erinaceus/3403. Pterocarpus erinaceus.10/3403. Pterocarpus erinaceus.10 (331).png,Pterocarpus erinaceus,Pterocarpus,erinaceus,3403. Pterocarpus erinaceus.10
/kaggle/input/datasets/b23dckh002lvitanh/s3-origin/S3/Pterocarpus erinaceus/3403. Pterocarpus erinaceus.5/3403. Pterocarpus erinaceus.5 (140).png,Pterocarpus erinaceus,Pterocarpus,erinaceus,3403. Pterocarpus erinaceus.5
/kaggle/input/datasets/b23dckh002lvitanh/s3-origin/S3/Pterocarpus erinaceus/3403. Pterocarpus erinaceus.9/3403. Pterocarpus erinaceus.9 (280).png,Pterocarpus erinaceus,Pterocarpus,erinaceus,3403. Pterocarpus erinaceus.9
/kaggle/input/datasets/b23dckh002lvitanh/s3-origin/S3/Pterocarpus erinaceus/3403. Pterocarpus erinaceus.1/3403. Pterocarpus erinaceus.1(10).png,Pterocarpus erinaceus,Pterocarpus,erinaceus,3403. Pterocarpus erinaceus.1
/kaggle/input/datasets/b23dckh002lvitanh/s3-origin/S3/Pterocarpus erinaceus/3403. Pterocarpus erinaceus.8/3403. Pterocarpus erinaceus.8 (256).png,Pterocarpus erinaceus,Pterocarpus,erinaceus,3403. Pterocarpus erinaceus.8
/kaggle/input/datasets/b23dckh002lvitanh/s3-origin/S3/Pterocarpus erinaceus/3403. Pterocarpus erinaceus.1/3403. Pterocarpus erinaceus.1(24).png,Pterocarpus erinaceus,Pterocarpus,erinaceus,3403. Pterocarpus erinaceus.1
/kaggle/input/datasets/b23dckh002lvitanh/s3-origin/S3/Pterocarpus erinaceus/3403. Pterocarpus erinaceus.10/3403. Pterocarpus erinaceus.10 (313).png,Pterocarpus erinaceus,Pterocarpus,erinaceus,3403. Pterocarpus erinaceus.10
/kaggle/input/datasets/b23dckh002lvitanh/s3-origin/S3/Pterocarpus erinaceus/3403. Pterocarpus erinaceus.2/3403. Pterocarpus erinaceus.2 (59).png,Pterocarpus erinaceus,Pterocarpus,erinaceus,3403. Pterocarpus erinaceus.2
/kaggle/input/datasets/b23dckh002lvitanh/s3-origin/S3/Pterocarpus erinaceus/3403. Pterocarpus erinaceus.5/3403. Pterocarpus erinaceus.5 (150).png,Pterocarpus erinaceus,Pterocarpus,erinaceus,3403. Pterocarpus erinaceus.5
/kaggle/input/datasets/b23dckh002lvitanh/s3-origin/S3/Pterocarpus erinaceus/3403. Pterocarpus erinaceus.3/3403. Pterocarpus erinaceus.3 (72).png,Pterocarpus erinaceus,Pterocarpus,erinaceus,3403. Pterocarpus erinaceus.3
/kaggle/input/datasets/b23dckh002lvitanh/s3-origin/S3/Pterocarpus erinaceus/3403. Pterocarpus erinaceus.2/3403. Pterocarpus erinaceus.2 (36).png,Pterocarpus erinaceus,Pterocarpus,erinaceus,3403. Pterocarpus erinaceus.2
/kaggle/input/datasets/b23dckh002lvitanh/s3-origin/S3/Pterocarpus erinaceus/3403. Pterocarpus erinaceus.6/3403. Pterocarpus erinaceus.6 (190).png,Pterocarpus erinaceus,Pterocarpus,erinaceus,3403. Pterocarpus erinaceus.6
/kaggle/input/datasets/b23dckh002lvitanh/s3-origin/S3/Pterocarpus erinaceus/3403. Pterocarpus erinaceus.2/3403. Pterocarpus erinaceus.2 (47).png,Pterocarpus erinaceus,Pterocarpus,erinaceus,3403. Pterocarpus erinaceus.2
/kaggle/input/datasets/b23dckh002lvitanh/s3-origin/S3/Pterocarpus erinaceus/3403. Pterocarpus erinaceus.8/3403. Pterocarpus erinaceus.8 (248).png,Pterocarpus erinaceus,Pterocarpus,erinaceus,3403. Pterocarpus erinaceus.8
/kaggle/input/datasets/b23dckh002lvitanh/s3-origin/S3/Pterocarpus erinaceus/3403. Pterocarpus erinaceus.5/3403. Pterocarpus erinaceus.5 (137).png,Pterocarpus erinaceus,Pterocarpus,erinaceus,3403. Pterocarpus erinaceus.5
/kaggle/input/datasets/b23dckh002lvitanh/s3-origin/S3/Pterocarpus erinaceus/3403. Pterocarpus erinaceus.1/3403. Pterocarpus erinaceus.1(11).png,Pterocarpus erinaceus,Pterocarpus,erinaceus,3403. Pterocarpus erinaceus.1
/kaggle/input/datasets/b23dckh002lvitanh/s3-origin/S3/Pterocarpus erinaceus/3403. Pterocarpus erinaceus.9/3403. Pterocarpus erinaceus.9 (276).png,Pterocarpus erinaceus,Pterocarpus,erinaceus,3403. Pterocarpus erinaceus.9
/kaggle/input/datasets/b23dckh002lvitanh/s3-origin/S3/Pterocarpus erinaceus/3403. Pterocarpus erinaceus.5/3403. Pterocarpus erinaceus.5 (163).png,Pterocarpus erinaceus,Pterocarpus,erinaceus,3403. Pterocarpus erinaceus.5
/kaggle/input/datasets/b23dckh002lvitanh/s3-origin/S3/Pterocarpus erinaceus/3403. Pterocarpus erinaceus.2/3403. Pterocarpus erinaceus.2 (57).png,Pterocarpus erinaceus,Pterocarpus,erinaceus,3403. Pterocarpus erinaceus.2
/kaggle/input/datasets/b23dckh002lvitanh/s3-origin/S3/Pterocarpus erinaceus/3403. Pterocarpus erinaceus.8/3403. Pterocarpus erinaceus.8 (235).png,Pterocarpus erinaceus,Pterocarpus,erinaceus,3403. Pterocarpus erinaceus.8
/kaggle/input/datasets/b23dckh002lvitanh/s3-origin/S3/Pterocarpus erinaceus/3403. Pterocarpus erinaceus.9/3403. Pterocarpus erinaceus.9 (291).png,Pterocarpus erinaceus,Pterocarpus,erinaceus,3403. Pterocarpus erinaceus.9
/kaggle/input/datasets/b23dckh002lvitanh/s3-origin/S3/Pterocarpus erinaceus/3403. Pterocarpus erinaceus.4/3403. Pterocarpus erinaceus.4 (111).png,Pterocarpus erinaceus,Pterocarpus,erinaceus,3403. Pterocarpus erinaceus.4
/kaggle/input/datasets/b23dckh002lvitanh/s3-origin/S3/Pterocarpus erinaceus/3403. Pterocarpus erinaceus.7/3403. Pterocarpus erinaceus.7 (207).png,Pterocarpus erinaceus,Pterocarpus,erinaceus,3403. Pterocarpus erinaceus.7
/kaggle/input/datasets/b23dckh002lvitanh/s3-origin/S3/Pterocarpus erinaceus/3403. Pterocarpus erinaceus.9/3403. Pterocarpus erinaceus.9 (269).png,Pterocarpus erinaceus,Pterocarpus,erinaceus,3403. Pterocarpus erinaceus.9
/kaggle/input/datasets/b23dckh002lvitanh/s3-origin/S3/Pterocarpus erinaceus/3403. Pterocarpus erinaceus.2/3403. Pterocarpus erinaceus.2 (62).png,Pterocarpus erinaceus,Pterocarpus,erinaceus,3403. Pterocarpus erinaceus.2
/kaggle/input/datasets/b23dckh002lvitanh/s3-origin/S3/Pterocarpus erinaceus/3403. Pterocarpus erinaceus.9/3403. Pterocarpus erinaceus.9 (296).png,Pterocarpus erinaceus,Pterocarpus,erinaceus,3403. Pterocarpus erinaceus.9
/kaggle/input/datasets/b23dckh002lvitanh/s3-origin/S3/Pterocarpus erinaceus/3403. Pterocarpus erinaceus.7/3403. Pterocarpus erinaceus.7 (200).png,Pterocarpus erinaceus,Pterocarpus,erinaceus,3403. Pterocarpus erinaceus.7
/kaggle/input/datasets/b23dckh002lvitanh/s3-origin/S3/Pterocarpus erinaceus/3403. Pterocarpus erinaceus.4/3403. Pterocarpus erinaceus.4 (127).png,Pterocarpus erinaceus,Pterocarpus,erinaceus,3403. Pterocarpus erinaceus.4
/kaggle/input/datasets/b23dckh002lvitanh/s3-origin/S3/Pterocarpus erinaceus/3403. Pterocarpus erinaceus.10/3403. Pterocarpus erinaceus.10 (330).png,Pterocarpus erinaceus,Pterocarpus,erinaceus,3403. Pterocarpus erinaceus.10
/kaggle/input/datasets/b23dckh002lvitanh/s3-origin/S3/Pterocarpus erinaceus/3403. Pterocarpus erinaceus.1/3403. Pterocarpus erinaceus.1(30).png,Pterocarpus erinaceus,Pterocarpus,erinaceus,3403. Pterocarpus erinaceus.1
/kaggle/input/datasets/b23dckh002lvitanh/s3-origin/S3/Pterocarpus erinaceus/3403. Pterocarpus erinaceus.8/3403. Pterocarpus erinaceus.8 (268).png,Pterocarpus erinaceus,Pterocarpus,erinaceus,3403. Pterocarpus erinaceus.8
/kaggle/input/datasets/b23dckh002lvitanh/s3-origin/S3/Pterocarpus erinaceus/3403. Pterocarpus erinaceus.5/3403. Pterocarpus erinaceus.5 (142).png,Pterocarpus erinaceus,Pterocarpus,erinaceus,3403. Pterocarpus erinaceus.5
/kaggle/input/datasets/b23dckh002lvitanh/s3-origin/S3/Pterocarpus erinaceus/3403. Pterocarpus erinaceus.8/3403. Pterocarpus erinaceus.8 (254).png,Pterocarpus erinaceus,Pterocarpus,erinaceus,3403. Pterocarpus erinaceus.8
/kaggle/input/datasets/b23dckh002lvitanh/s3-origin/S3/Pterocarpus erinaceus/3403. Pterocarpus erinaceus.10/3403. Pterocarpus erinaceus.10 (335).png,Pterocarpus erinaceus,Pterocarpus,erinaceus,3403. Pterocarpus erinaceus.10
/kaggle/input/datasets/b23dckh002lvitanh/s3-origin/S3/Pterocarpus erinaceus/3403. Pterocarpus erinaceus.8/3403. Pterocarpus erinaceus.8 (250).png,Pterocarpus erinaceus,Pterocarpus,erinaceus,3403. Pterocarpus erinaceus.8
/kaggle/input/datasets/b23dckh002lvitanh/s3-origin/S3/Pterocarpus erinaceus/3403. Pterocarpus erinaceus.3/3403. Pterocarpus erinaceus.3 (81).png,Pterocarpus erinaceus,Pterocarpus,erinaceus,3403. Pterocarpus erinaceus.3
/kaggle/input/datasets/b23dckh002lvitanh/s3-origin/S3/Pterocarpus erinaceus/3403. Pterocarpus erinaceus.2/3403. Pterocarpus erinaceus.2 (42).png,Pterocarpus erinaceus,Pterocarpus,erinaceus,3403. Pterocarpus erinaceus.2
/kaggle/input/datasets/b23dckh002lvitanh/s3-origin/S3/Pterocarpus erinaceus/3403. Pterocarpus erinaceus.7/3403. Pterocarpus erinaceus.7 (225).png,Pterocarpus erinaceus,Pterocarpus,erinaceus,3403. Pterocarpus erinaceus.7
/kaggle/input/datasets/b23dckh002lvitanh/s3-origin/S3/Pterocarpus erinaceus/3403. Pterocarpus erinaceus.8/3403. Pterocarpus erinaceus.8 (247).png,Pterocarpus erinaceus,Pterocarpus,erinaceus,3403. Pterocarpus erinaceus.8
/kaggle/input/datasets/b23dckh002lvitanh/s3-origin/S3/Pterocarpus erinaceus/3403. Pterocarpus erinaceus.10/3403. Pterocarpus erinaceus.10 (307).png,Pterocarpus erinaceus,Pterocarpus,erinaceus,3403. Pterocarpus erinaceus.10
/kaggle/input/datasets/b23dckh002lvitanh/s3-origin/S3/Pterocarpus erinaceus/3403. Pterocarpus erinaceus.1/3403. Pterocarpus erinaceus.1(1).png,Pterocarpus erinaceus,Pterocarpus,erinaceus,3403. Pterocarpus erinaceus.1
/kaggle/input/datasets/b23dckh002lvitanh/s3-origin/S3/Pterocarpus erinaceus/3403. Pterocarpus erinaceus.3/3403. Pterocarpus erinaceus.3 (99).png,Pterocarpus erinaceus,Pterocarpus,erinaceus,3403. Pterocarpus erinaceus.3
/kaggle/input/datasets/b23dckh002lvitanh/s3-origin/S3/Pterocarpus erinaceus/3403. Pterocarpus erinaceus.3/3403. Pterocarpus erinaceus.3 (96).png,Pterocarpus erinaceus,Pterocarpus,erinaceus,3403. Pterocarpus erinaceus.3
/kaggle/input/datasets/b23dckh002lvitanh/s3-origin/S3/Pterocarpus erinaceus/3403. Pterocarpus erinaceus.9/3403. Pterocarpus erinaceus.9 (283).png,Pterocarpus erinaceus,Pterocarpus,erinaceus,3403. Pterocarpus erinaceus.9
/kaggle/input/datasets/b23dckh002lvitanh/s3-origin/S3/Pterocarpus erinaceus/3403. Pterocarpus erinaceus.9/3403. Pterocarpus erinaceus.9 (275).png,Pterocarpus erinaceus,Pterocarpus,erinaceus,3403. Pterocarpus erinaceus.9
/kaggle/input/datasets/b23dckh002lvitanh/s3-origin/S3/Pterocarpus erinaceus/3403. Pterocarpus erinaceus.5/3403. Pterocarpus erinaceus.5 (152).png,Pterocarpus erinaceus,Pterocarpus,erinaceus,3403. Pterocarpus erinaceus.5
/kaggle/input/datasets/b23dckh002lvitanh/s3-origin/S3/Pterocarpus erinaceus/3403. Pterocarpus erinaceus.10/3403. Pterocarpus erinaceus.10 (316).png,Pterocarpus erinaceus,Pterocarpus,erinaceus,3403. Pterocarpus erinaceus.10
/kaggle/input/datasets/b23dckh002lvitanh/s3-origin/S3/Pterocarpus erinaceus/3403. Pterocarpus erinaceus.6/3403. Pterocarpus erinaceus.6 (169).png,Pterocarpus erinaceus,Pterocarpus,erinaceus,3403. Pterocarpus erinaceus.6
/kaggle/input/datasets/b23dckh002lvitanh/s3-origin/S3/Pterocarpus erinaceus/3403. Pterocarpus erinaceus.8/3403. Pterocarpus erinaceus.8 (246).png,Pterocarpus erinaceus,Pterocarpus,erinaceus,3403. Pterocarpus erinaceus.8
/kaggle/input/datasets/b23dckh002lvitanh/s3-origin/S3/Pterocarpus erinaceus/3403. Pterocarpus erinaceus.4/3403. Pterocarpus erinaceus.4 (118).png,Pterocarpus erinaceus,Pterocarpus,erinaceus,3403. Pterocarpus erinaceus.4
/kaggle/input/datasets/b23dckh002lvitanh/s3-origin/S3/Pterocarpus erinaceus/3403. Pterocarpus erinaceus.2/3403. Pterocarpus erinaceus.2 (38).png,Pterocarpus erinaceus,Pterocarpus,erinaceus,3403. Pterocarpus erinaceus.2
/kaggle/input/datasets/b23dckh002lvitanh/s3-origin/S3/Pterocarpus erinaceus/3403. Pterocarpus erinaceus.8/3403. Pterocarpus erinaceus.8 (243).png,Pterocarpus erinaceus,Pterocarpus,erinaceus,3403. Pterocarpus erinaceus.8
/kaggle/input/datasets/b23dckh002lvitanh/s3-origin/S3/Pterocarpus erinaceus/3403. Pterocarpus erinaceus.4/3403. Pterocarpus erinaceus.4 (115).png,Pterocarpus erinaceus,Pterocarpus,erinaceus,3403. Pterocarpus erinaceus.4
/kaggle/input/datasets/b23dckh002lvitanh/s3-origin/S3/Pterocarpus erinaceus/3403. Pterocarpus erinaceus.9/3403. Pterocarpus erinaceus.9 (302).png,Pterocarpus erinaceus,Pterocarpus,erinaceus,3403. Pterocarpus erinaceus.9
/kaggle/input/datasets/b23dckh002lvitanh/s3-origin/S3/Pterocarpus erinaceus/3403. Pterocarpus erinaceus.5/3403. Pterocarpus erinaceus.5 (157).png,Pterocarpus erinaceus,Pterocarpus,erinaceus,3403. Pterocarpus erinaceus.5
/kaggle/input/datasets/b23dckh002lvitanh/s3-origin/S3/Pterocarpus erinaceus/3403. Pterocarpus erinaceus.1/3403. Pterocarpus erinaceus.1(31).png,Pterocarpus erinaceus,Pterocarpus,erinaceus,3403. Pterocarpus erinaceus.1
/kaggle/input/datasets/b23dckh002lvitanh/s3-origin/S3/Pterocarpus erinaceus/3403. Pterocarpus erinaceus.6/3403. Pterocarpus erinaceus.6 (180).png,Pterocarpus erinaceus,Pterocarpus,erinaceus,3403. Pterocarpus erinaceus.6
/kaggle/input/datasets/b23dckh002lvitanh/s3-origin/S3/Pterocarpus erinaceus/3403. Pterocarpus erinaceus.1/3403. Pterocarpus erinaceus.1(32).png,Pterocarpus erinaceus,Pterocarpus,erinaceus,3403. Pterocarpus erinaceus.1
/kaggle/input/datasets/b23dckh002lvitanh/s3-origin/S3/Pterocarpus erinaceus/3403. Pterocarpus erinaceus.3/3403. Pterocarpus erinaceus.3 (92).png,Pterocarpus erinaceus,Pterocarpus,erinaceus,3403. Pterocarpus erinaceus.3
/kaggle/input/datasets/b23dckh002lvitanh/s3-origin/S3/Pterocarpus erinaceus/3403. Pterocarpus erinaceus.8/3403. Pterocarpus erinaceus.8 (262).png,Pterocarpus erinaceus,Pterocarpus,erinaceus,3403. Pterocarpus erinaceus.8
/kaggle/input/datasets/b23dckh002lvitanh/s3-origin/S3/Pterocarpus erinaceus/3403. Pterocarpus erinaceus.3/3403. Pterocarpus erinaceus.3 (91).png,Pterocarpus erinaceus,Pterocarpus,erinaceus,3403. Pterocarpus erinaceus.3
/kaggle/input/datasets/b23dckh002lvitanh/s3-origin/S3/Pterocarpus erinaceus/3403. Pterocarpus erinaceus.2/3403. Pterocarpus erinaceus.2 (60).png,Pterocarpus erinaceus,Pterocarpus,erinaceus,3403. Pterocarpus erinaceus.2
/kaggle/input/datasets/b23dckh002lvitanh/s3-origin/S3/Pterocarpus erinaceus/3403. Pterocarpus erinaceus.9/3403. Pterocarpus erinaceus.9 (304).png,Pterocarpus erinaceus,Pterocarpus,erinaceus,3403. Pterocarpus erinaceus.9
/kaggle/input/datasets/b23dckh002lvitanh/s3-origin/S3/Pterocarpus erinaceus/3403. Pterocarpus erinaceus.4/3403. Pterocarpus erinaceus.4 (116).png,Pterocarpus erinaceus,Pterocarpus,erinaceus,3403. Pterocarpus erinaceus.4
/kaggle/input/datasets/b23dckh002lvitanh/s3-origin/S3/Pterocarpus erinaceus/3403. Pterocarpus erinaceus.3/3403. Pterocarpus erinaceus.3 (88).png,Pterocarpus erinaceus,Pterocarpus,erinaceus,3403. Pterocarpus erinaceus.3
/kaggle/input/datasets/b23dckh002lvitanh/s3-origin/S3/Pterocarpus erinaceus/3403. Pterocarpus erinaceus.1/3403. Pterocarpus erinaceus.1(29).png,Pterocarpus erinaceus,Pterocarpus,erinaceus,3403. Pterocarpus erinaceus.1
/kaggle/input/datasets/b23dckh002lvitanh/s3-origin/S3/Pterocarpus erinaceus/3403. Pterocarpus erinaceus.10/3403. Pterocarpus erinaceus.10 (312).png,Pterocarpus erinaceus,Pterocarpus,erinaceus,3403. Pterocarpus erinaceus.10
/kaggle/input/datasets/b23dckh002lvitanh/s3-origin/S3/Pterocarpus erinaceus/3403. Pterocarpus erinaceus.1/3403. Pterocarpus erinaceus.1(20).png,Pterocarpus erinaceus,Pterocarpus,erinaceus,3403. Pterocarpus erinaceus.1
/kaggle/input/datasets/b23dckh002lvitanh/s3-origin/S3/Pterocarpus erinaceus/3403. Pterocarpus erinaceus.4/3403. Pterocarpus erinaceus.4 (110).png,Pterocarpus erinaceus,Pterocarpus,erinaceus,3403. Pterocarpus erinaceus.4
/kaggle/input/datasets/b23dckh002lvitanh/s3-origin/S3/Pterocarpus erinaceus/3403. Pterocarpus erinaceus.6/3403. Pterocarpus erinaceus.6 (195).png,Pterocarpus erinaceus,Pterocarpus,erinaceus,3403. Pterocarpus erinaceus.6
/kaggle/input/datasets/b23dckh002lvitanh/s3-origin/S3/Pterocarpus erinaceus/3403. Pterocarpus erinaceus.7/3403. Pterocarpus erinaceus.7 (217).png,Pterocarpus erinaceus,Pterocarpus,erinaceus,3403. Pterocarpus erinaceus.7
/kaggle/input/datasets/b23dckh002lvitanh/s3-origin/S3/Pterocarpus erinaceus/3403. Pterocarpus erinaceus.6/3403. Pterocarpus erinaceus.6 (186).png,Pterocarpus erinaceus,Pterocarpus,erinaceus,3403. Pterocarpus erinaceus.6
/kaggle/input/datasets/b23dckh002lvitanh/s3-origin/S3/Pterocarpus erinaceus/3403. Pterocarpus erinaceus.5/3403. Pterocarpus erinaceus.5 (134).png,Pterocarpus erinaceus,Pterocarpus,erinaceus,3403. Pterocarpus erinaceus.5
/kaggle/input/datasets/b23dckh002lvitanh/s3-origin/S3/Pterocarpus erinaceus/3403. Pterocarpus erinaceus.4/3403. Pterocarpus erinaceus.4 (124).png,Pterocarpus erinaceus,Pterocarpus,erinaceus,3403. Pterocarpus erinaceus.4
/kaggle/input/datasets/b23dckh002lvitanh/s3-origin/S3/Pterocarpus erinaceus/3403. Pterocarpus erinaceus.9/3403. Pterocarpus erinaceus.9 (285).png,Pterocarpus erinaceus,Pterocarpus,erinaceus,3403. Pterocarpus erinaceus.9
/kaggle/input/datasets/b23dckh002lvitanh/s3-origin/S3/Pterocarpus erinaceus/3403. Pterocarpus erinaceus.4/3403. Pterocarpus erinaceus.4 (123).png,Pterocarpus erinaceus,Pterocarpus,erinaceus,3403. Pterocarpus erinaceus.4
/kaggle/input/datasets/b23dckh002lvitanh/s3-origin/S3/Pterocarpus erinaceus/3403. Pterocarpus erinaceus.7/3403. Pterocarpus erinaceus.7 (215).png,Pterocarpus erinaceus,Pterocarpus,erinaceus,3403. Pterocarpus erinaceus.7
/kaggle/input/datasets/b23dckh002lvitanh/s3-origin/S3/Pterocarpus erinaceus/3403. Pterocarpus erinaceus.8/3403. Pterocarpus erinaceus.8 (253).png,Pterocarpus erinaceus,Pterocarpus,erinaceus,3403. Pterocarpus erinaceus.8
/kaggle/input/datasets/b23dckh002lvitanh/s3-origin/S3/Pterocarpus erinaceus/3403. Pterocarpus erinaceus.9/3403. Pterocarpus erinaceus.9 (300).png,Pterocarpus erinaceus,Pterocarpus,erinaceus,3403. Pterocarpus erinaceus.9
/kaggle/input/datasets/b23dckh002lvitanh/s3-origin/S3/Pterocarpus erinaceus/3403. Pterocarpus erinaceus.3/3403. Pterocarpus erinaceus.3 (82).png,Pterocarpus erinaceus,Pterocarpus,erinaceus,3403. Pterocarpus erinaceus.3
/kaggle/input/datasets/b23dckh002lvitanh/s3-origin/S3/Pterocarpus erinaceus/3403. Pterocarpus erinaceus.7/3403. Pterocarpus erinaceus.7 (213).png,Pterocarpus erinaceus,Pterocarpus,erinaceus,3403. Pterocarpus erinaceus.7
/kaggle/input/datasets/b23dckh002lvitanh/s3-origin/S3/Pterocarpus erinaceus/3403. Pterocarpus erinaceus.8/3403. Pterocarpus erinaceus.8 (257).png,Pterocarpus erinaceus,Pterocarpus,erinaceus,3403. Pterocarpus erinaceus.8
/kaggle/input/datasets/b23dckh002lvitanh/s3-origin/S3/Pterocarpus erinaceus/3403. Pterocarpus erinaceus.3/3403. Pterocarpus erinaceus.3 (87).png,Pterocarpus erinaceus,Pterocarpus,erinaceus,3403. Pterocarpus erinaceus.3
/kaggle/input/datasets/b23dckh002lvitanh/s3-origin/S3/Pterocarpus erinaceus/3403. Pterocarpus erinaceus.5/3403. Pterocarpus erinaceus.5 (155).png,Pterocarpus erinaceus,Pterocarpus,erinaceus,3403. Pterocarpus erinaceus.5
/kaggle/input/datasets/b23dckh002lvitanh/s3-origin/S3/Pterocarpus erinaceus/3403. Pterocarpus erinaceus.6/3403. Pterocarpus erinaceus.6 (187).png,Pterocarpus erinaceus,Pterocarpus,erinaceus,3403. Pterocarpus erinaceus.6
/kaggle/input/datasets/b23dckh002lvitanh/s3-origin/S3/Pterocarpus erinaceus/3403. Pterocarpus erinaceus.10/3403. Pterocarpus erinaceus.10 (314).png,Pterocarpus erinaceus,Pterocarpus,erinaceus,3403. Pterocarpus erinaceus.10
/kaggle/input/datasets/b23dckh002lvitanh/s3-origin/S3/Pterocarpus erinaceus/3403. Pterocarpus erinaceus.5/3403. Pterocarpus erinaceus.5 (149).png,Pterocarpus erinaceus,Pterocarpus,erinaceus,3403. Pterocarpus erinaceus.5
/kaggle/input/datasets/b23dckh002lvitanh/s3-origin/S3/Pterocarpus erinaceus/3403. Pterocarpus erinaceus.10/3403. Pterocarpus erinaceus.10 (324).png,Pterocarpus erinaceus,Pterocarpus,erinaceus,3403. Pterocarpus erinaceus.10
/kaggle/input/datasets/b23dckh002lvitanh/s3-origin/S3/Pterocarpus erinaceus/3403. Pterocarpus erinaceus.6/3403. Pterocarpus erinaceus.6 (174).png,Pterocarpus erinaceus,Pterocarpus,erinaceus,3403. Pterocarpus erinaceus.6
/kaggle/input/datasets/b23dckh002lvitanh/s3-origin/S3/Pterocarpus erinaceus/3403. Pterocarpus erinaceus.9/3403. Pterocarpus erinaceus.9 (271).png,Pterocarpus erinaceus,Pterocarpus,erinaceus,3403. Pterocarpus erinaceus.9
/kaggle/input/datasets/b23dckh002lvitanh/s3-origin/S3/Pterocarpus erinaceus/3403. Pterocarpus erinaceus.8/3403. Pterocarpus erinaceus.8 (264).png,Pterocarpus erinaceus,Pterocarpus,erinaceus,3403. Pterocarpus erinaceus.8
/kaggle/input/datasets/b23dckh002lvitanh/s3-origin/S3/Pterocarpus erinaceus/3403. Pterocarpus erinaceus.9/3403. Pterocarpus erinaceus.9 (273).png,Pterocarpus erinaceus,Pterocarpus,erinaceus,3403. Pterocarpus erinaceus.9
/kaggle/input/datasets/b23dckh002lvitanh/s3-origin/S3/Pterocarpus erinaceus/3403. Pterocarpus erinaceus.9/3403. Pterocarpus erinaceus.9 (290).png,Pterocarpus erinaceus,Pterocarpus,erinaceus,3403. Pterocarpus erinaceus.9
/kaggle/input/datasets/b23dckh002lvitanh/s3-origin/S3/Pterocarpus erinaceus/3403. Pterocarpus erinaceus.10/3403. Pterocarpus erinaceus.10 (322).png,Pterocarpus erinaceus,Pterocarpus,erinaceus,3403. Pterocarpus erinaceus.10
/kaggle/input/datasets/b23dckh002lvitanh/s3-origin/S3/Pterocarpus erinaceus/3403. Pterocarpus erinaceus.8/3403. Pterocarpus erinaceus.8 (259).png,Pterocarpus erinaceus,Pterocarpus,erinaceus,3403. Pterocarpus erinaceus.8
/kaggle/input/datasets/b23dckh002lvitanh/s3-origin/S3/Pterocarpus erinaceus/3403. Pterocarpus erinaceus.7/3403. Pterocarpus erinaceus.7 (221).png,Pterocarpus erinaceus,Pterocarpus,erinaceus,3403. Pterocarpus erinaceus.7
/kaggle/input/datasets/b23dckh002lvitanh/s3-origin/S3/Pterocarpus erinaceus/3403. Pterocarpus erinaceus.1/3403. Pterocarpus erinaceus.1(35).png,Pterocarpus erinaceus,Pterocarpus,erinaceus,3403. Pterocarpus erinaceus.1
/kaggle/input/datasets/b23dckh002lvitanh/s3-origin/S3/Pterocarpus erinaceus/3403. Pterocarpus erinaceus.5/3403. Pterocarpus erinaceus.5 (135).png,Pterocarpus erinaceus,Pterocarpus,erinaceus,3403. Pterocarpus erinaceus.5
/kaggle/input/datasets/b23dckh002lvitanh/s3-origin/S3/Pterocarpus erinaceus/3403. Pterocarpus erinaceus.3/3403. Pterocarpus erinaceus.3 (83).png,Pterocarpus erinaceus,Pterocarpus,erinaceus,3403. Pterocarpus erinaceus.3
/kaggle/input/datasets/b23dckh002lvitanh/s3-origin/S3/Pterocarpus erinaceus/3403. Pterocarpus erinaceus.4/3403. Pterocarpus erinaceus.4 (109).png,Pterocarpus erinaceus,Pterocarpus,erinaceus,3403. Pterocarpus erinaceus.4
/kaggle/input/datasets/b23dckh002lvitanh/s3-origin/S3/Pterocarpus erinaceus/3403. Pterocarpus erinaceus.3/3403. Pterocarpus erinaceus.3 (79).png,Pterocarpus erinaceus,Pterocarpus,erinaceus,3403. Pterocarpus erinaceus.3
/kaggle/input/datasets/b23dckh002lvitanh/s3-origin/S3/Pterocarpus erinaceus/3403. Pterocarpus erinaceus.6/3403. Pterocarpus erinaceus.6 (184).png,Pterocarpus erinaceus,Pterocarpus,erinaceus,3403. Pterocarpus erinaceus.6
/kaggle/input/datasets/b23dckh002lvitanh/s3-origin/S3/Pterocarpus erinaceus/3403. Pterocarpus erinaceus.10/3403. Pterocarpus erinaceus.10 (332).png,Pterocarpus erinaceus,Pterocarpus,erinaceus,3403. Pterocarpus erinaceus.10
/kaggle/input/datasets/b23dckh002lvitanh/s3-origin/S3/Pterocarpus erinaceus/3403. Pterocarpus erinaceus.9/3403. Pterocarpus erinaceus.9 (282).png,Pterocarpus erinaceus,Pterocarpus,erinaceus,3403. Pterocarpus erinaceus.9
/kaggle/input/datasets/b23dckh002lvitanh/s3-origin/S3/Pterocarpus erinaceus/3403. Pterocarpus erinaceus.6/3403. Pterocarpus erinaceus.6 (178).png,Pterocarpus erinaceus,Pterocarpus,erinaceus,3403. Pterocarpus erinaceus.6
/kaggle/input/datasets/b23dckh002lvitanh/s3-origin/S3/Pterocarpus erinaceus/3403. Pterocarpus erinaceus.3/3403. Pterocarpus erinaceus.3 (98).png,Pterocarpus erinaceus,Pterocarpus,erinaceus,3403. Pterocarpus erinaceus.3
/kaggle/input/datasets/b23dckh002lvitanh/s3-origin/S3/Pterocarpus erinaceus/3403. Pterocarpus erinaceus.6/3403. Pterocarpus erinaceus.6 (185).png,Pterocarpus erinaceus,Pterocarpus,erinaceus,3403. Pterocarpus erinaceus.6
/kaggle/input/datasets/b23dckh002lvitanh/s3-origin/S3/Pterocarpus erinaceus/3403. Pterocarpus erinaceus.5/3403. Pterocarpus erinaceus.5 (159).png,Pterocarpus erinaceus,Pterocarpus,erinaceus,3403. Pterocarpus erinaceus.5
/kaggle/input/datasets/b23dckh002lvitanh/s3-origin/S3/Pterocarpus erinaceus/3403. Pterocarpus erinaceus.7/3403. Pterocarpus erinaceus.7 (218).png,Pterocarpus erinaceus,Pterocarpus,erinaceus,3403. Pterocarpus erinaceus.7
/kaggle/input/datasets/b23dckh002lvitanh/s3-origin/S3/Pterocarpus erinaceus/3403. Pterocarpus erinaceus.4/3403. Pterocarpus erinaceus.4 (128).png,Pterocarpus erinaceus,Pterocarpus,erinaceus,3403. Pterocarpus erinaceus.4
/kaggle/input/datasets/b23dckh002lvitanh/s3-origin/S3/Pterocarpus erinaceus/3403. Pterocarpus erinaceus.2/3403. Pterocarpus erinaceus.2 (61).png,Pterocarpus erinaceus,Pterocarpus,erinaceus,3403. Pterocarpus erinaceus.2
/kaggle/input/datasets/b23dckh002lvitanh/s3-origin/S3/Pterocarpus erinaceus/3403. Pterocarpus erinaceus.3/3403. Pterocarpus erinaceus.3 (85).png,Pterocarpus erinaceus,Pterocarpus,erinaceus,3403. Pterocarpus erinaceus.3
/kaggle/input/datasets/b23dckh002lvitanh/s3-origin/S3/Pterocarpus erinaceus/3403. Pterocarpus erinaceus.9/3403. Pterocarpus erinaceus.9 (281).png,Pterocarpus erinaceus,Pterocarpus,erinaceus,3403. Pterocarpus erinaceus.9
/kaggle/input/datasets/b23dckh002lvitanh/s3-origin/S3/Pterocarpus erinaceus/3403. Pterocarpus erinaceus.5/3403. Pterocarpus erinaceus.5 (133).png,Pterocarpus erinaceus,Pterocarpus,erinaceus,3403. Pterocarpus erinaceus.5
/kaggle/input/datasets/b23dckh002lvitanh/s3-origin/S3/Pterocarpus erinaceus/3403. Pterocarpus erinaceus.1/3403. Pterocarpus erinaceus.1(9).png,Pterocarpus erinaceus,Pterocarpus,erinaceus,3403. Pterocarpus erinaceus.1
/kaggle/input/datasets/b23dckh002lvitanh/s3-origin/S3/Pterocarpus erinaceus/3403. Pterocarpus erinaceus.5/3403. Pterocarpus erinaceus.5 (141).png,Pterocarpus erinaceus,Pterocarpus,erinaceus,3403. Pterocarpus erinaceus.5
/kaggle/input/datasets/b23dckh002lvitanh/s3-origin/S3/Pterocarpus erinaceus/3403. Pterocarpus erinaceus.5/3403. Pterocarpus erinaceus.5 (136).png,Pterocarpus erinaceus,Pterocarpus,erinaceus,3403. Pterocarpus erinaceus.5
/kaggle/input/datasets/b23dckh002lvitanh/s3-origin/S3/Pterocarpus erinaceus/3403. Pterocarpus erinaceus.10/3403. Pterocarpus erinaceus.10 (326).png,Pterocarpus erinaceus,Pterocarpus,erinaceus,3403. Pterocarpus erinaceus.10
/kaggle/input/datasets/b23dckh002lvitanh/s3-origin/S3/Pterocarpus erinaceus/3403. Pterocarpus erinaceus.6/3403. Pterocarpus erinaceus.6 (179).png,Pterocarpus erinaceus,Pterocarpus,erinaceus,3403. Pterocarpus erinaceus.6
/kaggle/input/datasets/b23dckh002lvitanh/s3-origin/S3/Pterocarpus erinaceus/3403. Pterocarpus erinaceus.1/3403. Pterocarpus erinaceus.1(5).png,Pterocarpus erinaceus,Pterocarpus,erinaceus,3403. Pterocarpus erinaceus.1
/kaggle/input/datasets/b23dckh002lvitanh/s3-origin/S3/Pterocarpus erinaceus/3403. Pterocarpus erinaceus.9/3403. Pterocarpus erinaceus.9 (303).png,Pterocarpus erinaceus,Pterocarpus,erinaceus,3403. Pterocarpus erinaceus.9
/kaggle/input/datasets/b23dckh002lvitanh/s3-origin/S3/Pterocarpus erinaceus/3403. Pterocarpus erinaceus.1/3403. Pterocarpus erinaceus.1(28).png,Pterocarpus erinaceus,Pterocarpus,erinaceus,3403. Pterocarpus erinaceus.1
/kaggle/input/datasets/b23dckh002lvitanh/s3-origin/S3/Pterocarpus erinaceus/3403. Pterocarpus erinaceus.7/3403. Pterocarpus erinaceus.7 (222).png,Pterocarpus erinaceus,Pterocarpus,erinaceus,3403. Pterocarpus erinaceus.7
/kaggle/input/datasets/b23dckh002lvitanh/s3-origin/S3/Pterocarpus erinaceus/3403. Pterocarpus erinaceus.3/3403. Pterocarpus erinaceus.3 (86).png,Pterocarpus erinaceus,Pterocarpus,erinaceus,3403. Pterocarpus erinaceus.3
/kaggle/input/datasets/b23dckh002lvitanh/s3-origin/S3/Pterocarpus erinaceus/3403. Pterocarpus erinaceus.2/3403. Pterocarpus erinaceus.2 (63).png,Pterocarpus erinaceus,Pterocarpus,erinaceus,3403. Pterocarpus erinaceus.2
/kaggle/input/datasets/b23dckh002lvitanh/s3-origin/S3/Pterocarpus erinaceus/3403. Pterocarpus erinaceus.7/3403. Pterocarpus erinaceus.7 (210).png,Pterocarpus erinaceus,Pterocarpus,erinaceus,3403. Pterocarpus erinaceus.7
/kaggle/input/datasets/b23dckh002lvitanh/s3-origin/S3/Pterocarpus erinaceus/3403. Pterocarpus erinaceus.5/3403. Pterocarpus erinaceus.5 (164).png,Pterocarpus erinaceus,Pterocarpus,erinaceus,3403. Pterocarpus erinaceus.5
/kaggle/input/datasets/b23dckh002lvitanh/s3-origin/S3/Pterocarpus erinaceus/3403. Pterocarpus erinaceus.9/3403. Pterocarpus erinaceus.9 (279).png,Pterocarpus erinaceus,Pterocarpus,erinaceus,3403. Pterocarpus erinaceus.9
/kaggle/input/datasets/b23dckh002lvitanh/s3-origin/S3/Pterocarpus erinaceus/3403. Pterocarpus erinaceus.2/3403. Pterocarpus erinaceus.2 (51).png,Pterocarpus erinaceus,Pterocarpus,erinaceus,3403. Pterocarpus erinaceus.2
/kaggle/input/datasets/b23dckh002lvitanh/s3-origin/S3/Pterocarpus erinaceus/3403. Pterocarpus erinaceus.6/3403. Pterocarpus erinaceus.6 (170).png,Pterocarpus erinaceus,Pterocarpus,erinaceus,3403. Pterocarpus erinaceus.6
/kaggle/input/datasets/b23dckh002lvitanh/s3-origin/S3/Pterocarpus erinaceus/3403. Pterocarpus erinaceus.10/3403. Pterocarpus erinaceus.10 (323).png,Pterocarpus erinaceus,Pterocarpus,erinaceus,3403. Pterocarpus erinaceus.10
/kaggle/input/datasets/b23dckh002lvitanh/s3-origin/S3/Pterocarpus erinaceus/3403. Pterocarpus erinaceus.9/3403. Pterocarpus erinaceus.9 (301).png,Pterocarpus erinaceus,Pterocarpus,erinaceus,3403. Pterocarpus erinaceus.9
/kaggle/input/datasets/b23dckh002lvitanh/s3-origin/S3/Pterocarpus erinaceus/3403. Pterocarpus erinaceus.1/3403. Pterocarpus erinaceus.1(19).png,Pterocarpus erinaceus,Pterocarpus,erinaceus,3403. Pterocarpus erinaceus.1
/kaggle/input/datasets/b23dckh002lvitanh/s3-origin/S3/Pterocarpus erinaceus/3403. Pterocarpus erinaceus.3/3403. Pterocarpus erinaceus.3 (95).png,Pterocarpus erinaceus,Pterocarpus,erinaceus,3403. Pterocarpus erinaceus.3
/kaggle/input/datasets/b23dckh002lvitanh/s3-origin/S3/Pterocarpus erinaceus/3403. Pterocarpus erinaceus.3/3403. Pterocarpus erinaceus.3 (73).png,Pterocarpus erinaceus,Pterocarpus,erinaceus,3403. Pterocarpus erinaceus.3
/kaggle/input/datasets/b23dckh002lvitanh/s3-origin/S3/Pterocarpus erinaceus/3403. Pterocarpus erinaceus.7/3403. Pterocarpus erinaceus.7 (223).png,Pterocarpus erinaceus,Pterocarpus,erinaceus,3403. Pterocarpus erinaceus.7
/kaggle/input/datasets/b23dckh002lvitanh/s3-origin/S3/Pterocarpus erinaceus/3403. Pterocarpus erinaceus.3/3403. Pterocarpus erinaceus.3 (100).png,Pterocarpus erinaceus,Pterocarpus,erinaceus,3403. Pterocarpus erinaceus.3
/kaggle/input/datasets/b23dckh002lvitanh/s3-origin/S3/Pterocarpus erinaceus/3403. Pterocarpus erinaceus.10/3403. Pterocarpus erinaceus.10 (329).png,Pterocarpus erinaceus,Pterocarpus,erinaceus,3403. Pterocarpus erinaceus.10
/kaggle/input/datasets/b23dckh002lvitanh/s3-origin/S3/Pterocarpus erinaceus/3403. Pterocarpus erinaceus.9/3403. Pterocarpus erinaceus.9 (289).png,Pterocarpus erinaceus,Pterocarpus,erinaceus,3403. Pterocarpus erinaceus.9
/kaggle/input/datasets/b23dckh002lvitanh/s3-origin/S3/Pterocarpus erinaceus/3403. Pterocarpus erinaceus.4/3403. Pterocarpus erinaceus.4 (104).png,Pterocarpus erinaceus,Pterocarpus,erinaceus,3403. Pterocarpus erinaceus.4
/kaggle/input/datasets/b23dckh002lvitanh/s3-origin/S3/Pterocarpus erinaceus/3403. Pterocarpus erinaceus.6/3403. Pterocarpus erinaceus.6 (193).png,Pterocarpus erinaceus,Pterocarpus,erinaceus,3403. Pterocarpus erinaceus.6
/kaggle/input/datasets/b23dckh002lvitanh/s3-origin/S3/Pterocarpus erinaceus/3403. Pterocarpus erinaceus.7/3403. Pterocarpus erinaceus.7 (211).png,Pterocarpus erinaceus,Pterocarpus,erinaceus,3403. Pterocarpus erinaceus.7
/kaggle/input/datasets/b23dckh002lvitanh/s3-origin/S3/Pterocarpus erinaceus/3403. Pterocarpus erinaceus.8/3403. Pterocarpus erinaceus.8 (261).png,Pterocarpus erinaceus,Pterocarpus,erinaceus,3403. Pterocarpus erinaceus.8
/kaggle/input/datasets/b23dckh002lvitanh/s3-origin/S3/Pterocarpus erinaceus/3403. Pterocarpus erinaceus.9/3403. Pterocarpus erinaceus.9 (272).png,Pterocarpus erinaceus,Pterocarpus,erinaceus,3403. Pterocarpus erinaceus.9
/kaggle/input/datasets/b23dckh002lvitanh/s3-origin/S3/Pterocarpus erinaceus/3403. Pterocarpus erinaceus.3/3403. Pterocarpus erinaceus.3 (84).png,Pterocarpus erinaceus,Pterocarpus,erinaceus,3403. Pterocarpus erinaceus.3
/kaggle/input/datasets/b23dckh002lvitanh/s3-origin/S3/Pterocarpus erinaceus/3403. Pterocarpus erinaceus.10/3403. Pterocarpus erinaceus.10 (305).png,Pterocarpus erinaceus,Pterocarpus,erinaceus,3403. Pterocarpus erinaceus.10
/kaggle/input/datasets/b23dckh002lvitanh/s3-origin/S3/Pterocarpus erinaceus/3403. Pterocarpus erinaceus.4/3403. Pterocarpus erinaceus.4 (114).png,Pterocarpus erinaceus,Pterocarpus,erinaceus,3403. Pterocarpus erinaceus.4
/kaggle/input/datasets/b23dckh002lvitanh/s3-origin/S3/Pterocarpus erinaceus/3403. Pterocarpus erinaceus.2/3403. Pterocarpus erinaceus.2 (39).png,Pterocarpus erinaceus,Pterocarpus,erinaceus,3403. Pterocarpus erinaceus.2
/kaggle/input/datasets/b23dckh002lvitanh/s3-origin/S3/Pterocarpus erinaceus/3403. Pterocarpus erinaceus.7/3403. Pterocarpus erinaceus.7 (209).png,Pterocarpus erinaceus,Pterocarpus,erinaceus,3403. Pterocarpus erinaceus.7
/kaggle/input/datasets/b23dckh002lvitanh/s3-origin/S3/Pterocarpus erinaceus/3403. Pterocarpus erinaceus.3/3403. Pterocarpus erinaceus.3 (80).png,Pterocarpus erinaceus,Pterocarpus,erinaceus,3403. Pterocarpus erinaceus.3
/kaggle/input/datasets/b23dckh002lvitanh/s3-origin/S3/Pterocarpus erinaceus/3403. Pterocarpus erinaceus.5/3403. Pterocarpus erinaceus.5 (143).png,Pterocarpus erinaceus,Pterocarpus,erinaceus,3403. Pterocarpus erinaceus.5
/kaggle/input/datasets/b23dckh002lvitanh/s3-origin/S3/Pterocarpus erinaceus/3403. Pterocarpus erinaceus.4/3403. Pterocarpus erinaceus.4 (130).png,Pterocarpus erinaceus,Pterocarpus,erinaceus,3403. Pterocarpus erinaceus.4
/kaggle/input/datasets/b23dckh002lvitanh/s3-origin/S3/Pterocarpus erinaceus/3403. Pterocarpus erinaceus.3/3403. Pterocarpus erinaceus.3 (76).png,Pterocarpus erinaceus,Pterocarpus,erinaceus,3403. Pterocarpus erinaceus.3
/kaggle/input/datasets/b23dckh002lvitanh/s3-origin/S3/Pterocarpus erinaceus/3403. Pterocarpus erinaceus.9/3403. Pterocarpus erinaceus.9 (270).png,Pterocarpus erinaceus,Pterocarpus,erinaceus,3403. Pterocarpus erinaceus.9
/kaggle/input/datasets/b23dckh002lvitanh/s3-origin/S3/Pterocarpus erinaceus/3403. Pterocarpus erinaceus.6/3403. Pterocarpus erinaceus.6 (194).png,Pterocarpus erinaceus,Pterocarpus,erinaceus,3403. Pterocarpus erinaceus.6
/kaggle/input/datasets/b23dckh002lvitanh/s3-origin/S3/Pterocarpus erinaceus/3403. Pterocarpus erinaceus.8/3403. Pterocarpus erinaceus.8 (245).png,Pterocarpus erinaceus,Pterocarpus,erinaceus,3403. Pterocarpus erinaceus.8
/kaggle/input/datasets/b23dckh002lvitanh/s3-origin/S3/Pterocarpus erinaceus/3403. Pterocarpus erinaceus.7/3403. Pterocarpus erinaceus.7 (227).png,Pterocarpus erinaceus,Pterocarpus,erinaceus,3403. Pterocarpus erinaceus.7
/kaggle/input/datasets/b23dckh002lvitanh/s3-origin/S3/Pterocarpus erinaceus/3403. Pterocarpus erinaceus.5/3403. Pterocarpus erinaceus.5 (156).png,Pterocarpus erinaceus,Pterocarpus,erinaceus,3403. Pterocarpus erinaceus.5
/kaggle/input/datasets/b23dckh002lvitanh/s3-origin/S3/Pterocarpus erinaceus/3403. Pterocarpus erinaceus.6/3403. Pterocarpus erinaceus.6 (198).png,Pterocarpus erinaceus,Pterocarpus,erinaceus,3403. Pterocarpus erinaceus.6
/kaggle/input/datasets/b23dckh002lvitanh/s3-origin/S3/Pterocarpus erinaceus/3403. Pterocarpus erinaceus.5/3403. Pterocarpus erinaceus.5 (151).png,Pterocarpus erinaceus,Pterocarpus,erinaceus,3403. Pterocarpus erinaceus.5
/kaggle/input/datasets/b23dckh002lvitanh/s3-origin/S3/Pterocarpus erinaceus/3403. Pterocarpus erinaceus.8/3403. Pterocarpus erinaceus.8 (239).png,Pterocarpus erinaceus,Pterocarpus,erinaceus,3403. Pterocarpus erinaceus.8
/kaggle/input/datasets/b23dckh002lvitanh/s3-origin/S3/Pterocarpus erinaceus/3403. Pterocarpus erinaceus.7/3403. Pterocarpus erinaceus.7 (224).png,Pterocarpus erinaceus,Pterocarpus,erinaceus,3403. Pterocarpus erinaceus.7
/kaggle/input/datasets/b23dckh002lvitanh/s3-origin/S3/Pterocarpus erinaceus/3403. Pterocarpus erinaceus.2/3403. Pterocarpus erinaceus.2 (44).png,Pterocarpus erinaceus,Pterocarpus,erinaceus,3403. Pterocarpus erinaceus.2
/kaggle/input/datasets/b23dckh002lvitanh/s3-origin/S3/Pterocarpus erinaceus/3403. Pterocarpus erinaceus.1/3403. Pterocarpus erinaceus.1(18).png,Pterocarpus erinaceus,Pterocarpus,erinaceus,3403. Pterocarpus erinaceus.1
/kaggle/input/datasets/b23dckh002lvitanh/s3-origin/S3/Pterocarpus erinaceus/3403. Pterocarpus erinaceus.3/3403. Pterocarpus erinaceus.3 (90).png,Pterocarpus erinaceus,Pterocarpus,erinaceus,3403. Pterocarpus erinaceus.3
/kaggle/input/datasets/b23dckh002lvitanh/s3-origin/S3/Pterocarpus erinaceus/3403. Pterocarpus erinaceus.7/3403. Pterocarpus erinaceus.7 (205).png,Pterocarpus erinaceus,Pterocarpus,erinaceus,3403. Pterocarpus erinaceus.7
/kaggle/input/datasets/b23dckh002lvitanh/s3-origin/S3/Pterocarpus erinaceus/3403. Pterocarpus erinaceus.9/3403. Pterocarpus erinaceus.9 (298).png,Pterocarpus erinaceus,Pterocarpus,erinaceus,3403. Pterocarpus erinaceus.9
/kaggle/input/datasets/b23dckh002lvitanh/s3-origin/S3/Pterocarpus erinaceus/3403. Pterocarpus erinaceus.6/3403. Pterocarpus erinaceus.6 (182).png,Pterocarpus erinaceus,Pterocarpus,erinaceus,3403. Pterocarpus erinaceus.6
/kaggle/input/datasets/b23dckh002lvitanh/s3-origin/S3/Pterocarpus erinaceus/3403. Pterocarpus erinaceus.2/3403. Pterocarpus erinaceus.2 (50).png,Pterocarpus erinaceus,Pterocarpus,erinaceus,3403. Pterocarpus erinaceus.2
/kaggle/input/datasets/b23dckh002lvitanh/s3-origin/S3/Pterocarpus erinaceus/3403. Pterocarpus erinaceus.4/3403. Pterocarpus erinaceus.4 (113).png,Pterocarpus erinaceus,Pterocarpus,erinaceus,3403. Pterocarpus erinaceus.4
/kaggle/input/datasets/b23dckh002lvitanh/s3-origin/S3/Pterocarpus erinaceus/3403. Pterocarpus erinaceus.10/3403. Pterocarpus erinaceus.10 (309).png,Pterocarpus erinaceus,Pterocarpus,erinaceus,3403. Pterocarpus erinaceus.10
/kaggle/input/datasets/b23dckh002lvitanh/s3-origin/S3/Pterocarpus erinaceus/3403. Pterocarpus erinaceus.8/3403. Pterocarpus erinaceus.8 (263).png,Pterocarpus erinaceus,Pterocarpus,erinaceus,3403. Pterocarpus erinaceus.8
/kaggle/input/datasets/b23dckh002lvitanh/s3-origin/S3/Pterocarpus erinaceus/3403. Pterocarpus erinaceus.8/3403. Pterocarpus erinaceus.8 (234).png,Pterocarpus erinaceus,Pterocarpus,erinaceus,3403. Pterocarpus erinaceus.8
/kaggle/input/datasets/b23dckh002lvitanh/s3-origin/S3/Pterocarpus erinaceus/3403. Pterocarpus erinaceus.7/3403. Pterocarpus erinaceus.7 (216).png,Pterocarpus erinaceus,Pterocarpus,erinaceus,3403. Pterocarpus erinaceus.7
/kaggle/input/datasets/b23dckh002lvitanh/s3-origin/S3/Pterocarpus erinaceus/3403. Pterocarpus erinaceus.9/3403. Pterocarpus erinaceus.9 (288).png,Pterocarpus erinaceus,Pterocarpus,erinaceus,3403. Pterocarpus erinaceus.9
/kaggle/input/datasets/b23dckh002lvitanh/s3-origin/S3/Pterocarpus erinaceus/3403. Pterocarpus erinaceus.6/3403. Pterocarpus erinaceus.6 (181).png,Pterocarpus erinaceus,Pterocarpus,erinaceus,3403. Pterocarpus erinaceus.6
/kaggle/input/datasets/b23dckh002lvitanh/s3-origin/S3/Pterocarpus erinaceus/3403. Pterocarpus erinaceus.1/3403. Pterocarpus erinaceus.1(22).png,Pterocarpus erinaceus,Pterocarpus,erinaceus,3403. Pterocarpus erinaceus.1
/kaggle/input/datasets/b23dckh002lvitanh/s3-origin/S3/Pterocarpus erinaceus/3403. Pterocarpus erinaceus.2/3403. Pterocarpus erinaceus.2 (52).png,Pterocarpus erinaceus,Pterocarpus,erinaceus,3403. Pterocarpus erinaceus.2
/kaggle/input/datasets/b23dckh002lvitanh/s3-origin/S3/Pterocarpus erinaceus/3403. Pterocarpus erinaceus.10/3403. Pterocarpus erinaceus.10 (337).png,Pterocarpus erinaceus,Pterocarpus,erinaceus,3403. Pterocarpus erinaceus.10
/kaggle/input/datasets/b23dckh002lvitanh/s3-origin/S3/Pterocarpus erinaceus/3403. Pterocarpus erinaceus.5/3403. Pterocarpus erinaceus.5 (145).png,Pterocarpus erinaceus,Pterocarpus,erinaceus,3403. Pterocarpus erinaceus.5
/kaggle/input/datasets/b23dckh002lvitanh/s3-origin/S3/Pterocarpus erinaceus/3403. Pterocarpus erinaceus.10/3403. Pterocarpus erinaceus.10 (310).png,Pterocarpus erinaceus,Pterocarpus,erinaceus,3403. Pterocarpus erinaceus.10
/kaggle/input/datasets/b23dckh002lvitanh/s3-origin/S3/Pterocarpus erinaceus/3403. Pterocarpus erinaceus.9/3403. Pterocarpus erinaceus.9 (297).png,Pterocarpus erinaceus,Pterocarpus,erinaceus,3403. Pterocarpus erinaceus.9
/kaggle/input/datasets/b23dckh002lvitanh/s3-origin/S3/Pterocarpus erinaceus/3403. Pterocarpus erinaceus.7/3403. Pterocarpus erinaceus.7 (212).png,Pterocarpus erinaceus,Pterocarpus,erinaceus,3403. Pterocarpus erinaceus.7
/kaggle/input/datasets/b23dckh002lvitanh/s3-origin/S3/Pterocarpus erinaceus/3403. Pterocarpus erinaceus.7/3403. Pterocarpus erinaceus.7 (232).png,Pterocarpus erinaceus,Pterocarpus,erinaceus,3403. Pterocarpus erinaceus.7
/kaggle/input/datasets/b23dckh002lvitanh/s3-origin/S3/Pterocarpus erinaceus/3403. Pterocarpus erinaceus.2/3403. Pterocarpus erinaceus.2 (54).png,Pterocarpus erinaceus,Pterocarpus,erinaceus,3403. Pterocarpus erinaceus.2
/kaggle/input/datasets/b23dckh002lvitanh/s3-origin/S3/Pterocarpus erinaceus/3403. Pterocarpus erinaceus.4/3403. Pterocarpus erinaceus.4 (103).png,Pterocarpus erinaceus,Pterocarpus,erinaceus,3403. Pterocarpus erinaceus.4
/kaggle/input/datasets/b23dckh002lvitanh/s3-origin/S3/Pterocarpus erinaceus/3403. Pterocarpus erinaceus.4/3403. Pterocarpus erinaceus.4 (117).png,Pterocarpus erinaceus,Pterocarpus,erinaceus,3403. Pterocarpus erinaceus.4
/kaggle/input/datasets/b23dckh002lvitanh/s3-origin/S3/Pterocarpus erinaceus/3403. Pterocarpus erinaceus.2/3403. Pterocarpus erinaceus.2 (58).png,Pterocarpus erinaceus,Pterocarpus,erinaceus,3403. Pterocarpus erinaceus.2
/kaggle/input/datasets/b23dckh002lvitanh/s3-origin/S3/Pterocarpus erinaceus/3403. Pterocarpus erinaceus.1/3403. Pterocarpus erinaceus.1(3).png,Pterocarpus erinaceus,Pterocarpus,erinaceus,3403. Pterocarpus erinaceus.1
/kaggle/input/datasets/b23dckh002lvitanh/s3-origin/S3/Pterocarpus erinaceus/3403. Pterocarpus erinaceus.7/3403. Pterocarpus erinaceus.7 (219).png,Pterocarpus erinaceus,Pterocarpus,erinaceus,3403. Pterocarpus erinaceus.7
/kaggle/input/datasets/b23dckh002lvitanh/s3-origin/S3/Pterocarpus erinaceus/3403. Pterocarpus erinaceus.3/3403. Pterocarpus erinaceus.3 (70).png,Pterocarpus erinaceus,Pterocarpus,erinaceus,3403. Pterocarpus erinaceus.3
/kaggle/input/datasets/b23dckh002lvitanh/s3-origin/S3/Pterocarpus erinaceus/3403. Pterocarpus erinaceus.9/3403. Pterocarpus erinaceus.9 (292).png,Pterocarpus erinaceus,Pterocarpus,erinaceus,3403. Pterocarpus erinaceus.9
/kaggle/input/datasets/b23dckh002lvitanh/s3-origin/S3/Pterocarpus erinaceus/3403. Pterocarpus erinaceus.6/3403. Pterocarpus erinaceus.6 (189).png,Pterocarpus erinaceus,Pterocarpus,erinaceus,3403. Pterocarpus erinaceus.6
/kaggle/input/datasets/b23dckh002lvitanh/s3-origin/S3/Pterocarpus erinaceus/3403. Pterocarpus erinaceus.2/3403. Pterocarpus erinaceus.2 (64).png,Pterocarpus erinaceus,Pterocarpus,erinaceus,3403. Pterocarpus erinaceus.2
/kaggle/input/datasets/b23dckh002lvitanh/s3-origin/S3/Pterocarpus erinaceus/3403. Pterocarpus erinaceus.10/3403. Pterocarpus erinaceus.10 (327).png,Pterocarpus erinaceus,Pterocarpus,erinaceus,3403. Pterocarpus erinaceus.10
/kaggle/input/datasets/b23dckh002lvitanh/s3-origin/S3/Pterocarpus erinaceus/3403. Pterocarpus erinaceus.4/3403. Pterocarpus erinaceus.4 (131).png,Pterocarpus erinaceus,Pterocarpus,erinaceus,3403. Pterocarpus erinaceus.4
/kaggle/input/datasets/b23dckh002lvitanh/s3-origin/S3/Pterocarpus erinaceus/3403. Pterocarpus erinaceus.9/3403. Pterocarpus erinaceus.9 (287).png,Pterocarpus erinaceus,Pterocarpus,erinaceus,3403. Pterocarpus erinaceus.9
/kaggle/input/datasets/b23dckh002lvitanh/s3-origin/S3/Pterocarpus erinaceus/3403. Pterocarpus erinaceus.5/3403. Pterocarpus erinaceus.5 (153).png,Pterocarpus erinaceus,Pterocarpus,erinaceus,3403. Pterocarpus erinaceus.5
/kaggle/input/datasets/b23dckh002lvitanh/s3-origin/S3/Pterocarpus erinaceus/3403. Pterocarpus erinaceus.5/3403. Pterocarpus erinaceus.5 (162).png,Pterocarpus erinaceus,Pterocarpus,erinaceus,3403. Pterocarpus erinaceus.5
/kaggle/input/datasets/b23dckh002lvitanh/s3-origin/S3/Pterocarpus erinaceus/3403. Pterocarpus erinaceus.2/3403. Pterocarpus erinaceus.2 (37).png,Pterocarpus erinaceus,Pterocarpus,erinaceus,3403. Pterocarpus erinaceus.2
/kaggle/input/datasets/b23dckh002lvitanh/s3-origin/S3/Pterocarpus erinaceus/3403. Pterocarpus erinaceus.8/3403. Pterocarpus erinaceus.8 (244).png,Pterocarpus erinaceus,Pterocarpus,erinaceus,3403. Pterocarpus erinaceus.8
/kaggle/input/datasets/b23dckh002lvitanh/s3-origin/S3/Pterocarpus erinaceus/3403. Pterocarpus erinaceus.1/3403. Pterocarpus erinaceus.1(27).png,Pterocarpus erinaceus,Pterocarpus,erinaceus,3403. Pterocarpus erinaceus.1
/kaggle/input/datasets/b23dckh002lvitanh/s3-origin/S3/Pterocarpus erinaceus/3403. Pterocarpus erinaceus.3/3403. Pterocarpus erinaceus.3 (68).png,Pterocarpus erinaceus,Pterocarpus,erinaceus,3403. Pterocarpus erinaceus.3
/kaggle/input/datasets/b23dckh002lvitanh/s3-origin/S3/Pterocarpus erinaceus/3403. Pterocarpus erinaceus.5/3403. Pterocarpus erinaceus.5 (166).png,Pterocarpus erinaceus,Pterocarpus,erinaceus,3403. Pterocarpus erinaceus.5
/kaggle/input/datasets/b23dckh002lvitanh/s3-origin/S3/Pterocarpus erinaceus/3403. Pterocarpus erinaceus.10/3403. Pterocarpus erinaceus.10 (317).png,Pterocarpus erinaceus,Pterocarpus,erinaceus,3403. Pterocarpus erinaceus.10
/kaggle/input/datasets/b23dckh002lvitanh/s3-origin/S3/Pterocarpus erinaceus/3403. Pterocarpus erinaceus.6/3403. Pterocarpus erinaceus.6 (177).png,Pterocarpus erinaceus,Pterocarpus,erinaceus,3403. Pterocarpus erinaceus.6
/kaggle/input/datasets/b23dckh002lvitanh/s3-origin/S3/Pterocarpus erinaceus/3403. Pterocarpus erinaceus.4/3403. Pterocarpus erinaceus.4 (126).png,Pterocarpus erinaceus,Pterocarpus,erinaceus,3403. Pterocarpus erinaceus.4
/kaggle/input/datasets/b23dckh002lvitanh/s3-origin/S3/Pterocarpus erinaceus/3403. Pterocarpus erinaceus.1/3403. Pterocarpus erinaceus.1(8).png,Pterocarpus erinaceus,Pterocarpus,erinaceus,3403. Pterocarpus erinaceus.1
/kaggle/input/datasets/b23dckh002lvitanh/s3-origin/S3/Pterocarpus erinaceus/3403. Pterocarpus erinaceus.8/3403. Pterocarpus erinaceus.8 (249).png,Pterocarpus erinaceus,Pterocarpus,erinaceus,3403. Pterocarpus erinaceus.8
/kaggle/input/datasets/b23dckh002lvitanh/s3-origin/S3/Pterocarpus erinaceus/3403. Pterocarpus erinaceus.10/3403. Pterocarpus erinaceus.10 (321).png,Pterocarpus erinaceus,Pterocarpus,erinaceus,3403. Pterocarpus erinaceus.10
/kaggle/input/datasets/b23dckh002lvitanh/s3-origin/S3/Pterocarpus erinaceus/3403. Pterocarpus erinaceus.8/3403. Pterocarpus erinaceus.8 (233).png,Pterocarpus erinaceus,Pterocarpus,erinaceus,3403. Pterocarpus erinaceus.8
/kaggle/input/datasets/b23dckh002lvitanh/s3-origin/S3/Pterocarpus indicus/3395. Pterocarpus indicus.10/3395. Pterocarpus indicus.10 (305).png,Pterocarpus indicus,Pterocarpus,indicus,3395. Pterocarpus indicus.10
/kaggle/input/datasets/b23dckh002lvitanh/s3-origin/S3/Pterocarpus indicus/3395. Pterocarpus indicus.1/3395. Pterocarpus indicus.1 (26).png,Pterocarpus indicus,Pterocarpus,indicus,3395. Pterocarpus indicus.1
/kaggle/input/datasets/b23dckh002lvitanh/s3-origin/S3/Pterocarpus indicus/3395. Pterocarpus indicus.7/3395. Pterocarpus indicus.7 (203).png,Pterocarpus indicus,Pterocarpus,indicus,3395. Pterocarpus indicus.7
/kaggle/input/datasets/b23dckh002lvitanh/s3-origin/S3/Pterocarpus indicus/3395. Pterocarpus indicus.5/3395. Pterocarpus indicus.5 (140).png,Pterocarpus indicus,Pterocarpus,indicus,3395. Pterocarpus indicus.5
/kaggle/input/datasets/b23dckh002lvitanh/s3-origin/S3/Pterocarpus indicus/3395. Pterocarpus indicus.7/3395. Pterocarpus indicus.7 (213).png,Pterocarpus indicus,Pterocarpus,indicus,3395. Pterocarpus indicus.7
/kaggle/input/datasets/b23dckh002lvitanh/s3-origin/S3/Pterocarpus indicus/3395. Pterocarpus indicus.7/3395. Pterocarpus indicus.7 (200).png,Pterocarpus indicus,Pterocarpus,indicus,3395. Pterocarpus indicus.7
/kaggle/input/datasets/b23dckh002lvitanh/s3-origin/S3/Pterocarpus indicus/3395. Pterocarpus indicus.8/3395. Pterocarpus indicus.8 (239).png,Pterocarpus indicus,Pterocarpus,indicus,3395. Pterocarpus indicus.8
/kaggle/input/datasets/b23dckh002lvitanh/s3-origin/S3/Pterocarpus indicus/3395. Pterocarpus indicus.5/3395. Pterocarpus indicus.5 (135).png,Pterocarpus indicus,Pterocarpus,indicus,3395. Pterocarpus indicus.5
/kaggle/input/datasets/b23dckh002lvitanh/s3-origin/S3/Pterocarpus indicus/3395. Pterocarpus indicus.1/3395. Pterocarpus indicus.1 (3).png,Pterocarpus indicus,Pterocarpus,indicus,3395. Pterocarpus indicus.1
/kaggle/input/datasets/b23dckh002lvitanh/s3-origin/S3/Pterocarpus indicus/3395. Pterocarpus indicus.9/3395. Pterocarpus indicus.9 (269).png,Pterocarpus indicus,Pterocarpus,indicus,3395. Pterocarpus indicus.9
/kaggle/input/datasets/b23dckh002lvitanh/s3-origin/S3/Pterocarpus indicus/3395. Pterocarpus indicus.9/3395. Pterocarpus indicus.9 (279).png,Pterocarpus indicus,Pterocarpus,indicus,3395. Pterocarpus indicus.9
/kaggle/input/datasets/b23dckh002lvitanh/s3-origin/S3/Pterocarpus indicus/3395. Pterocarpus indicus.8/3395. Pterocarpus indicus.8 (240).png,Pterocarpus indicus,Pterocarpus,indicus,3395. Pterocarpus indicus.8
/kaggle/input/datasets/b23dckh002lvitanh/s3-origin/S3/Pterocarpus indicus/3395. Pterocarpus indicus.9/3395. Pterocarpus indicus.9 (272).png,Pterocarpus indicus,Pterocarpus,indicus,3395. Pterocarpus indicus.9
/kaggle/input/datasets/b23dckh002lvitanh/s3-origin/S3/Pterocarpus indicus/3395. Pterocarpus indicus.7/3395. Pterocarpus indicus.7 (202).png,Pterocarpus indicus,Pterocarpus,indicus,3395. Pterocarpus indicus.7
/kaggle/input/datasets/b23dckh002lvitanh/s3-origin/S3/Pterocarpus indicus/3395. Pterocarpus indicus.4/3395. Pterocarpus indicus.4 (112).png,Pterocarpus indicus,Pterocarpus,indicus,3395. Pterocarpus indicus.4
/kaggle/input/datasets/b23dckh002lvitanh/s3-origin/S3/Pterocarpus indicus/3395. Pterocarpus indicus.9/3395. Pterocarpus indicus.9 (271).png,Pterocarpus indicus,Pterocarpus,indicus,3395. Pterocarpus indicus.9
/kaggle/input/datasets/b23dckh002lvitanh/s3-origin/S3/Pterocarpus indicus/3395. Pterocarpus indicus.9/3395. Pterocarpus indicus.9 (261).png,Pterocarpus indicus,Pterocarpus,indicus,3395. Pterocarpus indicus.9
/kaggle/input/datasets/b23dckh002lvitanh/s3-origin/S3/Pterocarpus indicus/3395. Pterocarpus indicus.1/3395. Pterocarpus indicus.1 (22).png,Pterocarpus indicus,Pterocarpus,indicus,3395. Pterocarpus indicus.1
/kaggle/input/datasets/b23dckh002lvitanh/s3-origin/S3/Pterocarpus indicus/3395. Pterocarpus indicus.7/3395. Pterocarpus indicus.7 (211).png,Pterocarpus indicus,Pterocarpus,indicus,3395. Pterocarpus indicus.7
/kaggle/input/datasets/b23dckh002lvitanh/s3-origin/S3/Pterocarpus indicus/3395. Pterocarpus indicus.1/3395. Pterocarpus indicus.1 (17).png,Pterocarpus indicus,Pterocarpus,indicus,3395. Pterocarpus indicus.1
/kaggle/input/datasets/b23dckh002lvitanh/s3-origin/S3/Pterocarpus indicus/3395. Pterocarpus indicus.5/3395. Pterocarpus indicus.5 (127).png,Pterocarpus indicus,Pterocarpus,indicus,3395. Pterocarpus indicus.5
/kaggle/input/datasets/b23dckh002lvitanh/s3-origin/S3/Pterocarpus indicus/3395. Pterocarpus indicus.1/3395. Pterocarpus indicus.1 (20).png,Pterocarpus indicus,Pterocarpus,indicus,3395. Pterocarpus indicus.1
/kaggle/input/datasets/b23dckh002lvitanh/s3-origin/S3/Pterocarpus indicus/3395. Pterocarpus indicus.5/3395. Pterocarpus indicus.5 (149).png,Pterocarpus indicus,Pterocarpus,indicus,3395. Pterocarpus indicus.5
/kaggle/input/datasets/b23dckh002lvitanh/s3-origin/S3/Pterocarpus indicus/3395. Pterocarpus indicus.4/3395. Pterocarpus indicus.4 (99).png,Pterocarpus indicus,Pterocarpus,indicus,3395. Pterocarpus indicus.4
/kaggle/input/datasets/b23dckh002lvitanh/s3-origin/S3/Pterocarpus indicus/3395. Pterocarpus indicus.9/3395. Pterocarpus indicus.9 (264).png,Pterocarpus indicus,Pterocarpus,indicus,3395. Pterocarpus indicus.9
/kaggle/input/datasets/b23dckh002lvitanh/s3-origin/S3/Pterocarpus indicus/3395. Pterocarpus indicus.7/3395. Pterocarpus indicus.7 (209).png,Pterocarpus indicus,Pterocarpus,indicus,3395. Pterocarpus indicus.7
/kaggle/input/datasets/b23dckh002lvitanh/s3-origin/S3/Pterocarpus indicus/3395. Pterocarpus indicus.8/3395. Pterocarpus indicus.8 (243).png,Pterocarpus indicus,Pterocarpus,indicus,3395. Pterocarpus indicus.8
/kaggle/input/datasets/b23dckh002lvitanh/s3-origin/S3/Pterocarpus indicus/3395. Pterocarpus indicus.1/3395. Pterocarpus indicus.1 (16).png,Pterocarpus indicus,Pterocarpus,indicus,3395. Pterocarpus indicus.1
/kaggle/input/datasets/b23dckh002lvitanh/s3-origin/S3/Pterocarpus indicus/3395. Pterocarpus indicus.10/3395. Pterocarpus indicus.10 (297).png,Pterocarpus indicus,Pterocarpus,indicus,3395. Pterocarpus indicus.10
/kaggle/input/datasets/b23dckh002lvitanh/s3-origin/S3/Pterocarpus indicus/3395. Pterocarpus indicus.5/3395. Pterocarpus indicus.5 (138).png,Pterocarpus indicus,Pterocarpus,indicus,3395. Pterocarpus indicus.5
/kaggle/input/datasets/b23dckh002lvitanh/s3-origin/S3/Pterocarpus indicus/3395. Pterocarpus indicus.9/3395. Pterocarpus indicus.9 (280).png,Pterocarpus indicus,Pterocarpus,indicus,3395. Pterocarpus indicus.9
/kaggle/input/datasets/b23dckh002lvitanh/s3-origin/S3/Pterocarpus indicus/3395. Pterocarpus indicus.9/3395. Pterocarpus indicus.9 (283).png,Pterocarpus indicus,Pterocarpus,indicus,3395. Pterocarpus indicus.9
/kaggle/input/datasets/b23dckh002lvitanh/s3-origin/S3/Pterocarpus indicus/3395. Pterocarpus indicus.5/3395. Pterocarpus indicus.5 (139).png,Pterocarpus indicus,Pterocarpus,indicus,3395. Pterocarpus indicus.5
/kaggle/input/datasets/b23dckh002lvitanh/s3-origin/S3/Pterocarpus indicus/3395. Pterocarpus indicus.1/3395. Pterocarpus indicus.1 (11).png,Pterocarpus indicus,Pterocarpus,indicus,3395. Pterocarpus indicus.1
/kaggle/input/datasets/b23dckh002lvitanh/s3-origin/S3/Pterocarpus indicus/3395. Pterocarpus indicus.9/3395. Pterocarpus indicus.9 (284).png,Pterocarpus indicus,Pterocarpus,indicus,3395. Pterocarpus indicus.9
/kaggle/input/datasets/b23dckh002lvitanh/s3-origin/S3/Pterocarpus indicus/3395. Pterocarpus indicus.1/3395. Pterocarpus indicus.1 (28).png,Pterocarpus indicus,Pterocarpus,indicus,3395. Pterocarpus indicus.1
/kaggle/input/datasets/b23dckh002lvitanh/s3-origin/S3/Pterocarpus indicus/3395. Pterocarpus indicus.6/3395. Pterocarpus indicus.6 (193).png,Pterocarpus indicus,Pterocarpus,indicus,3395. Pterocarpus indicus.6
/kaggle/input/datasets/b23dckh002lvitanh/s3-origin/S3/Pterocarpus indicus/3395. Pterocarpus indicus.8/3395. Pterocarpus indicus.8 (223).png,Pterocarpus indicus,Pterocarpus,indicus,3395. Pterocarpus indicus.8
/kaggle/input/datasets/b23dckh002lvitanh/s3-origin/S3/Pterocarpus indicus/3395. Pterocarpus indicus.10/3395. Pterocarpus indicus.10 (295).png,Pterocarpus indicus,Pterocarpus,indicus,3395. Pterocarpus indicus.10
/kaggle/input/datasets/b23dckh002lvitanh/s3-origin/S3/Pterocarpus indicus/3395. Pterocarpus indicus.10/3395. Pterocarpus indicus.10 (291).png,Pterocarpus indicus,Pterocarpus,indicus,3395. Pterocarpus indicus.10
/kaggle/input/datasets/b23dckh002lvitanh/s3-origin/S3/Pterocarpus indicus/3395. Pterocarpus indicus.9/3395. Pterocarpus indicus.9 (253).png,Pterocarpus indicus,Pterocarpus,indicus,3395. Pterocarpus indicus.9
/kaggle/input/datasets/b23dckh002lvitanh/s3-origin/S3/Pterocarpus indicus/3395. Pterocarpus indicus.5/3395. Pterocarpus indicus.5 (128).png,Pterocarpus indicus,Pterocarpus,indicus,3395. Pterocarpus indicus.5
/kaggle/input/datasets/b23dckh002lvitanh/s3-origin/S3/Pterocarpus indicus/3395. Pterocarpus indicus.4/3395. Pterocarpus indicus.4 (104).png,Pterocarpus indicus,Pterocarpus,indicus,3395. Pterocarpus indicus.4
/kaggle/input/datasets/b23dckh002lvitanh/s3-origin/S3/Pterocarpus indicus/3395. Pterocarpus indicus.7/3395. Pterocarpus indicus.7 (205).png,Pterocarpus indicus,Pterocarpus,indicus,3395. Pterocarpus indicus.7
/kaggle/input/datasets/b23dckh002lvitanh/s3-origin/S3/Pterocarpus indicus/3395. Pterocarpus indicus.1/3395. Pterocarpus indicus.1 (18).png,Pterocarpus indicus,Pterocarpus,indicus,3395. Pterocarpus indicus.1
/kaggle/input/datasets/b23dckh002lvitanh/s3-origin/S3/Pterocarpus indicus/3395. Pterocarpus indicus.5/3395. Pterocarpus indicus.5 (154).png,Pterocarpus indicus,Pterocarpus,indicus,3395. Pterocarpus indicus.5
/kaggle/input/datasets/b23dckh002lvitanh/s3-origin/S3/Pterocarpus indicus/3395. Pterocarpus indicus.4/3395. Pterocarpus indicus.4 (113).png,Pterocarpus indicus,Pterocarpus,indicus,3395. Pterocarpus indicus.4
/kaggle/input/datasets/b23dckh002lvitanh/s3-origin/S3/Pterocarpus indicus/3395. Pterocarpus indicus.7/3395. Pterocarpus indicus.7 (201).png,Pterocarpus indicus,Pterocarpus,indicus,3395. Pterocarpus indicus.7
/kaggle/input/datasets/b23dckh002lvitanh/s3-origin/S3/Pterocarpus indicus/3395. Pterocarpus indicus.10/3395. Pterocarpus indicus.10 (298).png,Pterocarpus indicus,Pterocarpus,indicus,3395. Pterocarpus indicus.10
/kaggle/input/datasets/b23dckh002lvitanh/s3-origin/S3/Pterocarpus indicus/3395. Pterocarpus indicus.9/3395. Pterocarpus indicus.9 (277).png,Pterocarpus indicus,Pterocarpus,indicus,3395. Pterocarpus indicus.9
/kaggle/input/datasets/b23dckh002lvitanh/s3-origin/S3/Pterocarpus indicus/3395. Pterocarpus indicus.6/3395. Pterocarpus indicus.6 (179).png,Pterocarpus indicus,Pterocarpus,indicus,3395. Pterocarpus indicus.6
/kaggle/input/datasets/b23dckh002lvitanh/s3-origin/S3/Pterocarpus indicus/3395. Pterocarpus indicus.8/3395. Pterocarpus indicus.8 (247).png,Pterocarpus indicus,Pterocarpus,indicus,3395. Pterocarpus indicus.8
/kaggle/input/datasets/b23dckh002lvitanh/s3-origin/S3/Pterocarpus indicus/3395. Pterocarpus indicus.5/3395. Pterocarpus indicus.5 (148).png,Pterocarpus indicus,Pterocarpus,indicus,3395. Pterocarpus indicus.5
/kaggle/input/datasets/b23dckh002lvitanh/s3-origin/S3/Pterocarpus indicus/3395. Pterocarpus indicus.8/3395. Pterocarpus indicus.8 (228).png,Pterocarpus indicus,Pterocarpus,indicus,3395. Pterocarpus indicus.8
/kaggle/input/datasets/b23dckh002lvitanh/s3-origin/S3/Pterocarpus indicus/3395. Pterocarpus indicus.9/3395. Pterocarpus indicus.9 (265).png,Pterocarpus indicus,Pterocarpus,indicus,3395. Pterocarpus indicus.9
/kaggle/input/datasets/b23dckh002lvitanh/s3-origin/S3/Pterocarpus indicus/3395. Pterocarpus indicus.4/3395. Pterocarpus indicus.4 (117).png,Pterocarpus indicus,Pterocarpus,indicus,3395. Pterocarpus indicus.4
/kaggle/input/datasets/b23dckh002lvitanh/s3-origin/S3/Pterocarpus indicus/3395. Pterocarpus indicus.6/3395. Pterocarpus indicus.6 (167).png,Pterocarpus indicus,Pterocarpus,indicus,3395. Pterocarpus indicus.6
/kaggle/input/datasets/b23dckh002lvitanh/s3-origin/S3/Pterocarpus indicus/3395. Pterocarpus indicus.7/3395. Pterocarpus indicus.7 (222).png,Pterocarpus indicus,Pterocarpus,indicus,3395. Pterocarpus indicus.7
/kaggle/input/datasets/b23dckh002lvitanh/s3-origin/S3/Pterocarpus indicus/3395. Pterocarpus indicus.5/3395. Pterocarpus indicus.5 (162).png,Pterocarpus indicus,Pterocarpus,indicus,3395. Pterocarpus indicus.5
/kaggle/input/datasets/b23dckh002lvitanh/s3-origin/S3/Pterocarpus indicus/3395. Pterocarpus indicus.6/3395. Pterocarpus indicus.6 (182).png,Pterocarpus indicus,Pterocarpus,indicus,3395. Pterocarpus indicus.6
/kaggle/input/datasets/b23dckh002lvitanh/s3-origin/S3/Pterocarpus indicus/3395. Pterocarpus indicus.4/3395. Pterocarpus indicus.4 (109).png,Pterocarpus indicus,Pterocarpus,indicus,3395. Pterocarpus indicus.4
/kaggle/input/datasets/b23dckh002lvitanh/s3-origin/S3/Pterocarpus indicus/3395. Pterocarpus indicus.4/3395. Pterocarpus indicus.4 (102).png,Pterocarpus indicus,Pterocarpus,indicus,3395. Pterocarpus indicus.4
/kaggle/input/datasets/b23dckh002lvitanh/s3-origin/S3/Pterocarpus indicus/3395. Pterocarpus indicus.5/3395. Pterocarpus indicus.5 (161).png,Pterocarpus indicus,Pterocarpus,indicus,3395. Pterocarpus indicus.5
/kaggle/input/datasets/b23dckh002lvitanh/s3-origin/S3/Pterocarpus indicus/3395. Pterocarpus indicus.8/3395. Pterocarpus indicus.8 (237).png,Pterocarpus indicus,Pterocarpus,indicus,3395. Pterocarpus indicus.8
/kaggle/input/datasets/b23dckh002lvitanh/s3-origin/S3/Pterocarpus indicus/3395. Pterocarpus indicus.6/3395. Pterocarpus indicus.6 (171).png,Pterocarpus indicus,Pterocarpus,indicus,3395. Pterocarpus indicus.6
/kaggle/input/datasets/b23dckh002lvitanh/s3-origin/S3/Pterocarpus indicus/3395. Pterocarpus indicus.4/3395. Pterocarpus indicus.4 (124).png,Pterocarpus indicus,Pterocarpus,indicus,3395. Pterocarpus indicus.4
/kaggle/input/datasets/b23dckh002lvitanh/s3-origin/S3/Pterocarpus indicus/3395. Pterocarpus indicus.8/3395. Pterocarpus indicus.8 (230).png,Pterocarpus indicus,Pterocarpus,indicus,3395. Pterocarpus indicus.8
/kaggle/input/datasets/b23dckh002lvitanh/s3-origin/S3/Pterocarpus indicus/3395. Pterocarpus indicus.6/3395. Pterocarpus indicus.6 (186).png,Pterocarpus indicus,Pterocarpus,indicus,3395. Pterocarpus indicus.6
/kaggle/input/datasets/b23dckh002lvitanh/s3-origin/S3/Pterocarpus indicus/3395. Pterocarpus indicus.5/3395. Pterocarpus indicus.5 (146).png,Pterocarpus indicus,Pterocarpus,indicus,3395. Pterocarpus indicus.5
/kaggle/input/datasets/b23dckh002lvitanh/s3-origin/S3/Pterocarpus indicus/3395. Pterocarpus indicus.8/3395. Pterocarpus indicus.8 (224).png,Pterocarpus indicus,Pterocarpus,indicus,3395. Pterocarpus indicus.8
/kaggle/input/datasets/b23dckh002lvitanh/s3-origin/S3/Pterocarpus indicus/3395. Pterocarpus indicus.5/3395. Pterocarpus indicus.5 (129).png,Pterocarpus indicus,Pterocarpus,indicus,3395. Pterocarpus indicus.5
/kaggle/input/datasets/b23dckh002lvitanh/s3-origin/S3/Pterocarpus indicus/3395. Pterocarpus indicus.5/3395. Pterocarpus indicus.5 (125).png,Pterocarpus indicus,Pterocarpus,indicus,3395. Pterocarpus indicus.5
/kaggle/input/datasets/b23dckh002lvitanh/s3-origin/S3/Pterocarpus indicus/3395. Pterocarpus indicus.4/3395. Pterocarpus indicus.4 (119).png,Pterocarpus indicus,Pterocarpus,indicus,3395. Pterocarpus indicus.4
/kaggle/input/datasets/b23dckh002lvitanh/s3-origin/S3/Pterocarpus indicus/3395. Pterocarpus indicus.6/3395. Pterocarpus indicus.6 (178).png,Pterocarpus indicus,Pterocarpus,indicus,3395. Pterocarpus indicus.6
/kaggle/input/datasets/b23dckh002lvitanh/s3-origin/S3/Pterocarpus indicus/3395. Pterocarpus indicus.10/3395. Pterocarpus indicus.10 (309).png,Pterocarpus indicus,Pterocarpus,indicus,3395. Pterocarpus indicus.10
/kaggle/input/datasets/b23dckh002lvitanh/s3-origin/S3/Pterocarpus indicus/3395. Pterocarpus indicus.6/3395. Pterocarpus indicus.6 (165).png,Pterocarpus indicus,Pterocarpus,indicus,3395. Pterocarpus indicus.6
/kaggle/input/datasets/b23dckh002lvitanh/s3-origin/S3/Pterocarpus indicus/3395. Pterocarpus indicus.5/3395. Pterocarpus indicus.5 (133).png,Pterocarpus indicus,Pterocarpus,indicus,3395. Pterocarpus indicus.5
/kaggle/input/datasets/b23dckh002lvitanh/s3-origin/S3/Pterocarpus indicus/3395. Pterocarpus indicus.4/3395. Pterocarpus indicus.4 (121).png,Pterocarpus indicus,Pterocarpus,indicus,3395. Pterocarpus indicus.4
/kaggle/input/datasets/b23dckh002lvitanh/s3-origin/S3/Pterocarpus indicus/3395. Pterocarpus indicus.1/3395. Pterocarpus indicus.1 (2).png,Pterocarpus indicus,Pterocarpus,indicus,3395. Pterocarpus indicus.1
/kaggle/input/datasets/b23dckh002lvitanh/s3-origin/S3/Pterocarpus indicus/3395. Pterocarpus indicus.10/3395. Pterocarpus indicus.10 (300).png,Pterocarpus indicus,Pterocarpus,indicus,3395. Pterocarpus indicus.10
/kaggle/input/datasets/b23dckh002lvitanh/s3-origin/S3/Pterocarpus indicus/3395. Pterocarpus indicus.6/3395. Pterocarpus indicus.6 (175).png,Pterocarpus indicus,Pterocarpus,indicus,3395. Pterocarpus indicus.6
/kaggle/input/datasets/b23dckh002lvitanh/s3-origin/S3/Pterocarpus indicus/3395. Pterocarpus indicus.9/3395. Pterocarpus indicus.9 (276).png,Pterocarpus indicus,Pterocarpus,indicus,3395. Pterocarpus indicus.9
/kaggle/input/datasets/b23dckh002lvitanh/s3-origin/S3/Pterocarpus indicus/3395. Pterocarpus indicus.6/3395. Pterocarpus indicus.6 (168).png,Pterocarpus indicus,Pterocarpus,indicus,3395. Pterocarpus indicus.6
/kaggle/input/datasets/b23dckh002lvitanh/s3-origin/S3/Pterocarpus indicus/3395. Pterocarpus indicus.4/3395. Pterocarpus indicus.4 (110).png,Pterocarpus indicus,Pterocarpus,indicus,3395. Pterocarpus indicus.4
/kaggle/input/datasets/b23dckh002lvitanh/s3-origin/S3/Pterocarpus indicus/3395. Pterocarpus indicus.8/3395. Pterocarpus indicus.8 (245).png,Pterocarpus indicus,Pterocarpus,indicus,3395. Pterocarpus indicus.8
/kaggle/input/datasets/b23dckh002lvitanh/s3-origin/S3/Pterocarpus indicus/3395. Pterocarpus indicus.6/3395. Pterocarpus indicus.6 (173).png,Pterocarpus indicus,Pterocarpus,indicus,3395. Pterocarpus indicus.6
/kaggle/input/datasets/b23dckh002lvitanh/s3-origin/S3/Pterocarpus indicus/3395. Pterocarpus indicus.9/3395. Pterocarpus indicus.9 (275).png,Pterocarpus indicus,Pterocarpus,indicus,3395. Pterocarpus indicus.9
/kaggle/input/datasets/b23dckh002lvitanh/s3-origin/S3/Pterocarpus indicus/3395. Pterocarpus indicus.6/3395. Pterocarpus indicus.6 (172).png,Pterocarpus indicus,Pterocarpus,indicus,3395. Pterocarpus indicus.6
/kaggle/input/datasets/b23dckh002lvitanh/s3-origin/S3/Pterocarpus indicus/3395. Pterocarpus indicus.10/3395. Pterocarpus indicus.10 (294).png,Pterocarpus indicus,Pterocarpus,indicus,3395. Pterocarpus indicus.10
/kaggle/input/datasets/b23dckh002lvitanh/s3-origin/S3/Pterocarpus indicus/3395. Pterocarpus indicus.1/3395. Pterocarpus indicus.1 (4).png,Pterocarpus indicus,Pterocarpus,indicus,3395. Pterocarpus indicus.1
/kaggle/input/datasets/b23dckh002lvitanh/s3-origin/S3/Pterocarpus indicus/3395. Pterocarpus indicus.10/3395. Pterocarpus indicus.10 (303).png,Pterocarpus indicus,Pterocarpus,indicus,3395. Pterocarpus indicus.10
/kaggle/input/datasets/b23dckh002lvitanh/s3-origin/S3/Pterocarpus indicus/3395. Pterocarpus indicus.1/3395. Pterocarpus indicus.1 (25).png,Pterocarpus indicus,Pterocarpus,indicus,3395. Pterocarpus indicus.1
/kaggle/input/datasets/b23dckh002lvitanh/s3-origin/S3/Pterocarpus indicus/3395. Pterocarpus indicus.10/3395. Pterocarpus indicus.10 (296).png,Pterocarpus indicus,Pterocarpus,indicus,3395. Pterocarpus indicus.10
/kaggle/input/datasets/b23dckh002lvitanh/s3-origin/S3/Pterocarpus indicus/3395. Pterocarpus indicus.7/3395. Pterocarpus indicus.7 (204).png,Pterocarpus indicus,Pterocarpus,indicus,3395. Pterocarpus indicus.7
/kaggle/input/datasets/b23dckh002lvitanh/s3-origin/S3/Pterocarpus indicus/3395. Pterocarpus indicus.1/3395. Pterocarpus indicus.1 (6).png,Pterocarpus indicus,Pterocarpus,indicus,3395. Pterocarpus indicus.1
/kaggle/input/datasets/b23dckh002lvitanh/s3-origin/S3/Pterocarpus indicus/3395. Pterocarpus indicus.5/3395. Pterocarpus indicus.5 (157).png,Pterocarpus indicus,Pterocarpus,indicus,3395. Pterocarpus indicus.5
/kaggle/input/datasets/b23dckh002lvitanh/s3-origin/S3/Pterocarpus indicus/3395. Pterocarpus indicus.8/3395. Pterocarpus indicus.8 (249).png,Pterocarpus indicus,Pterocarpus,indicus,3395. Pterocarpus indicus.8
/kaggle/input/datasets/b23dckh002lvitanh/s3-origin/S3/Pterocarpus indicus/3395. Pterocarpus indicus.9/3395. Pterocarpus indicus.9 (278).png,Pterocarpus indicus,Pterocarpus,indicus,3395. Pterocarpus indicus.9
/kaggle/input/datasets/b23dckh002lvitanh/s3-origin/S3/Pterocarpus indicus/3395. Pterocarpus indicus.10/3395. Pterocarpus indicus.10 (310).png,Pterocarpus indicus,Pterocarpus,indicus,3395. Pterocarpus indicus.10
/kaggle/input/datasets/b23dckh002lvitanh/s3-origin/S3/Pterocarpus indicus/3395. Pterocarpus indicus.5/3395. Pterocarpus indicus.5 (130).png,Pterocarpus indicus,Pterocarpus,indicus,3395. Pterocarpus indicus.5
/kaggle/input/datasets/b23dckh002lvitanh/s3-origin/S3/Pterocarpus indicus/3395. Pterocarpus indicus.6/3395. Pterocarpus indicus.6 (191).png,Pterocarpus indicus,Pterocarpus,indicus,3395. Pterocarpus indicus.6
/kaggle/input/datasets/b23dckh002lvitanh/s3-origin/S3/Pterocarpus indicus/3395. Pterocarpus indicus.8/3395. Pterocarpus indicus.8 (252).png,Pterocarpus indicus,Pterocarpus,indicus,3395. Pterocarpus indicus.8
/kaggle/input/datasets/b23dckh002lvitanh/s3-origin/S3/Pterocarpus indicus/3395. Pterocarpus indicus.4/3395. Pterocarpus indicus.4 (101).png,Pterocarpus indicus,Pterocarpus,indicus,3395. Pterocarpus indicus.4
/kaggle/input/datasets/b23dckh002lvitanh/s3-origin/S3/Pterocarpus indicus/3395. Pterocarpus indicus.10/3395. Pterocarpus indicus.10 (299).png,Pterocarpus indicus,Pterocarpus,indicus,3395. Pterocarpus indicus.10
/kaggle/input/datasets/b23dckh002lvitanh/s3-origin/S3/Pterocarpus indicus/3395. Pterocarpus indicus.5/3395. Pterocarpus indicus.5 (147).png,Pterocarpus indicus,Pterocarpus,indicus,3395. Pterocarpus indicus.5
/kaggle/input/datasets/b23dckh002lvitanh/s3-origin/S3/Pterocarpus indicus/3395. Pterocarpus indicus.6/3395. Pterocarpus indicus.6 (163).png,Pterocarpus indicus,Pterocarpus,indicus,3395. Pterocarpus indicus.6
/kaggle/input/datasets/b23dckh002lvitanh/s3-origin/S3/Pterocarpus indicus/3395. Pterocarpus indicus.4/3395. Pterocarpus indicus.4 (105).png,Pterocarpus indicus,Pterocarpus,indicus,3395. Pterocarpus indicus.4
/kaggle/input/datasets/b23dckh002lvitanh/s3-origin/S3/Pterocarpus indicus/3395. Pterocarpus indicus.7/3395. Pterocarpus indicus.7 (195).png,Pterocarpus indicus,Pterocarpus,indicus,3395. Pterocarpus indicus.7
/kaggle/input/datasets/b23dckh002lvitanh/s3-origin/S3/Pterocarpus indicus/3395. Pterocarpus indicus.1/3395. Pterocarpus indicus.1 (23).png,Pterocarpus indicus,Pterocarpus,indicus,3395. Pterocarpus indicus.1
/kaggle/input/datasets/b23dckh002lvitanh/s3-origin/S3/Pterocarpus indicus/3395. Pterocarpus indicus.9/3395. Pterocarpus indicus.9 (267).png,Pterocarpus indicus,Pterocarpus,indicus,3395. Pterocarpus indicus.9
/kaggle/input/datasets/b23dckh002lvitanh/s3-origin/S3/Pterocarpus indicus/3395. Pterocarpus indicus.7/3395. Pterocarpus indicus.7 (220).png,Pterocarpus indicus,Pterocarpus,indicus,3395. Pterocarpus indicus.7
/kaggle/input/datasets/b23dckh002lvitanh/s3-origin/S3/Pterocarpus indicus/3395. Pterocarpus indicus.8/3395. Pterocarpus indicus.8 (233).png,Pterocarpus indicus,Pterocarpus,indicus,3395. Pterocarpus indicus.8
/kaggle/input/datasets/b23dckh002lvitanh/s3-origin/S3/Pterocarpus indicus/3395. Pterocarpus indicus.6/3395. Pterocarpus indicus.6 (185).png,Pterocarpus indicus,Pterocarpus,indicus,3395. Pterocarpus indicus.6
/kaggle/input/datasets/b23dckh002lvitanh/s3-origin/S3/Pterocarpus indicus/3395. Pterocarpus indicus.1/3395. Pterocarpus indicus.1 (13).png,Pterocarpus indicus,Pterocarpus,indicus,3395. Pterocarpus indicus.1
/kaggle/input/datasets/b23dckh002lvitanh/s3-origin/S3/Pterocarpus indicus/3395. Pterocarpus indicus.1/3395. Pterocarpus indicus.1 (24).png,Pterocarpus indicus,Pterocarpus,indicus,3395. Pterocarpus indicus.1
/kaggle/input/datasets/b23dckh002lvitanh/s3-origin/S3/Pterocarpus indicus/3395. Pterocarpus indicus.4/3395. Pterocarpus indicus.4 (114).png,Pterocarpus indicus,Pterocarpus,indicus,3395. Pterocarpus indicus.4
/kaggle/input/datasets/b23dckh002lvitanh/s3-origin/S3/Pterocarpus indicus/3395. Pterocarpus indicus.10/3395. Pterocarpus indicus.10 (287).png,Pterocarpus indicus,Pterocarpus,indicus,3395. Pterocarpus indicus.10
/kaggle/input/datasets/b23dckh002lvitanh/s3-origin/S3/Pterocarpus indicus/3395. Pterocarpus indicus.5/3395. Pterocarpus indicus.5 (132).png,Pterocarpus indicus,Pterocarpus,indicus,3395. Pterocarpus indicus.5
/kaggle/input/datasets/b23dckh002lvitanh/s3-origin/S3/Pterocarpus indicus/3395. Pterocarpus indicus.6/3395. Pterocarpus indicus.6 (169).png,Pterocarpus indicus,Pterocarpus,indicus,3395. Pterocarpus indicus.6
/kaggle/input/datasets/b23dckh002lvitanh/s3-origin/S3/Pterocarpus indicus/3395. Pterocarpus indicus.6/3395. Pterocarpus indicus.6 (183).png,Pterocarpus indicus,Pterocarpus,indicus,3395. Pterocarpus indicus.6
/kaggle/input/datasets/b23dckh002lvitanh/s3-origin/S3/Pterocarpus indicus/3395. Pterocarpus indicus.7/3395. Pterocarpus indicus.7 (208).png,Pterocarpus indicus,Pterocarpus,indicus,3395. Pterocarpus indicus.7
/kaggle/input/datasets/b23dckh002lvitanh/s3-origin/S3/Pterocarpus indicus/3395. Pterocarpus indicus.5/3395. Pterocarpus indicus.5 (131).png,Pterocarpus indicus,Pterocarpus,indicus,3395. Pterocarpus indicus.5
/kaggle/input/datasets/b23dckh002lvitanh/s3-origin/S3/Pterocarpus indicus/3395. Pterocarpus indicus.4/3395. Pterocarpus indicus.4 (107).png,Pterocarpus indicus,Pterocarpus,indicus,3395. Pterocarpus indicus.4
/kaggle/input/datasets/b23dckh002lvitanh/s3-origin/S3/Pterocarpus indicus/3395. Pterocarpus indicus.7/3395. Pterocarpus indicus.7 (215).png,Pterocarpus indicus,Pterocarpus,indicus,3395. Pterocarpus indicus.7
/kaggle/input/datasets/b23dckh002lvitanh/s3-origin/S3/Pterocarpus indicus/3395. Pterocarpus indicus.7/3395. Pterocarpus indicus.7 (194).png,Pterocarpus indicus,Pterocarpus,indicus,3395. Pterocarpus indicus.7
/kaggle/input/datasets/b23dckh002lvitanh/s3-origin/S3/Pterocarpus indicus/3395. Pterocarpus indicus.5/3395. Pterocarpus indicus.5 (160).png,Pterocarpus indicus,Pterocarpus,indicus,3395. Pterocarpus indicus.5
/kaggle/input/datasets/b23dckh002lvitanh/s3-origin/S3/Pterocarpus indicus/3395. Pterocarpus indicus.10/3395. Pterocarpus indicus.10 (289).png,Pterocarpus indicus,Pterocarpus,indicus,3395. Pterocarpus indicus.10
/kaggle/input/datasets/b23dckh002lvitanh/s3-origin/S3/Pterocarpus indicus/3395. Pterocarpus indicus.6/3395. Pterocarpus indicus.6 (184).png,Pterocarpus indicus,Pterocarpus,indicus,3395. Pterocarpus indicus.6
/kaggle/input/datasets/b23dckh002lvitanh/s3-origin/S3/Pterocarpus indicus/3395. Pterocarpus indicus.4/3395. Pterocarpus indicus.4 (106).png,Pterocarpus indicus,Pterocarpus,indicus,3395. Pterocarpus indicus.4
/kaggle/input/datasets/b23dckh002lvitanh/s3-origin/S3/Pterocarpus indicus/3395. Pterocarpus indicus.7/3395. Pterocarpus indicus.7 (198).png,Pterocarpus indicus,Pterocarpus,indicus,3395. Pterocarpus indicus.7
/kaggle/input/datasets/b23dckh002lvitanh/s3-origin/S3/Pterocarpus indicus/3395. Pterocarpus indicus.6/3395. Pterocarpus indicus.6 (188).png,Pterocarpus indicus,Pterocarpus,indicus,3395. Pterocarpus indicus.6
/kaggle/input/datasets/b23dckh002lvitanh/s3-origin/S3/Pterocarpus indicus/3395. Pterocarpus indicus.1/3395. Pterocarpus indicus.1 (14).png,Pterocarpus indicus,Pterocarpus,indicus,3395. Pterocarpus indicus.1
/kaggle/input/datasets/b23dckh002lvitanh/s3-origin/S3/Pterocarpus indicus/3395. Pterocarpus indicus.9/3395. Pterocarpus indicus.9 (255).png,Pterocarpus indicus,Pterocarpus,indicus,3395. Pterocarpus indicus.9
/kaggle/input/datasets/b23dckh002lvitanh/s3-origin/S3/Pterocarpus indicus/3395. Pterocarpus indicus.1/3395. Pterocarpus indicus.1 (12).png,Pterocarpus indicus,Pterocarpus,indicus,3395. Pterocarpus indicus.1
/kaggle/input/datasets/b23dckh002lvitanh/s3-origin/S3/Pterocarpus indicus/3395. Pterocarpus indicus.9/3395. Pterocarpus indicus.9 (257).png,Pterocarpus indicus,Pterocarpus,indicus,3395. Pterocarpus indicus.9
/kaggle/input/datasets/b23dckh002lvitanh/s3-origin/S3/Pterocarpus indicus/3395. Pterocarpus indicus.1/3395. Pterocarpus indicus.1 (5).png,Pterocarpus indicus,Pterocarpus,indicus,3395. Pterocarpus indicus.1
/kaggle/input/datasets/b23dckh002lvitanh/s3-origin/S3/Pterocarpus indicus/3395. Pterocarpus indicus.5/3395. Pterocarpus indicus.5 (145).png,Pterocarpus indicus,Pterocarpus,indicus,3395. Pterocarpus indicus.5
/kaggle/input/datasets/b23dckh002lvitanh/s3-origin/S3/Pterocarpus indicus/3395. Pterocarpus indicus.10/3395. Pterocarpus indicus.10 (312).png,Pterocarpus indicus,Pterocarpus,indicus,3395. Pterocarpus indicus.10
/kaggle/input/datasets/b23dckh002lvitanh/s3-origin/S3/Pterocarpus indicus/3395. Pterocarpus indicus.6/3395. Pterocarpus indicus.6 (187).png,Pterocarpus indicus,Pterocarpus,indicus,3395. Pterocarpus indicus.6
/kaggle/input/datasets/b23dckh002lvitanh/s3-origin/S3/Pterocarpus indicus/3395. Pterocarpus indicus.7/3395. Pterocarpus indicus.7 (206).png,Pterocarpus indicus,Pterocarpus,indicus,3395. Pterocarpus indicus.7
/kaggle/input/datasets/b23dckh002lvitanh/s3-origin/S3/Pterocarpus indicus/3395. Pterocarpus indicus.6/3395. Pterocarpus indicus.6 (192).png,Pterocarpus indicus,Pterocarpus,indicus,3395. Pterocarpus indicus.6
/kaggle/input/datasets/b23dckh002lvitanh/s3-origin/S3/Pterocarpus indicus/3395. Pterocarpus indicus.4/3395. Pterocarpus indicus.4 (123).png,Pterocarpus indicus,Pterocarpus,indicus,3395. Pterocarpus indicus.4
/kaggle/input/datasets/b23dckh002lvitanh/s3-origin/S3/Pterocarpus indicus/3395. Pterocarpus indicus.6/3395. Pterocarpus indicus.6 (164).png,Pterocarpus indicus,Pterocarpus,indicus,3395. Pterocarpus indicus.6
/kaggle/input/datasets/b23dckh002lvitanh/s3-origin/S3/Pterocarpus indicus/3395. Pterocarpus indicus.6/3395. Pterocarpus indicus.6 (181).png,Pterocarpus indicus,Pterocarpus,indicus,3395. Pterocarpus indicus.6
/kaggle/input/datasets/b23dckh002lvitanh/s3-origin/S3/Pterocarpus indicus/3395. Pterocarpus indicus.9/3395. Pterocarpus indicus.9 (281).png,Pterocarpus indicus,Pterocarpus,indicus,3395. Pterocarpus indicus.9
/kaggle/input/datasets/b23dckh002lvitanh/s3-origin/S3/Pterocarpus indicus/3395. Pterocarpus indicus.8/3395. Pterocarpus indicus.8 (238).png,Pterocarpus indicus,Pterocarpus,indicus,3395. Pterocarpus indicus.8
/kaggle/input/datasets/b23dckh002lvitanh/s3-origin/S3/Pterocarpus indicus/3395. Pterocarpus indicus.4/3395. Pterocarpus indicus.4 (111).png,Pterocarpus indicus,Pterocarpus,indicus,3395. Pterocarpus indicus.4
/kaggle/input/datasets/b23dckh002lvitanh/s3-origin/S3/Pterocarpus indicus/3395. Pterocarpus indicus.9/3395. Pterocarpus indicus.9 (263).png,Pterocarpus indicus,Pterocarpus,indicus,3395. Pterocarpus indicus.9
/kaggle/input/datasets/b23dckh002lvitanh/s3-origin/S3/Pterocarpus indicus/3395. Pterocarpus indicus.4/3395. Pterocarpus indicus.4 (98).png,Pterocarpus indicus,Pterocarpus,indicus,3395. Pterocarpus indicus.4
/kaggle/input/datasets/b23dckh002lvitanh/s3-origin/S3/Pterocarpus indicus/3395. Pterocarpus indicus.10/3395. Pterocarpus indicus.10 (301).png,Pterocarpus indicus,Pterocarpus,indicus,3395. Pterocarpus indicus.10
/kaggle/input/datasets/b23dckh002lvitanh/s3-origin/S3/Pterocarpus indicus/3395. Pterocarpus indicus.7/3395. Pterocarpus indicus.7 (219).png,Pterocarpus indicus,Pterocarpus,indicus,3395. Pterocarpus indicus.7
/kaggle/input/datasets/b23dckh002lvitanh/s3-origin/S3/Pterocarpus indicus/3395. Pterocarpus indicus.10/3395. Pterocarpus indicus.10 (286).png,Pterocarpus indicus,Pterocarpus,indicus,3395. Pterocarpus indicus.10
/kaggle/input/datasets/b23dckh002lvitanh/s3-origin/S3/Pterocarpus indicus/3395. Pterocarpus indicus.5/3395. Pterocarpus indicus.5 (142).png,Pterocarpus indicus,Pterocarpus,indicus,3395. Pterocarpus indicus.5
/kaggle/input/datasets/b23dckh002lvitanh/s3-origin/S3/Pterocarpus indicus/3395. Pterocarpus indicus.1/3395. Pterocarpus indicus.1 (7).png,Pterocarpus indicus,Pterocarpus,indicus,3395. Pterocarpus indicus.1
/kaggle/input/datasets/b23dckh002lvitanh/s3-origin/S3/Pterocarpus indicus/3395. Pterocarpus indicus.8/3395. Pterocarpus indicus.8 (231).png,Pterocarpus indicus,Pterocarpus,indicus,3395. Pterocarpus indicus.8
/kaggle/input/datasets/b23dckh002lvitanh/s3-origin/S3/Pterocarpus indicus/3395. Pterocarpus indicus.7/3395. Pterocarpus indicus.7 (199).png,Pterocarpus indicus,Pterocarpus,indicus,3395. Pterocarpus indicus.7
/kaggle/input/datasets/b23dckh002lvitanh/s3-origin/S3/Pterocarpus indicus/3395. Pterocarpus indicus.4/3395. Pterocarpus indicus.4 (122).png,Pterocarpus indicus,Pterocarpus,indicus,3395. Pterocarpus indicus.4
/kaggle/input/datasets/b23dckh002lvitanh/s3-origin/S3/Pterocarpus indicus/3395. Pterocarpus indicus.10/3395. Pterocarpus indicus.10 (304).png,Pterocarpus indicus,Pterocarpus,indicus,3395. Pterocarpus indicus.10
/kaggle/input/datasets/b23dckh002lvitanh/s3-origin/S3/Pterocarpus indicus/3395. Pterocarpus indicus.8/3395. Pterocarpus indicus.8 (244).png,Pterocarpus indicus,Pterocarpus,indicus,3395. Pterocarpus indicus.8
/kaggle/input/datasets/b23dckh002lvitanh/s3-origin/S3/Pterocarpus indicus/3395. Pterocarpus indicus.10/3395. Pterocarpus indicus.10 (311).png,Pterocarpus indicus,Pterocarpus,indicus,3395. Pterocarpus indicus.10
/kaggle/input/datasets/b23dckh002lvitanh/s3-origin/S3/Pterocarpus indicus/3395. Pterocarpus indicus.5/3395. Pterocarpus indicus.5 (137).png,Pterocarpus indicus,Pterocarpus,indicus,3395. Pterocarpus indicus.5
/kaggle/input/datasets/b23dckh002lvitanh/s3-origin/S3/Pterocarpus indicus/3395. Pterocarpus indicus.8/3395. Pterocarpus indicus.8 (251).png,Pterocarpus indicus,Pterocarpus,indicus,3395. Pterocarpus indicus.8
/kaggle/input/datasets/b23dckh002lvitanh/s3-origin/S3/Pterocarpus indicus/3395. Pterocarpus indicus.7/3395. Pterocarpus indicus.7 (197).png,Pterocarpus indicus,Pterocarpus,indicus,3395. Pterocarpus indicus.7
/kaggle/input/datasets/b23dckh002lvitanh/s3-origin/S3/Pterocarpus indicus/3395. Pterocarpus indicus.10/3395. Pterocarpus indicus.10 (292).png,Pterocarpus indicus,Pterocarpus,indicus,3395. Pterocarpus indicus.10
/kaggle/input/datasets/b23dckh002lvitanh/s3-origin/S3/Pterocarpus indicus/3395. Pterocarpus indicus.6/3395. Pterocarpus indicus.6 (190).png,Pterocarpus indicus,Pterocarpus,indicus,3395. Pterocarpus indicus.6
/kaggle/input/datasets/b23dckh002lvitanh/s3-origin/S3/Pterocarpus indicus/3395. Pterocarpus indicus.7/3395. Pterocarpus indicus.7 (210).png,Pterocarpus indicus,Pterocarpus,indicus,3395. Pterocarpus indicus.7
/kaggle/input/datasets/b23dckh002lvitanh/s3-origin/S3/Pterocarpus indicus/3395. Pterocarpus indicus.1/3395. Pterocarpus indicus.1 (9).png,Pterocarpus indicus,Pterocarpus,indicus,3395. Pterocarpus indicus.1
/kaggle/input/datasets/b23dckh002lvitanh/s3-origin/S3/Pterocarpus indicus/3395. Pterocarpus indicus.5/3395. Pterocarpus indicus.5 (156).png,Pterocarpus indicus,Pterocarpus,indicus,3395. Pterocarpus indicus.5
/kaggle/input/datasets/b23dckh002lvitanh/s3-origin/S3/Pterocarpus indicus/3395. Pterocarpus indicus.10/3395. Pterocarpus indicus.10 (302).png,Pterocarpus indicus,Pterocarpus,indicus,3395. Pterocarpus indicus.10
/kaggle/input/datasets/b23dckh002lvitanh/s3-origin/S3/Pterocarpus indicus/3395. Pterocarpus indicus.6/3395. Pterocarpus indicus.6 (189).png,Pterocarpus indicus,Pterocarpus,indicus,3395. Pterocarpus indicus.6
/kaggle/input/datasets/b23dckh002lvitanh/s3-origin/S3/Pterocarpus indicus/3395. Pterocarpus indicus.9/3395. Pterocarpus indicus.9 (258).png,Pterocarpus indicus,Pterocarpus,indicus,3395. Pterocarpus indicus.9
/kaggle/input/datasets/b23dckh002lvitanh/s3-origin/S3/Pterocarpus indicus/3395. Pterocarpus indicus.8/3395. Pterocarpus indicus.8 (248).png,Pterocarpus indicus,Pterocarpus,indicus,3395. Pterocarpus indicus.8
/kaggle/input/datasets/b23dckh002lvitanh/s3-origin/S3/Pterocarpus indicus/3395. Pterocarpus indicus.9/3395. Pterocarpus indicus.9 (260).png,Pterocarpus indicus,Pterocarpus,indicus,3395. Pterocarpus indicus.9
/kaggle/input/datasets/b23dckh002lvitanh/s3-origin/S3/Pterocarpus indicus/3395. Pterocarpus indicus.10/3395. Pterocarpus indicus.10 (288).png,Pterocarpus indicus,Pterocarpus,indicus,3395. Pterocarpus indicus.10
/kaggle/input/datasets/b23dckh002lvitanh/s3-origin/S3/Pterocarpus indicus/3395. Pterocarpus indicus.7/3395. Pterocarpus indicus.7 (207).png,Pterocarpus indicus,Pterocarpus,indicus,3395. Pterocarpus indicus.7
/kaggle/input/datasets/b23dckh002lvitanh/s3-origin/S3/Pterocarpus indicus/3395. Pterocarpus indicus.4/3395. Pterocarpus indicus.4 (96).png,Pterocarpus indicus,Pterocarpus,indicus,3395. Pterocarpus indicus.4
/kaggle/input/datasets/b23dckh002lvitanh/s3-origin/S3/Pterocarpus indicus/3395. Pterocarpus indicus.10/3395. Pterocarpus indicus.10 (306).png,Pterocarpus indicus,Pterocarpus,indicus,3395. Pterocarpus indicus.10
/kaggle/input/datasets/b23dckh002lvitanh/s3-origin/S3/Pterocarpus indicus/3395. Pterocarpus indicus.9/3395. Pterocarpus indicus.9 (266).png,Pterocarpus indicus,Pterocarpus,indicus,3395. Pterocarpus indicus.9
/kaggle/input/datasets/b23dckh002lvitanh/s3-origin/S3/Pterocarpus indicus/3395. Pterocarpus indicus.1/3395. Pterocarpus indicus.1 (15).png,Pterocarpus indicus,Pterocarpus,indicus,3395. Pterocarpus indicus.1
/kaggle/input/datasets/b23dckh002lvitanh/s3-origin/S3/Pterocarpus indicus/3395. Pterocarpus indicus.7/3395. Pterocarpus indicus.7 (196).png,Pterocarpus indicus,Pterocarpus,indicus,3395. Pterocarpus indicus.7
/kaggle/input/datasets/b23dckh002lvitanh/s3-origin/S3/Pterocarpus indicus/3395. Pterocarpus indicus.5/3395. Pterocarpus indicus.5 (141).png,Pterocarpus indicus,Pterocarpus,indicus,3395. Pterocarpus indicus.5
/kaggle/input/datasets/b23dckh002lvitanh/s3-origin/S3/Pterocarpus indicus/3395. Pterocarpus indicus.5/3395. Pterocarpus indicus.5 (159).png,Pterocarpus indicus,Pterocarpus,indicus,3395. Pterocarpus indicus.5
/kaggle/input/datasets/b23dckh002lvitanh/s3-origin/S3/Pterocarpus indicus/3395. Pterocarpus indicus.4/3395. Pterocarpus indicus.4 (103).png,Pterocarpus indicus,Pterocarpus,indicus,3395. Pterocarpus indicus.4
/kaggle/input/datasets/b23dckh002lvitanh/s3-origin/S3/Pterocarpus indicus/3395. Pterocarpus indicus.9/3395. Pterocarpus indicus.9 (274).png,Pterocarpus indicus,Pterocarpus,indicus,3395. Pterocarpus indicus.9
/kaggle/input/datasets/b23dckh002lvitanh/s3-origin/S3/Pterocarpus indicus/3395. Pterocarpus indicus.9/3395. Pterocarpus indicus.9 (270).png,Pterocarpus indicus,Pterocarpus,indicus,3395. Pterocarpus indicus.9
/kaggle/input/datasets/b23dckh002lvitanh/s3-origin/S3/Pterocarpus indicus/3395. Pterocarpus indicus.5/3395. Pterocarpus indicus.5 (126).png,Pterocarpus indicus,Pterocarpus,indicus,3395. Pterocarpus indicus.5
/kaggle/input/datasets/b23dckh002lvitanh/s3-origin/S3/Pterocarpus indicus/3395. Pterocarpus indicus.1/3395. Pterocarpus indicus.1 (10).png,Pterocarpus indicus,Pterocarpus,indicus,3395. Pterocarpus indicus.1
/kaggle/input/datasets/b23dckh002lvitanh/s3-origin/S3/Pterocarpus indicus/3395. Pterocarpus indicus.1/3395. Pterocarpus indicus.1 (29).png,Pterocarpus indicus,Pterocarpus,indicus,3395. Pterocarpus indicus.1
/kaggle/input/datasets/b23dckh002lvitanh/s3-origin/S3/Pterocarpus indicus/3395. Pterocarpus indicus.4/3395. Pterocarpus indicus.4 (100).png,Pterocarpus indicus,Pterocarpus,indicus,3395. Pterocarpus indicus.4
/kaggle/input/datasets/b23dckh002lvitanh/s3-origin/S3/Pterocarpus indicus/3395. Pterocarpus indicus.8/3395. Pterocarpus indicus.8 (241).png,Pterocarpus indicus,Pterocarpus,indicus,3395. Pterocarpus indicus.8
/kaggle/input/datasets/b23dckh002lvitanh/s3-origin/S3/Pterocarpus indicus/3395. Pterocarpus indicus.6/3395. Pterocarpus indicus.6 (180).png,Pterocarpus indicus,Pterocarpus,indicus,3395. Pterocarpus indicus.6
/kaggle/input/datasets/b23dckh002lvitanh/s3-origin/S3/Pterocarpus indicus/3395. Pterocarpus indicus.1/3395. Pterocarpus indicus.1 (21).png,Pterocarpus indicus,Pterocarpus,indicus,3395. Pterocarpus indicus.1
/kaggle/input/datasets/b23dckh002lvitanh/s3-origin/S3/Pterocarpus indicus/3395. Pterocarpus indicus.7/3395. Pterocarpus indicus.7 (218).png,Pterocarpus indicus,Pterocarpus,indicus,3395. Pterocarpus indicus.7
/kaggle/input/datasets/b23dckh002lvitanh/s3-origin/S3/Pterocarpus indicus/3395. Pterocarpus indicus.4/3395. Pterocarpus indicus.4 (108).png,Pterocarpus indicus,Pterocarpus,indicus,3395. Pterocarpus indicus.4
/kaggle/input/datasets/b23dckh002lvitanh/s3-origin/S3/Pterocarpus indicus/3395. Pterocarpus indicus.9/3395. Pterocarpus indicus.9 (262).png,Pterocarpus indicus,Pterocarpus,indicus,3395. Pterocarpus indicus.9
/kaggle/input/datasets/b23dckh002lvitanh/s3-origin/S3/Pterocarpus indicus/3395. Pterocarpus indicus.6/3395. Pterocarpus indicus.6 (166).png,Pterocarpus indicus,Pterocarpus,indicus,3395. Pterocarpus indicus.6
/kaggle/input/datasets/b23dckh002lvitanh/s3-origin/S3/Pterocarpus indicus/3395. Pterocarpus indicus.8/3395. Pterocarpus indicus.8 (236).png,Pterocarpus indicus,Pterocarpus,indicus,3395. Pterocarpus indicus.8
/kaggle/input/datasets/b23dckh002lvitanh/s3-origin/S3/Pterocarpus indicus/3395. Pterocarpus indicus.9/3395. Pterocarpus indicus.9 (268).png,Pterocarpus indicus,Pterocarpus,indicus,3395. Pterocarpus indicus.9
/kaggle/input/datasets/b23dckh002lvitanh/s3-origin/S3/Pterocarpus indicus/3395. Pterocarpus indicus.4/3395. Pterocarpus indicus.4 (116).png,Pterocarpus indicus,Pterocarpus,indicus,3395. Pterocarpus indicus.4
/kaggle/input/datasets/b23dckh002lvitanh/s3-origin/S3/Pterocarpus indicus/3395. Pterocarpus indicus.10/3395. Pterocarpus indicus.10 (290).png,Pterocarpus indicus,Pterocarpus,indicus,3395. Pterocarpus indicus.10
/kaggle/input/datasets/b23dckh002lvitanh/s3-origin/S3/Pterocarpus indicus/3395. Pterocarpus indicus.5/3395. Pterocarpus indicus.5 (153).png,Pterocarpus indicus,Pterocarpus,indicus,3395. Pterocarpus indicus.5
/kaggle/input/datasets/b23dckh002lvitanh/s3-origin/S3/Pterocarpus indicus/3395. Pterocarpus indicus.10/3395. Pterocarpus indicus.10 (293).png,Pterocarpus indicus,Pterocarpus,indicus,3395. Pterocarpus indicus.10
/kaggle/input/datasets/b23dckh002lvitanh/s3-origin/S3/Pterocarpus indicus/3395. Pterocarpus indicus.8/3395. Pterocarpus indicus.8 (227).png,Pterocarpus indicus,Pterocarpus,indicus,3395. Pterocarpus indicus.8
/kaggle/input/datasets/b23dckh002lvitanh/s3-origin/S3/Pterocarpus indicus/3395. Pterocarpus indicus.7/3395. Pterocarpus indicus.7 (217).png,Pterocarpus indicus,Pterocarpus,indicus,3395. Pterocarpus indicus.7
/kaggle/input/datasets/b23dckh002lvitanh/s3-origin/S3/Pterocarpus indicus/3395. Pterocarpus indicus.8/3395. Pterocarpus indicus.8 (234).png,Pterocarpus indicus,Pterocarpus,indicus,3395. Pterocarpus indicus.8
/kaggle/input/datasets/b23dckh002lvitanh/s3-origin/S3/Pterocarpus indicus/3395. Pterocarpus indicus.8/3395. Pterocarpus indicus.8 (232).png,Pterocarpus indicus,Pterocarpus,indicus,3395. Pterocarpus indicus.8
/kaggle/input/datasets/b23dckh002lvitanh/s3-origin/S3/Pterocarpus indicus/3395. Pterocarpus indicus.9/3395. Pterocarpus indicus.9 (282).png,Pterocarpus indicus,Pterocarpus,indicus,3395. Pterocarpus indicus.9
/kaggle/input/datasets/b23dckh002lvitanh/s3-origin/S3/Pterocarpus indicus/3395. Pterocarpus indicus.8/3395. Pterocarpus indicus.8 (246).png,Pterocarpus indicus,Pterocarpus,indicus,3395. Pterocarpus indicus.8
/kaggle/input/datasets/b23dckh002lvitanh/s3-origin/S3/Pterocarpus indicus/3395. Pterocarpus indicus.9/3395. Pterocarpus indicus.9 (254).png,Pterocarpus indicus,Pterocarpus,indicus,3395. Pterocarpus indicus.9
/kaggle/input/datasets/b23dckh002lvitanh/s3-origin/S3/Pterocarpus indicus/3395. Pterocarpus indicus.7/3395. Pterocarpus indicus.7 (214).png,Pterocarpus indicus,Pterocarpus,indicus,3395. Pterocarpus indicus.7
/kaggle/input/datasets/b23dckh002lvitanh/s3-origin/S3/Pterocarpus indicus/3395. Pterocarpus indicus.4/3395. Pterocarpus indicus.4 (97).png,Pterocarpus indicus,Pterocarpus,indicus,3395. Pterocarpus indicus.4
/kaggle/input/datasets/b23dckh002lvitanh/s3-origin/S3/Pterocarpus indicus/3395. Pterocarpus indicus.10/3395. Pterocarpus indicus.10 (308).png,Pterocarpus indicus,Pterocarpus,indicus,3395. Pterocarpus indicus.10
/kaggle/input/datasets/b23dckh002lvitanh/s3-origin/S3/Pterocarpus indicus/3395. Pterocarpus indicus.5/3395. Pterocarpus indicus.5 (155).png,Pterocarpus indicus,Pterocarpus,indicus,3395. Pterocarpus indicus.5
/kaggle/input/datasets/b23dckh002lvitanh/s3-origin/S3/Pterocarpus indicus/3395. Pterocarpus indicus.1/3395. Pterocarpus indicus.1 (8).png,Pterocarpus indicus,Pterocarpus,indicus,3395. Pterocarpus indicus.1
/kaggle/input/datasets/b23dckh002lvitanh/s3-origin/S3/Pterocarpus indicus/3395. Pterocarpus indicus.4/3395. Pterocarpus indicus.4 (115).png,Pterocarpus indicus,Pterocarpus,indicus,3395. Pterocarpus indicus.4
/kaggle/input/datasets/b23dckh002lvitanh/s3-origin/S3/Pterocarpus indicus/3395. Pterocarpus indicus.8/3395. Pterocarpus indicus.8 (226).png,Pterocarpus indicus,Pterocarpus,indicus,3395. Pterocarpus indicus.8
/kaggle/input/datasets/b23dckh002lvitanh/s3-origin/S3/Pterocarpus indicus/3395. Pterocarpus indicus.7/3395. Pterocarpus indicus.7 (221).png,Pterocarpus indicus,Pterocarpus,indicus,3395. Pterocarpus indicus.7
/kaggle/input/datasets/b23dckh002lvitanh/s3-origin/S3/Pterocarpus indicus/3395. Pterocarpus indicus.9/3395. Pterocarpus indicus.9 (256).png,Pterocarpus indicus,Pterocarpus,indicus,3395. Pterocarpus indicus.9
/kaggle/input/datasets/b23dckh002lvitanh/s3-origin/S3/Pterocarpus indicus/3395. Pterocarpus indicus.8/3395. Pterocarpus indicus.8 (250).png,Pterocarpus indicus,Pterocarpus,indicus,3395. Pterocarpus indicus.8
/kaggle/input/datasets/b23dckh002lvitanh/s3-origin/S3/Pterocarpus indicus/3395. Pterocarpus indicus.8/3395. Pterocarpus indicus.8 (229).png,Pterocarpus indicus,Pterocarpus,indicus,3395. Pterocarpus indicus.8
/kaggle/input/datasets/b23dckh002lvitanh/s3-origin/S3/Pterocarpus indicus/3395. Pterocarpus indicus.6/3395. Pterocarpus indicus.6 (176).png,Pterocarpus indicus,Pterocarpus,indicus,3395. Pterocarpus indicus.6
/kaggle/input/datasets/b23dckh002lvitanh/s3-origin/S3/Pterocarpus indicus/3395. Pterocarpus indicus.10/3395. Pterocarpus indicus.10 (307).png,Pterocarpus indicus,Pterocarpus,indicus,3395. Pterocarpus indicus.10
/kaggle/input/datasets/b23dckh002lvitanh/s3-origin/S3/Pterocarpus indicus/3395. Pterocarpus indicus.7/3395. Pterocarpus indicus.7 (212).png,Pterocarpus indicus,Pterocarpus,indicus,3395. Pterocarpus indicus.7
/kaggle/input/datasets/b23dckh002lvitanh/s3-origin/S3/Pterocarpus indicus/3395. Pterocarpus indicus.9/3395. Pterocarpus indicus.9 (259).png,Pterocarpus indicus,Pterocarpus,indicus,3395. Pterocarpus indicus.9
/kaggle/input/datasets/b23dckh002lvitanh/s3-origin/S3/Pterocarpus indicus/3395. Pterocarpus indicus.1/3395. Pterocarpus indicus.1 (27).png,Pterocarpus indicus,Pterocarpus,indicus,3395. Pterocarpus indicus.1
/kaggle/input/datasets/b23dckh002lvitanh/s3-origin/S3/Pterocarpus indicus/3395. Pterocarpus indicus.10/3395. Pterocarpus indicus.10 (313).png,Pterocarpus indicus,Pterocarpus,indicus,3395. Pterocarpus indicus.10
/kaggle/input/datasets/b23dckh002lvitanh/s3-origin/S3/Pterocarpus indicus/3395. Pterocarpus indicus.6/3395. Pterocarpus indicus.6 (170).png,Pterocarpus indicus,Pterocarpus,indicus,3395. Pterocarpus indicus.6
/kaggle/input/datasets/b23dckh002lvitanh/s3-origin/S3/Pterocarpus indicus/3395. Pterocarpus indicus.6/3395. Pterocarpus indicus.6 (174).png,Pterocarpus indicus,Pterocarpus,indicus,3395. Pterocarpus indicus.6
/kaggle/input/datasets/b23dckh002lvitanh/s3-origin/S3/Pterocarpus indicus/3395. Pterocarpus indicus.6/3395. Pterocarpus indicus.6 (177).png,Pterocarpus indicus,Pterocarpus,indicus,3395. Pterocarpus indicus.6
/kaggle/input/datasets/b23dckh002lvitanh/s3-origin/S3/Pterocarpus indicus/3395. Pterocarpus indicus.5/3395. Pterocarpus indicus.5 (143).png,Pterocarpus indicus,Pterocarpus,indicus,3395. Pterocarpus indicus.5
/kaggle/input/datasets/b23dckh002lvitanh/s3-origin/S3/Pterocarpus indicus/3395. Pterocarpus indicus.5/3395. Pterocarpus indicus.5 (150).png,Pterocarpus indicus,Pterocarpus,indicus,3395. Pterocarpus indicus.5
/kaggle/input/datasets/b23dckh002lvitanh/s3-origin/S3/Pterocarpus indicus/3395. Pterocarpus indicus.5/3395. Pterocarpus indicus.5 (152).png,Pterocarpus indicus,Pterocarpus,indicus,3395. Pterocarpus indicus.5
/kaggle/input/datasets/b23dckh002lvitanh/s3-origin/S3/Pterocarpus indicus/3395. Pterocarpus indicus.5/3395. Pterocarpus indicus.5 (144).png,Pterocarpus indicus,Pterocarpus,indicus,3395. Pterocarpus indicus.5
/kaggle/input/datasets/b23dckh002lvitanh/s3-origin/S3/Pterocarpus indicus/3395. Pterocarpus indicus.8/3395. Pterocarpus indicus.8 (242).png,Pterocarpus indicus,Pterocarpus,indicus,3395. Pterocarpus indicus.8
/kaggle/input/datasets/b23dckh002lvitanh/s3-origin/S3/Pterocarpus indicus/3395. Pterocarpus indicus.4/3395. Pterocarpus indicus.4 (118).png,Pterocarpus indicus,Pterocarpus,indicus,3395. Pterocarpus indicus.4
/kaggle/input/datasets/b23dckh002lvitanh/s3-origin/S3/Pterocarpus indicus/3395. Pterocarpus indicus.9/3395. Pterocarpus indicus.9 (285).png,Pterocarpus indicus,Pterocarpus,indicus,3395. Pterocarpus indicus.9
/kaggle/input/datasets/b23dckh002lvitanh/s3-origin/S3/Pterocarpus indicus/3395. Pterocarpus indicus.8/3395. Pterocarpus indicus.8 (225).png,Pterocarpus indicus,Pterocarpus,indicus,3395. Pterocarpus indicus.8
/kaggle/input/datasets/b23dckh002lvitanh/s3-origin/S3/Pterocarpus indicus/3395. Pterocarpus indicus.5/3395. Pterocarpus indicus.5 (158).png,Pterocarpus indicus,Pterocarpus,indicus,3395. Pterocarpus indicus.5
/kaggle/input/datasets/b23dckh002lvitanh/s3-origin/S3/Pterocarpus indicus/3395. Pterocarpus indicus.9/3395. Pterocarpus indicus.9 (273).png,Pterocarpus indicus,Pterocarpus,indicus,3395. Pterocarpus indicus.9
/kaggle/input/datasets/b23dckh002lvitanh/s3-origin/S3/Pterocarpus indicus/3395. Pterocarpus indicus.1/3395. Pterocarpus indicus.1 (1).png,Pterocarpus indicus,Pterocarpus,indicus,3395. Pterocarpus indicus.1
/kaggle/input/datasets/b23dckh002lvitanh/s3-origin/S3/Pterocarpus indicus/3395. Pterocarpus indicus.8/3395. Pterocarpus indicus.8 (235).png,Pterocarpus indicus,Pterocarpus,indicus,3395. Pterocarpus indicus.8
/kaggle/input/datasets/b23dckh002lvitanh/s3-origin/S3/Pterocarpus indicus/3395. Pterocarpus indicus.4/3395. Pterocarpus indicus.4 (120).png,Pterocarpus indicus,Pterocarpus,indicus,3395. Pterocarpus indicus.4
/kaggle/input/datasets/b23dckh002lvitanh/s3-origin/S3/Pterocarpus indicus/3395. Pterocarpus indicus.5/3395. Pterocarpus indicus.5 (134).png,Pterocarpus indicus,Pterocarpus,indicus,3395. Pterocarpus indicus.5
/kaggle/input/datasets/b23dckh002lvitanh/s3-origin/S3/Pterocarpus indicus/3395. Pterocarpus indicus.1/3395. Pterocarpus indicus.1 (19).png,Pterocarpus indicus,Pterocarpus,indicus,3395. Pterocarpus indicus.1
/kaggle/input/datasets/b23dckh002lvitanh/s3-origin/S3/Pterocarpus indicus/3395. Pterocarpus indicus.5/3395. Pterocarpus indicus.5 (151).png,Pterocarpus indicus,Pterocarpus,indicus,3395. Pterocarpus indicus.5
/kaggle/input/datasets/b23dckh002lvitanh/s3-origin/S3/Pterocarpus indicus/3395. Pterocarpus indicus.7/3395. Pterocarpus indicus.7 (216).png,Pterocarpus indicus,Pterocarpus,indicus,3395. Pterocarpus indicus.7
/kaggle/input/datasets/b23dckh002lvitanh/s3-origin/S3/Pterocarpus indicus/3395. Pterocarpus indicus.5/3395. Pterocarpus indicus.5 (136).png,Pterocarpus indicus,Pterocarpus,indicus,3395. Pterocarpus indicus.5
/kaggle/input/datasets/b23dckh002lvitanh/s3-origin/S3/Pterocarpus macrocarpus/dọc 4/119.png,Pterocarpus macrocarpus,Pterocarpus,macrocarpus,dọc 4
/kaggle/input/datasets/b23dckh002lvitanh/s3-origin/S3/Pterocarpus macrocarpus/ngang 2/122.png,Pterocarpus macrocarpus,Pterocarpus,macrocarpus,ngang 2
/kaggle/input/datasets/b23dckh002lvitanh/s3-origin/S3/Pterocarpus macrocarpus/dọc 1/12.png,Pterocarpus macrocarpus,Pterocarpus,macrocarpus,dọc 1
/kaggle/input/datasets/b23dckh002lvitanh/s3-origin/S3/Pterocarpus macrocarpus/ngang 4/152.png,Pterocarpus macrocarpus,Pterocarpus,macrocarpus,ngang 4
/kaggle/input/datasets/b23dckh002lvitanh/s3-origin/S3/Pterocarpus macrocarpus/ngang 4/159.png,Pterocarpus macrocarpus,Pterocarpus,macrocarpus,ngang 4
/kaggle/input/datasets/b23dckh002lvitanh/s3-origin/S3/Pterocarpus macrocarpus/dọc 4/136.png,Pterocarpus macrocarpus,Pterocarpus,macrocarpus,dọc 4
/kaggle/input/datasets/b23dckh002lvitanh/s3-origin/S3/Pterocarpus macrocarpus/dọc 2/115.png,Pterocarpus macrocarpus,Pterocarpus,macrocarpus,dọc 2
/kaggle/input/datasets/b23dckh002lvitanh/s3-origin/S3/Pterocarpus macrocarpus/dọc 3/137.png,Pterocarpus macrocarpus,Pterocarpus,macrocarpus,dọc 3
/kaggle/input/datasets/b23dckh002lvitanh/s3-origin/S3/Pterocarpus macrocarpus/dọc 1/124.png,Pterocarpus macrocarpus,Pterocarpus,macrocarpus,dọc 1
/kaggle/input/datasets/b23dckh002lvitanh/s3-origin/S3/Pterocarpus macrocarpus/ngang 1/150.png,Pterocarpus macrocarpus,Pterocarpus,macrocarpus,ngang 1
/kaggle/input/datasets/b23dckh002lvitanh/s3-origin/S3/Pterocarpus macrocarpus/dọc 1/119.png,Pterocarpus macrocarpus,Pterocarpus,macrocarpus,dọc 1
/kaggle/input/datasets/b23dckh002lvitanh/s3-origin/S3/Pterocarpus macrocarpus/dọc 4/14.png,Pterocarpus macrocarpus,Pterocarpus,macrocarpus,dọc 4
/kaggle/input/datasets/b23dckh002lvitanh/s3-origin/S3/Pterocarpus macrocarpus/ngang 1/127.png,Pterocarpus macrocarpus,Pterocarpus,macrocarpus,ngang 1
/kaggle/input/datasets/b23dckh002lvitanh/s3-origin/S3/Pterocarpus macrocarpus/dọc 1/125.png,Pterocarpus macrocarpus,Pterocarpus,macrocarpus,dọc 1
/kaggle/input/datasets/b23dckh002lvitanh/s3-origin/S3/Pterocarpus macrocarpus/ngang 3/126.png,Pterocarpus macrocarpus,Pterocarpus,macrocarpus,ngang 3
/kaggle/input/datasets/b23dckh002lvitanh/s3-origin/S3/Pterocarpus macrocarpus/ngang 1/119.png,Pterocarpus macrocarpus,Pterocarpus,macrocarpus,ngang 1
/kaggle/input/datasets/b23dckh002lvitanh/s3-origin/S3/Pterocarpus macrocarpus/ngang 3/120.png,Pterocarpus macrocarpus,Pterocarpus,macrocarpus,ngang 3
/kaggle/input/datasets/b23dckh002lvitanh/s3-origin/S3/Pterocarpus macrocarpus/dọc 3/149.png,Pterocarpus macrocarpus,Pterocarpus,macrocarpus,dọc 3
/kaggle/input/datasets/b23dckh002lvitanh/s3-origin/S3/Pterocarpus macrocarpus/ngang 4/124.png,Pterocarpus macrocarpus,Pterocarpus,macrocarpus,ngang 4
/kaggle/input/datasets/b23dckh002lvitanh/s3-origin/S3/Pterocarpus macrocarpus/ngang 2/11.png,Pterocarpus macrocarpus,Pterocarpus,macrocarpus,ngang 2
/kaggle/input/datasets/b23dckh002lvitanh/s3-origin/S3/Pterocarpus macrocarpus/ngang 4/158.png,Pterocarpus macrocarpus,Pterocarpus,macrocarpus,ngang 4
/kaggle/input/datasets/b23dckh002lvitanh/s3-origin/S3/Pterocarpus macrocarpus/dọc 1/155.png,Pterocarpus macrocarpus,Pterocarpus,macrocarpus,dọc 1
/kaggle/input/datasets/b23dckh002lvitanh/s3-origin/S3/Pterocarpus macrocarpus/ngang 1/114.png,Pterocarpus macrocarpus,Pterocarpus,macrocarpus,ngang 1
/kaggle/input/datasets/b23dckh002lvitanh/s3-origin/S3/Pterocarpus macrocarpus/ngang 2/16.png,Pterocarpus macrocarpus,Pterocarpus,macrocarpus,ngang 2
/kaggle/input/datasets/b23dckh002lvitanh/s3-origin/S3/Pterocarpus macrocarpus/dọc 3/129.png,Pterocarpus macrocarpus,Pterocarpus,macrocarpus,dọc 3
/kaggle/input/datasets/b23dckh002lvitanh/s3-origin/S3/Pterocarpus macrocarpus/ngang 1/149.png,Pterocarpus macrocarpus,Pterocarpus,macrocarpus,ngang 1
/kaggle/input/datasets/b23dckh002lvitanh/s3-origin/S3/Pterocarpus macrocarpus/dọc 4/12.png,Pterocarpus macrocarpus,Pterocarpus,macrocarpus,dọc 4
/kaggle/input/datasets/b23dckh002lvitanh/s3-origin/S3/Pterocarpus macrocarpus/ngang 2/136.png,Pterocarpus macrocarpus,Pterocarpus,macrocarpus,ngang 2
/kaggle/input/datasets/b23dckh002lvitanh/s3-origin/S3/Pterocarpus macrocarpus/ngang 3/12.png,Pterocarpus macrocarpus,Pterocarpus,macrocarpus,ngang 3
/kaggle/input/datasets/b23dckh002lvitanh/s3-origin/S3/Pterocarpus macrocarpus/ngang 4/126.png,Pterocarpus macrocarpus,Pterocarpus,macrocarpus,ngang 4
/kaggle/input/datasets/b23dckh002lvitanh/s3-origin/S3/Pterocarpus macrocarpus/dọc 2/118.png,Pterocarpus macrocarpus,Pterocarpus,macrocarpus,dọc 2
/kaggle/input/datasets/b23dckh002lvitanh/s3-origin/S3/Pterocarpus macrocarpus/dọc 4/135.png,Pterocarpus macrocarpus,Pterocarpus,macrocarpus,dọc 4
/kaggle/input/datasets/b23dckh002lvitanh/s3-origin/S3/Pterocarpus macrocarpus/ngang 4/148.png,Pterocarpus macrocarpus,Pterocarpus,macrocarpus,ngang 4
/kaggle/input/datasets/b23dckh002lvitanh/s3-origin/S3/Pterocarpus macrocarpus/dọc 2/117.png,Pterocarpus macrocarpus,Pterocarpus,macrocarpus,dọc 2
/kaggle/input/datasets/b23dckh002lvitanh/s3-origin/S3/Pterocarpus macrocarpus/ngang 1/167.png,Pterocarpus macrocarpus,Pterocarpus,macrocarpus,ngang 1
/kaggle/input/datasets/b23dckh002lvitanh/s3-origin/S3/Pterocarpus macrocarpus/dọc 3/15.png,Pterocarpus macrocarpus,Pterocarpus,macrocarpus,dọc 3
/kaggle/input/datasets/b23dckh002lvitanh/s3-origin/S3/Pterocarpus macrocarpus/ngang 4/135.png,Pterocarpus macrocarpus,Pterocarpus,macrocarpus,ngang 4
/kaggle/input/datasets/b23dckh002lvitanh/s3-origin/S3/Pterocarpus macrocarpus/dọc 3/148.png,Pterocarpus macrocarpus,Pterocarpus,macrocarpus,dọc 3
/kaggle/input/datasets/b23dckh002lvitanh/s3-origin/S3/Pterocarpus macrocarpus/dọc 4/137.png,Pterocarpus macrocarpus,Pterocarpus,macrocarpus,dọc 4
/kaggle/input/datasets/b23dckh002lvitanh/s3-origin/S3/Pterocarpus macrocarpus/dọc 3/130.png,Pterocarpus macrocarpus,Pterocarpus,macrocarpus,dọc 3
/kaggle/input/datasets/b23dckh002lvitanh/s3-origin/S3/Pterocarpus macrocarpus/ngang 1/113.png,Pterocarpus macrocarpus,Pterocarpus,macrocarpus,ngang 1
/kaggle/input/datasets/b23dckh002lvitanh/s3-origin/S3/Pterocarpus macrocarpus/dọc 3/124.png,Pterocarpus macrocarpus,Pterocarpus,macrocarpus,dọc 3
/kaggle/input/datasets/b23dckh002lvitanh/s3-origin/S3/Pterocarpus macrocarpus/dọc 2/149.png,Pterocarpus macrocarpus,Pterocarpus,macrocarpus,dọc 2
/kaggle/input/datasets/b23dckh002lvitanh/s3-origin/S3/Pterocarpus macrocarpus/dọc 2/113.png,Pterocarpus macrocarpus,Pterocarpus,macrocarpus,dọc 2
/kaggle/input/datasets/b23dckh002lvitanh/s3-origin/S3/Pterocarpus macrocarpus/dọc 2/148.png,Pterocarpus macrocarpus,Pterocarpus,macrocarpus,dọc 2
/kaggle/input/datasets/b23dckh002lvitanh/s3-origin/S3/Pterocarpus macrocarpus/dọc 3/127.png,Pterocarpus macrocarpus,Pterocarpus,macrocarpus,dọc 3
/kaggle/input/datasets/b23dckh002lvitanh/s3-origin/S3/Pterocarpus macrocarpus/ngang 4/136.png,Pterocarpus macrocarpus,Pterocarpus,macrocarpus,ngang 4
/kaggle/input/datasets/b23dckh002lvitanh/s3-origin/S3/Pterocarpus macrocarpus/dọc 1/145.png,Pterocarpus macrocarpus,Pterocarpus,macrocarpus,dọc 1
/kaggle/input/datasets/b23dckh002lvitanh/s3-origin/S3/Pterocarpus macrocarpus/ngang 3/127.png,Pterocarpus macrocarpus,Pterocarpus,macrocarpus,ngang 3
/kaggle/input/datasets/b23dckh002lvitanh/s3-origin/S3/Pterocarpus macrocarpus/dọc 2/12.png,Pterocarpus macrocarpus,Pterocarpus,macrocarpus,dọc 2
/kaggle/input/datasets/b23dckh002lvitanh/s3-origin/S3/Pterocarpus macrocarpus/dọc 2/110.png,Pterocarpus macrocarpus,Pterocarpus,macrocarpus,dọc 2
/kaggle/input/datasets/b23dckh002lvitanh/s3-origin/S3/Pterocarpus macrocarpus/ngang 4/113.png,Pterocarpus macrocarpus,Pterocarpus,macrocarpus,ngang 4
/kaggle/input/datasets/b23dckh002lvitanh/s3-origin/S3/Pterocarpus macrocarpus/dọc 2/14.png,Pterocarpus macrocarpus,Pterocarpus,macrocarpus,dọc 2
/kaggle/input/datasets/b23dckh002lvitanh/s3-origin/S3/Pterocarpus macrocarpus/ngang 4/154.png,Pterocarpus macrocarpus,Pterocarpus,macrocarpus,ngang 4
/kaggle/input/datasets/b23dckh002lvitanh/s3-origin/S3/Pterocarpus macrocarpus/dọc 1/17.png,Pterocarpus macrocarpus,Pterocarpus,macrocarpus,dọc 1
/kaggle/input/datasets/b23dckh002lvitanh/s3-origin/S3/Pterocarpus macrocarpus/dọc 3/120.png,Pterocarpus macrocarpus,Pterocarpus,macrocarpus,dọc 3
/kaggle/input/datasets/b23dckh002lvitanh/s3-origin/S3/Pterocarpus macrocarpus/dọc 4/147.png,Pterocarpus macrocarpus,Pterocarpus,macrocarpus,dọc 4
/kaggle/input/datasets/b23dckh002lvitanh/s3-origin/S3/Pterocarpus macrocarpus/dọc 4/145.png,Pterocarpus macrocarpus,Pterocarpus,macrocarpus,dọc 4
/kaggle/input/datasets/b23dckh002lvitanh/s3-origin/S3/Pterocarpus macrocarpus/ngang 4/12.png,Pterocarpus macrocarpus,Pterocarpus,macrocarpus,ngang 4
/kaggle/input/datasets/b23dckh002lvitanh/s3-origin/S3/Pterocarpus macrocarpus/ngang 1/16.png,Pterocarpus macrocarpus,Pterocarpus,macrocarpus,ngang 1
/kaggle/input/datasets/b23dckh002lvitanh/s3-origin/S3/Pterocarpus macrocarpus/ngang 4/123.png,Pterocarpus macrocarpus,Pterocarpus,macrocarpus,ngang 4
/kaggle/input/datasets/b23dckh002lvitanh/s3-origin/S3/Pterocarpus macrocarpus/ngang 3/137.png,Pterocarpus macrocarpus,Pterocarpus,macrocarpus,ngang 3
/kaggle/input/datasets/b23dckh002lvitanh/s3-origin/S3/Pterocarpus macrocarpus/ngang 4/151.png,Pterocarpus macrocarpus,Pterocarpus,macrocarpus,ngang 4
/kaggle/input/datasets/b23dckh002lvitanh/s3-origin/S3/Pterocarpus macrocarpus/ngang 3/129.png,Pterocarpus macrocarpus,Pterocarpus,macrocarpus,ngang 3
/kaggle/input/datasets/b23dckh002lvitanh/s3-origin/S3/Pterocarpus macrocarpus/dọc 3/122.png,Pterocarpus macrocarpus,Pterocarpus,macrocarpus,dọc 3
/kaggle/input/datasets/b23dckh002lvitanh/s3-origin/S3/Pterocarpus macrocarpus/ngang 2/142.png,Pterocarpus macrocarpus,Pterocarpus,macrocarpus,ngang 2
/kaggle/input/datasets/b23dckh002lvitanh/s3-origin/S3/Pterocarpus macrocarpus/dọc 1/134.png,Pterocarpus macrocarpus,Pterocarpus,macrocarpus,dọc 1
/kaggle/input/datasets/b23dckh002lvitanh/s3-origin/S3/Pterocarpus macrocarpus/dọc 2/114.png,Pterocarpus macrocarpus,Pterocarpus,macrocarpus,dọc 2
/kaggle/input/datasets/b23dckh002lvitanh/s3-origin/S3/Pterocarpus macrocarpus/ngang 4/131.png,Pterocarpus macrocarpus,Pterocarpus,macrocarpus,ngang 4
/kaggle/input/datasets/b23dckh002lvitanh/s3-origin/S3/Pterocarpus macrocarpus/dọc 1/137.png,Pterocarpus macrocarpus,Pterocarpus,macrocarpus,dọc 1
/kaggle/input/datasets/b23dckh002lvitanh/s3-origin/S3/Pterocarpus macrocarpus/ngang 2/13.png,Pterocarpus macrocarpus,Pterocarpus,macrocarpus,ngang 2
/kaggle/input/datasets/b23dckh002lvitanh/s3-origin/S3/Pterocarpus macrocarpus/dọc 3/12.png,Pterocarpus macrocarpus,Pterocarpus,macrocarpus,dọc 3
/kaggle/input/datasets/b23dckh002lvitanh/s3-origin/S3/Pterocarpus macrocarpus/dọc 4/113.png,Pterocarpus macrocarpus,Pterocarpus,macrocarpus,dọc 4
/kaggle/input/datasets/b23dckh002lvitanh/s3-origin/S3/Pterocarpus macrocarpus/ngang 3/140.png,Pterocarpus macrocarpus,Pterocarpus,macrocarpus,ngang 3
/kaggle/input/datasets/b23dckh002lvitanh/s3-origin/S3/Pterocarpus macrocarpus/dọc 2/13.png,Pterocarpus macrocarpus,Pterocarpus,macrocarpus,dọc 2
/kaggle/input/datasets/b23dckh002lvitanh/s3-origin/S3/Pterocarpus macrocarpus/ngang 4/167.png,Pterocarpus macrocarpus,Pterocarpus,macrocarpus,ngang 4
/kaggle/input/datasets/b23dckh002lvitanh/s3-origin/S3/Pterocarpus macrocarpus/ngang 4/146.png,Pterocarpus macrocarpus,Pterocarpus,macrocarpus,ngang 4
/kaggle/input/datasets/b23dckh002lvitanh/s3-origin/S3/Pterocarpus macrocarpus/dọc 4/139.png,Pterocarpus macrocarpus,Pterocarpus,macrocarpus,dọc 4
/kaggle/input/datasets/b23dckh002lvitanh/s3-origin/S3/Pterocarpus macrocarpus/ngang 1/153.png,Pterocarpus macrocarpus,Pterocarpus,macrocarpus,ngang 1
/kaggle/input/datasets/b23dckh002lvitanh/s3-origin/S3/Pterocarpus macrocarpus/dọc 1/141.png,Pterocarpus macrocarpus,Pterocarpus,macrocarpus,dọc 1
/kaggle/input/datasets/b23dckh002lvitanh/s3-origin/S3/Pterocarpus macrocarpus/dọc 1/150.png,Pterocarpus macrocarpus,Pterocarpus,macrocarpus,dọc 1
/kaggle/input/datasets/b23dckh002lvitanh/s3-origin/S3/Pterocarpus macrocarpus/dọc 3/141.png,Pterocarpus macrocarpus,Pterocarpus,macrocarpus,dọc 3
/kaggle/input/datasets/b23dckh002lvitanh/s3-origin/S3/Pterocarpus macrocarpus/ngang 2/128.png,Pterocarpus macrocarpus,Pterocarpus,macrocarpus,ngang 2
/kaggle/input/datasets/b23dckh002lvitanh/s3-origin/S3/Pterocarpus macrocarpus/ngang 4/162.png,Pterocarpus macrocarpus,Pterocarpus,macrocarpus,ngang 4
/kaggle/input/datasets/b23dckh002lvitanh/s3-origin/S3/Pterocarpus macrocarpus/ngang 4/116.png,Pterocarpus macrocarpus,Pterocarpus,macrocarpus,ngang 4
/kaggle/input/datasets/b23dckh002lvitanh/s3-origin/S3/Pterocarpus macrocarpus/dọc 2/120.png,Pterocarpus macrocarpus,Pterocarpus,macrocarpus,dọc 2
/kaggle/input/datasets/b23dckh002lvitanh/s3-origin/S3/Pterocarpus macrocarpus/dọc 2/151.png,Pterocarpus macrocarpus,Pterocarpus,macrocarpus,dọc 2
/kaggle/input/datasets/b23dckh002lvitanh/s3-origin/S3/Pterocarpus macrocarpus/dọc 1/148.png,Pterocarpus macrocarpus,Pterocarpus,macrocarpus,dọc 1
/kaggle/input/datasets/b23dckh002lvitanh/s3-origin/S3/Pterocarpus macrocarpus/ngang 4/111.png,Pterocarpus macrocarpus,Pterocarpus,macrocarpus,ngang 4
/kaggle/input/datasets/b23dckh002lvitanh/s3-origin/S3/Pterocarpus macrocarpus/dọc 3/119.png,Pterocarpus macrocarpus,Pterocarpus,macrocarpus,dọc 3
/kaggle/input/datasets/b23dckh002lvitanh/s3-origin/S3/Pterocarpus macrocarpus/ngang 2/132.png,Pterocarpus macrocarpus,Pterocarpus,macrocarpus,ngang 2
/kaggle/input/datasets/b23dckh002lvitanh/s3-origin/S3/Pterocarpus macrocarpus/dọc 1/122.png,Pterocarpus macrocarpus,Pterocarpus,macrocarpus,dọc 1
/kaggle/input/datasets/b23dckh002lvitanh/s3-origin/S3/Pterocarpus macrocarpus/dọc 4/128.png,Pterocarpus macrocarpus,Pterocarpus,macrocarpus,dọc 4
/kaggle/input/datasets/b23dckh002lvitanh/s3-origin/S3/Pterocarpus macrocarpus/dọc 3/143.png,Pterocarpus macrocarpus,Pterocarpus,macrocarpus,dọc 3
/kaggle/input/datasets/b23dckh002lvitanh/s3-origin/S3/Pterocarpus macrocarpus/dọc 2/145.png,Pterocarpus macrocarpus,Pterocarpus,macrocarpus,dọc 2
/kaggle/input/datasets/b23dckh002lvitanh/s3-origin/S3/Pterocarpus macrocarpus/dọc 1/115.png,Pterocarpus macrocarpus,Pterocarpus,macrocarpus,dọc 1
/kaggle/input/datasets/b23dckh002lvitanh/s3-origin/S3/Pterocarpus macrocarpus/ngang 2/125.png,Pterocarpus macrocarpus,Pterocarpus,macrocarpus,ngang 2
/kaggle/input/datasets/b23dckh002lvitanh/s3-origin/S3/Pterocarpus macrocarpus/ngang 3/139.png,Pterocarpus macrocarpus,Pterocarpus,macrocarpus,ngang 3
/kaggle/input/datasets/b23dckh002lvitanh/s3-origin/S3/Pterocarpus macrocarpus/ngang 1/133.png,Pterocarpus macrocarpus,Pterocarpus,macrocarpus,ngang 1
/kaggle/input/datasets/b23dckh002lvitanh/s3-origin/S3/Pterocarpus macrocarpus/dọc 1/131.png,Pterocarpus macrocarpus,Pterocarpus,macrocarpus,dọc 1
/kaggle/input/datasets/b23dckh002lvitanh/s3-origin/S3/Pterocarpus macrocarpus/dọc 1/140.png,Pterocarpus macrocarpus,Pterocarpus,macrocarpus,dọc 1
/kaggle/input/datasets/b23dckh002lvitanh/s3-origin/S3/Pterocarpus macrocarpus/ngang 2/117.png,Pterocarpus macrocarpus,Pterocarpus,macrocarpus,ngang 2
/kaggle/input/datasets/b23dckh002lvitanh/s3-origin/S3/Pterocarpus macrocarpus/dọc 4/112.png,Pterocarpus macrocarpus,Pterocarpus,macrocarpus,dọc 4
/kaggle/input/datasets/b23dckh002lvitanh/s3-origin/S3/Pterocarpus macrocarpus/dọc 2/116.png,Pterocarpus macrocarpus,Pterocarpus,macrocarpus,dọc 2
/kaggle/input/datasets/b23dckh002lvitanh/s3-origin/S3/Pterocarpus macrocarpus/dọc 2/150.png,Pterocarpus macrocarpus,Pterocarpus,macrocarpus,dọc 2
/kaggle/input/datasets/b23dckh002lvitanh/s3-origin/S3/Pterocarpus macrocarpus/ngang 4/147.png,Pterocarpus macrocarpus,Pterocarpus,macrocarpus,ngang 4
/kaggle/input/datasets/b23dckh002lvitanh/s3-origin/S3/Pterocarpus macrocarpus/ngang 4/110.png,Pterocarpus macrocarpus,Pterocarpus,macrocarpus,ngang 4
/kaggle/input/datasets/b23dckh002lvitanh/s3-origin/S3/Pterocarpus macrocarpus/ngang 1/156.png,Pterocarpus macrocarpus,Pterocarpus,macrocarpus,ngang 1
/kaggle/input/datasets/b23dckh002lvitanh/s3-origin/S3/Pterocarpus macrocarpus/ngang 4/11.png,Pterocarpus macrocarpus,Pterocarpus,macrocarpus,ngang 4
/kaggle/input/datasets/b23dckh002lvitanh/s3-origin/S3/Pterocarpus macrocarpus/ngang 4/130.png,Pterocarpus macrocarpus,Pterocarpus,macrocarpus,ngang 4
/kaggle/input/datasets/b23dckh002lvitanh/s3-origin/S3/Pterocarpus macrocarpus/ngang 3/146.png,Pterocarpus macrocarpus,Pterocarpus,macrocarpus,ngang 3
/kaggle/input/datasets/b23dckh002lvitanh/s3-origin/S3/Pterocarpus macrocarpus/dọc 1/154.png,Pterocarpus macrocarpus,Pterocarpus,macrocarpus,dọc 1
/kaggle/input/datasets/b23dckh002lvitanh/s3-origin/S3/Pterocarpus macrocarpus/dọc 3/13.png,Pterocarpus macrocarpus,Pterocarpus,macrocarpus,dọc 3
/kaggle/input/datasets/b23dckh002lvitanh/s3-origin/S3/Pterocarpus macrocarpus/ngang 1/128.png,Pterocarpus macrocarpus,Pterocarpus,macrocarpus,ngang 1
/kaggle/input/datasets/b23dckh002lvitanh/s3-origin/S3/Pterocarpus macrocarpus/ngang 1/115.png,Pterocarpus macrocarpus,Pterocarpus,macrocarpus,ngang 1
/kaggle/input/datasets/b23dckh002lvitanh/s3-origin/S3/Pterocarpus macrocarpus/ngang 1/139.png,Pterocarpus macrocarpus,Pterocarpus,macrocarpus,ngang 1
/kaggle/input/datasets/b23dckh002lvitanh/s3-origin/S3/Pterocarpus macrocarpus/dọc 1/144.png,Pterocarpus macrocarpus,Pterocarpus,macrocarpus,dọc 1
/kaggle/input/datasets/b23dckh002lvitanh/s3-origin/S3/Pterocarpus macrocarpus/ngang 1/135.png,Pterocarpus macrocarpus,Pterocarpus,macrocarpus,ngang 1
/kaggle/input/datasets/b23dckh002lvitanh/s3-origin/S3/Pterocarpus macrocarpus/ngang 4/149.png,Pterocarpus macrocarpus,Pterocarpus,macrocarpus,ngang 4
/kaggle/input/datasets/b23dckh002lvitanh/s3-origin/S3/Pterocarpus macrocarpus/dọc 4/10.png,Pterocarpus macrocarpus,Pterocarpus,macrocarpus,dọc 4
/kaggle/input/datasets/b23dckh002lvitanh/s3-origin/S3/Pterocarpus macrocarpus/ngang 1/155.png,Pterocarpus macrocarpus,Pterocarpus,macrocarpus,ngang 1
/kaggle/input/datasets/b23dckh002lvitanh/s3-origin/S3/Pterocarpus macrocarpus/ngang 1/121.png,Pterocarpus macrocarpus,Pterocarpus,macrocarpus,ngang 1
/kaggle/input/datasets/b23dckh002lvitanh/s3-origin/S3/Pterocarpus macrocarpus/dọc 3/125.png,Pterocarpus macrocarpus,Pterocarpus,macrocarpus,dọc 3
/kaggle/input/datasets/b23dckh002lvitanh/s3-origin/S3/Pterocarpus macrocarpus/ngang 3/130.png,Pterocarpus macrocarpus,Pterocarpus,macrocarpus,ngang 3
/kaggle/input/datasets/b23dckh002lvitanh/s3-origin/S3/Pterocarpus macrocarpus/dọc 2/126.png,Pterocarpus macrocarpus,Pterocarpus,macrocarpus,dọc 2
/kaggle/input/datasets/b23dckh002lvitanh/s3-origin/S3/Pterocarpus macrocarpus/ngang 4/168.png,Pterocarpus macrocarpus,Pterocarpus,macrocarpus,ngang 4
/kaggle/input/datasets/b23dckh002lvitanh/s3-origin/S3/Pterocarpus macrocarpus/dọc 1/132.png,Pterocarpus macrocarpus,Pterocarpus,macrocarpus,dọc 1
/kaggle/input/datasets/b23dckh002lvitanh/s3-origin/S3/Pterocarpus macrocarpus/ngang 4/170.png,Pterocarpus macrocarpus,Pterocarpus,macrocarpus,ngang 4
/kaggle/input/datasets/b23dckh002lvitanh/s3-origin/S3/Pterocarpus macrocarpus/ngang 1/14.png,Pterocarpus macrocarpus,Pterocarpus,macrocarpus,ngang 1
/kaggle/input/datasets/b23dckh002lvitanh/s3-origin/S3/Pterocarpus macrocarpus/ngang 3/133.png,Pterocarpus macrocarpus,Pterocarpus,macrocarpus,ngang 3
/kaggle/input/datasets/b23dckh002lvitanh/s3-origin/S3/Pterocarpus macrocarpus/ngang 1/162.png,Pterocarpus macrocarpus,Pterocarpus,macrocarpus,ngang 1
/kaggle/input/datasets/b23dckh002lvitanh/s3-origin/S3/Pterocarpus macrocarpus/ngang 3/116.png,Pterocarpus macrocarpus,Pterocarpus,macrocarpus,ngang 3
/kaggle/input/datasets/b23dckh002lvitanh/s3-origin/S3/Pterocarpus macrocarpus/ngang 3/151.png,Pterocarpus macrocarpus,Pterocarpus,macrocarpus,ngang 3
/kaggle/input/datasets/b23dckh002lvitanh/s3-origin/S3/Pterocarpus macrocarpus/ngang 1/148.png,Pterocarpus macrocarpus,Pterocarpus,macrocarpus,ngang 1
/kaggle/input/datasets/b23dckh002lvitanh/s3-origin/S3/Pterocarpus macrocarpus/ngang 1/137.png,Pterocarpus macrocarpus,Pterocarpus,macrocarpus,ngang 1
/kaggle/input/datasets/b23dckh002lvitanh/s3-origin/S3/Pterocarpus macrocarpus/dọc 2/10.png,Pterocarpus macrocarpus,Pterocarpus,macrocarpus,dọc 2
/kaggle/input/datasets/b23dckh002lvitanh/s3-origin/S3/Pterocarpus macrocarpus/ngang 2/114.png,Pterocarpus macrocarpus,Pterocarpus,macrocarpus,ngang 2
/kaggle/input/datasets/b23dckh002lvitanh/s3-origin/S3/Pterocarpus macrocarpus/ngang 2/18.png,Pterocarpus macrocarpus,Pterocarpus,macrocarpus,ngang 2
/kaggle/input/datasets/b23dckh002lvitanh/s3-origin/S3/Pterocarpus macrocarpus/ngang 2/120.png,Pterocarpus macrocarpus,Pterocarpus,macrocarpus,ngang 2
/kaggle/input/datasets/b23dckh002lvitanh/s3-origin/S3/Pterocarpus macrocarpus/ngang 3/119.png,Pterocarpus macrocarpus,Pterocarpus,macrocarpus,ngang 3
/kaggle/input/datasets/b23dckh002lvitanh/s3-origin/S3/Pterocarpus macrocarpus/ngang 1/110.png,Pterocarpus macrocarpus,Pterocarpus,macrocarpus,ngang 1
/kaggle/input/datasets/b23dckh002lvitanh/s3-origin/S3/Pterocarpus macrocarpus/ngang 4/117.png,Pterocarpus macrocarpus,Pterocarpus,macrocarpus,ngang 4
/kaggle/input/datasets/b23dckh002lvitanh/s3-origin/S3/Pterocarpus macrocarpus/dọc 2/15.png,Pterocarpus macrocarpus,Pterocarpus,macrocarpus,dọc 2
/kaggle/input/datasets/b23dckh002lvitanh/s3-origin/S3/Pterocarpus macrocarpus/dọc 3/112.png,Pterocarpus macrocarpus,Pterocarpus,macrocarpus,dọc 3
/kaggle/input/datasets/b23dckh002lvitanh/s3-origin/S3/Pterocarpus macrocarpus/dọc 3/111.png,Pterocarpus macrocarpus,Pterocarpus,macrocarpus,dọc 3
/kaggle/input/datasets/b23dckh002lvitanh/s3-origin/S3/Pterocarpus macrocarpus/ngang 2/119.png,Pterocarpus macrocarpus,Pterocarpus,macrocarpus,ngang 2
/kaggle/input/datasets/b23dckh002lvitanh/s3-origin/S3/Pterocarpus macrocarpus/ngang 2/118.png,Pterocarpus macrocarpus,Pterocarpus,macrocarpus,ngang 2
/kaggle/input/datasets/b23dckh002lvitanh/s3-origin/S3/Pterocarpus macrocarpus/ngang 4/155.png,Pterocarpus macrocarpus,Pterocarpus,macrocarpus,ngang 4
/kaggle/input/datasets/b23dckh002lvitanh/s3-origin/S3/Pterocarpus macrocarpus/dọc 2/130.png,Pterocarpus macrocarpus,Pterocarpus,macrocarpus,dọc 2
/kaggle/input/datasets/b23dckh002lvitanh/s3-origin/S3/Pterocarpus macrocarpus/dọc 3/110.png,Pterocarpus macrocarpus,Pterocarpus,macrocarpus,dọc 3
/kaggle/input/datasets/b23dckh002lvitanh/s3-origin/S3/Pterocarpus macrocarpus/ngang 3/121.png,Pterocarpus macrocarpus,Pterocarpus,macrocarpus,ngang 3
/kaggle/input/datasets/b23dckh002lvitanh/s3-origin/S3/Pterocarpus macrocarpus/ngang 4/164.png,Pterocarpus macrocarpus,Pterocarpus,macrocarpus,ngang 4
/kaggle/input/datasets/b23dckh002lvitanh/s3-origin/S3/Pterocarpus macrocarpus/ngang 1/120.png,Pterocarpus macrocarpus,Pterocarpus,macrocarpus,ngang 1
/kaggle/input/datasets/b23dckh002lvitanh/s3-origin/S3/Pterocarpus macrocarpus/ngang 1/122.png,Pterocarpus macrocarpus,Pterocarpus,macrocarpus,ngang 1
/kaggle/input/datasets/b23dckh002lvitanh/s3-origin/S3/Pterocarpus macrocarpus/ngang 3/114.png,Pterocarpus macrocarpus,Pterocarpus,macrocarpus,ngang 3
/kaggle/input/datasets/b23dckh002lvitanh/s3-origin/S3/Pterocarpus macrocarpus/ngang 4/119.png,Pterocarpus macrocarpus,Pterocarpus,macrocarpus,ngang 4
/kaggle/input/datasets/b23dckh002lvitanh/s3-origin/S3/Pterocarpus macrocarpus/ngang 2/153.png,Pterocarpus macrocarpus,Pterocarpus,macrocarpus,ngang 2
/kaggle/input/datasets/b23dckh002lvitanh/s3-origin/S3/Pterocarpus macrocarpus/dọc 2/11.png,Pterocarpus macrocarpus,Pterocarpus,macrocarpus,dọc 2
/kaggle/input/datasets/b23dckh002lvitanh/s3-origin/S3/Pterocarpus macrocarpus/dọc 4/143.png,Pterocarpus macrocarpus,Pterocarpus,macrocarpus,dọc 4
/kaggle/input/datasets/b23dckh002lvitanh/s3-origin/S3/Pterocarpus macrocarpus/ngang 2/113.png,Pterocarpus macrocarpus,Pterocarpus,macrocarpus,ngang 2
/kaggle/input/datasets/b23dckh002lvitanh/s3-origin/S3/Pterocarpus macrocarpus/ngang 1/18.png,Pterocarpus macrocarpus,Pterocarpus,macrocarpus,ngang 1
/kaggle/input/datasets/b23dckh002lvitanh/s3-origin/S3/Pterocarpus macrocarpus/dọc 1/152.png,Pterocarpus macrocarpus,Pterocarpus,macrocarpus,dọc 1
/kaggle/input/datasets/b23dckh002lvitanh/s3-origin/S3/Pterocarpus macrocarpus/ngang 2/14.png,Pterocarpus macrocarpus,Pterocarpus,macrocarpus,ngang 2
/kaggle/input/datasets/b23dckh002lvitanh/s3-origin/S3/Pterocarpus macrocarpus/ngang 1/147.png,Pterocarpus macrocarpus,Pterocarpus,macrocarpus,ngang 1
/kaggle/input/datasets/b23dckh002lvitanh/s3-origin/S3/Pterocarpus macrocarpus/ngang 1/129.png,Pterocarpus macrocarpus,Pterocarpus,macrocarpus,ngang 1
/kaggle/input/datasets/b23dckh002lvitanh/s3-origin/S3/Pterocarpus macrocarpus/ngang 3/143.png,Pterocarpus macrocarpus,Pterocarpus,macrocarpus,ngang 3
/kaggle/input/datasets/b23dckh002lvitanh/s3-origin/S3/Pterocarpus macrocarpus/dọc 4/17.png,Pterocarpus macrocarpus,Pterocarpus,macrocarpus,dọc 4
/kaggle/input/datasets/b23dckh002lvitanh/s3-origin/S3/Pterocarpus macrocarpus/ngang 2/133.png,Pterocarpus macrocarpus,Pterocarpus,macrocarpus,ngang 2
/kaggle/input/datasets/b23dckh002lvitanh/s3-origin/S3/Pterocarpus macrocarpus/ngang 3/14.png,Pterocarpus macrocarpus,Pterocarpus,macrocarpus,ngang 3
/kaggle/input/datasets/b23dckh002lvitanh/s3-origin/S3/Pterocarpus macrocarpus/ngang 3/142.png,Pterocarpus macrocarpus,Pterocarpus,macrocarpus,ngang 3
/kaggle/input/datasets/b23dckh002lvitanh/s3-origin/S3/Pterocarpus macrocarpus/ngang 2/139.png,Pterocarpus macrocarpus,Pterocarpus,macrocarpus,ngang 2
/kaggle/input/datasets/b23dckh002lvitanh/s3-origin/S3/Pterocarpus macrocarpus/dọc 4/115.png,Pterocarpus macrocarpus,Pterocarpus,macrocarpus,dọc 4
/kaggle/input/datasets/b23dckh002lvitanh/s3-origin/S3/Pterocarpus macrocarpus/dọc 4/124.png,Pterocarpus macrocarpus,Pterocarpus,macrocarpus,dọc 4
/kaggle/input/datasets/b23dckh002lvitanh/s3-origin/S3/Pterocarpus macrocarpus/dọc 2/122.png,Pterocarpus macrocarpus,Pterocarpus,macrocarpus,dọc 2
/kaggle/input/datasets/b23dckh002lvitanh/s3-origin/S3/Pterocarpus macrocarpus/dọc 4/15.png,Pterocarpus macrocarpus,Pterocarpus,macrocarpus,dọc 4
/kaggle/input/datasets/b23dckh002lvitanh/s3-origin/S3/Pterocarpus macrocarpus/dọc 2/111.png,Pterocarpus macrocarpus,Pterocarpus,macrocarpus,dọc 2
/kaggle/input/datasets/b23dckh002lvitanh/s3-origin/S3/Pterocarpus macrocarpus/ngang 1/134.png,Pterocarpus macrocarpus,Pterocarpus,macrocarpus,ngang 1
/kaggle/input/datasets/b23dckh002lvitanh/s3-origin/S3/Pterocarpus macrocarpus/dọc 4/149.png,Pterocarpus macrocarpus,Pterocarpus,macrocarpus,dọc 4
/kaggle/input/datasets/b23dckh002lvitanh/s3-origin/S3/Pterocarpus macrocarpus/ngang 2/115.png,Pterocarpus macrocarpus,Pterocarpus,macrocarpus,ngang 2
/kaggle/input/datasets/b23dckh002lvitanh/s3-origin/S3/Pterocarpus macrocarpus/dọc 4/114.png,Pterocarpus macrocarpus,Pterocarpus,macrocarpus,dọc 4
/kaggle/input/datasets/b23dckh002lvitanh/s3-origin/S3/Pterocarpus macrocarpus/ngang 4/169.png,Pterocarpus macrocarpus,Pterocarpus,macrocarpus,ngang 4
/kaggle/input/datasets/b23dckh002lvitanh/s3-origin/S3/Pterocarpus macrocarpus/ngang 4/166.png,Pterocarpus macrocarpus,Pterocarpus,macrocarpus,ngang 4
/kaggle/input/datasets/b23dckh002lvitanh/s3-origin/S3/Pterocarpus macrocarpus/dọc 2/19.png,Pterocarpus macrocarpus,Pterocarpus,macrocarpus,dọc 2
/kaggle/input/datasets/b23dckh002lvitanh/s3-origin/S3/Pterocarpus macrocarpus/dọc 2/137.png,Pterocarpus macrocarpus,Pterocarpus,macrocarpus,dọc 2
/kaggle/input/datasets/b23dckh002lvitanh/s3-origin/S3/Pterocarpus macrocarpus/ngang 2/126.png,Pterocarpus macrocarpus,Pterocarpus,macrocarpus,ngang 2
/kaggle/input/datasets/b23dckh002lvitanh/s3-origin/S3/Pterocarpus macrocarpus/ngang 3/16.png,Pterocarpus macrocarpus,Pterocarpus,macrocarpus,ngang 3
/kaggle/input/datasets/b23dckh002lvitanh/s3-origin/S3/Pterocarpus macrocarpus/dọc 4/133.png,Pterocarpus macrocarpus,Pterocarpus,macrocarpus,dọc 4
/kaggle/input/datasets/b23dckh002lvitanh/s3-origin/S3/Pterocarpus macrocarpus/dọc 1/15.png,Pterocarpus macrocarpus,Pterocarpus,macrocarpus,dọc 1
/kaggle/input/datasets/b23dckh002lvitanh/s3-origin/S3/Pterocarpus macrocarpus/ngang 1/12.png,Pterocarpus macrocarpus,Pterocarpus,macrocarpus,ngang 1
/kaggle/input/datasets/b23dckh002lvitanh/s3-origin/S3/Pterocarpus macrocarpus/ngang 2/127.png,Pterocarpus macrocarpus,Pterocarpus,macrocarpus,ngang 2
/kaggle/input/datasets/b23dckh002lvitanh/s3-origin/S3/Pterocarpus macrocarpus/dọc 3/126.png,Pterocarpus macrocarpus,Pterocarpus,macrocarpus,dọc 3
/kaggle/input/datasets/b23dckh002lvitanh/s3-origin/S3/Pterocarpus macrocarpus/ngang 2/17.png,Pterocarpus macrocarpus,Pterocarpus,macrocarpus,ngang 2
/kaggle/input/datasets/b23dckh002lvitanh/s3-origin/S3/Pterocarpus macrocarpus/dọc 2/18.png,Pterocarpus macrocarpus,Pterocarpus,macrocarpus,dọc 2
/kaggle/input/datasets/b23dckh002lvitanh/s3-origin/S3/Pterocarpus macrocarpus/ngang 3/148.png,Pterocarpus macrocarpus,Pterocarpus,macrocarpus,ngang 3
/kaggle/input/datasets/b23dckh002lvitanh/s3-origin/S3/Pterocarpus macrocarpus/ngang 2/149.png,Pterocarpus macrocarpus,Pterocarpus,macrocarpus,ngang 2
/kaggle/input/datasets/b23dckh002lvitanh/s3-origin/S3/Pterocarpus macrocarpus/dọc 4/144.png,Pterocarpus macrocarpus,Pterocarpus,macrocarpus,dọc 4
/kaggle/input/datasets/b23dckh002lvitanh/s3-origin/S3/Pterocarpus macrocarpus/dọc 3/146.png,Pterocarpus macrocarpus,Pterocarpus,macrocarpus,dọc 3
/kaggle/input/datasets/b23dckh002lvitanh/s3-origin/S3/Pterocarpus macrocarpus/dọc 3/116.png,Pterocarpus macrocarpus,Pterocarpus,macrocarpus,dọc 3
/kaggle/input/datasets/b23dckh002lvitanh/s3-origin/S3/Pterocarpus macrocarpus/dọc 3/144.png,Pterocarpus macrocarpus,Pterocarpus,macrocarpus,dọc 3
/kaggle/input/datasets/b23dckh002lvitanh/s3-origin/S3/Pterocarpus macrocarpus/ngang 2/147.png,Pterocarpus macrocarpus,Pterocarpus,macrocarpus,ngang 2
/kaggle/input/datasets/b23dckh002lvitanh/s3-origin/S3/Pterocarpus macrocarpus/ngang 1/116.png,Pterocarpus macrocarpus,Pterocarpus,macrocarpus,ngang 1
/kaggle/input/datasets/b23dckh002lvitanh/s3-origin/S3/Pterocarpus macrocarpus/dọc 1/153.png,Pterocarpus macrocarpus,Pterocarpus,macrocarpus,dọc 1
/kaggle/input/datasets/b23dckh002lvitanh/s3-origin/S3/Pterocarpus macrocarpus/ngang 3/115.png,Pterocarpus macrocarpus,Pterocarpus,macrocarpus,ngang 3
/kaggle/input/datasets/b23dckh002lvitanh/s3-origin/S3/Pterocarpus macrocarpus/dọc 1/113.png,Pterocarpus macrocarpus,Pterocarpus,macrocarpus,dọc 1
/kaggle/input/datasets/b23dckh002lvitanh/s3-origin/S3/Pterocarpus macrocarpus/ngang 1/125.png,Pterocarpus macrocarpus,Pterocarpus,macrocarpus,ngang 1
/kaggle/input/datasets/b23dckh002lvitanh/s3-origin/S3/Pterocarpus macrocarpus/ngang 1/154.png,Pterocarpus macrocarpus,Pterocarpus,macrocarpus,ngang 1
/kaggle/input/datasets/b23dckh002lvitanh/s3-origin/S3/Pterocarpus macrocarpus/ngang 1/159.png,Pterocarpus macrocarpus,Pterocarpus,macrocarpus,ngang 1
/kaggle/input/datasets/b23dckh002lvitanh/s3-origin/S3/Pterocarpus macrocarpus/dọc 2/146.png,Pterocarpus macrocarpus,Pterocarpus,macrocarpus,dọc 2
/kaggle/input/datasets/b23dckh002lvitanh/s3-origin/S3/Pterocarpus macrocarpus/ngang 4/18.png,Pterocarpus macrocarpus,Pterocarpus,macrocarpus,ngang 4
/kaggle/input/datasets/b23dckh002lvitanh/s3-origin/S3/Pterocarpus macrocarpus/ngang 4/163.png,Pterocarpus macrocarpus,Pterocarpus,macrocarpus,ngang 4
/kaggle/input/datasets/b23dckh002lvitanh/s3-origin/S3/Pterocarpus macrocarpus/dọc 3/19.png,Pterocarpus macrocarpus,Pterocarpus,macrocarpus,dọc 3
/kaggle/input/datasets/b23dckh002lvitanh/s3-origin/S3/Pterocarpus macrocarpus/ngang 3/15.png,Pterocarpus macrocarpus,Pterocarpus,macrocarpus,ngang 3
/kaggle/input/datasets/b23dckh002lvitanh/s3-origin/S3/Pterocarpus macrocarpus/ngang 2/146.png,Pterocarpus macrocarpus,Pterocarpus,macrocarpus,ngang 2
/kaggle/input/datasets/b23dckh002lvitanh/s3-origin/S3/Pterocarpus macrocarpus/dọc 2/112.png,Pterocarpus macrocarpus,Pterocarpus,macrocarpus,dọc 2
/kaggle/input/datasets/b23dckh002lvitanh/s3-origin/S3/Pterocarpus macrocarpus/ngang 3/17.png,Pterocarpus macrocarpus,Pterocarpus,macrocarpus,ngang 3
/kaggle/input/datasets/b23dckh002lvitanh/s3-origin/S3/Pterocarpus macrocarpus/dọc 1/117.png,Pterocarpus macrocarpus,Pterocarpus,macrocarpus,dọc 1
/kaggle/input/datasets/b23dckh002lvitanh/s3-origin/S3/Pterocarpus macrocarpus/ngang 1/151.png,Pterocarpus macrocarpus,Pterocarpus,macrocarpus,ngang 1
/kaggle/input/datasets/b23dckh002lvitanh/s3-origin/S3/Pterocarpus macrocarpus/dọc 3/139.png,Pterocarpus macrocarpus,Pterocarpus,macrocarpus,dọc 3
/kaggle/input/datasets/b23dckh002lvitanh/s3-origin/S3/Pterocarpus macrocarpus/dọc 2/132.png,Pterocarpus macrocarpus,Pterocarpus,macrocarpus,dọc 2
/kaggle/input/datasets/b23dckh002lvitanh/s3-origin/S3/Pterocarpus macrocarpus/dọc 1/112.png,Pterocarpus macrocarpus,Pterocarpus,macrocarpus,dọc 1
/kaggle/input/datasets/b23dckh002lvitanh/s3-origin/S3/Pterocarpus macrocarpus/ngang 1/166.png,Pterocarpus macrocarpus,Pterocarpus,macrocarpus,ngang 1
/kaggle/input/datasets/b23dckh002lvitanh/s3-origin/S3/Pterocarpus macrocarpus/dọc 1/146.png,Pterocarpus macrocarpus,Pterocarpus,macrocarpus,dọc 1
/kaggle/input/datasets/b23dckh002lvitanh/s3-origin/S3/Pterocarpus macrocarpus/ngang 1/144.png,Pterocarpus macrocarpus,Pterocarpus,macrocarpus,ngang 1
/kaggle/input/datasets/b23dckh002lvitanh/s3-origin/S3/Pterocarpus macrocarpus/dọc 1/129.png,Pterocarpus macrocarpus,Pterocarpus,macrocarpus,dọc 1
/kaggle/input/datasets/b23dckh002lvitanh/s3-origin/S3/Pterocarpus macrocarpus/ngang 3/132.png,Pterocarpus macrocarpus,Pterocarpus,macrocarpus,ngang 3
/kaggle/input/datasets/b23dckh002lvitanh/s3-origin/S3/Pterocarpus macrocarpus/ngang 1/165.png,Pterocarpus macrocarpus,Pterocarpus,macrocarpus,ngang 1
/kaggle/input/datasets/b23dckh002lvitanh/s3-origin/S3/Pterocarpus macrocarpus/dọc 2/16.png,Pterocarpus macrocarpus,Pterocarpus,macrocarpus,dọc 2
/kaggle/input/datasets/b23dckh002lvitanh/s3-origin/S3/Pterocarpus macrocarpus/ngang 3/145.png,Pterocarpus macrocarpus,Pterocarpus,macrocarpus,ngang 3
/kaggle/input/datasets/b23dckh002lvitanh/s3-origin/S3/Pterocarpus macrocarpus/ngang 2/138.png,Pterocarpus macrocarpus,Pterocarpus,macrocarpus,ngang 2
/kaggle/input/datasets/b23dckh002lvitanh/s3-origin/S3/Pterocarpus macrocarpus/ngang 2/124.png,Pterocarpus macrocarpus,Pterocarpus,macrocarpus,ngang 2
/kaggle/input/datasets/b23dckh002lvitanh/s3-origin/S3/Pterocarpus macrocarpus/dọc 1/128.png,Pterocarpus macrocarpus,Pterocarpus,macrocarpus,dọc 1
/kaggle/input/datasets/b23dckh002lvitanh/s3-origin/S3/Pterocarpus macrocarpus/ngang 4/133.png,Pterocarpus macrocarpus,Pterocarpus,macrocarpus,ngang 4
/kaggle/input/datasets/b23dckh002lvitanh/s3-origin/S3/Pterocarpus macrocarpus/ngang 2/116.png,Pterocarpus macrocarpus,Pterocarpus,macrocarpus,ngang 2
/kaggle/input/datasets/b23dckh002lvitanh/s3-origin/S3/Pterocarpus macrocarpus/dọc 2/136.png,Pterocarpus macrocarpus,Pterocarpus,macrocarpus,dọc 2
/kaggle/input/datasets/b23dckh002lvitanh/s3-origin/S3/Pterocarpus macrocarpus/ngang 2/15.png,Pterocarpus macrocarpus,Pterocarpus,macrocarpus,ngang 2
/kaggle/input/datasets/b23dckh002lvitanh/s3-origin/S3/Pterocarpus macrocarpus/ngang 1/131.png,Pterocarpus macrocarpus,Pterocarpus,macrocarpus,ngang 1
/kaggle/input/datasets/b23dckh002lvitanh/s3-origin/S3/Pterocarpus macrocarpus/ngang 4/14.png,Pterocarpus macrocarpus,Pterocarpus,macrocarpus,ngang 4
/kaggle/input/datasets/b23dckh002lvitanh/s3-origin/S3/Pterocarpus macrocarpus/dọc 2/131.png,Pterocarpus macrocarpus,Pterocarpus,macrocarpus,dọc 2
/kaggle/input/datasets/b23dckh002lvitanh/s3-origin/S3/Pterocarpus macrocarpus/ngang 1/19.png,Pterocarpus macrocarpus,Pterocarpus,macrocarpus,ngang 1
/kaggle/input/datasets/b23dckh002lvitanh/s3-origin/S3/Pterocarpus macrocarpus/ngang 2/121.png,Pterocarpus macrocarpus,Pterocarpus,macrocarpus,ngang 2
/kaggle/input/datasets/b23dckh002lvitanh/s3-origin/S3/Pterocarpus macrocarpus/ngang 1/142.png,Pterocarpus macrocarpus,Pterocarpus,macrocarpus,ngang 1
/kaggle/input/datasets/b23dckh002lvitanh/s3-origin/S3/Pterocarpus macrocarpus/dọc 3/132.png,Pterocarpus macrocarpus,Pterocarpus,macrocarpus,dọc 3
/kaggle/input/datasets/b23dckh002lvitanh/s3-origin/S3/Pterocarpus macrocarpus/dọc 1/138.png,Pterocarpus macrocarpus,Pterocarpus,macrocarpus,dọc 1
/kaggle/input/datasets/b23dckh002lvitanh/s3-origin/S3/Pterocarpus macrocarpus/dọc 3/16.png,Pterocarpus macrocarpus,Pterocarpus,macrocarpus,dọc 3
/kaggle/input/datasets/b23dckh002lvitanh/s3-origin/S3/Pterocarpus macrocarpus/dọc 2/127.png,Pterocarpus macrocarpus,Pterocarpus,macrocarpus,dọc 2
/kaggle/input/datasets/b23dckh002lvitanh/s3-origin/S3/Pterocarpus macrocarpus/dọc 4/116.png,Pterocarpus macrocarpus,Pterocarpus,macrocarpus,dọc 4
/kaggle/input/datasets/b23dckh002lvitanh/s3-origin/S3/Pterocarpus macrocarpus/dọc 3/113.png,Pterocarpus macrocarpus,Pterocarpus,macrocarpus,dọc 3
/kaggle/input/datasets/b23dckh002lvitanh/s3-origin/S3/Pterocarpus macrocarpus/ngang 4/156.png,Pterocarpus macrocarpus,Pterocarpus,macrocarpus,ngang 4
/kaggle/input/datasets/b23dckh002lvitanh/s3-origin/S3/Pterocarpus macrocarpus/dọc 4/122.png,Pterocarpus macrocarpus,Pterocarpus,macrocarpus,dọc 4
/kaggle/input/datasets/b23dckh002lvitanh/s3-origin/S3/Pterocarpus macrocarpus/dọc 3/117.png,Pterocarpus macrocarpus,Pterocarpus,macrocarpus,dọc 3
/kaggle/input/datasets/b23dckh002lvitanh/s3-origin/S3/Pterocarpus macrocarpus/dọc 2/129.png,Pterocarpus macrocarpus,Pterocarpus,macrocarpus,dọc 2
/kaggle/input/datasets/b23dckh002lvitanh/s3-origin/S3/Pterocarpus macrocarpus/dọc 1/151.png,Pterocarpus macrocarpus,Pterocarpus,macrocarpus,dọc 1
/kaggle/input/datasets/b23dckh002lvitanh/s3-origin/S3/Pterocarpus macrocarpus/dọc 1/143.png,Pterocarpus macrocarpus,Pterocarpus,macrocarpus,dọc 1
/kaggle/input/datasets/b23dckh002lvitanh/s3-origin/S3/Pterocarpus macrocarpus/dọc 2/17.png,Pterocarpus macrocarpus,Pterocarpus,macrocarpus,dọc 2
/kaggle/input/datasets/b23dckh002lvitanh/s3-origin/S3/Pterocarpus macrocarpus/ngang 2/110.png,Pterocarpus macrocarpus,Pterocarpus,macrocarpus,ngang 2
/kaggle/input/datasets/b23dckh002lvitanh/s3-origin/S3/Pterocarpus macrocarpus/ngang 3/123.png,Pterocarpus macrocarpus,Pterocarpus,macrocarpus,ngang 3
/kaggle/input/datasets/b23dckh002lvitanh/s3-origin/S3/Pterocarpus macrocarpus/ngang 1/160.png,Pterocarpus macrocarpus,Pterocarpus,macrocarpus,ngang 1
/kaggle/input/datasets/b23dckh002lvitanh/s3-origin/S3/Pterocarpus macrocarpus/ngang 4/121.png,Pterocarpus macrocarpus,Pterocarpus,macrocarpus,ngang 4
/kaggle/input/datasets/b23dckh002lvitanh/s3-origin/S3/Pterocarpus macrocarpus/dọc 1/120.png,Pterocarpus macrocarpus,Pterocarpus,macrocarpus,dọc 1
/kaggle/input/datasets/b23dckh002lvitanh/s3-origin/S3/Pterocarpus macrocarpus/ngang 4/19.png,Pterocarpus macrocarpus,Pterocarpus,macrocarpus,ngang 4
/kaggle/input/datasets/b23dckh002lvitanh/s3-origin/S3/Pterocarpus macrocarpus/dọc 4/121.png,Pterocarpus macrocarpus,Pterocarpus,macrocarpus,dọc 4
/kaggle/input/datasets/b23dckh002lvitanh/s3-origin/S3/Pterocarpus macrocarpus/ngang 2/141.png,Pterocarpus macrocarpus,Pterocarpus,macrocarpus,ngang 2
/kaggle/input/datasets/b23dckh002lvitanh/s3-origin/S3/Pterocarpus macrocarpus/ngang 3/13.png,Pterocarpus macrocarpus,Pterocarpus,macrocarpus,ngang 3
/kaggle/input/datasets/b23dckh002lvitanh/s3-origin/S3/Pterocarpus macrocarpus/ngang 3/112.png,Pterocarpus macrocarpus,Pterocarpus,macrocarpus,ngang 3
/kaggle/input/datasets/b23dckh002lvitanh/s3-origin/S3/Pterocarpus macrocarpus/ngang 4/138.png,Pterocarpus macrocarpus,Pterocarpus,macrocarpus,ngang 4
/kaggle/input/datasets/b23dckh002lvitanh/s3-origin/S3/Pterocarpus macrocarpus/ngang 4/122.png,Pterocarpus macrocarpus,Pterocarpus,macrocarpus,ngang 4
/kaggle/input/datasets/b23dckh002lvitanh/s3-origin/S3/Pterocarpus macrocarpus/ngang 4/132.png,Pterocarpus macrocarpus,Pterocarpus,macrocarpus,ngang 4
/kaggle/input/datasets/b23dckh002lvitanh/s3-origin/S3/Pterocarpus macrocarpus/ngang 3/117.png,Pterocarpus macrocarpus,Pterocarpus,macrocarpus,ngang 3
/kaggle/input/datasets/b23dckh002lvitanh/s3-origin/S3/Pterocarpus macrocarpus/dọc 2/134.png,Pterocarpus macrocarpus,Pterocarpus,macrocarpus,dọc 2
/kaggle/input/datasets/b23dckh002lvitanh/s3-origin/S3/Pterocarpus macrocarpus/dọc 3/147.png,Pterocarpus macrocarpus,Pterocarpus,macrocarpus,dọc 3
/kaggle/input/datasets/b23dckh002lvitanh/s3-origin/S3/Pterocarpus macrocarpus/ngang 1/157.png,Pterocarpus macrocarpus,Pterocarpus,macrocarpus,ngang 1
/kaggle/input/datasets/b23dckh002lvitanh/s3-origin/S3/Pterocarpus macrocarpus/ngang 2/12.png,Pterocarpus macrocarpus,Pterocarpus,macrocarpus,ngang 2
/kaggle/input/datasets/b23dckh002lvitanh/s3-origin/S3/Pterocarpus macrocarpus/dọc 4/123.png,Pterocarpus macrocarpus,Pterocarpus,macrocarpus,dọc 4
/kaggle/input/datasets/b23dckh002lvitanh/s3-origin/S3/Pterocarpus macrocarpus/ngang 4/140.png,Pterocarpus macrocarpus,Pterocarpus,macrocarpus,ngang 4
/kaggle/input/datasets/b23dckh002lvitanh/s3-origin/S3/Pterocarpus macrocarpus/ngang 2/134.png,Pterocarpus macrocarpus,Pterocarpus,macrocarpus,ngang 2
/kaggle/input/datasets/b23dckh002lvitanh/s3-origin/S3/Pterocarpus macrocarpus/ngang 1/123.png,Pterocarpus macrocarpus,Pterocarpus,macrocarpus,ngang 1
/kaggle/input/datasets/b23dckh002lvitanh/s3-origin/S3/Pterocarpus macrocarpus/dọc 1/127.png,Pterocarpus macrocarpus,Pterocarpus,macrocarpus,dọc 1
/kaggle/input/datasets/b23dckh002lvitanh/s3-origin/S3/Pterocarpus macrocarpus/ngang 3/118.png,Pterocarpus macrocarpus,Pterocarpus,macrocarpus,ngang 3
/kaggle/input/datasets/b23dckh002lvitanh/s3-origin/S3/Pterocarpus macrocarpus/ngang 4/165.png,Pterocarpus macrocarpus,Pterocarpus,macrocarpus,ngang 4
/kaggle/input/datasets/b23dckh002lvitanh/s3-origin/S3/Pterocarpus macrocarpus/dọc 3/133.png,Pterocarpus macrocarpus,Pterocarpus,macrocarpus,dọc 3
/kaggle/input/datasets/b23dckh002lvitanh/s3-origin/S3/Pterocarpus macrocarpus/ngang 2/112.png,Pterocarpus macrocarpus,Pterocarpus,macrocarpus,ngang 2
/kaggle/input/datasets/b23dckh002lvitanh/s3-origin/S3/Pterocarpus macrocarpus/ngang 1/124.png,Pterocarpus macrocarpus,Pterocarpus,macrocarpus,ngang 1
/kaggle/input/datasets/b23dckh002lvitanh/s3-origin/S3/Pterocarpus macrocarpus/dọc 3/18.png,Pterocarpus macrocarpus,Pterocarpus,macrocarpus,dọc 3
/kaggle/input/datasets/b23dckh002lvitanh/s3-origin/S3/Pterocarpus macrocarpus/ngang 4/153.png,Pterocarpus macrocarpus,Pterocarpus,macrocarpus,ngang 4
/kaggle/input/datasets/b23dckh002lvitanh/s3-origin/S3/Pterocarpus macrocarpus/ngang 1/163.png,Pterocarpus macrocarpus,Pterocarpus,macrocarpus,ngang 1
/kaggle/input/datasets/b23dckh002lvitanh/s3-origin/S3/Pterocarpus macrocarpus/dọc 1/11.png,Pterocarpus macrocarpus,Pterocarpus,macrocarpus,dọc 1
/kaggle/input/datasets/b23dckh002lvitanh/s3-origin/S3/Pterocarpus macrocarpus/dọc 4/110.png,Pterocarpus macrocarpus,Pterocarpus,macrocarpus,dọc 4
/kaggle/input/datasets/b23dckh002lvitanh/s3-origin/S3/Pterocarpus macrocarpus/ngang 2/144.png,Pterocarpus macrocarpus,Pterocarpus,macrocarpus,ngang 2
/kaggle/input/datasets/b23dckh002lvitanh/s3-origin/S3/Pterocarpus macrocarpus/dọc 3/123.png,Pterocarpus macrocarpus,Pterocarpus,macrocarpus,dọc 3
/kaggle/input/datasets/b23dckh002lvitanh/s3-origin/S3/Pterocarpus macrocarpus/ngang 2/10.png,Pterocarpus macrocarpus,Pterocarpus,macrocarpus,ngang 2
/kaggle/input/datasets/b23dckh002lvitanh/s3-origin/S3/Pterocarpus macrocarpus/ngang 3/18.png,Pterocarpus macrocarpus,Pterocarpus,macrocarpus,ngang 3
/kaggle/input/datasets/b23dckh002lvitanh/s3-origin/S3/Pterocarpus macrocarpus/dọc 4/111.png,Pterocarpus macrocarpus,Pterocarpus,macrocarpus,dọc 4
/kaggle/input/datasets/b23dckh002lvitanh/s3-origin/S3/Pterocarpus macrocarpus/ngang 1/118.png,Pterocarpus macrocarpus,Pterocarpus,macrocarpus,ngang 1
/kaggle/input/datasets/b23dckh002lvitanh/s3-origin/S3/Pterocarpus macrocarpus/ngang 2/143.png,Pterocarpus macrocarpus,Pterocarpus,macrocarpus,ngang 2
/kaggle/input/datasets/b23dckh002lvitanh/s3-origin/S3/Pterocarpus macrocarpus/ngang 4/13.png,Pterocarpus macrocarpus,Pterocarpus,macrocarpus,ngang 4
/kaggle/input/datasets/b23dckh002lvitanh/s3-origin/S3/Pterocarpus macrocarpus/ngang 4/120.png,Pterocarpus macrocarpus,Pterocarpus,macrocarpus,ngang 4
/kaggle/input/datasets/b23dckh002lvitanh/s3-origin/S3/Pterocarpus macrocarpus/ngang 4/157.png,Pterocarpus macrocarpus,Pterocarpus,macrocarpus,ngang 4
/kaggle/input/datasets/b23dckh002lvitanh/s3-origin/S3/Pterocarpus macrocarpus/ngang 1/136.png,Pterocarpus macrocarpus,Pterocarpus,macrocarpus,ngang 1
/kaggle/input/datasets/b23dckh002lvitanh/s3-origin/S3/Pterocarpus macrocarpus/ngang 2/129.png,Pterocarpus macrocarpus,Pterocarpus,macrocarpus,ngang 2
/kaggle/input/datasets/b23dckh002lvitanh/s3-origin/S3/Pterocarpus macrocarpus/dọc 1/133.png,Pterocarpus macrocarpus,Pterocarpus,macrocarpus,dọc 1
/kaggle/input/datasets/b23dckh002lvitanh/s3-origin/S3/Pterocarpus macrocarpus/ngang 4/161.png,Pterocarpus macrocarpus,Pterocarpus,macrocarpus,ngang 4
/kaggle/input/datasets/b23dckh002lvitanh/s3-origin/S3/Pterocarpus macrocarpus/dọc 3/114.png,Pterocarpus macrocarpus,Pterocarpus,macrocarpus,dọc 3
/kaggle/input/datasets/b23dckh002lvitanh/s3-origin/S3/Pterocarpus macrocarpus/ngang 2/140.png,Pterocarpus macrocarpus,Pterocarpus,macrocarpus,ngang 2
/kaggle/input/datasets/b23dckh002lvitanh/s3-origin/S3/Pterocarpus macrocarpus/ngang 1/126.png,Pterocarpus macrocarpus,Pterocarpus,macrocarpus,ngang 1
/kaggle/input/datasets/b23dckh002lvitanh/s3-origin/S3/Pterocarpus macrocarpus/ngang 1/146.png,Pterocarpus macrocarpus,Pterocarpus,macrocarpus,ngang 1
/kaggle/input/datasets/b23dckh002lvitanh/s3-origin/S3/Pterocarpus macrocarpus/ngang 3/136.png,Pterocarpus macrocarpus,Pterocarpus,macrocarpus,ngang 3
/kaggle/input/datasets/b23dckh002lvitanh/s3-origin/S3/Pterocarpus macrocarpus/dọc 1/18.png,Pterocarpus macrocarpus,Pterocarpus,macrocarpus,dọc 1
/kaggle/input/datasets/b23dckh002lvitanh/s3-origin/S3/Pterocarpus macrocarpus/dọc 2/135.png,Pterocarpus macrocarpus,Pterocarpus,macrocarpus,dọc 2
/kaggle/input/datasets/b23dckh002lvitanh/s3-origin/S3/Pterocarpus macrocarpus/ngang 4/134.png,Pterocarpus macrocarpus,Pterocarpus,macrocarpus,ngang 4
/kaggle/input/datasets/b23dckh002lvitanh/s3-origin/S3/Pterocarpus macrocarpus/dọc 2/139.png,Pterocarpus macrocarpus,Pterocarpus,macrocarpus,dọc 2
/kaggle/input/datasets/b23dckh002lvitanh/s3-origin/S3/Pterocarpus macrocarpus/dọc 2/125.png,Pterocarpus macrocarpus,Pterocarpus,macrocarpus,dọc 2
/kaggle/input/datasets/b23dckh002lvitanh/s3-origin/S3/Pterocarpus macrocarpus/ngang 4/114.png,Pterocarpus macrocarpus,Pterocarpus,macrocarpus,ngang 4
/kaggle/input/datasets/b23dckh002lvitanh/s3-origin/S3/Pterocarpus macrocarpus/ngang 4/141.png,Pterocarpus macrocarpus,Pterocarpus,macrocarpus,ngang 4
/kaggle/input/datasets/b23dckh002lvitanh/s3-origin/S3/Pterocarpus macrocarpus/ngang 1/158.png,Pterocarpus macrocarpus,Pterocarpus,macrocarpus,ngang 1
/kaggle/input/datasets/b23dckh002lvitanh/s3-origin/S3/Pterocarpus macrocarpus/ngang 4/145.png,Pterocarpus macrocarpus,Pterocarpus,macrocarpus,ngang 4
/kaggle/input/datasets/b23dckh002lvitanh/s3-origin/S3/Pterocarpus macrocarpus/ngang 3/147.png,Pterocarpus macrocarpus,Pterocarpus,macrocarpus,ngang 3
/kaggle/input/datasets/b23dckh002lvitanh/s3-origin/S3/Pterocarpus macrocarpus/ngang 4/127.png,Pterocarpus macrocarpus,Pterocarpus,macrocarpus,ngang 4
/kaggle/input/datasets/b23dckh002lvitanh/s3-origin/S3/Pterocarpus macrocarpus/dọc 1/116.png,Pterocarpus macrocarpus,Pterocarpus,macrocarpus,dọc 1
/kaggle/input/datasets/b23dckh002lvitanh/s3-origin/S3/Pterocarpus macrocarpus/dọc 3/136.png,Pterocarpus macrocarpus,Pterocarpus,macrocarpus,dọc 3
/kaggle/input/datasets/b23dckh002lvitanh/s3-origin/S3/Pterocarpus macrocarpus/ngang 2/152.png,Pterocarpus macrocarpus,Pterocarpus,macrocarpus,ngang 2
/kaggle/input/datasets/b23dckh002lvitanh/s3-origin/S3/Pterocarpus macrocarpus/ngang 1/117.png,Pterocarpus macrocarpus,Pterocarpus,macrocarpus,ngang 1
/kaggle/input/datasets/b23dckh002lvitanh/s3-origin/S3/Pterocarpus macrocarpus/dọc 3/135.png,Pterocarpus macrocarpus,Pterocarpus,macrocarpus,dọc 3
/kaggle/input/datasets/b23dckh002lvitanh/s3-origin/S3/Pterocarpus macrocarpus/ngang 2/123.png,Pterocarpus macrocarpus,Pterocarpus,macrocarpus,ngang 2
/kaggle/input/datasets/b23dckh002lvitanh/s3-origin/S3/Pterocarpus macrocarpus/ngang 2/150.png,Pterocarpus macrocarpus,Pterocarpus,macrocarpus,ngang 2
/kaggle/input/datasets/b23dckh002lvitanh/s3-origin/S3/Pterocarpus macrocarpus/ngang 2/151.png,Pterocarpus macrocarpus,Pterocarpus,macrocarpus,ngang 2
/kaggle/input/datasets/b23dckh002lvitanh/s3-origin/S3/Pterocarpus macrocarpus/ngang 1/140.png,Pterocarpus macrocarpus,Pterocarpus,macrocarpus,ngang 1
/kaggle/input/datasets/b23dckh002lvitanh/s3-origin/S3/Pterocarpus macrocarpus/dọc 1/126.png,Pterocarpus macrocarpus,Pterocarpus,macrocarpus,dọc 1
/kaggle/input/datasets/b23dckh002lvitanh/s3-origin/S3/Pterocarpus macrocarpus/ngang 1/164.png,Pterocarpus macrocarpus,Pterocarpus,macrocarpus,ngang 1
/kaggle/input/datasets/b23dckh002lvitanh/s3-origin/S3/Pterocarpus macrocarpus/dọc 1/139.png,Pterocarpus macrocarpus,Pterocarpus,macrocarpus,dọc 1
/kaggle/input/datasets/b23dckh002lvitanh/s3-origin/S3/Pterocarpus macrocarpus/dọc 1/147.png,Pterocarpus macrocarpus,Pterocarpus,macrocarpus,dọc 1
/kaggle/input/datasets/b23dckh002lvitanh/s3-origin/S3/Pterocarpus macrocarpus/ngang 1/15.png,Pterocarpus macrocarpus,Pterocarpus,macrocarpus,ngang 1
/kaggle/input/datasets/b23dckh002lvitanh/s3-origin/S3/Pterocarpus macrocarpus/ngang 1/161.png,Pterocarpus macrocarpus,Pterocarpus,macrocarpus,ngang 1
/kaggle/input/datasets/b23dckh002lvitanh/s3-origin/S3/Pterocarpus macrocarpus/ngang 2/145.png,Pterocarpus macrocarpus,Pterocarpus,macrocarpus,ngang 2
/kaggle/input/datasets/b23dckh002lvitanh/s3-origin/S3/Pterocarpus macrocarpus/ngang 3/113.png,Pterocarpus macrocarpus,Pterocarpus,macrocarpus,ngang 3
/kaggle/input/datasets/b23dckh002lvitanh/s3-origin/S3/Pterocarpus macrocarpus/ngang 4/125.png,Pterocarpus macrocarpus,Pterocarpus,macrocarpus,ngang 4
/kaggle/input/datasets/b23dckh002lvitanh/s3-origin/S3/Pterocarpus macrocarpus/ngang 2/137.png,Pterocarpus macrocarpus,Pterocarpus,macrocarpus,ngang 2
/kaggle/input/datasets/b23dckh002lvitanh/s3-origin/S3/Pterocarpus macrocarpus/ngang 3/110.png,Pterocarpus macrocarpus,Pterocarpus,macrocarpus,ngang 3
/kaggle/input/datasets/b23dckh002lvitanh/s3-origin/S3/Pterocarpus macrocarpus/ngang 1/141.png,Pterocarpus macrocarpus,Pterocarpus,macrocarpus,ngang 1
/kaggle/input/datasets/b23dckh002lvitanh/s3-origin/S3/Pterocarpus macrocarpus/ngang 1/145.png,Pterocarpus macrocarpus,Pterocarpus,macrocarpus,ngang 1
/kaggle/input/datasets/b23dckh002lvitanh/s3-origin/S3/Pterocarpus macrocarpus/dọc 2/119.png,Pterocarpus macrocarpus,Pterocarpus,macrocarpus,dọc 2
/kaggle/input/datasets/b23dckh002lvitanh/s3-origin/S3/Pterocarpus macrocarpus/ngang 4/115.png,Pterocarpus macrocarpus,Pterocarpus,macrocarpus,ngang 4
/kaggle/input/datasets/b23dckh002lvitanh/s3-origin/S3/Pterocarpus macrocarpus/ngang 4/142.png,Pterocarpus macrocarpus,Pterocarpus,macrocarpus,ngang 4
/kaggle/input/datasets/b23dckh002lvitanh/s3-origin/S3/Pterocarpus macrocarpus/ngang 4/17.png,Pterocarpus macrocarpus,Pterocarpus,macrocarpus,ngang 4
/kaggle/input/datasets/b23dckh002lvitanh/s3-origin/S3/Pterocarpus macrocarpus/dọc 4/131.png,Pterocarpus macrocarpus,Pterocarpus,macrocarpus,dọc 4
/kaggle/input/datasets/b23dckh002lvitanh/s3-origin/S3/Pterocarpus macrocarpus/ngang 2/130.png,Pterocarpus macrocarpus,Pterocarpus,macrocarpus,ngang 2
/kaggle/input/datasets/b23dckh002lvitanh/s3-origin/S3/Pterocarpus macrocarpus/ngang 4/137.png,Pterocarpus macrocarpus,Pterocarpus,macrocarpus,ngang 4
/kaggle/input/datasets/b23dckh002lvitanh/s3-origin/S3/Pterocarpus macrocarpus/ngang 1/130.png,Pterocarpus macrocarpus,Pterocarpus,macrocarpus,ngang 1
/kaggle/input/datasets/b23dckh002lvitanh/s3-origin/S3/Pterocarpus macrocarpus/dọc 4/16.png,Pterocarpus macrocarpus,Pterocarpus,macrocarpus,dọc 4
/kaggle/input/datasets/b23dckh002lvitanh/s3-origin/S3/Pterocarpus macrocarpus/dọc 3/121.png,Pterocarpus macrocarpus,Pterocarpus,macrocarpus,dọc 3
/kaggle/input/datasets/b23dckh002lvitanh/s3-origin/S3/Pterocarpus macrocarpus/ngang 4/16.png,Pterocarpus macrocarpus,Pterocarpus,macrocarpus,ngang 4
/kaggle/input/datasets/b23dckh002lvitanh/s3-origin/S3/Pterocarpus macrocarpus/dọc 3/140.png,Pterocarpus macrocarpus,Pterocarpus,macrocarpus,dọc 3
/kaggle/input/datasets/b23dckh002lvitanh/s3-origin/S3/Pterocarpus macrocarpus/ngang 1/112.png,Pterocarpus macrocarpus,Pterocarpus,macrocarpus,ngang 1
/kaggle/input/datasets/b23dckh002lvitanh/s3-origin/S3/Pterocarpus macrocarpus/ngang 2/111.png,Pterocarpus macrocarpus,Pterocarpus,macrocarpus,ngang 2
/kaggle/input/datasets/b23dckh002lvitanh/s3-origin/S3/Pterocarpus macrocarpus/ngang 4/171.png,Pterocarpus macrocarpus,Pterocarpus,macrocarpus,ngang 4
/kaggle/input/datasets/b23dckh002lvitanh/s3-origin/S3/Pterocarpus macrocarpus/dọc 3/11.png,Pterocarpus macrocarpus,Pterocarpus,macrocarpus,dọc 3
/kaggle/input/datasets/b23dckh002lvitanh/s3-origin/S3/Pterocarpus macrocarpus/dọc 4/118.png,Pterocarpus macrocarpus,Pterocarpus,macrocarpus,dọc 4
/kaggle/input/datasets/b23dckh002lvitanh/s3-origin/S3/Pterocarpus macrocarpus/ngang 1/10.png,Pterocarpus macrocarpus,Pterocarpus,macrocarpus,ngang 1
/kaggle/input/datasets/b23dckh002lvitanh/s3-origin/S3/Pterocarpus macrocarpus/ngang 3/10.png,Pterocarpus macrocarpus,Pterocarpus,macrocarpus,ngang 3
/kaggle/input/datasets/b23dckh002lvitanh/s3-origin/S3/Pterocarpus macrocarpus/dọc 3/14.png,Pterocarpus macrocarpus,Pterocarpus,macrocarpus,dọc 3
/kaggle/input/datasets/b23dckh002lvitanh/s3-origin/S3/Pterocarpus macrocarpus/dọc 1/135.png,Pterocarpus macrocarpus,Pterocarpus,macrocarpus,dọc 1
/kaggle/input/datasets/b23dckh002lvitanh/s3-origin/S3/Pterocarpus macrocarpus/dọc 2/140.png,Pterocarpus macrocarpus,Pterocarpus,macrocarpus,dọc 2
/kaggle/input/datasets/b23dckh002lvitanh/s3-origin/S3/Pterocarpus macrocarpus/ngang 1/13.png,Pterocarpus macrocarpus,Pterocarpus,macrocarpus,ngang 1
/kaggle/input/datasets/b23dckh002lvitanh/s3-origin/S3/Pterocarpus macrocarpus/dọc 1/121.png,Pterocarpus macrocarpus,Pterocarpus,macrocarpus,dọc 1
/kaggle/input/datasets/b23dckh002lvitanh/s3-origin/S3/Pterocarpus macrocarpus/dọc 3/138.png,Pterocarpus macrocarpus,Pterocarpus,macrocarpus,dọc 3
/kaggle/input/datasets/b23dckh002lvitanh/s3-origin/S3/Pterocarpus macrocarpus/ngang 2/19.png,Pterocarpus macrocarpus,Pterocarpus,macrocarpus,ngang 2
/kaggle/input/datasets/b23dckh002lvitanh/s3-origin/S3/Pterocarpus macrocarpus/ngang 4/128.png,Pterocarpus macrocarpus,Pterocarpus,macrocarpus,ngang 4
/kaggle/input/datasets/b23dckh002lvitanh/s3-origin/S3/Pterocarpus macrocarpus/dọc 1/114.png,Pterocarpus macrocarpus,Pterocarpus,macrocarpus,dọc 1
/kaggle/input/datasets/b23dckh002lvitanh/s3-origin/S3/Pterocarpus macrocarpus/ngang 4/160.png,Pterocarpus macrocarpus,Pterocarpus,macrocarpus,ngang 4
/kaggle/input/datasets/b23dckh002lvitanh/s3-origin/S3/Pterocarpus macrocarpus/ngang 3/125.png,Pterocarpus macrocarpus,Pterocarpus,macrocarpus,ngang 3
/kaggle/input/datasets/b23dckh002lvitanh/s3-origin/S3/Pterocarpus macrocarpus/ngang 3/19.png,Pterocarpus macrocarpus,Pterocarpus,macrocarpus,ngang 3
/kaggle/input/datasets/b23dckh002lvitanh/s3-origin/S3/Pterocarpus macrocarpus/dọc 1/111.png,Pterocarpus macrocarpus,Pterocarpus,macrocarpus,dọc 1
/kaggle/input/datasets/b23dckh002lvitanh/s3-origin/S3/Pterocarpus macrocarpus/ngang 3/134.png,Pterocarpus macrocarpus,Pterocarpus,macrocarpus,ngang 3
/kaggle/input/datasets/b23dckh002lvitanh/s3-origin/S3/Pterocarpus macrocarpus/ngang 3/122.png,Pterocarpus macrocarpus,Pterocarpus,macrocarpus,ngang 3
/kaggle/input/datasets/b23dckh002lvitanh/s3-origin/S3/Pterocarpus macrocarpus/ngang 4/15.png,Pterocarpus macrocarpus,Pterocarpus,macrocarpus,ngang 4
/kaggle/input/datasets/b23dckh002lvitanh/s3-origin/S3/Pterocarpus macrocarpus/ngang 4/118.png,Pterocarpus macrocarpus,Pterocarpus,macrocarpus,ngang 4
/kaggle/input/datasets/b23dckh002lvitanh/s3-origin/S3/Pterocarpus macrocarpus/dọc 3/17.png,Pterocarpus macrocarpus,Pterocarpus,macrocarpus,dọc 3
/kaggle/input/datasets/b23dckh002lvitanh/s3-origin/S3/Pterocarpus macrocarpus/ngang 2/135.png,Pterocarpus macrocarpus,Pterocarpus,macrocarpus,ngang 2
/kaggle/input/datasets/b23dckh002lvitanh/s3-origin/S3/Pterocarpus macrocarpus/ngang 1/11.png,Pterocarpus macrocarpus,Pterocarpus,macrocarpus,ngang 1
/kaggle/input/datasets/b23dckh002lvitanh/s3-origin/S3/Pterocarpus macrocarpus/ngang 4/150.png,Pterocarpus macrocarpus,Pterocarpus,macrocarpus,ngang 4
/kaggle/input/datasets/b23dckh002lvitanh/s3-origin/S3/Pterocarpus macrocarpus/dọc 3/142.png,Pterocarpus macrocarpus,Pterocarpus,macrocarpus,dọc 3
/kaggle/input/datasets/b23dckh002lvitanh/s3-origin/S3/Pterocarpus macrocarpus/ngang 3/150.png,Pterocarpus macrocarpus,Pterocarpus,macrocarpus,ngang 3
/kaggle/input/datasets/b23dckh002lvitanh/s3-origin/S3/Pterocarpus macrocarpus/ngang 1/152.png,Pterocarpus macrocarpus,Pterocarpus,macrocarpus,ngang 1
/kaggle/input/datasets/b23dckh002lvitanh/s3-origin/S3/Pterocarpus macrocarpus/ngang 2/148.png,Pterocarpus macrocarpus,Pterocarpus,macrocarpus,ngang 2
/kaggle/input/datasets/b23dckh002lvitanh/s3-origin/S3/Pterocarpus macrocarpus/ngang 1/17.png,Pterocarpus macrocarpus,Pterocarpus,macrocarpus,ngang 1
/kaggle/input/datasets/b23dckh002lvitanh/s3-origin/S3/Pterocarpus macrocarpus/dọc 3/118.png,Pterocarpus macrocarpus,Pterocarpus,macrocarpus,dọc 3
/kaggle/input/datasets/b23dckh002lvitanh/s3-origin/S3/Pterocarpus macrocarpus/ngang 1/138.png,Pterocarpus macrocarpus,Pterocarpus,macrocarpus,ngang 1
/kaggle/input/datasets/b23dckh002lvitanh/s3-origin/S3/Pterocarpus macrocarpus/ngang 1/111.png,Pterocarpus macrocarpus,Pterocarpus,macrocarpus,ngang 1
/kaggle/input/datasets/b23dckh002lvitanh/s3-origin/S3/Pterocarpus macrocarpus/ngang 3/11.png,Pterocarpus macrocarpus,Pterocarpus,macrocarpus,ngang 3
/kaggle/input/datasets/b23dckh002lvitanh/s3-origin/S3/Pterocarpus macrocarpus/dọc 2/144.png,Pterocarpus macrocarpus,Pterocarpus,macrocarpus,dọc 2
/kaggle/input/datasets/b23dckh002lvitanh/s3-origin/S3/Pterocarpus macrocarpus/ngang 3/124.png,Pterocarpus macrocarpus,Pterocarpus,macrocarpus,ngang 3
/kaggle/input/datasets/b23dckh002lvitanh/s3-origin/S3/Pterocarpus macrocarpus/dọc 1/142.png,Pterocarpus macrocarpus,Pterocarpus,macrocarpus,dọc 1
/kaggle/input/datasets/b23dckh002lvitanh/s3-origin/S3/Pterocarpus macrocarpus/dọc 4/19.png,Pterocarpus macrocarpus,Pterocarpus,macrocarpus,dọc 4
/kaggle/input/datasets/b23dckh002lvitanh/s3-origin/S3/Pterocarpus macrocarpus/dọc 1/130.png,Pterocarpus macrocarpus,Pterocarpus,macrocarpus,dọc 1
/kaggle/input/datasets/b23dckh002lvitanh/s3-origin/S3/Pterocarpus macrocarpus/dọc 4/120.png,Pterocarpus macrocarpus,Pterocarpus,macrocarpus,dọc 4
/kaggle/input/datasets/b23dckh002lvitanh/s3-origin/S3/Pterocarpus macrocarpus/dọc 3/10.png,Pterocarpus macrocarpus,Pterocarpus,macrocarpus,dọc 3
/kaggle/input/datasets/b23dckh002lvitanh/s3-origin/S3/Pterocarpus macrocarpus/ngang 2/131.png,Pterocarpus macrocarpus,Pterocarpus,macrocarpus,ngang 2
/kaggle/input/datasets/b23dckh002lvitanh/s3-origin/S3/Pterocarpus macrocarpus/dọc 2/152.png,Pterocarpus macrocarpus,Pterocarpus,macrocarpus,dọc 2
/kaggle/input/datasets/b23dckh002lvitanh/s3-origin/S3/Pterocarpus macrocarpus/dọc 1/110.png,Pterocarpus macrocarpus,Pterocarpus,macrocarpus,dọc 1
/kaggle/input/datasets/b23dckh002lvitanh/s3-origin/S3/Pterocarpus macrocarpus/ngang 4/112.png,Pterocarpus macrocarpus,Pterocarpus,macrocarpus,ngang 4
/kaggle/input/datasets/b23dckh002lvitanh/s3-origin/S3/Pterocarpus macrocarpus/ngang 3/111.png,Pterocarpus macrocarpus,Pterocarpus,macrocarpus,ngang 3
/kaggle/input/datasets/b23dckh002lvitanh/s3-origin/S3/Pterocarpus macrocarpus/dọc 4/129.png,Pterocarpus macrocarpus,Pterocarpus,macrocarpus,dọc 4
/kaggle/input/datasets/b23dckh002lvitanh/s3-origin/S3/Pterocarpus macrocarpus/dọc 2/138.png,Pterocarpus macrocarpus,Pterocarpus,macrocarpus,dọc 2
/kaggle/input/datasets/b23dckh002lvitanh/s3-origin/S3/Pterocarpus macrocarpus/ngang 1/132.png,Pterocarpus macrocarpus,Pterocarpus,macrocarpus,ngang 1
/kaggle/input/datasets/b23dckh002lvitanh/s3-origin/S3/Pterocarpus macrocarpus/dọc 3/128.png,Pterocarpus macrocarpus,Pterocarpus,macrocarpus,dọc 3
/kaggle/input/datasets/b23dckh002lvitanh/s3-origin/S3/Pterocarpus macrocarpus/dọc 2/133.png,Pterocarpus macrocarpus,Pterocarpus,macrocarpus,dọc 2
/kaggle/input/datasets/b23dckh002lvitanh/s3-origin/S3/Pterocarpus soyauxii/ngang 1/149.png,Pterocarpus soyauxii,Pterocarpus,soyauxii,ngang 1
/kaggle/input/datasets/b23dckh002lvitanh/s3-origin/S3/Pterocarpus soyauxii/ngang 3/122.png,Pterocarpus soyauxii,Pterocarpus,soyauxii,ngang 3
/kaggle/input/datasets/b23dckh002lvitanh/s3-origin/S3/Pterocarpus soyauxii/dọc 2/154.png,Pterocarpus soyauxii,Pterocarpus,soyauxii,dọc 2
/kaggle/input/datasets/b23dckh002lvitanh/s3-origin/S3/Pterocarpus soyauxii/dọc 3/14.png,Pterocarpus soyauxii,Pterocarpus,soyauxii,dọc 3
/kaggle/input/datasets/b23dckh002lvitanh/s3-origin/S3/Pterocarpus soyauxii/dọc 2/188.png,Pterocarpus soyauxii,Pterocarpus,soyauxii,dọc 2
/kaggle/input/datasets/b23dckh002lvitanh/s3-origin/S3/Pterocarpus soyauxii/ngang 1/138.png,Pterocarpus soyauxii,Pterocarpus,soyauxii,ngang 1
/kaggle/input/datasets/b23dckh002lvitanh/s3-origin/S3/Pterocarpus soyauxii/dọc 1/131.png,Pterocarpus soyauxii,Pterocarpus,soyauxii,dọc 1
/kaggle/input/datasets/b23dckh002lvitanh/s3-origin/S3/Pterocarpus soyauxii/ngang 2/1111.png,Pterocarpus soyauxii,Pterocarpus,soyauxii,ngang 2
/kaggle/input/datasets/b23dckh002lvitanh/s3-origin/S3/Pterocarpus soyauxii/ngang 3/12.png,Pterocarpus soyauxii,Pterocarpus,soyauxii,ngang 3
/kaggle/input/datasets/b23dckh002lvitanh/s3-origin/S3/Pterocarpus soyauxii/dọc 1/159.png,Pterocarpus soyauxii,Pterocarpus,soyauxii,dọc 1
/kaggle/input/datasets/b23dckh002lvitanh/s3-origin/S3/Pterocarpus soyauxii/dọc 1/139.png,Pterocarpus soyauxii,Pterocarpus,soyauxii,dọc 1
/kaggle/input/datasets/b23dckh002lvitanh/s3-origin/S3/Pterocarpus soyauxii/dọc 2/160.png,Pterocarpus soyauxii,Pterocarpus,soyauxii,dọc 2
/kaggle/input/datasets/b23dckh002lvitanh/s3-origin/S3/Pterocarpus soyauxii/dọc 1/10.png,Pterocarpus soyauxii,Pterocarpus,soyauxii,dọc 1
/kaggle/input/datasets/b23dckh002lvitanh/s3-origin/S3/Pterocarpus soyauxii/dọc 3/125.png,Pterocarpus soyauxii,Pterocarpus,soyauxii,dọc 3
/kaggle/input/datasets/b23dckh002lvitanh/s3-origin/S3/Pterocarpus soyauxii/ngang 1/123.png,Pterocarpus soyauxii,Pterocarpus,soyauxii,ngang 1
/kaggle/input/datasets/b23dckh002lvitanh/s3-origin/S3/Pterocarpus soyauxii/dọc 1/14.png,Pterocarpus soyauxii,Pterocarpus,soyauxii,dọc 1
/kaggle/input/datasets/b23dckh002lvitanh/s3-origin/S3/Pterocarpus soyauxii/dọc 3/126.png,Pterocarpus soyauxii,Pterocarpus,soyauxii,dọc 3
/kaggle/input/datasets/b23dckh002lvitanh/s3-origin/S3/Pterocarpus soyauxii/ngang 3/145.png,Pterocarpus soyauxii,Pterocarpus,soyauxii,ngang 3
/kaggle/input/datasets/b23dckh002lvitanh/s3-origin/S3/Pterocarpus soyauxii/dọc 2/17.png,Pterocarpus soyauxii,Pterocarpus,soyauxii,dọc 2
/kaggle/input/datasets/b23dckh002lvitanh/s3-origin/S3/Pterocarpus soyauxii/dọc 3/136.png,Pterocarpus soyauxii,Pterocarpus,soyauxii,dọc 3
/kaggle/input/datasets/b23dckh002lvitanh/s3-origin/S3/Pterocarpus soyauxii/dọc 2/114.png,Pterocarpus soyauxii,Pterocarpus,soyauxii,dọc 2
/kaggle/input/datasets/b23dckh002lvitanh/s3-origin/S3/Pterocarpus soyauxii/ngang 2/182.png,Pterocarpus soyauxii,Pterocarpus,soyauxii,ngang 2
/kaggle/input/datasets/b23dckh002lvitanh/s3-origin/S3/Pterocarpus soyauxii/dọc 2/137.png,Pterocarpus soyauxii,Pterocarpus,soyauxii,dọc 2
/kaggle/input/datasets/b23dckh002lvitanh/s3-origin/S3/Pterocarpus soyauxii/dọc 1/153.png,Pterocarpus soyauxii,Pterocarpus,soyauxii,dọc 1
/kaggle/input/datasets/b23dckh002lvitanh/s3-origin/S3/Pterocarpus soyauxii/dọc 2/1126.png,Pterocarpus soyauxii,Pterocarpus,soyauxii,dọc 2
/kaggle/input/datasets/b23dckh002lvitanh/s3-origin/S3/Pterocarpus soyauxii/ngang 2/15.png,Pterocarpus soyauxii,Pterocarpus,soyauxii,ngang 2
/kaggle/input/datasets/b23dckh002lvitanh/s3-origin/S3/Pterocarpus soyauxii/dọc 1/122.png,Pterocarpus soyauxii,Pterocarpus,soyauxii,dọc 1
/kaggle/input/datasets/b23dckh002lvitanh/s3-origin/S3/Pterocarpus soyauxii/ngang 2/170.png,Pterocarpus soyauxii,Pterocarpus,soyauxii,ngang 2
/kaggle/input/datasets/b23dckh002lvitanh/s3-origin/S3/Pterocarpus soyauxii/dọc 1/13.png,Pterocarpus soyauxii,Pterocarpus,soyauxii,dọc 1
/kaggle/input/datasets/b23dckh002lvitanh/s3-origin/S3/Pterocarpus soyauxii/ngang 3/113.png,Pterocarpus soyauxii,Pterocarpus,soyauxii,ngang 3
/kaggle/input/datasets/b23dckh002lvitanh/s3-origin/S3/Pterocarpus soyauxii/dọc 1/147.png,Pterocarpus soyauxii,Pterocarpus,soyauxii,dọc 1
/kaggle/input/datasets/b23dckh002lvitanh/s3-origin/S3/Pterocarpus soyauxii/dọc 2/140.png,Pterocarpus soyauxii,Pterocarpus,soyauxii,dọc 2
/kaggle/input/datasets/b23dckh002lvitanh/s3-origin/S3/Pterocarpus soyauxii/dọc 2/1109.png,Pterocarpus soyauxii,Pterocarpus,soyauxii,dọc 2
/kaggle/input/datasets/b23dckh002lvitanh/s3-origin/S3/Pterocarpus soyauxii/ngang 3/126.png,Pterocarpus soyauxii,Pterocarpus,soyauxii,ngang 3
/kaggle/input/datasets/b23dckh002lvitanh/s3-origin/S3/Pterocarpus soyauxii/ngang 1/122.png,Pterocarpus soyauxii,Pterocarpus,soyauxii,ngang 1
/kaggle/input/datasets/b23dckh002lvitanh/s3-origin/S3/Pterocarpus soyauxii/ngang 1/142.png,Pterocarpus soyauxii,Pterocarpus,soyauxii,ngang 1
/kaggle/input/datasets/b23dckh002lvitanh/s3-origin/S3/Pterocarpus soyauxii/dọc 2/120.png,Pterocarpus soyauxii,Pterocarpus,soyauxii,dọc 2
/kaggle/input/datasets/b23dckh002lvitanh/s3-origin/S3/Pterocarpus soyauxii/dọc 1/140.png,Pterocarpus soyauxii,Pterocarpus,soyauxii,dọc 1
/kaggle/input/datasets/b23dckh002lvitanh/s3-origin/S3/Pterocarpus soyauxii/dọc 1/128.png,Pterocarpus soyauxii,Pterocarpus,soyauxii,dọc 1
/kaggle/input/datasets/b23dckh002lvitanh/s3-origin/S3/Pterocarpus soyauxii/ngang 2/134.png,Pterocarpus soyauxii,Pterocarpus,soyauxii,ngang 2
/kaggle/input/datasets/b23dckh002lvitanh/s3-origin/S3/Pterocarpus soyauxii/dọc 2/125.png,Pterocarpus soyauxii,Pterocarpus,soyauxii,dọc 2
/kaggle/input/datasets/b23dckh002lvitanh/s3-origin/S3/Pterocarpus soyauxii/ngang 2/133.png,Pterocarpus soyauxii,Pterocarpus,soyauxii,ngang 2
/kaggle/input/datasets/b23dckh002lvitanh/s3-origin/S3/Pterocarpus soyauxii/ngang 1/116.png,Pterocarpus soyauxii,Pterocarpus,soyauxii,ngang 1
/kaggle/input/datasets/b23dckh002lvitanh/s3-origin/S3/Pterocarpus soyauxii/ngang 3/16.png,Pterocarpus soyauxii,Pterocarpus,soyauxii,ngang 3
/kaggle/input/datasets/b23dckh002lvitanh/s3-origin/S3/Pterocarpus soyauxii/ngang 2/168.png,Pterocarpus soyauxii,Pterocarpus,soyauxii,ngang 2
/kaggle/input/datasets/b23dckh002lvitanh/s3-origin/S3/Pterocarpus soyauxii/dọc 2/172.png,Pterocarpus soyauxii,Pterocarpus,soyauxii,dọc 2
/kaggle/input/datasets/b23dckh002lvitanh/s3-origin/S3/Pterocarpus soyauxii/dọc 2/178.png,Pterocarpus soyauxii,Pterocarpus,soyauxii,dọc 2
/kaggle/input/datasets/b23dckh002lvitanh/s3-origin/S3/Pterocarpus soyauxii/dọc 2/169.png,Pterocarpus soyauxii,Pterocarpus,soyauxii,dọc 2
/kaggle/input/datasets/b23dckh002lvitanh/s3-origin/S3/Pterocarpus soyauxii/ngang 1/150.png,Pterocarpus soyauxii,Pterocarpus,soyauxii,ngang 1
/kaggle/input/datasets/b23dckh002lvitanh/s3-origin/S3/Pterocarpus soyauxii/ngang 1/151.png,Pterocarpus soyauxii,Pterocarpus,soyauxii,ngang 1
/kaggle/input/datasets/b23dckh002lvitanh/s3-origin/S3/Pterocarpus soyauxii/ngang 2/118.png,Pterocarpus soyauxii,Pterocarpus,soyauxii,ngang 2
/kaggle/input/datasets/b23dckh002lvitanh/s3-origin/S3/Pterocarpus soyauxii/ngang 3/131.png,Pterocarpus soyauxii,Pterocarpus,soyauxii,ngang 3
/kaggle/input/datasets/b23dckh002lvitanh/s3-origin/S3/Pterocarpus soyauxii/dọc 2/124.png,Pterocarpus soyauxii,Pterocarpus,soyauxii,dọc 2
/kaggle/input/datasets/b23dckh002lvitanh/s3-origin/S3/Pterocarpus soyauxii/dọc 3/140.png,Pterocarpus soyauxii,Pterocarpus,soyauxii,dọc 3
/kaggle/input/datasets/b23dckh002lvitanh/s3-origin/S3/Pterocarpus soyauxii/dọc 2/163.png,Pterocarpus soyauxii,Pterocarpus,soyauxii,dọc 2
/kaggle/input/datasets/b23dckh002lvitanh/s3-origin/S3/Pterocarpus soyauxii/dọc 1/17.png,Pterocarpus soyauxii,Pterocarpus,soyauxii,dọc 1
/kaggle/input/datasets/b23dckh002lvitanh/s3-origin/S3/Pterocarpus soyauxii/ngang 3/10.png,Pterocarpus soyauxii,Pterocarpus,soyauxii,ngang 3
/kaggle/input/datasets/b23dckh002lvitanh/s3-origin/S3/Pterocarpus soyauxii/dọc 2/173.png,Pterocarpus soyauxii,Pterocarpus,soyauxii,dọc 2
/kaggle/input/datasets/b23dckh002lvitanh/s3-origin/S3/Pterocarpus soyauxii/dọc 2/171.png,Pterocarpus soyauxii,Pterocarpus,soyauxii,dọc 2
/kaggle/input/datasets/b23dckh002lvitanh/s3-origin/S3/Pterocarpus soyauxii/ngang 2/110.png,Pterocarpus soyauxii,Pterocarpus,soyauxii,ngang 2
/kaggle/input/datasets/b23dckh002lvitanh/s3-origin/S3/Pterocarpus soyauxii/dọc 1/152.png,Pterocarpus soyauxii,Pterocarpus,soyauxii,dọc 1
/kaggle/input/datasets/b23dckh002lvitanh/s3-origin/S3/Pterocarpus soyauxii/dọc 2/1125.png,Pterocarpus soyauxii,Pterocarpus,soyauxii,dọc 2
/kaggle/input/datasets/b23dckh002lvitanh/s3-origin/S3/Pterocarpus soyauxii/dọc 3/151.png,Pterocarpus soyauxii,Pterocarpus,soyauxii,dọc 3
/kaggle/input/datasets/b23dckh002lvitanh/s3-origin/S3/Pterocarpus soyauxii/dọc 1/19.png,Pterocarpus soyauxii,Pterocarpus,soyauxii,dọc 1
/kaggle/input/datasets/b23dckh002lvitanh/s3-origin/S3/Pterocarpus soyauxii/ngang 2/1102.png,Pterocarpus soyauxii,Pterocarpus,soyauxii,ngang 2
/kaggle/input/datasets/b23dckh002lvitanh/s3-origin/S3/Pterocarpus soyauxii/ngang 1/144.png,Pterocarpus soyauxii,Pterocarpus,soyauxii,ngang 1
/kaggle/input/datasets/b23dckh002lvitanh/s3-origin/S3/Pterocarpus soyauxii/ngang 3/158.png,Pterocarpus soyauxii,Pterocarpus,soyauxii,ngang 3
/kaggle/input/datasets/b23dckh002lvitanh/s3-origin/S3/Pterocarpus soyauxii/dọc 3/135.png,Pterocarpus soyauxii,Pterocarpus,soyauxii,dọc 3
/kaggle/input/datasets/b23dckh002lvitanh/s3-origin/S3/Pterocarpus soyauxii/dọc 3/166.png,Pterocarpus soyauxii,Pterocarpus,soyauxii,dọc 3
/kaggle/input/datasets/b23dckh002lvitanh/s3-origin/S3/Pterocarpus soyauxii/dọc 2/126.png,Pterocarpus soyauxii,Pterocarpus,soyauxii,dọc 2
/kaggle/input/datasets/b23dckh002lvitanh/s3-origin/S3/Pterocarpus soyauxii/ngang 2/113.png,Pterocarpus soyauxii,Pterocarpus,soyauxii,ngang 2
/kaggle/input/datasets/b23dckh002lvitanh/s3-origin/S3/Pterocarpus soyauxii/ngang 2/1108.png,Pterocarpus soyauxii,Pterocarpus,soyauxii,ngang 2
/kaggle/input/datasets/b23dckh002lvitanh/s3-origin/S3/Pterocarpus soyauxii/ngang 2/135.png,Pterocarpus soyauxii,Pterocarpus,soyauxii,ngang 2
/kaggle/input/datasets/b23dckh002lvitanh/s3-origin/S3/Pterocarpus soyauxii/dọc 2/1105.png,Pterocarpus soyauxii,Pterocarpus,soyauxii,dọc 2
/kaggle/input/datasets/b23dckh002lvitanh/s3-origin/S3/Pterocarpus soyauxii/ngang 2/142.png,Pterocarpus soyauxii,Pterocarpus,soyauxii,ngang 2
/kaggle/input/datasets/b23dckh002lvitanh/s3-origin/S3/Pterocarpus soyauxii/dọc 3/164.png,Pterocarpus soyauxii,Pterocarpus,soyauxii,dọc 3
/kaggle/input/datasets/b23dckh002lvitanh/s3-origin/S3/Pterocarpus soyauxii/ngang 3/163.png,Pterocarpus soyauxii,Pterocarpus,soyauxii,ngang 3
/kaggle/input/datasets/b23dckh002lvitanh/s3-origin/S3/Pterocarpus soyauxii/ngang 1/14.png,Pterocarpus soyauxii,Pterocarpus,soyauxii,ngang 1
/kaggle/input/datasets/b23dckh002lvitanh/s3-origin/S3/Pterocarpus soyauxii/ngang 2/12.png,Pterocarpus soyauxii,Pterocarpus,soyauxii,ngang 2
/kaggle/input/datasets/b23dckh002lvitanh/s3-origin/S3/Pterocarpus soyauxii/ngang 1/148.png,Pterocarpus soyauxii,Pterocarpus,soyauxii,ngang 1
/kaggle/input/datasets/b23dckh002lvitanh/s3-origin/S3/Pterocarpus soyauxii/dọc 2/145.png,Pterocarpus soyauxii,Pterocarpus,soyauxii,dọc 2
/kaggle/input/datasets/b23dckh002lvitanh/s3-origin/S3/Pterocarpus soyauxii/dọc 2/1115.png,Pterocarpus soyauxii,Pterocarpus,soyauxii,dọc 2
/kaggle/input/datasets/b23dckh002lvitanh/s3-origin/S3/Pterocarpus soyauxii/dọc 2/1101.png,Pterocarpus soyauxii,Pterocarpus,soyauxii,dọc 2
/kaggle/input/datasets/b23dckh002lvitanh/s3-origin/S3/Pterocarpus soyauxii/dọc 1/141.png,Pterocarpus soyauxii,Pterocarpus,soyauxii,dọc 1
/kaggle/input/datasets/b23dckh002lvitanh/s3-origin/S3/Pterocarpus soyauxii/dọc 2/175.png,Pterocarpus soyauxii,Pterocarpus,soyauxii,dọc 2
/kaggle/input/datasets/b23dckh002lvitanh/s3-origin/S3/Pterocarpus soyauxii/dọc 2/123.png,Pterocarpus soyauxii,Pterocarpus,soyauxii,dọc 2
/kaggle/input/datasets/b23dckh002lvitanh/s3-origin/S3/Pterocarpus soyauxii/dọc 2/122.png,Pterocarpus soyauxii,Pterocarpus,soyauxii,dọc 2
/kaggle/input/datasets/b23dckh002lvitanh/s3-origin/S3/Pterocarpus soyauxii/ngang 3/144.png,Pterocarpus soyauxii,Pterocarpus,soyauxii,ngang 3
/kaggle/input/datasets/b23dckh002lvitanh/s3-origin/S3/Pterocarpus soyauxii/dọc 2/197.png,Pterocarpus soyauxii,Pterocarpus,soyauxii,dọc 2
/kaggle/input/datasets/b23dckh002lvitanh/s3-origin/S3/Pterocarpus soyauxii/dọc 2/138.png,Pterocarpus soyauxii,Pterocarpus,soyauxii,dọc 2
/kaggle/input/datasets/b23dckh002lvitanh/s3-origin/S3/Pterocarpus soyauxii/dọc 2/165.png,Pterocarpus soyauxii,Pterocarpus,soyauxii,dọc 2
/kaggle/input/datasets/b23dckh002lvitanh/s3-origin/S3/Pterocarpus soyauxii/ngang 2/121.png,Pterocarpus soyauxii,Pterocarpus,soyauxii,ngang 2
/kaggle/input/datasets/b23dckh002lvitanh/s3-origin/S3/Pterocarpus soyauxii/ngang 2/195.png,Pterocarpus soyauxii,Pterocarpus,soyauxii,ngang 2
/kaggle/input/datasets/b23dckh002lvitanh/s3-origin/S3/Pterocarpus soyauxii/dọc 2/199.png,Pterocarpus soyauxii,Pterocarpus,soyauxii,dọc 2
/kaggle/input/datasets/b23dckh002lvitanh/s3-origin/S3/Pterocarpus soyauxii/dọc 2/1127.png,Pterocarpus soyauxii,Pterocarpus,soyauxii,dọc 2
/kaggle/input/datasets/b23dckh002lvitanh/s3-origin/S3/Pterocarpus soyauxii/ngang 1/136.png,Pterocarpus soyauxii,Pterocarpus,soyauxii,ngang 1
/kaggle/input/datasets/b23dckh002lvitanh/s3-origin/S3/Pterocarpus soyauxii/ngang 2/159.png,Pterocarpus soyauxii,Pterocarpus,soyauxii,ngang 2
/kaggle/input/datasets/b23dckh002lvitanh/s3-origin/S3/Pterocarpus soyauxii/ngang 2/114.png,Pterocarpus soyauxii,Pterocarpus,soyauxii,ngang 2
/kaggle/input/datasets/b23dckh002lvitanh/s3-origin/S3/Pterocarpus soyauxii/dọc 1/134.png,Pterocarpus soyauxii,Pterocarpus,soyauxii,dọc 1
/kaggle/input/datasets/b23dckh002lvitanh/s3-origin/S3/Pterocarpus soyauxii/dọc 2/183.png,Pterocarpus soyauxii,Pterocarpus,soyauxii,dọc 2
/kaggle/input/datasets/b23dckh002lvitanh/s3-origin/S3/Pterocarpus soyauxii/ngang 2/18.png,Pterocarpus soyauxii,Pterocarpus,soyauxii,ngang 2
/kaggle/input/datasets/b23dckh002lvitanh/s3-origin/S3/Pterocarpus soyauxii/dọc 3/10.png,Pterocarpus soyauxii,Pterocarpus,soyauxii,dọc 3
/kaggle/input/datasets/b23dckh002lvitanh/s3-origin/S3/Pterocarpus soyauxii/dọc 1/15.png,Pterocarpus soyauxii,Pterocarpus,soyauxii,dọc 1
/kaggle/input/datasets/b23dckh002lvitanh/s3-origin/S3/Pterocarpus soyauxii/ngang 2/10.png,Pterocarpus soyauxii,Pterocarpus,soyauxii,ngang 2
/kaggle/input/datasets/b23dckh002lvitanh/s3-origin/S3/Pterocarpus soyauxii/dọc 1/119.png,Pterocarpus soyauxii,Pterocarpus,soyauxii,dọc 1
/kaggle/input/datasets/b23dckh002lvitanh/s3-origin/S3/Pterocarpus soyauxii/ngang 3/133.png,Pterocarpus soyauxii,Pterocarpus,soyauxii,ngang 3
/kaggle/input/datasets/b23dckh002lvitanh/s3-origin/S3/Pterocarpus soyauxii/ngang 3/115.png,Pterocarpus soyauxii,Pterocarpus,soyauxii,ngang 3
/kaggle/input/datasets/b23dckh002lvitanh/s3-origin/S3/Pterocarpus soyauxii/dọc 2/153.png,Pterocarpus soyauxii,Pterocarpus,soyauxii,dọc 2
/kaggle/input/datasets/b23dckh002lvitanh/s3-origin/S3/Pterocarpus soyauxii/dọc 2/151.png,Pterocarpus soyauxii,Pterocarpus,soyauxii,dọc 2
/kaggle/input/datasets/b23dckh002lvitanh/s3-origin/S3/Pterocarpus soyauxii/ngang 3/139.png,Pterocarpus soyauxii,Pterocarpus,soyauxii,ngang 3
/kaggle/input/datasets/b23dckh002lvitanh/s3-origin/S3/Pterocarpus soyauxii/ngang 2/153.png,Pterocarpus soyauxii,Pterocarpus,soyauxii,ngang 2
/kaggle/input/datasets/b23dckh002lvitanh/s3-origin/S3/Pterocarpus soyauxii/dọc 3/146.png,Pterocarpus soyauxii,Pterocarpus,soyauxii,dọc 3
/kaggle/input/datasets/b23dckh002lvitanh/s3-origin/S3/Pterocarpus soyauxii/dọc 3/163.png,Pterocarpus soyauxii,Pterocarpus,soyauxii,dọc 3
/kaggle/input/datasets/b23dckh002lvitanh/s3-origin/S3/Pterocarpus soyauxii/dọc 2/1122.png,Pterocarpus soyauxii,Pterocarpus,soyauxii,dọc 2
/kaggle/input/datasets/b23dckh002lvitanh/s3-origin/S3/Pterocarpus soyauxii/dọc 1/116.png,Pterocarpus soyauxii,Pterocarpus,soyauxii,dọc 1
/kaggle/input/datasets/b23dckh002lvitanh/s3-origin/S3/Pterocarpus soyauxii/ngang 1/120.png,Pterocarpus soyauxii,Pterocarpus,soyauxii,ngang 1
/kaggle/input/datasets/b23dckh002lvitanh/s3-origin/S3/Pterocarpus soyauxii/ngang 1/125.png,Pterocarpus soyauxii,Pterocarpus,soyauxii,ngang 1
/kaggle/input/datasets/b23dckh002lvitanh/s3-origin/S3/Pterocarpus soyauxii/dọc 2/142.png,Pterocarpus soyauxii,Pterocarpus,soyauxii,dọc 2
/kaggle/input/datasets/b23dckh002lvitanh/s3-origin/S3/Pterocarpus soyauxii/dọc 2/129.png,Pterocarpus soyauxii,Pterocarpus,soyauxii,dọc 2
/kaggle/input/datasets/b23dckh002lvitanh/s3-origin/S3/Pterocarpus soyauxii/ngang 2/131.png,Pterocarpus soyauxii,Pterocarpus,soyauxii,ngang 2
/kaggle/input/datasets/b23dckh002lvitanh/s3-origin/S3/Pterocarpus soyauxii/dọc 2/117.png,Pterocarpus soyauxii,Pterocarpus,soyauxii,dọc 2
/kaggle/input/datasets/b23dckh002lvitanh/s3-origin/S3/Pterocarpus soyauxii/dọc 1/148.png,Pterocarpus soyauxii,Pterocarpus,soyauxii,dọc 1
/kaggle/input/datasets/b23dckh002lvitanh/s3-origin/S3/Pterocarpus soyauxii/ngang 3/136.png,Pterocarpus soyauxii,Pterocarpus,soyauxii,ngang 3
/kaggle/input/datasets/b23dckh002lvitanh/s3-origin/S3/Pterocarpus soyauxii/dọc 2/12.png,Pterocarpus soyauxii,Pterocarpus,soyauxii,dọc 2
/kaggle/input/datasets/b23dckh002lvitanh/s3-origin/S3/Pterocarpus soyauxii/ngang 3/114.png,Pterocarpus soyauxii,Pterocarpus,soyauxii,ngang 3
/kaggle/input/datasets/b23dckh002lvitanh/s3-origin/S3/Pterocarpus soyauxii/ngang 2/111.png,Pterocarpus soyauxii,Pterocarpus,soyauxii,ngang 2
/kaggle/input/datasets/b23dckh002lvitanh/s3-origin/S3/Pterocarpus soyauxii/ngang 1/126.png,Pterocarpus soyauxii,Pterocarpus,soyauxii,ngang 1
/kaggle/input/datasets/b23dckh002lvitanh/s3-origin/S3/Pterocarpus soyauxii/dọc 2/1121.png,Pterocarpus soyauxii,Pterocarpus,soyauxii,dọc 2
/kaggle/input/datasets/b23dckh002lvitanh/s3-origin/S3/Pterocarpus soyauxii/ngang 2/1120.png,Pterocarpus soyauxii,Pterocarpus,soyauxii,ngang 2
/kaggle/input/datasets/b23dckh002lvitanh/s3-origin/S3/Pterocarpus soyauxii/ngang 3/110.png,Pterocarpus soyauxii,Pterocarpus,soyauxii,ngang 3
/kaggle/input/datasets/b23dckh002lvitanh/s3-origin/S3/Pterocarpus soyauxii/dọc 2/147.png,Pterocarpus soyauxii,Pterocarpus,soyauxii,dọc 2
/kaggle/input/datasets/b23dckh002lvitanh/s3-origin/S3/Pterocarpus soyauxii/dọc 2/1123.png,Pterocarpus soyauxii,Pterocarpus,soyauxii,dọc 2
/kaggle/input/datasets/b23dckh002lvitanh/s3-origin/S3/Pterocarpus soyauxii/dọc 1/124.png,Pterocarpus soyauxii,Pterocarpus,soyauxii,dọc 1
/kaggle/input/datasets/b23dckh002lvitanh/s3-origin/S3/Pterocarpus soyauxii/ngang 3/164.png,Pterocarpus soyauxii,Pterocarpus,soyauxii,ngang 3
/kaggle/input/datasets/b23dckh002lvitanh/s3-origin/S3/Pterocarpus soyauxii/ngang 1/127.png,Pterocarpus soyauxii,Pterocarpus,soyauxii,ngang 1
/kaggle/input/datasets/b23dckh002lvitanh/s3-origin/S3/Pterocarpus soyauxii/dọc 1/136.png,Pterocarpus soyauxii,Pterocarpus,soyauxii,dọc 1
/kaggle/input/datasets/b23dckh002lvitanh/s3-origin/S3/Pterocarpus soyauxii/ngang 3/147.png,Pterocarpus soyauxii,Pterocarpus,soyauxii,ngang 3
/kaggle/input/datasets/b23dckh002lvitanh/s3-origin/S3/Pterocarpus soyauxii/ngang 3/138.png,Pterocarpus soyauxii,Pterocarpus,soyauxii,ngang 3
/kaggle/input/datasets/b23dckh002lvitanh/s3-origin/S3/Pterocarpus soyauxii/dọc 3/147.png,Pterocarpus soyauxii,Pterocarpus,soyauxii,dọc 3
/kaggle/input/datasets/b23dckh002lvitanh/s3-origin/S3/Pterocarpus soyauxii/ngang 1/145.png,Pterocarpus soyauxii,Pterocarpus,soyauxii,ngang 1
/kaggle/input/datasets/b23dckh002lvitanh/s3-origin/S3/Pterocarpus soyauxii/ngang 1/128.png,Pterocarpus soyauxii,Pterocarpus,soyauxii,ngang 1
/kaggle/input/datasets/b23dckh002lvitanh/s3-origin/S3/Pterocarpus soyauxii/dọc 3/154.png,Pterocarpus soyauxii,Pterocarpus,soyauxii,dọc 3
/kaggle/input/datasets/b23dckh002lvitanh/s3-origin/S3/Pterocarpus soyauxii/ngang 1/13.png,Pterocarpus soyauxii,Pterocarpus,soyauxii,ngang 1
/kaggle/input/datasets/b23dckh002lvitanh/s3-origin/S3/Pterocarpus soyauxii/ngang 2/175.png,Pterocarpus soyauxii,Pterocarpus,soyauxii,ngang 2
/kaggle/input/datasets/b23dckh002lvitanh/s3-origin/S3/Pterocarpus soyauxii/dọc 3/134.png,Pterocarpus soyauxii,Pterocarpus,soyauxii,dọc 3
/kaggle/input/datasets/b23dckh002lvitanh/s3-origin/S3/Pterocarpus soyauxii/ngang 3/127.png,Pterocarpus soyauxii,Pterocarpus,soyauxii,ngang 3
/kaggle/input/datasets/b23dckh002lvitanh/s3-origin/S3/Pterocarpus soyauxii/ngang 1/140.png,Pterocarpus soyauxii,Pterocarpus,soyauxii,ngang 1
/kaggle/input/datasets/b23dckh002lvitanh/s3-origin/S3/Pterocarpus soyauxii/ngang 2/139.png,Pterocarpus soyauxii,Pterocarpus,soyauxii,ngang 2
/kaggle/input/datasets/b23dckh002lvitanh/s3-origin/S3/Pterocarpus soyauxii/ngang 3/111.png,Pterocarpus soyauxii,Pterocarpus,soyauxii,ngang 3
/kaggle/input/datasets/b23dckh002lvitanh/s3-origin/S3/Pterocarpus soyauxii/ngang 2/1121.png,Pterocarpus soyauxii,Pterocarpus,soyauxii,ngang 2
/kaggle/input/datasets/b23dckh002lvitanh/s3-origin/S3/Pterocarpus soyauxii/ngang 3/11.png,Pterocarpus soyauxii,Pterocarpus,soyauxii,ngang 3
/kaggle/input/datasets/b23dckh002lvitanh/s3-origin/S3/Pterocarpus soyauxii/ngang 2/197.png,Pterocarpus soyauxii,Pterocarpus,soyauxii,ngang 2
/kaggle/input/datasets/b23dckh002lvitanh/s3-origin/S3/Pterocarpus soyauxii/ngang 3/121.png,Pterocarpus soyauxii,Pterocarpus,soyauxii,ngang 3
/kaggle/input/datasets/b23dckh002lvitanh/s3-origin/S3/Pterocarpus soyauxii/ngang 2/194.png,Pterocarpus soyauxii,Pterocarpus,soyauxii,ngang 2
/kaggle/input/datasets/b23dckh002lvitanh/s3-origin/S3/Pterocarpus soyauxii/ngang 3/140.png,Pterocarpus soyauxii,Pterocarpus,soyauxii,ngang 3
/kaggle/input/datasets/b23dckh002lvitanh/s3-origin/S3/Pterocarpus soyauxii/ngang 2/166.png,Pterocarpus soyauxii,Pterocarpus,soyauxii,ngang 2
/kaggle/input/datasets/b23dckh002lvitanh/s3-origin/S3/Pterocarpus soyauxii/ngang 2/185.png,Pterocarpus soyauxii,Pterocarpus,soyauxii,ngang 2
/kaggle/input/datasets/b23dckh002lvitanh/s3-origin/S3/Pterocarpus soyauxii/dọc 2/16.png,Pterocarpus soyauxii,Pterocarpus,soyauxii,dọc 2
/kaggle/input/datasets/b23dckh002lvitanh/s3-origin/S3/Pterocarpus soyauxii/ngang 2/1103.png,Pterocarpus soyauxii,Pterocarpus,soyauxii,ngang 2
/kaggle/input/datasets/b23dckh002lvitanh/s3-origin/S3/Pterocarpus soyauxii/ngang 1/155.png,Pterocarpus soyauxii,Pterocarpus,soyauxii,ngang 1
/kaggle/input/datasets/b23dckh002lvitanh/s3-origin/S3/Pterocarpus soyauxii/dọc 2/144.png,Pterocarpus soyauxii,Pterocarpus,soyauxii,dọc 2
/kaggle/input/datasets/b23dckh002lvitanh/s3-origin/S3/Pterocarpus soyauxii/ngang 2/1106.png,Pterocarpus soyauxii,Pterocarpus,soyauxii,ngang 2
/kaggle/input/datasets/b23dckh002lvitanh/s3-origin/S3/Pterocarpus soyauxii/dọc 3/155.png,Pterocarpus soyauxii,Pterocarpus,soyauxii,dọc 3
/kaggle/input/datasets/b23dckh002lvitanh/s3-origin/S3/Pterocarpus soyauxii/dọc 1/11.png,Pterocarpus soyauxii,Pterocarpus,soyauxii,dọc 1
/kaggle/input/datasets/b23dckh002lvitanh/s3-origin/S3/Pterocarpus soyauxii/ngang 3/168.png,Pterocarpus soyauxii,Pterocarpus,soyauxii,ngang 3
/kaggle/input/datasets/b23dckh002lvitanh/s3-origin/S3/Pterocarpus soyauxii/ngang 2/125.png,Pterocarpus soyauxii,Pterocarpus,soyauxii,ngang 2
/kaggle/input/datasets/b23dckh002lvitanh/s3-origin/S3/Pterocarpus soyauxii/dọc 3/118.png,Pterocarpus soyauxii,Pterocarpus,soyauxii,dọc 3
/kaggle/input/datasets/b23dckh002lvitanh/s3-origin/S3/Pterocarpus soyauxii/ngang 2/1110.png,Pterocarpus soyauxii,Pterocarpus,soyauxii,ngang 2
/kaggle/input/datasets/b23dckh002lvitanh/s3-origin/S3/Pterocarpus soyauxii/ngang 1/18.png,Pterocarpus soyauxii,Pterocarpus,soyauxii,ngang 1
/kaggle/input/datasets/b23dckh002lvitanh/s3-origin/S3/Pterocarpus soyauxii/ngang 2/167.png,Pterocarpus soyauxii,Pterocarpus,soyauxii,ngang 2
/kaggle/input/datasets/b23dckh002lvitanh/s3-origin/S3/Pterocarpus soyauxii/ngang 2/130.png,Pterocarpus soyauxii,Pterocarpus,soyauxii,ngang 2
/kaggle/input/datasets/b23dckh002lvitanh/s3-origin/S3/Pterocarpus soyauxii/ngang 2/193.png,Pterocarpus soyauxii,Pterocarpus,soyauxii,ngang 2
/kaggle/input/datasets/b23dckh002lvitanh/s3-origin/S3/Pterocarpus soyauxii/dọc 3/148.png,Pterocarpus soyauxii,Pterocarpus,soyauxii,dọc 3
/kaggle/input/datasets/b23dckh002lvitanh/s3-origin/S3/Pterocarpus soyauxii/ngang 2/158.png,Pterocarpus soyauxii,Pterocarpus,soyauxii,ngang 2
/kaggle/input/datasets/b23dckh002lvitanh/s3-origin/S3/Pterocarpus soyauxii/dọc 2/136.png,Pterocarpus soyauxii,Pterocarpus,soyauxii,dọc 2
/kaggle/input/datasets/b23dckh002lvitanh/s3-origin/S3/Pterocarpus soyauxii/ngang 3/18.png,Pterocarpus soyauxii,Pterocarpus,soyauxii,ngang 3
/kaggle/input/datasets/b23dckh002lvitanh/s3-origin/S3/Pterocarpus soyauxii/ngang 1/17.png,Pterocarpus soyauxii,Pterocarpus,soyauxii,ngang 1
/kaggle/input/datasets/b23dckh002lvitanh/s3-origin/S3/Pterocarpus soyauxii/ngang 2/1113.png,Pterocarpus soyauxii,Pterocarpus,soyauxii,ngang 2
/kaggle/input/datasets/b23dckh002lvitanh/s3-origin/S3/Pterocarpus soyauxii/ngang 2/154.png,Pterocarpus soyauxii,Pterocarpus,soyauxii,ngang 2
/kaggle/input/datasets/b23dckh002lvitanh/s3-origin/S3/Pterocarpus soyauxii/dọc 3/124.png,Pterocarpus soyauxii,Pterocarpus,soyauxii,dọc 3
/kaggle/input/datasets/b23dckh002lvitanh/s3-origin/S3/Pterocarpus soyauxii/dọc 2/1114.png,Pterocarpus soyauxii,Pterocarpus,soyauxii,dọc 2
/kaggle/input/datasets/b23dckh002lvitanh/s3-origin/S3/Pterocarpus soyauxii/ngang 3/124.png,Pterocarpus soyauxii,Pterocarpus,soyauxii,ngang 3
/kaggle/input/datasets/b23dckh002lvitanh/s3-origin/S3/Pterocarpus soyauxii/dọc 3/12.png,Pterocarpus soyauxii,Pterocarpus,soyauxii,dọc 3
/kaggle/input/datasets/b23dckh002lvitanh/s3-origin/S3/Pterocarpus soyauxii/ngang 2/156.png,Pterocarpus soyauxii,Pterocarpus,soyauxii,ngang 2
/kaggle/input/datasets/b23dckh002lvitanh/s3-origin/S3/Pterocarpus soyauxii/dọc 2/167.png,Pterocarpus soyauxii,Pterocarpus,soyauxii,dọc 2
/kaggle/input/datasets/b23dckh002lvitanh/s3-origin/S3/Pterocarpus soyauxii/ngang 1/154.png,Pterocarpus soyauxii,Pterocarpus,soyauxii,ngang 1
/kaggle/input/datasets/b23dckh002lvitanh/s3-origin/S3/Pterocarpus soyauxii/dọc 3/141.png,Pterocarpus soyauxii,Pterocarpus,soyauxii,dọc 3
/kaggle/input/datasets/b23dckh002lvitanh/s3-origin/S3/Pterocarpus soyauxii/ngang 3/135.png,Pterocarpus soyauxii,Pterocarpus,soyauxii,ngang 3
/kaggle/input/datasets/b23dckh002lvitanh/s3-origin/S3/Pterocarpus soyauxii/ngang 3/118.png,Pterocarpus soyauxii,Pterocarpus,soyauxii,ngang 3
/kaggle/input/datasets/b23dckh002lvitanh/s3-origin/S3/Pterocarpus soyauxii/ngang 2/164.png,Pterocarpus soyauxii,Pterocarpus,soyauxii,ngang 2
/kaggle/input/datasets/b23dckh002lvitanh/s3-origin/S3/Pterocarpus soyauxii/ngang 2/119.png,Pterocarpus soyauxii,Pterocarpus,soyauxii,ngang 2
/kaggle/input/datasets/b23dckh002lvitanh/s3-origin/S3/Pterocarpus soyauxii/dọc 2/185.png,Pterocarpus soyauxii,Pterocarpus,soyauxii,dọc 2
/kaggle/input/datasets/b23dckh002lvitanh/s3-origin/S3/Pterocarpus soyauxii/ngang 1/153.png,Pterocarpus soyauxii,Pterocarpus,soyauxii,ngang 1
/kaggle/input/datasets/b23dckh002lvitanh/s3-origin/S3/Pterocarpus soyauxii/ngang 3/142.png,Pterocarpus soyauxii,Pterocarpus,soyauxii,ngang 3
/kaggle/input/datasets/b23dckh002lvitanh/s3-origin/S3/Pterocarpus soyauxii/dọc 2/139.png,Pterocarpus soyauxii,Pterocarpus,soyauxii,dọc 2
/kaggle/input/datasets/b23dckh002lvitanh/s3-origin/S3/Pterocarpus soyauxii/dọc 2/161.png,Pterocarpus soyauxii,Pterocarpus,soyauxii,dọc 2
/kaggle/input/datasets/b23dckh002lvitanh/s3-origin/S3/Pterocarpus soyauxii/ngang 2/149.png,Pterocarpus soyauxii,Pterocarpus,soyauxii,ngang 2
/kaggle/input/datasets/b23dckh002lvitanh/s3-origin/S3/Pterocarpus soyauxii/ngang 3/19.png,Pterocarpus soyauxii,Pterocarpus,soyauxii,ngang 3
/kaggle/input/datasets/b23dckh002lvitanh/s3-origin/S3/Pterocarpus soyauxii/dọc 1/132.png,Pterocarpus soyauxii,Pterocarpus,soyauxii,dọc 1
/kaggle/input/datasets/b23dckh002lvitanh/s3-origin/S3/Pterocarpus soyauxii/ngang 2/1112.png,Pterocarpus soyauxii,Pterocarpus,soyauxii,ngang 2
/kaggle/input/datasets/b23dckh002lvitanh/s3-origin/S3/Pterocarpus soyauxii/ngang 2/147.png,Pterocarpus soyauxii,Pterocarpus,soyauxii,ngang 2
/kaggle/input/datasets/b23dckh002lvitanh/s3-origin/S3/Pterocarpus soyauxii/ngang 2/172.png,Pterocarpus soyauxii,Pterocarpus,soyauxii,ngang 2
/kaggle/input/datasets/b23dckh002lvitanh/s3-origin/S3/Pterocarpus soyauxii/ngang 2/169.png,Pterocarpus soyauxii,Pterocarpus,soyauxii,ngang 2
/kaggle/input/datasets/b23dckh002lvitanh/s3-origin/S3/Pterocarpus soyauxii/dọc 1/12.png,Pterocarpus soyauxii,Pterocarpus,soyauxii,dọc 1
/kaggle/input/datasets/b23dckh002lvitanh/s3-origin/S3/Pterocarpus soyauxii/ngang 2/145.png,Pterocarpus soyauxii,Pterocarpus,soyauxii,ngang 2
/kaggle/input/datasets/b23dckh002lvitanh/s3-origin/S3/Pterocarpus soyauxii/dọc 2/135.png,Pterocarpus soyauxii,Pterocarpus,soyauxii,dọc 2
/kaggle/input/datasets/b23dckh002lvitanh/s3-origin/S3/Pterocarpus soyauxii/dọc 3/123.png,Pterocarpus soyauxii,Pterocarpus,soyauxii,dọc 3
/kaggle/input/datasets/b23dckh002lvitanh/s3-origin/S3/Pterocarpus soyauxii/ngang 3/13.png,Pterocarpus soyauxii,Pterocarpus,soyauxii,ngang 3
/kaggle/input/datasets/b23dckh002lvitanh/s3-origin/S3/Pterocarpus soyauxii/dọc 3/112.png,Pterocarpus soyauxii,Pterocarpus,soyauxii,dọc 3
/kaggle/input/datasets/b23dckh002lvitanh/s3-origin/S3/Pterocarpus soyauxii/ngang 3/154.png,Pterocarpus soyauxii,Pterocarpus,soyauxii,ngang 3
/kaggle/input/datasets/b23dckh002lvitanh/s3-origin/S3/Pterocarpus soyauxii/dọc 2/177.png,Pterocarpus soyauxii,Pterocarpus,soyauxii,dọc 2
/kaggle/input/datasets/b23dckh002lvitanh/s3-origin/S3/Pterocarpus soyauxii/dọc 2/180.png,Pterocarpus soyauxii,Pterocarpus,soyauxii,dọc 2
/kaggle/input/datasets/b23dckh002lvitanh/s3-origin/S3/Pterocarpus soyauxii/dọc 3/145.png,Pterocarpus soyauxii,Pterocarpus,soyauxii,dọc 3
/kaggle/input/datasets/b23dckh002lvitanh/s3-origin/S3/Pterocarpus soyauxii/dọc 2/195.png,Pterocarpus soyauxii,Pterocarpus,soyauxii,dọc 2
/kaggle/input/datasets/b23dckh002lvitanh/s3-origin/S3/Pterocarpus soyauxii/dọc 1/137.png,Pterocarpus soyauxii,Pterocarpus,soyauxii,dọc 1
/kaggle/input/datasets/b23dckh002lvitanh/s3-origin/S3/Pterocarpus soyauxii/ngang 3/150.png,Pterocarpus soyauxii,Pterocarpus,soyauxii,ngang 3
/kaggle/input/datasets/b23dckh002lvitanh/s3-origin/S3/Pterocarpus soyauxii/dọc 3/13.png,Pterocarpus soyauxii,Pterocarpus,soyauxii,dọc 3
/kaggle/input/datasets/b23dckh002lvitanh/s3-origin/S3/Pterocarpus soyauxii/dọc 2/13.png,Pterocarpus soyauxii,Pterocarpus,soyauxii,dọc 2
/kaggle/input/datasets/b23dckh002lvitanh/s3-origin/S3/Pterocarpus soyauxii/ngang 3/159.png,Pterocarpus soyauxii,Pterocarpus,soyauxii,ngang 3
/kaggle/input/datasets/b23dckh002lvitanh/s3-origin/S3/Pterocarpus soyauxii/dọc 3/129.png,Pterocarpus soyauxii,Pterocarpus,soyauxii,dọc 3
/kaggle/input/datasets/b23dckh002lvitanh/s3-origin/S3/Pterocarpus soyauxii/ngang 1/121.png,Pterocarpus soyauxii,Pterocarpus,soyauxii,ngang 1
/kaggle/input/datasets/b23dckh002lvitanh/s3-origin/S3/Pterocarpus soyauxii/ngang 2/122.png,Pterocarpus soyauxii,Pterocarpus,soyauxii,ngang 2
/kaggle/input/datasets/b23dckh002lvitanh/s3-origin/S3/Pterocarpus soyauxii/dọc 2/134.png,Pterocarpus soyauxii,Pterocarpus,soyauxii,dọc 2
/kaggle/input/datasets/b23dckh002lvitanh/s3-origin/S3/Pterocarpus soyauxii/dọc 3/15.png,Pterocarpus soyauxii,Pterocarpus,soyauxii,dọc 3
/kaggle/input/datasets/b23dckh002lvitanh/s3-origin/S3/Pterocarpus soyauxii/dọc 2/159.png,Pterocarpus soyauxii,Pterocarpus,soyauxii,dọc 2
/kaggle/input/datasets/b23dckh002lvitanh/s3-origin/S3/Pterocarpus soyauxii/dọc 2/1108.png,Pterocarpus soyauxii,Pterocarpus,soyauxii,dọc 2
/kaggle/input/datasets/b23dckh002lvitanh/s3-origin/S3/Pterocarpus soyauxii/dọc 2/198.png,Pterocarpus soyauxii,Pterocarpus,soyauxii,dọc 2
/kaggle/input/datasets/b23dckh002lvitanh/s3-origin/S3/Pterocarpus soyauxii/ngang 3/125.png,Pterocarpus soyauxii,Pterocarpus,soyauxii,ngang 3
/kaggle/input/datasets/b23dckh002lvitanh/s3-origin/S3/Pterocarpus soyauxii/ngang 3/112.png,Pterocarpus soyauxii,Pterocarpus,soyauxii,ngang 3
/kaggle/input/datasets/b23dckh002lvitanh/s3-origin/S3/Pterocarpus soyauxii/ngang 1/152.png,Pterocarpus soyauxii,Pterocarpus,soyauxii,ngang 1
/kaggle/input/datasets/b23dckh002lvitanh/s3-origin/S3/Pterocarpus soyauxii/ngang 2/1104.png,Pterocarpus soyauxii,Pterocarpus,soyauxii,ngang 2
/kaggle/input/datasets/b23dckh002lvitanh/s3-origin/S3/Pterocarpus soyauxii/ngang 2/176.png,Pterocarpus soyauxii,Pterocarpus,soyauxii,ngang 2
/kaggle/input/datasets/b23dckh002lvitanh/s3-origin/S3/Pterocarpus soyauxii/dọc 2/1106.png,Pterocarpus soyauxii,Pterocarpus,soyauxii,dọc 2
/kaggle/input/datasets/b23dckh002lvitanh/s3-origin/S3/Pterocarpus soyauxii/dọc 1/112.png,Pterocarpus soyauxii,Pterocarpus,soyauxii,dọc 1
/kaggle/input/datasets/b23dckh002lvitanh/s3-origin/S3/Pterocarpus soyauxii/dọc 3/150.png,Pterocarpus soyauxii,Pterocarpus,soyauxii,dọc 3
/kaggle/input/datasets/b23dckh002lvitanh/s3-origin/S3/Pterocarpus soyauxii/dọc 3/165.png,Pterocarpus soyauxii,Pterocarpus,soyauxii,dọc 3
/kaggle/input/datasets/b23dckh002lvitanh/s3-origin/S3/Pterocarpus soyauxii/ngang 1/137.png,Pterocarpus soyauxii,Pterocarpus,soyauxii,ngang 1
/kaggle/input/datasets/b23dckh002lvitanh/s3-origin/S3/Pterocarpus soyauxii/ngang 2/128.png,Pterocarpus soyauxii,Pterocarpus,soyauxii,ngang 2
/kaggle/input/datasets/b23dckh002lvitanh/s3-origin/S3/Pterocarpus soyauxii/dọc 3/138.png,Pterocarpus soyauxii,Pterocarpus,soyauxii,dọc 3
/kaggle/input/datasets/b23dckh002lvitanh/s3-origin/S3/Pterocarpus soyauxii/ngang 2/146.png,Pterocarpus soyauxii,Pterocarpus,soyauxii,ngang 2
/kaggle/input/datasets/b23dckh002lvitanh/s3-origin/S3/Pterocarpus soyauxii/ngang 3/169.png,Pterocarpus soyauxii,Pterocarpus,soyauxii,ngang 3
/kaggle/input/datasets/b23dckh002lvitanh/s3-origin/S3/Pterocarpus soyauxii/ngang 3/146.png,Pterocarpus soyauxii,Pterocarpus,soyauxii,ngang 3
/kaggle/input/datasets/b23dckh002lvitanh/s3-origin/S3/Pterocarpus soyauxii/ngang 1/110.png,Pterocarpus soyauxii,Pterocarpus,soyauxii,ngang 1
/kaggle/input/datasets/b23dckh002lvitanh/s3-origin/S3/Pterocarpus soyauxii/dọc 3/142.png,Pterocarpus soyauxii,Pterocarpus,soyauxii,dọc 3
/kaggle/input/datasets/b23dckh002lvitanh/s3-origin/S3/Pterocarpus soyauxii/ngang 2/151.png,Pterocarpus soyauxii,Pterocarpus,soyauxii,ngang 2
/kaggle/input/datasets/b23dckh002lvitanh/s3-origin/S3/Pterocarpus soyauxii/ngang 2/174.png,Pterocarpus soyauxii,Pterocarpus,soyauxii,ngang 2
/kaggle/input/datasets/b23dckh002lvitanh/s3-origin/S3/Pterocarpus soyauxii/dọc 2/128.png,Pterocarpus soyauxii,Pterocarpus,soyauxii,dọc 2
/kaggle/input/datasets/b23dckh002lvitanh/s3-origin/S3/Pterocarpus soyauxii/dọc 3/152.png,Pterocarpus soyauxii,Pterocarpus,soyauxii,dọc 3
/kaggle/input/datasets/b23dckh002lvitanh/s3-origin/S3/Pterocarpus soyauxii/ngang 2/1105.png,Pterocarpus soyauxii,Pterocarpus,soyauxii,ngang 2
/kaggle/input/datasets/b23dckh002lvitanh/s3-origin/S3/Pterocarpus soyauxii/ngang 3/156.png,Pterocarpus soyauxii,Pterocarpus,soyauxii,ngang 3
/kaggle/input/datasets/b23dckh002lvitanh/s3-origin/S3/Pterocarpus soyauxii/dọc 3/137.png,Pterocarpus soyauxii,Pterocarpus,soyauxii,dọc 3
/kaggle/input/datasets/b23dckh002lvitanh/s3-origin/S3/Pterocarpus soyauxii/ngang 2/196.png,Pterocarpus soyauxii,Pterocarpus,soyauxii,ngang 2
/kaggle/input/datasets/b23dckh002lvitanh/s3-origin/S3/Pterocarpus soyauxii/ngang 1/11.png,Pterocarpus soyauxii,Pterocarpus,soyauxii,ngang 1
/kaggle/input/datasets/b23dckh002lvitanh/s3-origin/S3/Pterocarpus soyauxii/ngang 1/134.png,Pterocarpus soyauxii,Pterocarpus,soyauxii,ngang 1
/kaggle/input/datasets/b23dckh002lvitanh/s3-origin/S3/Pterocarpus soyauxii/ngang 2/124.png,Pterocarpus soyauxii,Pterocarpus,soyauxii,ngang 2
/kaggle/input/datasets/b23dckh002lvitanh/s3-origin/S3/Pterocarpus soyauxii/dọc 1/18.png,Pterocarpus soyauxii,Pterocarpus,soyauxii,dọc 1
/kaggle/input/datasets/b23dckh002lvitanh/s3-origin/S3/Pterocarpus soyauxii/dọc 3/139.png,Pterocarpus soyauxii,Pterocarpus,soyauxii,dọc 3
/kaggle/input/datasets/b23dckh002lvitanh/s3-origin/S3/Pterocarpus soyauxii/dọc 3/131.png,Pterocarpus soyauxii,Pterocarpus,soyauxii,dọc 3
/kaggle/input/datasets/b23dckh002lvitanh/s3-origin/S3/Pterocarpus soyauxii/ngang 1/112.png,Pterocarpus soyauxii,Pterocarpus,soyauxii,ngang 1
/kaggle/input/datasets/b23dckh002lvitanh/s3-origin/S3/Pterocarpus soyauxii/ngang 3/119.png,Pterocarpus soyauxii,Pterocarpus,soyauxii,ngang 3
/kaggle/input/datasets/b23dckh002lvitanh/s3-origin/S3/Pterocarpus soyauxii/ngang 2/11.png,Pterocarpus soyauxii,Pterocarpus,soyauxii,ngang 2
/kaggle/input/datasets/b23dckh002lvitanh/s3-origin/S3/Pterocarpus soyauxii/ngang 2/180.png,Pterocarpus soyauxii,Pterocarpus,soyauxii,ngang 2
/kaggle/input/datasets/b23dckh002lvitanh/s3-origin/S3/Pterocarpus soyauxii/dọc 1/130.png,Pterocarpus soyauxii,Pterocarpus,soyauxii,dọc 1
/kaggle/input/datasets/b23dckh002lvitanh/s3-origin/S3/Pterocarpus soyauxii/ngang 1/114.png,Pterocarpus soyauxii,Pterocarpus,soyauxii,ngang 1
/kaggle/input/datasets/b23dckh002lvitanh/s3-origin/S3/Pterocarpus soyauxii/dọc 1/121.png,Pterocarpus soyauxii,Pterocarpus,soyauxii,dọc 1
/kaggle/input/datasets/b23dckh002lvitanh/s3-origin/S3/Pterocarpus soyauxii/dọc 3/110.png,Pterocarpus soyauxii,Pterocarpus,soyauxii,dọc 3
/kaggle/input/datasets/b23dckh002lvitanh/s3-origin/S3/Pterocarpus soyauxii/ngang 2/137.png,Pterocarpus soyauxii,Pterocarpus,soyauxii,ngang 2
/kaggle/input/datasets/b23dckh002lvitanh/s3-origin/S3/Pterocarpus soyauxii/ngang 2/183.png,Pterocarpus soyauxii,Pterocarpus,soyauxii,ngang 2
/kaggle/input/datasets/b23dckh002lvitanh/s3-origin/S3/Pterocarpus soyauxii/ngang 3/134.png,Pterocarpus soyauxii,Pterocarpus,soyauxii,ngang 3
/kaggle/input/datasets/b23dckh002lvitanh/s3-origin/S3/Pterocarpus soyauxii/ngang 3/137.png,Pterocarpus soyauxii,Pterocarpus,soyauxii,ngang 3
/kaggle/input/datasets/b23dckh002lvitanh/s3-origin/S3/Pterocarpus soyauxii/ngang 2/126.png,Pterocarpus soyauxii,Pterocarpus,soyauxii,ngang 2
/kaggle/input/datasets/b23dckh002lvitanh/s3-origin/S3/Pterocarpus soyauxii/ngang 2/160.png,Pterocarpus soyauxii,Pterocarpus,soyauxii,ngang 2
/kaggle/input/datasets/b23dckh002lvitanh/s3-origin/S3/Pterocarpus soyauxii/ngang 2/143.png,Pterocarpus soyauxii,Pterocarpus,soyauxii,ngang 2
/kaggle/input/datasets/b23dckh002lvitanh/s3-origin/S3/Pterocarpus soyauxii/ngang 3/129.png,Pterocarpus soyauxii,Pterocarpus,soyauxii,ngang 3
/kaggle/input/datasets/b23dckh002lvitanh/s3-origin/S3/Pterocarpus soyauxii/ngang 3/116.png,Pterocarpus soyauxii,Pterocarpus,soyauxii,ngang 3
/kaggle/input/datasets/b23dckh002lvitanh/s3-origin/S3/Pterocarpus soyauxii/ngang 2/1115.png,Pterocarpus soyauxii,Pterocarpus,soyauxii,ngang 2
/kaggle/input/datasets/b23dckh002lvitanh/s3-origin/S3/Pterocarpus soyauxii/dọc 3/168.png,Pterocarpus soyauxii,Pterocarpus,soyauxii,dọc 3
/kaggle/input/datasets/b23dckh002lvitanh/s3-origin/S3/Pterocarpus soyauxii/ngang 1/147.png,Pterocarpus soyauxii,Pterocarpus,soyauxii,ngang 1
/kaggle/input/datasets/b23dckh002lvitanh/s3-origin/S3/Pterocarpus soyauxii/ngang 3/14.png,Pterocarpus soyauxii,Pterocarpus,soyauxii,ngang 3
/kaggle/input/datasets/b23dckh002lvitanh/s3-origin/S3/Pterocarpus soyauxii/dọc 3/132.png,Pterocarpus soyauxii,Pterocarpus,soyauxii,dọc 3
/kaggle/input/datasets/b23dckh002lvitanh/s3-origin/S3/Pterocarpus soyauxii/ngang 3/167.png,Pterocarpus soyauxii,Pterocarpus,soyauxii,ngang 3
/kaggle/input/datasets/b23dckh002lvitanh/s3-origin/S3/Pterocarpus soyauxii/dọc 1/16.png,Pterocarpus soyauxii,Pterocarpus,soyauxii,dọc 1
/kaggle/input/datasets/b23dckh002lvitanh/s3-origin/S3/Pterocarpus soyauxii/ngang 3/157.png,Pterocarpus soyauxii,Pterocarpus,soyauxii,ngang 3
/kaggle/input/datasets/b23dckh002lvitanh/s3-origin/S3/Pterocarpus soyauxii/ngang 1/118.png,Pterocarpus soyauxii,Pterocarpus,soyauxii,ngang 1
/kaggle/input/datasets/b23dckh002lvitanh/s3-origin/S3/Pterocarpus soyauxii/dọc 2/181.png,Pterocarpus soyauxii,Pterocarpus,soyauxii,dọc 2
/kaggle/input/datasets/b23dckh002lvitanh/s3-origin/S3/Pterocarpus soyauxii/dọc 1/126.png,Pterocarpus soyauxii,Pterocarpus,soyauxii,dọc 1
/kaggle/input/datasets/b23dckh002lvitanh/s3-origin/S3/Pterocarpus soyauxii/dọc 2/184.png,Pterocarpus soyauxii,Pterocarpus,soyauxii,dọc 2
/kaggle/input/datasets/b23dckh002lvitanh/s3-origin/S3/Pterocarpus soyauxii/ngang 2/19.png,Pterocarpus soyauxii,Pterocarpus,soyauxii,ngang 2
/kaggle/input/datasets/b23dckh002lvitanh/s3-origin/S3/Pterocarpus soyauxii/dọc 2/115.png,Pterocarpus soyauxii,Pterocarpus,soyauxii,dọc 2
/kaggle/input/datasets/b23dckh002lvitanh/s3-origin/S3/Pterocarpus soyauxii/ngang 2/165.png,Pterocarpus soyauxii,Pterocarpus,soyauxii,ngang 2
/kaggle/input/datasets/b23dckh002lvitanh/s3-origin/S3/Pterocarpus soyauxii/ngang 2/191.png,Pterocarpus soyauxii,Pterocarpus,soyauxii,ngang 2
/kaggle/input/datasets/b23dckh002lvitanh/s3-origin/S3/Pterocarpus soyauxii/ngang 3/123.png,Pterocarpus soyauxii,Pterocarpus,soyauxii,ngang 3
/kaggle/input/datasets/b23dckh002lvitanh/s3-origin/S3/Pterocarpus soyauxii/dọc 2/119.png,Pterocarpus soyauxii,Pterocarpus,soyauxii,dọc 2
/kaggle/input/datasets/b23dckh002lvitanh/s3-origin/S3/Pterocarpus soyauxii/dọc 2/194.png,Pterocarpus soyauxii,Pterocarpus,soyauxii,dọc 2
/kaggle/input/datasets/b23dckh002lvitanh/s3-origin/S3/Pterocarpus soyauxii/dọc 2/130.png,Pterocarpus soyauxii,Pterocarpus,soyauxii,dọc 2
/kaggle/input/datasets/b23dckh002lvitanh/s3-origin/S3/Pterocarpus soyauxii/ngang 2/148.png,Pterocarpus soyauxii,Pterocarpus,soyauxii,ngang 2
/kaggle/input/datasets/b23dckh002lvitanh/s3-origin/S3/Pterocarpus soyauxii/ngang 3/165.png,Pterocarpus soyauxii,Pterocarpus,soyauxii,ngang 3
/kaggle/input/datasets/b23dckh002lvitanh/s3-origin/S3/Pterocarpus soyauxii/dọc 3/171.png,Pterocarpus soyauxii,Pterocarpus,soyauxii,dọc 3
/kaggle/input/datasets/b23dckh002lvitanh/s3-origin/S3/Pterocarpus soyauxii/dọc 3/113.png,Pterocarpus soyauxii,Pterocarpus,soyauxii,dọc 3
/kaggle/input/datasets/b23dckh002lvitanh/s3-origin/S3/Pterocarpus soyauxii/ngang 2/181.png,Pterocarpus soyauxii,Pterocarpus,soyauxii,ngang 2
/kaggle/input/datasets/b23dckh002lvitanh/s3-origin/S3/Pterocarpus soyauxii/dọc 2/1110.png,Pterocarpus soyauxii,Pterocarpus,soyauxii,dọc 2
/kaggle/input/datasets/b23dckh002lvitanh/s3-origin/S3/Pterocarpus soyauxii/dọc 2/131.png,Pterocarpus soyauxii,Pterocarpus,soyauxii,dọc 2
/kaggle/input/datasets/b23dckh002lvitanh/s3-origin/S3/Pterocarpus soyauxii/ngang 2/184.png,Pterocarpus soyauxii,Pterocarpus,soyauxii,ngang 2
/kaggle/input/datasets/b23dckh002lvitanh/s3-origin/S3/Pterocarpus soyauxii/ngang 1/15.png,Pterocarpus soyauxii,Pterocarpus,soyauxii,ngang 1
/kaggle/input/datasets/b23dckh002lvitanh/s3-origin/S3/Pterocarpus soyauxii/ngang 1/141.png,Pterocarpus soyauxii,Pterocarpus,soyauxii,ngang 1
/kaggle/input/datasets/b23dckh002lvitanh/s3-origin/S3/Pterocarpus soyauxii/ngang 2/1118.png,Pterocarpus soyauxii,Pterocarpus,soyauxii,ngang 2
/kaggle/input/datasets/b23dckh002lvitanh/s3-origin/S3/Pterocarpus soyauxii/dọc 2/156.png,Pterocarpus soyauxii,Pterocarpus,soyauxii,dọc 2
/kaggle/input/datasets/b23dckh002lvitanh/s3-origin/S3/Pterocarpus soyauxii/dọc 1/143.png,Pterocarpus soyauxii,Pterocarpus,soyauxii,dọc 1
/kaggle/input/datasets/b23dckh002lvitanh/s3-origin/S3/Pterocarpus soyauxii/ngang 2/112.png,Pterocarpus soyauxii,Pterocarpus,soyauxii,ngang 2
/kaggle/input/datasets/b23dckh002lvitanh/s3-origin/S3/Pterocarpus soyauxii/ngang 2/141.png,Pterocarpus soyauxii,Pterocarpus,soyauxii,ngang 2
/kaggle/input/datasets/b23dckh002lvitanh/s3-origin/S3/Pterocarpus soyauxii/ngang 2/17.png,Pterocarpus soyauxii,Pterocarpus,soyauxii,ngang 2
/kaggle/input/datasets/b23dckh002lvitanh/s3-origin/S3/Pterocarpus soyauxii/dọc 3/156.png,Pterocarpus soyauxii,Pterocarpus,soyauxii,dọc 3
/kaggle/input/datasets/b23dckh002lvitanh/s3-origin/S3/Pterocarpus soyauxii/dọc 2/133.png,Pterocarpus soyauxii,Pterocarpus,soyauxii,dọc 2
/kaggle/input/datasets/b23dckh002lvitanh/s3-origin/S3/Pterocarpus soyauxii/ngang 2/179.png,Pterocarpus soyauxii,Pterocarpus,soyauxii,ngang 2
/kaggle/input/datasets/b23dckh002lvitanh/s3-origin/S3/Pterocarpus soyauxii/dọc 3/19.png,Pterocarpus soyauxii,Pterocarpus,soyauxii,dọc 3
/kaggle/input/datasets/b23dckh002lvitanh/s3-origin/S3/Pterocarpus soyauxii/dọc 2/19.png,Pterocarpus soyauxii,Pterocarpus,soyauxii,dọc 2
/kaggle/input/datasets/b23dckh002lvitanh/s3-origin/S3/Pterocarpus soyauxii/ngang 2/1119.png,Pterocarpus soyauxii,Pterocarpus,soyauxii,ngang 2
/kaggle/input/datasets/b23dckh002lvitanh/s3-origin/S3/Pterocarpus soyauxii/dọc 3/127.png,Pterocarpus soyauxii,Pterocarpus,soyauxii,dọc 3
/kaggle/input/datasets/b23dckh002lvitanh/s3-origin/S3/Pterocarpus soyauxii/ngang 2/198.png,Pterocarpus soyauxii,Pterocarpus,soyauxii,ngang 2
/kaggle/input/datasets/b23dckh002lvitanh/s3-origin/S3/Pterocarpus soyauxii/ngang 2/177.png,Pterocarpus soyauxii,Pterocarpus,soyauxii,ngang 2
/kaggle/input/datasets/b23dckh002lvitanh/s3-origin/S3/Pterocarpus soyauxii/dọc 2/1124.png,Pterocarpus soyauxii,Pterocarpus,soyauxii,dọc 2
/kaggle/input/datasets/b23dckh002lvitanh/s3-origin/S3/Pterocarpus soyauxii/ngang 1/124.png,Pterocarpus soyauxii,Pterocarpus,soyauxii,ngang 1
/kaggle/input/datasets/b23dckh002lvitanh/s3-origin/S3/Pterocarpus soyauxii/ngang 2/161.png,Pterocarpus soyauxii,Pterocarpus,soyauxii,ngang 2
/kaggle/input/datasets/b23dckh002lvitanh/s3-origin/S3/Pterocarpus soyauxii/dọc 2/166.png,Pterocarpus soyauxii,Pterocarpus,soyauxii,dọc 2
/kaggle/input/datasets/b23dckh002lvitanh/s3-origin/S3/Pterocarpus soyauxii/dọc 2/10.png,Pterocarpus soyauxii,Pterocarpus,soyauxii,dọc 2
/kaggle/input/datasets/b23dckh002lvitanh/s3-origin/S3/Pterocarpus soyauxii/dọc 2/112.png,Pterocarpus soyauxii,Pterocarpus,soyauxii,dọc 2
/kaggle/input/datasets/b23dckh002lvitanh/s3-origin/S3/Pterocarpus soyauxii/ngang 2/1100.png,Pterocarpus soyauxii,Pterocarpus,soyauxii,ngang 2
/kaggle/input/datasets/b23dckh002lvitanh/s3-origin/S3/Pterocarpus soyauxii/ngang 1/16.png,Pterocarpus soyauxii,Pterocarpus,soyauxii,ngang 1
/kaggle/input/datasets/b23dckh002lvitanh/s3-origin/S3/Pterocarpus soyauxii/ngang 2/1107.png,Pterocarpus soyauxii,Pterocarpus,soyauxii,ngang 2
/kaggle/input/datasets/b23dckh002lvitanh/s3-origin/S3/Pterocarpus soyauxii/dọc 3/111.png,Pterocarpus soyauxii,Pterocarpus,soyauxii,dọc 3
/kaggle/input/datasets/b23dckh002lvitanh/s3-origin/S3/Pterocarpus soyauxii/dọc 2/116.png,Pterocarpus soyauxii,Pterocarpus,soyauxii,dọc 2
/kaggle/input/datasets/b23dckh002lvitanh/s3-origin/S3/Pterocarpus soyauxii/dọc 3/11.png,Pterocarpus soyauxii,Pterocarpus,soyauxii,dọc 3
/kaggle/input/datasets/b23dckh002lvitanh/s3-origin/S3/Pterocarpus soyauxii/ngang 2/157.png,Pterocarpus soyauxii,Pterocarpus,soyauxii,ngang 2
/kaggle/input/datasets/b23dckh002lvitanh/s3-origin/S3/Pterocarpus soyauxii/ngang 2/1116.png,Pterocarpus soyauxii,Pterocarpus,soyauxii,ngang 2
/kaggle/input/datasets/b23dckh002lvitanh/s3-origin/S3/Pterocarpus soyauxii/ngang 1/133.png,Pterocarpus soyauxii,Pterocarpus,soyauxii,ngang 1
/kaggle/input/datasets/b23dckh002lvitanh/s3-origin/S3/Pterocarpus soyauxii/ngang 3/149.png,Pterocarpus soyauxii,Pterocarpus,soyauxii,ngang 3
/kaggle/input/datasets/b23dckh002lvitanh/s3-origin/S3/Pterocarpus soyauxii/dọc 3/18.png,Pterocarpus soyauxii,Pterocarpus,soyauxii,dọc 3
/kaggle/input/datasets/b23dckh002lvitanh/s3-origin/S3/Pterocarpus soyauxii/ngang 3/117.png,Pterocarpus soyauxii,Pterocarpus,soyauxii,ngang 3
/kaggle/input/datasets/b23dckh002lvitanh/s3-origin/S3/Pterocarpus soyauxii/dọc 2/18.png,Pterocarpus soyauxii,Pterocarpus,soyauxii,dọc 2
/kaggle/input/datasets/b23dckh002lvitanh/s3-origin/S3/Pterocarpus soyauxii/ngang 3/152.png,Pterocarpus soyauxii,Pterocarpus,soyauxii,ngang 3
/kaggle/input/datasets/b23dckh002lvitanh/s3-origin/S3/Pterocarpus soyauxii/ngang 3/132.png,Pterocarpus soyauxii,Pterocarpus,soyauxii,ngang 3
/kaggle/input/datasets/b23dckh002lvitanh/s3-origin/S3/Pterocarpus soyauxii/dọc 2/1118.png,Pterocarpus soyauxii,Pterocarpus,soyauxii,dọc 2
/kaggle/input/datasets/b23dckh002lvitanh/s3-origin/S3/Pterocarpus soyauxii/ngang 1/139.png,Pterocarpus soyauxii,Pterocarpus,soyauxii,ngang 1
/kaggle/input/datasets/b23dckh002lvitanh/s3-origin/S3/Pterocarpus soyauxii/dọc 2/127.png,Pterocarpus soyauxii,Pterocarpus,soyauxii,dọc 2
/kaggle/input/datasets/b23dckh002lvitanh/s3-origin/S3/Pterocarpus soyauxii/ngang 1/130.png,Pterocarpus soyauxii,Pterocarpus,soyauxii,ngang 1
/kaggle/input/datasets/b23dckh002lvitanh/s3-origin/S3/Pterocarpus soyauxii/dọc 2/191.png,Pterocarpus soyauxii,Pterocarpus,soyauxii,dọc 2
/kaggle/input/datasets/b23dckh002lvitanh/s3-origin/S3/Pterocarpus soyauxii/ngang 3/128.png,Pterocarpus soyauxii,Pterocarpus,soyauxii,ngang 3
/kaggle/input/datasets/b23dckh002lvitanh/s3-origin/S3/Pterocarpus soyauxii/dọc 2/132.png,Pterocarpus soyauxii,Pterocarpus,soyauxii,dọc 2
/kaggle/input/datasets/b23dckh002lvitanh/s3-origin/S3/Pterocarpus soyauxii/dọc 1/145.png,Pterocarpus soyauxii,Pterocarpus,soyauxii,dọc 1
/kaggle/input/datasets/b23dckh002lvitanh/s3-origin/S3/Pterocarpus soyauxii/dọc 3/117.png,Pterocarpus soyauxii,Pterocarpus,soyauxii,dọc 3
/kaggle/input/datasets/b23dckh002lvitanh/s3-origin/S3/Pterocarpus soyauxii/ngang 2/1109.png,Pterocarpus soyauxii,Pterocarpus,soyauxii,ngang 2
/kaggle/input/datasets/b23dckh002lvitanh/s3-origin/S3/Pterocarpus soyauxii/ngang 2/13.png,Pterocarpus soyauxii,Pterocarpus,soyauxii,ngang 2
/kaggle/input/datasets/b23dckh002lvitanh/s3-origin/S3/Pterocarpus soyauxii/dọc 3/144.png,Pterocarpus soyauxii,Pterocarpus,soyauxii,dọc 3
/kaggle/input/datasets/b23dckh002lvitanh/s3-origin/S3/Pterocarpus soyauxii/ngang 1/111.png,Pterocarpus soyauxii,Pterocarpus,soyauxii,ngang 1
/kaggle/input/datasets/b23dckh002lvitanh/s3-origin/S3/Pterocarpus soyauxii/ngang 2/117.png,Pterocarpus soyauxii,Pterocarpus,soyauxii,ngang 2
/kaggle/input/datasets/b23dckh002lvitanh/s3-origin/S3/Pterocarpus soyauxii/ngang 2/150.png,Pterocarpus soyauxii,Pterocarpus,soyauxii,ngang 2
/kaggle/input/datasets/b23dckh002lvitanh/s3-origin/S3/Pterocarpus soyauxii/ngang 2/136.png,Pterocarpus soyauxii,Pterocarpus,soyauxii,ngang 2
/kaggle/input/datasets/b23dckh002lvitanh/s3-origin/S3/Pterocarpus soyauxii/ngang 1/129.png,Pterocarpus soyauxii,Pterocarpus,soyauxii,ngang 1
/kaggle/input/datasets/b23dckh002lvitanh/s3-origin/S3/Pterocarpus soyauxii/dọc 1/138.png,Pterocarpus soyauxii,Pterocarpus,soyauxii,dọc 1
/kaggle/input/datasets/b23dckh002lvitanh/s3-origin/S3/Pterocarpus soyauxii/ngang 2/144.png,Pterocarpus soyauxii,Pterocarpus,soyauxii,ngang 2
/kaggle/input/datasets/b23dckh002lvitanh/s3-origin/S3/Pterocarpus soyauxii/dọc 1/115.png,Pterocarpus soyauxii,Pterocarpus,soyauxii,dọc 1
/kaggle/input/datasets/b23dckh002lvitanh/s3-origin/S3/Pterocarpus soyauxii/dọc 1/129.png,Pterocarpus soyauxii,Pterocarpus,soyauxii,dọc 1
/kaggle/input/datasets/b23dckh002lvitanh/s3-origin/S3/Pterocarpus soyauxii/ngang 1/113.png,Pterocarpus soyauxii,Pterocarpus,soyauxii,ngang 1
/kaggle/input/datasets/b23dckh002lvitanh/s3-origin/S3/Pterocarpus soyauxii/dọc 3/119.png,Pterocarpus soyauxii,Pterocarpus,soyauxii,dọc 3
/kaggle/input/datasets/b23dckh002lvitanh/s3-origin/S3/Pterocarpus soyauxii/ngang 2/123.png,Pterocarpus soyauxii,Pterocarpus,soyauxii,ngang 2
/kaggle/input/datasets/b23dckh002lvitanh/s3-origin/S3/Pterocarpus soyauxii/ngang 2/116.png,Pterocarpus soyauxii,Pterocarpus,soyauxii,ngang 2
/kaggle/input/datasets/b23dckh002lvitanh/s3-origin/S3/Pterocarpus soyauxii/ngang 3/155.png,Pterocarpus soyauxii,Pterocarpus,soyauxii,ngang 3
/kaggle/input/datasets/b23dckh002lvitanh/s3-origin/S3/Pterocarpus soyauxii/dọc 2/1111.png,Pterocarpus soyauxii,Pterocarpus,soyauxii,dọc 2
/kaggle/input/datasets/b23dckh002lvitanh/s3-origin/S3/Pterocarpus soyauxii/ngang 2/132.png,Pterocarpus soyauxii,Pterocarpus,soyauxii,ngang 2
/kaggle/input/datasets/b23dckh002lvitanh/s3-origin/S3/Pterocarpus soyauxii/ngang 2/129.png,Pterocarpus soyauxii,Pterocarpus,soyauxii,ngang 2
/kaggle/input/datasets/b23dckh002lvitanh/s3-origin/S3/Pterocarpus soyauxii/ngang 1/143.png,Pterocarpus soyauxii,Pterocarpus,soyauxii,ngang 1
/kaggle/input/datasets/b23dckh002lvitanh/s3-origin/S3/Pterocarpus soyauxii/ngang 2/140.png,Pterocarpus soyauxii,Pterocarpus,soyauxii,ngang 2
/kaggle/input/datasets/b23dckh002lvitanh/s3-origin/S3/Pterocarpus soyauxii/ngang 3/162.png,Pterocarpus soyauxii,Pterocarpus,soyauxii,ngang 3
/kaggle/input/datasets/b23dckh002lvitanh/s3-origin/S3/Pterocarpus soyauxii/dọc 2/143.png,Pterocarpus soyauxii,Pterocarpus,soyauxii,dọc 2
/kaggle/input/datasets/b23dckh002lvitanh/s3-origin/S3/Pterocarpus soyauxii/dọc 2/148.png,Pterocarpus soyauxii,Pterocarpus,soyauxii,dọc 2
/kaggle/input/datasets/b23dckh002lvitanh/s3-origin/S3/Pterocarpus soyauxii/dọc 1/120.png,Pterocarpus soyauxii,Pterocarpus,soyauxii,dọc 1
/kaggle/input/datasets/b23dckh002lvitanh/s3-origin/S3/Pterocarpus soyauxii/dọc 2/1120.png,Pterocarpus soyauxii,Pterocarpus,soyauxii,dọc 2
/kaggle/input/datasets/b23dckh002lvitanh/s3-origin/S3/Pterocarpus soyauxii/dọc 2/1116.png,Pterocarpus soyauxii,Pterocarpus,soyauxii,dọc 2
/kaggle/input/datasets/b23dckh002lvitanh/s3-origin/S3/Pterocarpus soyauxii/ngang 2/199.png,Pterocarpus soyauxii,Pterocarpus,soyauxii,ngang 2
/kaggle/input/datasets/b23dckh002lvitanh/s3-origin/S3/Pterocarpus soyauxii/dọc 2/170.png,Pterocarpus soyauxii,Pterocarpus,soyauxii,dọc 2
/kaggle/input/datasets/b23dckh002lvitanh/s3-origin/S3/Pterocarpus soyauxii/ngang 2/16.png,Pterocarpus soyauxii,Pterocarpus,soyauxii,ngang 2
/kaggle/input/datasets/b23dckh002lvitanh/s3-origin/S3/Pterocarpus soyauxii/dọc 3/161.png,Pterocarpus soyauxii,Pterocarpus,soyauxii,dọc 3
/kaggle/input/datasets/b23dckh002lvitanh/s3-origin/S3/Pterocarpus soyauxii/dọc 2/189.png,Pterocarpus soyauxii,Pterocarpus,soyauxii,dọc 2
/kaggle/input/datasets/b23dckh002lvitanh/s3-origin/S3/Pterocarpus soyauxii/ngang 1/19.png,Pterocarpus soyauxii,Pterocarpus,soyauxii,ngang 1
/kaggle/input/datasets/b23dckh002lvitanh/s3-origin/S3/Pterocarpus soyauxii/dọc 2/182.png,Pterocarpus soyauxii,Pterocarpus,soyauxii,dọc 2
/kaggle/input/datasets/b23dckh002lvitanh/s3-origin/S3/Pterocarpus soyauxii/dọc 3/167.png,Pterocarpus soyauxii,Pterocarpus,soyauxii,dọc 3
/kaggle/input/datasets/b23dckh002lvitanh/s3-origin/S3/Pterocarpus soyauxii/ngang 2/115.png,Pterocarpus soyauxii,Pterocarpus,soyauxii,ngang 2
/kaggle/input/datasets/b23dckh002lvitanh/s3-origin/S3/Pterocarpus soyauxii/ngang 2/190.png,Pterocarpus soyauxii,Pterocarpus,soyauxii,ngang 2
/kaggle/input/datasets/b23dckh002lvitanh/s3-origin/S3/Pterocarpus soyauxii/dọc 2/193.png,Pterocarpus soyauxii,Pterocarpus,soyauxii,dọc 2
/kaggle/input/datasets/b23dckh002lvitanh/s3-origin/S3/Pterocarpus soyauxii/ngang 1/12.png,Pterocarpus soyauxii,Pterocarpus,soyauxii,ngang 1
/kaggle/input/datasets/b23dckh002lvitanh/s3-origin/S3/Pterocarpus soyauxii/dọc 2/1100.png,Pterocarpus soyauxii,Pterocarpus,soyauxii,dọc 2
/kaggle/input/datasets/b23dckh002lvitanh/s3-origin/S3/Pterocarpus soyauxii/dọc 3/17.png,Pterocarpus soyauxii,Pterocarpus,soyauxii,dọc 3
/kaggle/input/datasets/b23dckh002lvitanh/s3-origin/S3/Pterocarpus soyauxii/ngang 2/1101.png,Pterocarpus soyauxii,Pterocarpus,soyauxii,ngang 2
/kaggle/input/datasets/b23dckh002lvitanh/s3-origin/S3/Pterocarpus soyauxii/ngang 3/141.png,Pterocarpus soyauxii,Pterocarpus,soyauxii,ngang 3
/kaggle/input/datasets/b23dckh002lvitanh/s3-origin/S3/Pterocarpus soyauxii/ngang 1/115.png,Pterocarpus soyauxii,Pterocarpus,soyauxii,ngang 1
/kaggle/input/datasets/b23dckh002lvitanh/s3-origin/S3/Pterocarpus soyauxii/dọc 1/135.png,Pterocarpus soyauxii,Pterocarpus,soyauxii,dọc 1
/kaggle/input/datasets/b23dckh002lvitanh/s3-origin/S3/Pterocarpus soyauxii/ngang 3/143.png,Pterocarpus soyauxii,Pterocarpus,soyauxii,ngang 3
/kaggle/input/datasets/b23dckh002lvitanh/s3-origin/S3/Pterocarpus soyauxii/ngang 1/132.png,Pterocarpus soyauxii,Pterocarpus,soyauxii,ngang 1
/kaggle/input/datasets/b23dckh002lvitanh/s3-origin/S3/Pterocarpus soyauxii/dọc 1/125.png,Pterocarpus soyauxii,Pterocarpus,soyauxii,dọc 1
/kaggle/input/datasets/b23dckh002lvitanh/s3-origin/S3/Pterocarpus soyauxii/ngang 1/146.png,Pterocarpus soyauxii,Pterocarpus,soyauxii,ngang 1
/kaggle/input/datasets/b23dckh002lvitanh/s3-origin/S3/Pterocarpus soyauxii/ngang 2/1117.png,Pterocarpus soyauxii,Pterocarpus,soyauxii,ngang 2
/kaggle/input/datasets/b23dckh002lvitanh/s3-origin/S3/Pterocarpus soyauxii/dọc 2/152.png,Pterocarpus soyauxii,Pterocarpus,soyauxii,dọc 2
/kaggle/input/datasets/b23dckh002lvitanh/s3-origin/S3/Pterocarpus soyauxii/dọc 3/169.png,Pterocarpus soyauxii,Pterocarpus,soyauxii,dọc 3
/kaggle/input/datasets/b23dckh002lvitanh/s3-origin/S3/Pterocarpus soyauxii/dọc 2/174.png,Pterocarpus soyauxii,Pterocarpus,soyauxii,dọc 2
/kaggle/input/datasets/b23dckh002lvitanh/s3-origin/S3/Pterocarpus soyauxii/ngang 2/162.png,Pterocarpus soyauxii,Pterocarpus,soyauxii,ngang 2
/kaggle/input/datasets/b23dckh002lvitanh/s3-origin/S3/Pterocarpus soyauxii/ngang 2/192.png,Pterocarpus soyauxii,Pterocarpus,soyauxii,ngang 2
/kaggle/input/datasets/b23dckh002lvitanh/s3-origin/S3/Pterocarpus soyauxii/dọc 1/111.png,Pterocarpus soyauxii,Pterocarpus,soyauxii,dọc 1
/kaggle/input/datasets/b23dckh002lvitanh/s3-origin/S3/Pterocarpus soyauxii/ngang 2/163.png,Pterocarpus soyauxii,Pterocarpus,soyauxii,ngang 2
/kaggle/input/datasets/b23dckh002lvitanh/s3-origin/S3/Pterocarpus soyauxii/ngang 2/173.png,Pterocarpus soyauxii,Pterocarpus,soyauxii,ngang 2
/kaggle/input/datasets/b23dckh002lvitanh/s3-origin/S3/Pterocarpus soyauxii/dọc 2/187.png,Pterocarpus soyauxii,Pterocarpus,soyauxii,dọc 2
/kaggle/input/datasets/b23dckh002lvitanh/s3-origin/S3/Pterocarpus soyauxii/dọc 2/1119.png,Pterocarpus soyauxii,Pterocarpus,soyauxii,dọc 2
/kaggle/input/datasets/b23dckh002lvitanh/s3-origin/S3/Pterocarpus soyauxii/dọc 3/153.png,Pterocarpus soyauxii,Pterocarpus,soyauxii,dọc 3
/kaggle/input/datasets/b23dckh002lvitanh/s3-origin/S3/Pterocarpus soyauxii/ngang 2/1114.png,Pterocarpus soyauxii,Pterocarpus,soyauxii,ngang 2
/kaggle/input/datasets/b23dckh002lvitanh/s3-origin/S3/Pterocarpus soyauxii/ngang 2/120.png,Pterocarpus soyauxii,Pterocarpus,soyauxii,ngang 2
/kaggle/input/datasets/b23dckh002lvitanh/s3-origin/S3/Pterocarpus soyauxii/dọc 2/1103.png,Pterocarpus soyauxii,Pterocarpus,soyauxii,dọc 2
/kaggle/input/datasets/b23dckh002lvitanh/s3-origin/S3/Pterocarpus soyauxii/ngang 1/117.png,Pterocarpus soyauxii,Pterocarpus,soyauxii,ngang 1
/kaggle/input/datasets/b23dckh002lvitanh/s3-origin/S3/Pterocarpus soyauxii/ngang 3/15.png,Pterocarpus soyauxii,Pterocarpus,soyauxii,ngang 3
/kaggle/input/datasets/b23dckh002lvitanh/s3-origin/S3/Pterocarpus soyauxii/ngang 2/155.png,Pterocarpus soyauxii,Pterocarpus,soyauxii,ngang 2
/kaggle/input/datasets/b23dckh002lvitanh/s3-origin/S3/Pterocarpus soyauxii/ngang 2/171.png,Pterocarpus soyauxii,Pterocarpus,soyauxii,ngang 2
/kaggle/input/datasets/b23dckh002lvitanh/s3-origin/S3/Pterocarpus soyauxii/dọc 3/120.png,Pterocarpus soyauxii,Pterocarpus,soyauxii,dọc 3
/kaggle/input/datasets/b23dckh002lvitanh/s3-origin/S3/Pterocarpus soyauxii/ngang 1/119.png,Pterocarpus soyauxii,Pterocarpus,soyauxii,ngang 1
/kaggle/input/datasets/b23dckh002lvitanh/s3-origin/S3/Pterocarpus soyauxii/dọc 1/113.png,Pterocarpus soyauxii,Pterocarpus,soyauxii,dọc 1
/kaggle/input/datasets/b23dckh002lvitanh/s3-origin/S3/Pterocarpus soyauxii/dọc 3/133.png,Pterocarpus soyauxii,Pterocarpus,soyauxii,dọc 3
/kaggle/input/datasets/b23dckh002lvitanh/s3-origin/S3/Pterocarpus soyauxii/ngang 2/178.png,Pterocarpus soyauxii,Pterocarpus,soyauxii,ngang 2
/kaggle/input/datasets/b23dckh002lvitanh/s3-origin/S3/Pterocarpus soyauxii/ngang 1/131.png,Pterocarpus soyauxii,Pterocarpus,soyauxii,ngang 1
/kaggle/input/datasets/b23dckh002lvitanh/s3-origin/S3/Pterocarpus soyauxii/ngang 3/120.png,Pterocarpus soyauxii,Pterocarpus,soyauxii,ngang 3
/kaggle/input/datasets/b23dckh002lvitanh/s3-origin/S3/Pterocarpus soyauxii/ngang 3/151.png,Pterocarpus soyauxii,Pterocarpus,soyauxii,ngang 3
/kaggle/input/datasets/b23dckh002lvitanh/s3-origin/S3/Pterocarpus soyauxii/ngang 3/17.png,Pterocarpus soyauxii,Pterocarpus,soyauxii,ngang 3
/kaggle/input/datasets/b23dckh002lvitanh/s3-origin/S3/Pterocarpus soyauxii/dọc 3/130.png,Pterocarpus soyauxii,Pterocarpus,soyauxii,dọc 3
/kaggle/input/datasets/b23dckh002lvitanh/s3-origin/S3/Pterocarpus soyauxii/dọc 2/111.png,Pterocarpus soyauxii,Pterocarpus,soyauxii,dọc 2
/kaggle/input/datasets/b23dckh002lvitanh/s3-origin/S3/Pterocarpus soyauxii/dọc 3/157.png,Pterocarpus soyauxii,Pterocarpus,soyauxii,dọc 3
/kaggle/input/datasets/b23dckh002lvitanh/s3-origin/S3/Pterocarpus soyauxii/dọc 2/158.png,Pterocarpus soyauxii,Pterocarpus,soyauxii,dọc 2
/kaggle/input/datasets/b23dckh002lvitanh/s3-origin/S3/Pterocarpus soyauxii/ngang 1/135.png,Pterocarpus soyauxii,Pterocarpus,soyauxii,ngang 1
/kaggle/input/datasets/b23dckh002lvitanh/s3-origin/S3/Pterocarpus soyauxii/ngang 2/14.png,Pterocarpus soyauxii,Pterocarpus,soyauxii,ngang 2
/kaggle/input/datasets/b23dckh002lvitanh/s3-origin/S3/Pterocarpus soyauxii/ngang 3/130.png,Pterocarpus soyauxii,Pterocarpus,soyauxii,ngang 3
/kaggle/input/datasets/b23dckh002lvitanh/s3-origin/S3/Pterocarpus soyauxii/dọc 1/110.png,Pterocarpus soyauxii,Pterocarpus,soyauxii,dọc 1
/kaggle/input/datasets/b23dckh002lvitanh/s3-origin/S3/Pterocarpus soyauxii/dọc 2/1113.png,Pterocarpus soyauxii,Pterocarpus,soyauxii,dọc 2
/kaggle/input/datasets/b23dckh002lvitanh/s3-origin/S3/Pterocarpus soyauxii/ngang 2/138.png,Pterocarpus soyauxii,Pterocarpus,soyauxii,ngang 2
/kaggle/input/datasets/b23dckh002lvitanh/s3-origin/S3/Pterocarpus soyauxii/dọc 2/146.png,Pterocarpus soyauxii,Pterocarpus,soyauxii,dọc 2
/kaggle/input/datasets/b23dckh002lvitanh/s3-origin/S3/Pterocarpus soyauxii/ngang 3/153.png,Pterocarpus soyauxii,Pterocarpus,soyauxii,ngang 3
/kaggle/input/datasets/b23dckh002lvitanh/s3-origin/S3/Pterocarpus soyauxii/ngang 2/189.png,Pterocarpus soyauxii,Pterocarpus,soyauxii,ngang 2
/kaggle/input/datasets/b23dckh002lvitanh/s3-origin/S3/Pterocarpus soyauxii/dọc 3/114.png,Pterocarpus soyauxii,Pterocarpus,soyauxii,dọc 3
/kaggle/input/datasets/b23dckh002lvitanh/s3-origin/S3/Pterocarpus soyauxii/dọc 1/158.png,Pterocarpus soyauxii,Pterocarpus,soyauxii,dọc 1
/kaggle/input/datasets/b23dckh002lvitanh/s3-origin/S3/Pterocarpus soyauxii/ngang 3/148.png,Pterocarpus soyauxii,Pterocarpus,soyauxii,ngang 3
/kaggle/input/datasets/b23dckh002lvitanh/s3-origin/S3/Sindora cochinchinensis/ngang/gụ2.png,Sindora cochinchinensis,Sindora,cochinchinensis,ngang
/kaggle/input/datasets/b23dckh002lvitanh/s3-origin/S3/Sindora cochinchinensis/dọc/gụ101.png,Sindora cochinchinensis,Sindora,cochinchinensis,dọc
/kaggle/input/datasets/b23dckh002lvitanh/s3-origin/S3/Sindora cochinchinensis/ngang/gụ62.png,Sindora cochinchinensis,Sindora,cochinchinensis,ngang
/kaggle/input/datasets/b23dckh002lvitanh/s3-origin/S3/Sindora cochinchinensis/dọc 2/gụ64.png,Sindora cochinchinensis,Sindora,cochinchinensis,dọc 2
/kaggle/input/datasets/b23dckh002lvitanh/s3-origin/S3/Sindora cochinchinensis/dọc/gụ33.png,Sindora cochinchinensis,Sindora,cochinchinensis,dọc
/kaggle/input/datasets/b23dckh002lvitanh/s3-origin/S3/Sindora cochinchinensis/ngang 2/gụ47.png,Sindora cochinchinensis,Sindora,cochinchinensis,ngang 2
/kaggle/input/datasets/b23dckh002lvitanh/s3-origin/S3/Sindora cochinchinensis/ngang/gụ16.png,Sindora cochinchinensis,Sindora,cochinchinensis,ngang
/kaggle/input/datasets/b23dckh002lvitanh/s3-origin/S3/Sindora cochinchinensis/ngang 2/gụ24.png,Sindora cochinchinensis,Sindora,cochinchinensis,ngang 2
/kaggle/input/datasets/b23dckh002lvitanh/s3-origin/S3/Sindora cochinchinensis/ngang 2/gụ1.png,Sindora cochinchinensis,Sindora,cochinchinensis,ngang 2
/kaggle/input/datasets/b23dckh002lvitanh/s3-origin/S3/Sindora cochinchinensis/dọc/gụ68.png,Sindora cochinchinensis,Sindora,cochinchinensis,dọc
/kaggle/input/datasets/b23dckh002lvitanh/s3-origin/S3/Sindora cochinchinensis/ngang 2/gụ60.png,Sindora cochinchinensis,Sindora,cochinchinensis,ngang 2
/kaggle/input/datasets/b23dckh002lvitanh/s3-origin/S3/Sindora cochinchinensis/ngang/gụ94.png,Sindora cochinchinensis,Sindora,cochinchinensis,ngang
/kaggle/input/datasets/b23dckh002lvitanh/s3-origin/S3/Sindora cochinchinensis/ngang/gụ7.png,Sindora cochinchinensis,Sindora,cochinchinensis,ngang
/kaggle/input/datasets/b23dckh002lvitanh/s3-origin/S3/Sindora cochinchinensis/dọc/gụ47.png,Sindora cochinchinensis,Sindora,cochinchinensis,dọc
/kaggle/input/datasets/b23dckh002lvitanh/s3-origin/S3/Sindora cochinchinensis/ngang/gụ40.png,Sindora cochinchinensis,Sindora,cochinchinensis,ngang
/kaggle/input/datasets/b23dckh002lvitanh/s3-origin/S3/Sindora cochinchinensis/ngang 2/gụ64.png,Sindora cochinchinensis,Sindora,cochinchinensis,ngang 2
/kaggle/input/datasets/b23dckh002lvitanh/s3-origin/S3/Sindora cochinchinensis/ngang 2/gụ13.png,Sindora cochinchinensis,Sindora,cochinchinensis,ngang 2
/kaggle/input/datasets/b23dckh002lvitanh/s3-origin/S3/Sindora cochinchinensis/ngang 2/gụ57.png,Sindora cochinchinensis,Sindora,cochinchinensis,ngang 2
/kaggle/input/datasets/b23dckh002lvitanh/s3-origin/S3/Sindora cochinchinensis/dọc 2/gụ71.png,Sindora cochinchinensis,Sindora,cochinchinensis,dọc 2
/kaggle/input/datasets/b23dckh002lvitanh/s3-origin/S3/Sindora cochinchinensis/dọc 2/gụ56.png,Sindora cochinchinensis,Sindora,cochinchinensis,dọc 2
/kaggle/input/datasets/b23dckh002lvitanh/s3-origin/S3/Sindora cochinchinensis/dọc/gụ32.png,Sindora cochinchinensis,Sindora,cochinchinensis,dọc
/kaggle/input/datasets/b23dckh002lvitanh/s3-origin/S3/Sindora cochinchinensis/ngang 2/gụ33.png,Sindora cochinchinensis,Sindora,cochinchinensis,ngang 2
/kaggle/input/datasets/b23dckh002lvitanh/s3-origin/S3/Sindora cochinchinensis/dọc 2/gụ72.png,Sindora cochinchinensis,Sindora,cochinchinensis,dọc 2
/kaggle/input/datasets/b23dckh002lvitanh/s3-origin/S3/Sindora cochinchinensis/ngang/gụ68.png,Sindora cochinchinensis,Sindora,cochinchinensis,ngang
/kaggle/input/datasets/b23dckh002lvitanh/s3-origin/S3/Sindora cochinchinensis/dọc/gụ55.png,Sindora cochinchinensis,Sindora,cochinchinensis,dọc
/kaggle/input/datasets/b23dckh002lvitanh/s3-origin/S3/Sindora cochinchinensis/ngang/gụ44.png,Sindora cochinchinensis,Sindora,cochinchinensis,ngang
/kaggle/input/datasets/b23dckh002lvitanh/s3-origin/S3/Sindora cochinchinensis/dọc/gụ25.png,Sindora cochinchinensis,Sindora,cochinchinensis,dọc
/kaggle/input/datasets/b23dckh002lvitanh/s3-origin/S3/Sindora cochinchinensis/dọc/gụ74.png,Sindora cochinchinensis,Sindora,cochinchinensis,dọc
/kaggle/input/datasets/b23dckh002lvitanh/s3-origin/S3/Sindora cochinchinensis/dọc/gụ43.png,Sindora cochinchinensis,Sindora,cochinchinensis,dọc
/kaggle/input/datasets/b23dckh002lvitanh/s3-origin/S3/Sindora cochinchinensis/ngang/gụ33.png,Sindora cochinchinensis,Sindora,cochinchinensis,ngang
/kaggle/input/datasets/b23dckh002lvitanh/s3-origin/S3/Sindora cochinchinensis/ngang/gụ84.png,Sindora cochinchinensis,Sindora,cochinchinensis,ngang
/kaggle/input/datasets/b23dckh002lvitanh/s3-origin/S3/Sindora cochinchinensis/ngang 2/gụ80.png,Sindora cochinchinensis,Sindora,cochinchinensis,ngang 2
/kaggle/input/datasets/b23dckh002lvitanh/s3-origin/S3/Sindora cochinchinensis/ngang/gụ65.png,Sindora cochinchinensis,Sindora,cochinchinensis,ngang
/kaggle/input/datasets/b23dckh002lvitanh/s3-origin/S3/Sindora cochinchinensis/ngang 2/gụ77.png,Sindora cochinchinensis,Sindora,cochinchinensis,ngang 2
/kaggle/input/datasets/b23dckh002lvitanh/s3-origin/S3/Sindora cochinchinensis/ngang/gụ73.png,Sindora cochinchinensis,Sindora,cochinchinensis,ngang
/kaggle/input/datasets/b23dckh002lvitanh/s3-origin/S3/Sindora cochinchinensis/ngang 2/gụ48.png,Sindora cochinchinensis,Sindora,cochinchinensis,ngang 2
/kaggle/input/datasets/b23dckh002lvitanh/s3-origin/S3/Sindora cochinchinensis/dọc/gụ5.png,Sindora cochinchinensis,Sindora,cochinchinensis,dọc
/kaggle/input/datasets/b23dckh002lvitanh/s3-origin/S3/Sindora cochinchinensis/dọc 2/gụ24.png,Sindora cochinchinensis,Sindora,cochinchinensis,dọc 2
/kaggle/input/datasets/b23dckh002lvitanh/s3-origin/S3/Sindora cochinchinensis/ngang 2/gụ20.png,Sindora cochinchinensis,Sindora,cochinchinensis,ngang 2
/kaggle/input/datasets/b23dckh002lvitanh/s3-origin/S3/Sindora cochinchinensis/ngang 2/gụ18.png,Sindora cochinchinensis,Sindora,cochinchinensis,ngang 2
/kaggle/input/datasets/b23dckh002lvitanh/s3-origin/S3/Sindora cochinchinensis/ngang/gụ61.png,Sindora cochinchinensis,Sindora,cochinchinensis,ngang
/kaggle/input/datasets/b23dckh002lvitanh/s3-origin/S3/Sindora cochinchinensis/dọc 2/gụ44.png,Sindora cochinchinensis,Sindora,cochinchinensis,dọc 2
/kaggle/input/datasets/b23dckh002lvitanh/s3-origin/S3/Sindora cochinchinensis/dọc/gụ75.png,Sindora cochinchinensis,Sindora,cochinchinensis,dọc
/kaggle/input/datasets/b23dckh002lvitanh/s3-origin/S3/Sindora cochinchinensis/ngang 2/gụ79.png,Sindora cochinchinensis,Sindora,cochinchinensis,ngang 2
/kaggle/input/datasets/b23dckh002lvitanh/s3-origin/S3/Sindora cochinchinensis/dọc 2/gụ51.png,Sindora cochinchinensis,Sindora,cochinchinensis,dọc 2
/kaggle/input/datasets/b23dckh002lvitanh/s3-origin/S3/Sindora cochinchinensis/ngang/gụ12.png,Sindora cochinchinensis,Sindora,cochinchinensis,ngang
/kaggle/input/datasets/b23dckh002lvitanh/s3-origin/S3/Sindora cochinchinensis/dọc/gụ10.png,Sindora cochinchinensis,Sindora,cochinchinensis,dọc
/kaggle/input/datasets/b23dckh002lvitanh/s3-origin/S3/Sindora cochinchinensis/ngang/gụ78.png,Sindora cochinchinensis,Sindora,cochinchinensis,ngang
/kaggle/input/datasets/b23dckh002lvitanh/s3-origin/S3/Sindora cochinchinensis/dọc/gụ63.png,Sindora cochinchinensis,Sindora,cochinchinensis,dọc
/kaggle/input/datasets/b23dckh002lvitanh/s3-origin/S3/Sindora cochinchinensis/dọc 2/gụ18.png,Sindora cochinchinensis,Sindora,cochinchinensis,dọc 2
/kaggle/input/datasets/b23dckh002lvitanh/s3-origin/S3/Sindora cochinchinensis/dọc/gụ18.png,Sindora cochinchinensis,Sindora,cochinchinensis,dọc
/kaggle/input/datasets/b23dckh002lvitanh/s3-origin/S3/Sindora cochinchinensis/dọc/gụ92.png,Sindora cochinchinensis,Sindora,cochinchinensis,dọc
/kaggle/input/datasets/b23dckh002lvitanh/s3-origin/S3/Sindora cochinchinensis/dọc 2/gụ2.png,Sindora cochinchinensis,Sindora,cochinchinensis,dọc 2
/kaggle/input/datasets/b23dckh002lvitanh/s3-origin/S3/Sindora cochinchinensis/dọc/gụ15.png,Sindora cochinchinensis,Sindora,cochinchinensis,dọc
/kaggle/input/datasets/b23dckh002lvitanh/s3-origin/S3/Sindora cochinchinensis/dọc/gụ42.png,Sindora cochinchinensis,Sindora,cochinchinensis,dọc
/kaggle/input/datasets/b23dckh002lvitanh/s3-origin/S3/Sindora cochinchinensis/ngang/gụ22.png,Sindora cochinchinensis,Sindora,cochinchinensis,ngang
/kaggle/input/datasets/b23dckh002lvitanh/s3-origin/S3/Sindora cochinchinensis/ngang/gụ82.png,Sindora cochinchinensis,Sindora,cochinchinensis,ngang
/kaggle/input/datasets/b23dckh002lvitanh/s3-origin/S3/Sindora cochinchinensis/ngang 2/gụ39.png,Sindora cochinchinensis,Sindora,cochinchinensis,ngang 2
/kaggle/input/datasets/b23dckh002lvitanh/s3-origin/S3/Sindora cochinchinensis/dọc 2/gụ63.png,Sindora cochinchinensis,Sindora,cochinchinensis,dọc 2
/kaggle/input/datasets/b23dckh002lvitanh/s3-origin/S3/Sindora cochinchinensis/dọc/gụ52.png,Sindora cochinchinensis,Sindora,cochinchinensis,dọc
/kaggle/input/datasets/b23dckh002lvitanh/s3-origin/S3/Sindora cochinchinensis/ngang/gụ21.png,Sindora cochinchinensis,Sindora,cochinchinensis,ngang
/kaggle/input/datasets/b23dckh002lvitanh/s3-origin/S3/Sindora cochinchinensis/ngang/gụ98.png,Sindora cochinchinensis,Sindora,cochinchinensis,ngang
/kaggle/input/datasets/b23dckh002lvitanh/s3-origin/S3/Sindora cochinchinensis/dọc/gụ98.png,Sindora cochinchinensis,Sindora,cochinchinensis,dọc
/kaggle/input/datasets/b23dckh002lvitanh/s3-origin/S3/Sindora cochinchinensis/dọc/gụ65.png,Sindora cochinchinensis,Sindora,cochinchinensis,dọc
/kaggle/input/datasets/b23dckh002lvitanh/s3-origin/S3/Sindora cochinchinensis/ngang 2/gụ46.png,Sindora cochinchinensis,Sindora,cochinchinensis,ngang 2
/kaggle/input/datasets/b23dckh002lvitanh/s3-origin/S3/Sindora cochinchinensis/ngang 2/gụ10.png,Sindora cochinchinensis,Sindora,cochinchinensis,ngang 2
/kaggle/input/datasets/b23dckh002lvitanh/s3-origin/S3/Sindora cochinchinensis/ngang 2/gụ71.png,Sindora cochinchinensis,Sindora,cochinchinensis,ngang 2
/kaggle/input/datasets/b23dckh002lvitanh/s3-origin/S3/Sindora cochinchinensis/dọc 2/gụ70.png,Sindora cochinchinensis,Sindora,cochinchinensis,dọc 2
/kaggle/input/datasets/b23dckh002lvitanh/s3-origin/S3/Sindora cochinchinensis/dọc 2/gụ69.png,Sindora cochinchinensis,Sindora,cochinchinensis,dọc 2
/kaggle/input/datasets/b23dckh002lvitanh/s3-origin/S3/Sindora cochinchinensis/dọc/gụ86.png,Sindora cochinchinensis,Sindora,cochinchinensis,dọc
/kaggle/input/datasets/b23dckh002lvitanh/s3-origin/S3/Sindora cochinchinensis/dọc/gụ90.png,Sindora cochinchinensis,Sindora,cochinchinensis,dọc
/kaggle/input/datasets/b23dckh002lvitanh/s3-origin/S3/Sindora cochinchinensis/ngang/gụ13.png,Sindora cochinchinensis,Sindora,cochinchinensis,ngang
/kaggle/input/datasets/b23dckh002lvitanh/s3-origin/S3/Sindora cochinchinensis/dọc/gụ37.png,Sindora cochinchinensis,Sindora,cochinchinensis,dọc
/kaggle/input/datasets/b23dckh002lvitanh/s3-origin/S3/Sindora cochinchinensis/ngang/gụ74.png,Sindora cochinchinensis,Sindora,cochinchinensis,ngang
/kaggle/input/datasets/b23dckh002lvitanh/s3-origin/S3/Sindora cochinchinensis/dọc/gụ46.png,Sindora cochinchinensis,Sindora,cochinchinensis,dọc
/kaggle/input/datasets/b23dckh002lvitanh/s3-origin/S3/Sindora cochinchinensis/ngang 2/gụ22.png,Sindora cochinchinensis,Sindora,cochinchinensis,ngang 2
/kaggle/input/datasets/b23dckh002lvitanh/s3-origin/S3/Sindora cochinchinensis/dọc/gụ16.png,Sindora cochinchinensis,Sindora,cochinchinensis,dọc
/kaggle/input/datasets/b23dckh002lvitanh/s3-origin/S3/Sindora cochinchinensis/dọc/gụ97.png,Sindora cochinchinensis,Sindora,cochinchinensis,dọc
/kaggle/input/datasets/b23dckh002lvitanh/s3-origin/S3/Sindora cochinchinensis/dọc/gụ29.png,Sindora cochinchinensis,Sindora,cochinchinensis,dọc
/kaggle/input/datasets/b23dckh002lvitanh/s3-origin/S3/Sindora cochinchinensis/dọc/gụ22.png,Sindora cochinchinensis,Sindora,cochinchinensis,dọc
/kaggle/input/datasets/b23dckh002lvitanh/s3-origin/S3/Sindora cochinchinensis/ngang/gụ52.png,Sindora cochinchinensis,Sindora,cochinchinensis,ngang
/kaggle/input/datasets/b23dckh002lvitanh/s3-origin/S3/Sindora cochinchinensis/dọc 2/gụ16.png,Sindora cochinchinensis,Sindora,cochinchinensis,dọc 2
/kaggle/input/datasets/b23dckh002lvitanh/s3-origin/S3/Sindora cochinchinensis/ngang 2/gụ28.png,Sindora cochinchinensis,Sindora,cochinchinensis,ngang 2
/kaggle/input/datasets/b23dckh002lvitanh/s3-origin/S3/Sindora cochinchinensis/ngang 2/gụ4.png,Sindora cochinchinensis,Sindora,cochinchinensis,ngang 2
/kaggle/input/datasets/b23dckh002lvitanh/s3-origin/S3/Sindora cochinchinensis/ngang 2/gụ84.png,Sindora cochinchinensis,Sindora,cochinchinensis,ngang 2
/kaggle/input/datasets/b23dckh002lvitanh/s3-origin/S3/Sindora cochinchinensis/ngang/gụ26.png,Sindora cochinchinensis,Sindora,cochinchinensis,ngang
/kaggle/input/datasets/b23dckh002lvitanh/s3-origin/S3/Sindora cochinchinensis/ngang/gụ96.png,Sindora cochinchinensis,Sindora,cochinchinensis,ngang
/kaggle/input/datasets/b23dckh002lvitanh/s3-origin/S3/Sindora cochinchinensis/ngang/gụ88.png,Sindora cochinchinensis,Sindora,cochinchinensis,ngang
/kaggle/input/datasets/b23dckh002lvitanh/s3-origin/S3/Sindora cochinchinensis/dọc/gụ56.png,Sindora cochinchinensis,Sindora,cochinchinensis,dọc
/kaggle/input/datasets/b23dckh002lvitanh/s3-origin/S3/Sindora cochinchinensis/ngang/gụ63.png,Sindora cochinchinensis,Sindora,cochinchinensis,ngang
/kaggle/input/datasets/b23dckh002lvitanh/s3-origin/S3/Sindora cochinchinensis/dọc 2/gụ49.png,Sindora cochinchinensis,Sindora,cochinchinensis,dọc 2
/kaggle/input/datasets/b23dckh002lvitanh/s3-origin/S3/Sindora cochinchinensis/ngang/gụ39.png,Sindora cochinchinensis,Sindora,cochinchinensis,ngang
/kaggle/input/datasets/b23dckh002lvitanh/s3-origin/S3/Sindora cochinchinensis/dọc 2/gụ11.png,Sindora cochinchinensis,Sindora,cochinchinensis,dọc 2
/kaggle/input/datasets/b23dckh002lvitanh/s3-origin/S3/Sindora cochinchinensis/dọc 2/gụ33.png,Sindora cochinchinensis,Sindora,cochinchinensis,dọc 2
/kaggle/input/datasets/b23dckh002lvitanh/s3-origin/S3/Sindora cochinchinensis/ngang/gụ58.png,Sindora cochinchinensis,Sindora,cochinchinensis,ngang
/kaggle/input/datasets/b23dckh002lvitanh/s3-origin/S3/Sindora cochinchinensis/ngang/gụ53.png,Sindora cochinchinensis,Sindora,cochinchinensis,ngang
/kaggle/input/datasets/b23dckh002lvitanh/s3-origin/S3/Sindora cochinchinensis/dọc/gụ13.png,Sindora cochinchinensis,Sindora,cochinchinensis,dọc
/kaggle/input/datasets/b23dckh002lvitanh/s3-origin/S3/Sindora cochinchinensis/ngang/gụ80.png,Sindora cochinchinensis,Sindora,cochinchinensis,ngang
/kaggle/input/datasets/b23dckh002lvitanh/s3-origin/S3/Sindora cochinchinensis/dọc/gụ31.png,Sindora cochinchinensis,Sindora,cochinchinensis,dọc
/kaggle/input/datasets/b23dckh002lvitanh/s3-origin/S3/Sindora cochinchinensis/ngang 2/gụ67.png,Sindora cochinchinensis,Sindora,cochinchinensis,ngang 2
/kaggle/input/datasets/b23dckh002lvitanh/s3-origin/S3/Sindora cochinchinensis/dọc/gụ53.png,Sindora cochinchinensis,Sindora,cochinchinensis,dọc
/kaggle/input/datasets/b23dckh002lvitanh/s3-origin/S3/Sindora cochinchinensis/ngang 2/gụ30.png,Sindora cochinchinensis,Sindora,cochinchinensis,ngang 2
/kaggle/input/datasets/b23dckh002lvitanh/s3-origin/S3/Sindora cochinchinensis/dọc 2/gụ29.png,Sindora cochinchinensis,Sindora,cochinchinensis,dọc 2
/kaggle/input/datasets/b23dckh002lvitanh/s3-origin/S3/Sindora cochinchinensis/ngang/gụ57.png,Sindora cochinchinensis,Sindora,cochinchinensis,ngang
/kaggle/input/datasets/b23dckh002lvitanh/s3-origin/S3/Sindora cochinchinensis/dọc/gụ19.png,Sindora cochinchinensis,Sindora,cochinchinensis,dọc
/kaggle/input/datasets/b23dckh002lvitanh/s3-origin/S3/Sindora cochinchinensis/ngang 2/gụ43.png,Sindora cochinchinensis,Sindora,cochinchinensis,ngang 2
/kaggle/input/datasets/b23dckh002lvitanh/s3-origin/S3/Sindora cochinchinensis/ngang 2/gụ36.png,Sindora cochinchinensis,Sindora,cochinchinensis,ngang 2
/kaggle/input/datasets/b23dckh002lvitanh/s3-origin/S3/Sindora cochinchinensis/ngang 2/gụ3.png,Sindora cochinchinensis,Sindora,cochinchinensis,ngang 2
/kaggle/input/datasets/b23dckh002lvitanh/s3-origin/S3/Sindora cochinchinensis/ngang/gụ5.png,Sindora cochinchinensis,Sindora,cochinchinensis,ngang
/kaggle/input/datasets/b23dckh002lvitanh/s3-origin/S3/Sindora cochinchinensis/ngang 2/gụ26.png,Sindora cochinchinensis,Sindora,cochinchinensis,ngang 2
/kaggle/input/datasets/b23dckh002lvitanh/s3-origin/S3/Sindora cochinchinensis/dọc/gụ3.png,Sindora cochinchinensis,Sindora,cochinchinensis,dọc
/kaggle/input/datasets/b23dckh002lvitanh/s3-origin/S3/Sindora cochinchinensis/ngang 2/gụ73.png,Sindora cochinchinensis,Sindora,cochinchinensis,ngang 2
/kaggle/input/datasets/b23dckh002lvitanh/s3-origin/S3/Sindora cochinchinensis/dọc 2/gụ32.png,Sindora cochinchinensis,Sindora,cochinchinensis,dọc 2
/kaggle/input/datasets/b23dckh002lvitanh/s3-origin/S3/Sindora cochinchinensis/ngang/gụ19.png,Sindora cochinchinensis,Sindora,cochinchinensis,ngang
/kaggle/input/datasets/b23dckh002lvitanh/s3-origin/S3/Sindora cochinchinensis/ngang/gụ30.png,Sindora cochinchinensis,Sindora,cochinchinensis,ngang
/kaggle/input/datasets/b23dckh002lvitanh/s3-origin/S3/Sindora cochinchinensis/dọc 2/gụ10.png,Sindora cochinchinensis,Sindora,cochinchinensis,dọc 2
/kaggle/input/datasets/b23dckh002lvitanh/s3-origin/S3/Sindora cochinchinensis/ngang 2/gụ62.png,Sindora cochinchinensis,Sindora,cochinchinensis,ngang 2
/kaggle/input/datasets/b23dckh002lvitanh/s3-origin/S3/Sindora cochinchinensis/dọc/gụ54.png,Sindora cochinchinensis,Sindora,cochinchinensis,dọc
/kaggle/input/datasets/b23dckh002lvitanh/s3-origin/S3/Sindora cochinchinensis/dọc/gụ94.png,Sindora cochinchinensis,Sindora,cochinchinensis,dọc
/kaggle/input/datasets/b23dckh002lvitanh/s3-origin/S3/Sindora cochinchinensis/ngang 2/gụ7.png,Sindora cochinchinensis,Sindora,cochinchinensis,ngang 2
/kaggle/input/datasets/b23dckh002lvitanh/s3-origin/S3/Sindora cochinchinensis/ngang 2/gụ34.png,Sindora cochinchinensis,Sindora,cochinchinensis,ngang 2
/kaggle/input/datasets/b23dckh002lvitanh/s3-origin/S3/Sindora cochinchinensis/dọc/gụ20.png,Sindora cochinchinensis,Sindora,cochinchinensis,dọc
/kaggle/input/datasets/b23dckh002lvitanh/s3-origin/S3/Sindora cochinchinensis/dọc/gụ69.png,Sindora cochinchinensis,Sindora,cochinchinensis,dọc
/kaggle/input/datasets/b23dckh002lvitanh/s3-origin/S3/Sindora cochinchinensis/dọc 2/gụ15.png,Sindora cochinchinensis,Sindora,cochinchinensis,dọc 2
/kaggle/input/datasets/b23dckh002lvitanh/s3-origin/S3/Sindora cochinchinensis/dọc/gụ76.png,Sindora cochinchinensis,Sindora,cochinchinensis,dọc
/kaggle/input/datasets/b23dckh002lvitanh/s3-origin/S3/Sindora cochinchinensis/dọc 2/gụ61.png,Sindora cochinchinensis,Sindora,cochinchinensis,dọc 2
/kaggle/input/datasets/b23dckh002lvitanh/s3-origin/S3/Sindora cochinchinensis/ngang 2/gụ50.png,Sindora cochinchinensis,Sindora,cochinchinensis,ngang 2
/kaggle/input/datasets/b23dckh002lvitanh/s3-origin/S3/Sindora cochinchinensis/dọc/gụ59.png,Sindora cochinchinensis,Sindora,cochinchinensis,dọc
/kaggle/input/datasets/b23dckh002lvitanh/s3-origin/S3/Sindora cochinchinensis/dọc/gụ71.png,Sindora cochinchinensis,Sindora,cochinchinensis,dọc
/kaggle/input/datasets/b23dckh002lvitanh/s3-origin/S3/Sindora cochinchinensis/ngang 2/gụ37.png,Sindora cochinchinensis,Sindora,cochinchinensis,ngang 2
/kaggle/input/datasets/b23dckh002lvitanh/s3-origin/S3/Sindora cochinchinensis/dọc/gụ84.png,Sindora cochinchinensis,Sindora,cochinchinensis,dọc
/kaggle/input/datasets/b23dckh002lvitanh/s3-origin/S3/Sindora cochinchinensis/dọc 2/gụ55.png,Sindora cochinchinensis,Sindora,cochinchinensis,dọc 2
/kaggle/input/datasets/b23dckh002lvitanh/s3-origin/S3/Sindora cochinchinensis/dọc 2/gụ1.png,Sindora cochinchinensis,Sindora,cochinchinensis,dọc 2
/kaggle/input/datasets/b23dckh002lvitanh/s3-origin/S3/Sindora cochinchinensis/ngang/gụ10.png,Sindora cochinchinensis,Sindora,cochinchinensis,ngang
/kaggle/input/datasets/b23dckh002lvitanh/s3-origin/S3/Sindora cochinchinensis/dọc/gụ34.png,Sindora cochinchinensis,Sindora,cochinchinensis,dọc
/kaggle/input/datasets/b23dckh002lvitanh/s3-origin/S3/Sindora cochinchinensis/ngang/gụ35.png,Sindora cochinchinensis,Sindora,cochinchinensis,ngang
/kaggle/input/datasets/b23dckh002lvitanh/s3-origin/S3/Sindora cochinchinensis/ngang/gụ79.png,Sindora cochinchinensis,Sindora,cochinchinensis,ngang
/kaggle/input/datasets/b23dckh002lvitanh/s3-origin/S3/Sindora cochinchinensis/dọc/gụ12.png,Sindora cochinchinensis,Sindora,cochinchinensis,dọc
/kaggle/input/datasets/b23dckh002lvitanh/s3-origin/S3/Sindora cochinchinensis/ngang 2/gụ69.png,Sindora cochinchinensis,Sindora,cochinchinensis,ngang 2
/kaggle/input/datasets/b23dckh002lvitanh/s3-origin/S3/Sindora cochinchinensis/dọc/gụ102.png,Sindora cochinchinensis,Sindora,cochinchinensis,dọc
/kaggle/input/datasets/b23dckh002lvitanh/s3-origin/S3/Sindora cochinchinensis/ngang/gụ69.png,Sindora cochinchinensis,Sindora,cochinchinensis,ngang
/kaggle/input/datasets/b23dckh002lvitanh/s3-origin/S3/Sindora cochinchinensis/ngang/gụ6.png,Sindora cochinchinensis,Sindora,cochinchinensis,ngang
/kaggle/input/datasets/b23dckh002lvitanh/s3-origin/S3/Sindora cochinchinensis/ngang/gụ71.png,Sindora cochinchinensis,Sindora,cochinchinensis,ngang
/kaggle/input/datasets/b23dckh002lvitanh/s3-origin/S3/Sindora cochinchinensis/ngang 2/gụ5.png,Sindora cochinchinensis,Sindora,cochinchinensis,ngang 2
/kaggle/input/datasets/b23dckh002lvitanh/s3-origin/S3/Sindora cochinchinensis/ngang/gụ104.png,Sindora cochinchinensis,Sindora,cochinchinensis,ngang
/kaggle/input/datasets/b23dckh002lvitanh/s3-origin/S3/Sindora cochinchinensis/ngang 2/gụ63.png,Sindora cochinchinensis,Sindora,cochinchinensis,ngang 2
/kaggle/input/datasets/b23dckh002lvitanh/s3-origin/S3/Sindora cochinchinensis/ngang/gụ55.png,Sindora cochinchinensis,Sindora,cochinchinensis,ngang
/kaggle/input/datasets/b23dckh002lvitanh/s3-origin/S3/Sindora cochinchinensis/ngang/gụ3.png,Sindora cochinchinensis,Sindora,cochinchinensis,ngang
/kaggle/input/datasets/b23dckh002lvitanh/s3-origin/S3/Sindora cochinchinensis/ngang 2/gụ44.png,Sindora cochinchinensis,Sindora,cochinchinensis,ngang 2
/kaggle/input/datasets/b23dckh002lvitanh/s3-origin/S3/Sindora cochinchinensis/dọc/gụ67.png,Sindora cochinchinensis,Sindora,cochinchinensis,dọc
/kaggle/input/datasets/b23dckh002lvitanh/s3-origin/S3/Sindora cochinchinensis/dọc 2/gụ65.png,Sindora cochinchinensis,Sindora,cochinchinensis,dọc 2
/kaggle/input/datasets/b23dckh002lvitanh/s3-origin/S3/Sindora cochinchinensis/ngang/gụ100.png,Sindora cochinchinensis,Sindora,cochinchinensis,ngang
/kaggle/input/datasets/b23dckh002lvitanh/s3-origin/S3/Sindora cochinchinensis/ngang 2/gụ9.png,Sindora cochinchinensis,Sindora,cochinchinensis,ngang 2
/kaggle/input/datasets/b23dckh002lvitanh/s3-origin/S3/Sindora cochinchinensis/ngang/gụ29.png,Sindora cochinchinensis,Sindora,cochinchinensis,ngang
/kaggle/input/datasets/b23dckh002lvitanh/s3-origin/S3/Sindora cochinchinensis/dọc/gụ9.png,Sindora cochinchinensis,Sindora,cochinchinensis,dọc
/kaggle/input/datasets/b23dckh002lvitanh/s3-origin/S3/Sindora cochinchinensis/ngang 2/gụ76.png,Sindora cochinchinensis,Sindora,cochinchinensis,ngang 2
/kaggle/input/datasets/b23dckh002lvitanh/s3-origin/S3/Sindora cochinchinensis/dọc/gụ14.png,Sindora cochinchinensis,Sindora,cochinchinensis,dọc
/kaggle/input/datasets/b23dckh002lvitanh/s3-origin/S3/Sindora cochinchinensis/ngang/gụ66.png,Sindora cochinchinensis,Sindora,cochinchinensis,ngang
/kaggle/input/datasets/b23dckh002lvitanh/s3-origin/S3/Sindora cochinchinensis/ngang/gụ85.png,Sindora cochinchinensis,Sindora,cochinchinensis,ngang
/kaggle/input/datasets/b23dckh002lvitanh/s3-origin/S3/Sindora cochinchinensis/ngang/gụ24.png,Sindora cochinchinensis,Sindora,cochinchinensis,ngang
/kaggle/input/datasets/b23dckh002lvitanh/s3-origin/S3/Sindora cochinchinensis/ngang 2/gụ55.png,Sindora cochinchinensis,Sindora,cochinchinensis,ngang 2
/kaggle/input/datasets/b23dckh002lvitanh/s3-origin/S3/Sindora cochinchinensis/ngang 2/gụ65.png,Sindora cochinchinensis,Sindora,cochinchinensis,ngang 2
/kaggle/input/datasets/b23dckh002lvitanh/s3-origin/S3/Sindora cochinchinensis/ngang 2/gụ23.png,Sindora cochinchinensis,Sindora,cochinchinensis,ngang 2
/kaggle/input/datasets/b23dckh002lvitanh/s3-origin/S3/Sindora cochinchinensis/ngang 2/gụ29.png,Sindora cochinchinensis,Sindora,cochinchinensis,ngang 2
/kaggle/input/datasets/b23dckh002lvitanh/s3-origin/S3/Sindora cochinchinensis/dọc 2/gụ13.png,Sindora cochinchinensis,Sindora,cochinchinensis,dọc 2
/kaggle/input/datasets/b23dckh002lvitanh/s3-origin/S3/Sindora cochinchinensis/dọc/gụ24.png,Sindora cochinchinensis,Sindora,cochinchinensis,dọc
/kaggle/input/datasets/b23dckh002lvitanh/s3-origin/S3/Sindora cochinchinensis/ngang 2/gụ42.png,Sindora cochinchinensis,Sindora,cochinchinensis,ngang 2
/kaggle/input/datasets/b23dckh002lvitanh/s3-origin/S3/Sindora cochinchinensis/ngang 2/gụ78.png,Sindora cochinchinensis,Sindora,cochinchinensis,ngang 2
/kaggle/input/datasets/b23dckh002lvitanh/s3-origin/S3/Sindora cochinchinensis/dọc/gụ91.png,Sindora cochinchinensis,Sindora,cochinchinensis,dọc
/kaggle/input/datasets/b23dckh002lvitanh/s3-origin/S3/Sindora cochinchinensis/ngang/gụ20.png,Sindora cochinchinensis,Sindora,cochinchinensis,ngang
/kaggle/input/datasets/b23dckh002lvitanh/s3-origin/S3/Sindora cochinchinensis/ngang/gụ99.png,Sindora cochinchinensis,Sindora,cochinchinensis,ngang
/kaggle/input/datasets/b23dckh002lvitanh/s3-origin/S3/Sindora cochinchinensis/dọc/gụ58.png,Sindora cochinchinensis,Sindora,cochinchinensis,dọc
/kaggle/input/datasets/b23dckh002lvitanh/s3-origin/S3/Sindora cochinchinensis/dọc/gụ83.png,Sindora cochinchinensis,Sindora,cochinchinensis,dọc
/kaggle/input/datasets/b23dckh002lvitanh/s3-origin/S3/Sindora cochinchinensis/dọc 2/gụ19.png,Sindora cochinchinensis,Sindora,cochinchinensis,dọc 2
/kaggle/input/datasets/b23dckh002lvitanh/s3-origin/S3/Sindora cochinchinensis/dọc/gụ35.png,Sindora cochinchinensis,Sindora,cochinchinensis,dọc
/kaggle/input/datasets/b23dckh002lvitanh/s3-origin/S3/Sindora cochinchinensis/ngang/gụ77.png,Sindora cochinchinensis,Sindora,cochinchinensis,ngang
/kaggle/input/datasets/b23dckh002lvitanh/s3-origin/S3/Sindora cochinchinensis/dọc/gụ11.png,Sindora cochinchinensis,Sindora,cochinchinensis,dọc
/kaggle/input/datasets/b23dckh002lvitanh/s3-origin/S3/Sindora cochinchinensis/ngang 2/gụ14.png,Sindora cochinchinensis,Sindora,cochinchinensis,ngang 2
/kaggle/input/datasets/b23dckh002lvitanh/s3-origin/S3/Sindora cochinchinensis/ngang 2/gụ81.png,Sindora cochinchinensis,Sindora,cochinchinensis,ngang 2
/kaggle/input/datasets/b23dckh002lvitanh/s3-origin/S3/Sindora cochinchinensis/dọc/gụ85.png,Sindora cochinchinensis,Sindora,cochinchinensis,dọc
/kaggle/input/datasets/b23dckh002lvitanh/s3-origin/S3/Sindora cochinchinensis/ngang 2/gụ21.png,Sindora cochinchinensis,Sindora,cochinchinensis,ngang 2
/kaggle/input/datasets/b23dckh002lvitanh/s3-origin/S3/Sindora cochinchinensis/ngang/gụ18.png,Sindora cochinchinensis,Sindora,cochinchinensis,ngang
/kaggle/input/datasets/b23dckh002lvitanh/s3-origin/S3/Sindora cochinchinensis/ngang/gụ91.png,Sindora cochinchinensis,Sindora,cochinchinensis,ngang
/kaggle/input/datasets/b23dckh002lvitanh/s3-origin/S3/Sindora cochinchinensis/dọc/gụ95.png,Sindora cochinchinensis,Sindora,cochinchinensis,dọc
/kaggle/input/datasets/b23dckh002lvitanh/s3-origin/S3/Sindora cochinchinensis/ngang/gụ56.png,Sindora cochinchinensis,Sindora,cochinchinensis,ngang
/kaggle/input/datasets/b23dckh002lvitanh/s3-origin/S3/Sindora cochinchinensis/dọc/gụ79.png,Sindora cochinchinensis,Sindora,cochinchinensis,dọc
/kaggle/input/datasets/b23dckh002lvitanh/s3-origin/S3/Sindora cochinchinensis/ngang/gụ83.png,Sindora cochinchinensis,Sindora,cochinchinensis,ngang
/kaggle/input/datasets/b23dckh002lvitanh/s3-origin/S3/Sindora cochinchinensis/ngang 2/gụ59.png,Sindora cochinchinensis,Sindora,cochinchinensis,ngang 2
/kaggle/input/datasets/b23dckh002lvitanh/s3-origin/S3/Sindora cochinchinensis/dọc 2/gụ17.png,Sindora cochinchinensis,Sindora,cochinchinensis,dọc 2
/kaggle/input/datasets/b23dckh002lvitanh/s3-origin/S3/Sindora cochinchinensis/dọc 2/gụ74.png,Sindora cochinchinensis,Sindora,cochinchinensis,dọc 2
/kaggle/input/datasets/b23dckh002lvitanh/s3-origin/S3/Sindora cochinchinensis/dọc 2/gụ68.png,Sindora cochinchinensis,Sindora,cochinchinensis,dọc 2
/kaggle/input/datasets/b23dckh002lvitanh/s3-origin/S3/Sindora cochinchinensis/ngang 2/gụ32.png,Sindora cochinchinensis,Sindora,cochinchinensis,ngang 2
/kaggle/input/datasets/b23dckh002lvitanh/s3-origin/S3/Sindora cochinchinensis/dọc/gụ27.png,Sindora cochinchinensis,Sindora,cochinchinensis,dọc
/kaggle/input/datasets/b23dckh002lvitanh/s3-origin/S3/Sindora cochinchinensis/ngang 2/gụ27.png,Sindora cochinchinensis,Sindora,cochinchinensis,ngang 2
/kaggle/input/datasets/b23dckh002lvitanh/s3-origin/S3/Sindora cochinchinensis/dọc/gụ6.png,Sindora cochinchinensis,Sindora,cochinchinensis,dọc
/kaggle/input/datasets/b23dckh002lvitanh/s3-origin/S3/Sindora cochinchinensis/ngang 2/gụ25.png,Sindora cochinchinensis,Sindora,cochinchinensis,ngang 2
/kaggle/input/datasets/b23dckh002lvitanh/s3-origin/S3/Sindora cochinchinensis/dọc 2/gụ21.png,Sindora cochinchinensis,Sindora,cochinchinensis,dọc 2
/kaggle/input/datasets/b23dckh002lvitanh/s3-origin/S3/Sindora cochinchinensis/dọc/gụ60.png,Sindora cochinchinensis,Sindora,cochinchinensis,dọc
/kaggle/input/datasets/b23dckh002lvitanh/s3-origin/S3/Sindora cochinchinensis/ngang/gụ90.png,Sindora cochinchinensis,Sindora,cochinchinensis,ngang
/kaggle/input/datasets/b23dckh002lvitanh/s3-origin/S3/Sindora cochinchinensis/ngang 2/gụ54.png,Sindora cochinchinensis,Sindora,cochinchinensis,ngang 2
/kaggle/input/datasets/b23dckh002lvitanh/s3-origin/S3/Sindora cochinchinensis/dọc/gụ1.png,Sindora cochinchinensis,Sindora,cochinchinensis,dọc
/kaggle/input/datasets/b23dckh002lvitanh/s3-origin/S3/Sindora cochinchinensis/dọc 2/gụ67.png,Sindora cochinchinensis,Sindora,cochinchinensis,dọc 2
/kaggle/input/datasets/b23dckh002lvitanh/s3-origin/S3/Sindora cochinchinensis/dọc/gụ39.png,Sindora cochinchinensis,Sindora,cochinchinensis,dọc
/kaggle/input/datasets/b23dckh002lvitanh/s3-origin/S3/Sindora cochinchinensis/ngang/gụ42.png,Sindora cochinchinensis,Sindora,cochinchinensis,ngang
/kaggle/input/datasets/b23dckh002lvitanh/s3-origin/S3/Sindora cochinchinensis/dọc/gụ72.png,Sindora cochinchinensis,Sindora,cochinchinensis,dọc
/kaggle/input/datasets/b23dckh002lvitanh/s3-origin/S3/Sindora cochinchinensis/dọc 2/gụ50.png,Sindora cochinchinensis,Sindora,cochinchinensis,dọc 2
/kaggle/input/datasets/b23dckh002lvitanh/s3-origin/S3/Sindora cochinchinensis/ngang/gụ47.png,Sindora cochinchinensis,Sindora,cochinchinensis,ngang
/kaggle/input/datasets/b23dckh002lvitanh/s3-origin/S3/Sindora cochinchinensis/dọc/gụ21.png,Sindora cochinchinensis,Sindora,cochinchinensis,dọc
/kaggle/input/datasets/b23dckh002lvitanh/s3-origin/S3/Sindora cochinchinensis/ngang/gụ38.png,Sindora cochinchinensis,Sindora,cochinchinensis,ngang
/kaggle/input/datasets/b23dckh002lvitanh/s3-origin/S3/Sindora cochinchinensis/dọc 2/gụ26.png,Sindora cochinchinensis,Sindora,cochinchinensis,dọc 2
/kaggle/input/datasets/b23dckh002lvitanh/s3-origin/S3/Sindora cochinchinensis/ngang/gụ9.png,Sindora cochinchinensis,Sindora,cochinchinensis,ngang
/kaggle/input/datasets/b23dckh002lvitanh/s3-origin/S3/Sindora cochinchinensis/ngang/gụ36.png,Sindora cochinchinensis,Sindora,cochinchinensis,ngang
/kaggle/input/datasets/b23dckh002lvitanh/s3-origin/S3/Sindora cochinchinensis/ngang/gụ97.png,Sindora cochinchinensis,Sindora,cochinchinensis,ngang
/kaggle/input/datasets/b23dckh002lvitanh/s3-origin/S3/Sindora cochinchinensis/dọc/gụ41.png,Sindora cochinchinensis,Sindora,cochinchinensis,dọc
/kaggle/input/datasets/b23dckh002lvitanh/s3-origin/S3/Sindora cochinchinensis/ngang 2/gụ16.png,Sindora cochinchinensis,Sindora,cochinchinensis,ngang 2
/kaggle/input/datasets/b23dckh002lvitanh/s3-origin/S3/Sindora cochinchinensis/ngang/gụ41.png,Sindora cochinchinensis,Sindora,cochinchinensis,ngang
/kaggle/input/datasets/b23dckh002lvitanh/s3-origin/S3/Sindora cochinchinensis/ngang 2/gụ86.png,Sindora cochinchinensis,Sindora,cochinchinensis,ngang 2
/kaggle/input/datasets/b23dckh002lvitanh/s3-origin/S3/Sindora cochinchinensis/dọc/gụ0.png,Sindora cochinchinensis,Sindora,cochinchinensis,dọc
/kaggle/input/datasets/b23dckh002lvitanh/s3-origin/S3/Sindora cochinchinensis/ngang 2/gụ35.png,Sindora cochinchinensis,Sindora,cochinchinensis,ngang 2
/kaggle/input/datasets/b23dckh002lvitanh/s3-origin/S3/Sindora cochinchinensis/dọc/gụ50.png,Sindora cochinchinensis,Sindora,cochinchinensis,dọc
/kaggle/input/datasets/b23dckh002lvitanh/s3-origin/S3/Sindora cochinchinensis/dọc 2/gụ73.png,Sindora cochinchinensis,Sindora,cochinchinensis,dọc 2
/kaggle/input/datasets/b23dckh002lvitanh/s3-origin/S3/Sindora cochinchinensis/ngang/gụ17.png,Sindora cochinchinensis,Sindora,cochinchinensis,ngang
/kaggle/input/datasets/b23dckh002lvitanh/s3-origin/S3/Sindora cochinchinensis/dọc/gụ49.png,Sindora cochinchinensis,Sindora,cochinchinensis,dọc
/kaggle/input/datasets/b23dckh002lvitanh/s3-origin/S3/Sindora cochinchinensis/ngang 2/gụ49.png,Sindora cochinchinensis,Sindora,cochinchinensis,ngang 2
/kaggle/input/datasets/b23dckh002lvitanh/s3-origin/S3/Sindora cochinchinensis/dọc 2/gụ7.png,Sindora cochinchinensis,Sindora,cochinchinensis,dọc 2
/kaggle/input/datasets/b23dckh002lvitanh/s3-origin/S3/Sindora cochinchinensis/ngang/gụ23.png,Sindora cochinchinensis,Sindora,cochinchinensis,ngang
/kaggle/input/datasets/b23dckh002lvitanh/s3-origin/S3/Sindora cochinchinensis/ngang/gụ92.png,Sindora cochinchinensis,Sindora,cochinchinensis,ngang
/kaggle/input/datasets/b23dckh002lvitanh/s3-origin/S3/Sindora cochinchinensis/dọc 2/gụ59.png,Sindora cochinchinensis,Sindora,cochinchinensis,dọc 2
/kaggle/input/datasets/b23dckh002lvitanh/s3-origin/S3/Sindora cochinchinensis/ngang/gụ46.png,Sindora cochinchinensis,Sindora,cochinchinensis,ngang
/kaggle/input/datasets/b23dckh002lvitanh/s3-origin/S3/Sindora cochinchinensis/ngang 2/gụ74.png,Sindora cochinchinensis,Sindora,cochinchinensis,ngang 2
/kaggle/input/datasets/b23dckh002lvitanh/s3-origin/S3/Sindora cochinchinensis/ngang/gụ76.png,Sindora cochinchinensis,Sindora,cochinchinensis,ngang
/kaggle/input/datasets/b23dckh002lvitanh/s3-origin/S3/Sindora cochinchinensis/dọc 2/gụ36.png,Sindora cochinchinensis,Sindora,cochinchinensis,dọc 2
/kaggle/input/datasets/b23dckh002lvitanh/s3-origin/S3/Sindora cochinchinensis/ngang/gụ105.png,Sindora cochinchinensis,Sindora,cochinchinensis,ngang
/kaggle/input/datasets/b23dckh002lvitanh/s3-origin/S3/Sindora cochinchinensis/ngang/gụ4.png,Sindora cochinchinensis,Sindora,cochinchinensis,ngang
/kaggle/input/datasets/b23dckh002lvitanh/s3-origin/S3/Sindora cochinchinensis/ngang/gụ49.png,Sindora cochinchinensis,Sindora,cochinchinensis,ngang
/kaggle/input/datasets/b23dckh002lvitanh/s3-origin/S3/Sindora cochinchinensis/dọc 2/gụ4.png,Sindora cochinchinensis,Sindora,cochinchinensis,dọc 2
/kaggle/input/datasets/b23dckh002lvitanh/s3-origin/S3/Sindora cochinchinensis/dọc/gụ73.png,Sindora cochinchinensis,Sindora,cochinchinensis,dọc
/kaggle/input/datasets/b23dckh002lvitanh/s3-origin/S3/Sindora cochinchinensis/dọc 2/gụ30.png,Sindora cochinchinensis,Sindora,cochinchinensis,dọc 2
/kaggle/input/datasets/b23dckh002lvitanh/s3-origin/S3/Sindora cochinchinensis/ngang/gụ103.png,Sindora cochinchinensis,Sindora,cochinchinensis,ngang
/kaggle/input/datasets/b23dckh002lvitanh/s3-origin/S3/Sindora cochinchinensis/ngang 2/gụ38.png,Sindora cochinchinensis,Sindora,cochinchinensis,ngang 2
/kaggle/input/datasets/b23dckh002lvitanh/s3-origin/S3/Sindora cochinchinensis/ngang/gụ87.png,Sindora cochinchinensis,Sindora,cochinchinensis,ngang
/kaggle/input/datasets/b23dckh002lvitanh/s3-origin/S3/Sindora cochinchinensis/ngang/gụ50.png,Sindora cochinchinensis,Sindora,cochinchinensis,ngang
/kaggle/input/datasets/b23dckh002lvitanh/s3-origin/S3/Sindora cochinchinensis/dọc/gụ7.png,Sindora cochinchinensis,Sindora,cochinchinensis,dọc
/kaggle/input/datasets/b23dckh002lvitanh/s3-origin/S3/Sindora cochinchinensis/dọc/gụ2.png,Sindora cochinchinensis,Sindora,cochinchinensis,dọc
/kaggle/input/datasets/b23dckh002lvitanh/s3-origin/S3/Sindora cochinchinensis/ngang 2/gụ45.png,Sindora cochinchinensis,Sindora,cochinchinensis,ngang 2
/kaggle/input/datasets/b23dckh002lvitanh/s3-origin/S3/Sindora cochinchinensis/dọc/gụ45.png,Sindora cochinchinensis,Sindora,cochinchinensis,dọc
/kaggle/input/datasets/b23dckh002lvitanh/s3-origin/S3/Sindora cochinchinensis/ngang/gụ1.png,Sindora cochinchinensis,Sindora,cochinchinensis,ngang
/kaggle/input/datasets/b23dckh002lvitanh/s3-origin/S3/Sindora cochinchinensis/dọc/gụ80.png,Sindora cochinchinensis,Sindora,cochinchinensis,dọc
/kaggle/input/datasets/b23dckh002lvitanh/s3-origin/S3/Sindora cochinchinensis/ngang/gụ45.png,Sindora cochinchinensis,Sindora,cochinchinensis,ngang
/kaggle/input/datasets/b23dckh002lvitanh/s3-origin/S3/Sindora cochinchinensis/dọc 2/gụ43.png,Sindora cochinchinensis,Sindora,cochinchinensis,dọc 2
/kaggle/input/datasets/b23dckh002lvitanh/s3-origin/S3/Sindora cochinchinensis/dọc/gụ17.png,Sindora cochinchinensis,Sindora,cochinchinensis,dọc
/kaggle/input/datasets/b23dckh002lvitanh/s3-origin/S3/Sindora cochinchinensis/ngang/gụ11.png,Sindora cochinchinensis,Sindora,cochinchinensis,ngang
/kaggle/input/datasets/b23dckh002lvitanh/s3-origin/S3/Sindora cochinchinensis/dọc/gụ23.png,Sindora cochinchinensis,Sindora,cochinchinensis,dọc
/kaggle/input/datasets/b23dckh002lvitanh/s3-origin/S3/Sindora cochinchinensis/dọc 2/gụ45.png,Sindora cochinchinensis,Sindora,cochinchinensis,dọc 2
/kaggle/input/datasets/b23dckh002lvitanh/s3-origin/S3/Sindora cochinchinensis/dọc 2/gụ62.png,Sindora cochinchinensis,Sindora,cochinchinensis,dọc 2
/kaggle/input/datasets/b23dckh002lvitanh/s3-origin/S3/Sindora cochinchinensis/ngang 2/gụ61.png,Sindora cochinchinensis,Sindora,cochinchinensis,ngang 2
/kaggle/input/datasets/b23dckh002lvitanh/s3-origin/S3/Sindora cochinchinensis/dọc 2/gụ58.png,Sindora cochinchinensis,Sindora,cochinchinensis,dọc 2
/kaggle/input/datasets/b23dckh002lvitanh/s3-origin/S3/Sindora cochinchinensis/ngang/gụ75.png,Sindora cochinchinensis,Sindora,cochinchinensis,ngang
/kaggle/input/datasets/b23dckh002lvitanh/s3-origin/S3/Sindora cochinchinensis/ngang/gụ48.png,Sindora cochinchinensis,Sindora,cochinchinensis,ngang
/kaggle/input/datasets/b23dckh002lvitanh/s3-origin/S3/Sindora cochinchinensis/ngang 2/gụ72.png,Sindora cochinchinensis,Sindora,cochinchinensis,ngang 2
/kaggle/input/datasets/b23dckh002lvitanh/s3-origin/S3/Sindora cochinchinensis/ngang/gụ0.png,Sindora cochinchinensis,Sindora,cochinchinensis,ngang
/kaggle/input/datasets/b23dckh002lvitanh/s3-origin/S3/Sindora cochinchinensis/ngang/gụ64.png,Sindora cochinchinensis,Sindora,cochinchinensis,ngang
/kaggle/input/datasets/b23dckh002lvitanh/s3-origin/S3/Sindora cochinchinensis/ngang 2/gụ58.png,Sindora cochinchinensis,Sindora,cochinchinensis,ngang 2
/kaggle/input/datasets/b23dckh002lvitanh/s3-origin/S3/Sindora cochinchinensis/ngang 2/gụ6.png,Sindora cochinchinensis,Sindora,cochinchinensis,ngang 2
/kaggle/input/datasets/b23dckh002lvitanh/s3-origin/S3/Sindora cochinchinensis/ngang/gụ14.png,Sindora cochinchinensis,Sindora,cochinchinensis,ngang
/kaggle/input/datasets/b23dckh002lvitanh/s3-origin/S3/Sindora cochinchinensis/ngang/gụ37.png,Sindora cochinchinensis,Sindora,cochinchinensis,ngang
/kaggle/input/datasets/b23dckh002lvitanh/s3-origin/S3/Sindora cochinchinensis/ngang/gụ51.png,Sindora cochinchinensis,Sindora,cochinchinensis,ngang
/kaggle/input/datasets/b23dckh002lvitanh/s3-origin/S3/Sindora cochinchinensis/ngang 2/gụ75.png,Sindora cochinchinensis,Sindora,cochinchinensis,ngang 2
/kaggle/input/datasets/b23dckh002lvitanh/s3-origin/S3/Sindora cochinchinensis/ngang 2/gụ87.png,Sindora cochinchinensis,Sindora,cochinchinensis,ngang 2
/kaggle/input/datasets/b23dckh002lvitanh/s3-origin/S3/Sindora cochinchinensis/dọc 2/gụ6.png,Sindora cochinchinensis,Sindora,cochinchinensis,dọc 2
/kaggle/input/datasets/b23dckh002lvitanh/s3-origin/S3/Sindora cochinchinensis/ngang 2/gụ31.png,Sindora cochinchinensis,Sindora,cochinchinensis,ngang 2
/kaggle/input/datasets/b23dckh002lvitanh/s3-origin/S3/Sindora cochinchinensis/ngang 2/gụ82.png,Sindora cochinchinensis,Sindora,cochinchinensis,ngang 2
/kaggle/input/datasets/b23dckh002lvitanh/s3-origin/S3/Sindora cochinchinensis/ngang/gụ32.png,Sindora cochinchinensis,Sindora,cochinchinensis,ngang
/kaggle/input/datasets/b23dckh002lvitanh/s3-origin/S3/Sindora cochinchinensis/dọc/gụ104.png,Sindora cochinchinensis,Sindora,cochinchinensis,dọc
/kaggle/input/datasets/b23dckh002lvitanh/s3-origin/S3/Sindora cochinchinensis/dọc/gụ26.png,Sindora cochinchinensis,Sindora,cochinchinensis,dọc
/kaggle/input/datasets/b23dckh002lvitanh/s3-origin/S3/Sindora cochinchinensis/dọc 2/gụ5.png,Sindora cochinchinensis,Sindora,cochinchinensis,dọc 2
/kaggle/input/datasets/b23dckh002lvitanh/s3-origin/S3/Sindora cochinchinensis/dọc 2/gụ40.png,Sindora cochinchinensis,Sindora,cochinchinensis,dọc 2
/kaggle/input/datasets/b23dckh002lvitanh/s3-origin/S3/Sindora cochinchinensis/dọc/gụ70.png,Sindora cochinchinensis,Sindora,cochinchinensis,dọc
/kaggle/input/datasets/b23dckh002lvitanh/s3-origin/S3/Sindora cochinchinensis/ngang 2/gụ12.png,Sindora cochinchinensis,Sindora,cochinchinensis,ngang 2
/kaggle/input/datasets/b23dckh002lvitanh/s3-origin/S3/Sindora cochinchinensis/dọc 2/gụ14.png,Sindora cochinchinensis,Sindora,cochinchinensis,dọc 2
/kaggle/input/datasets/b23dckh002lvitanh/s3-origin/S3/Sindora cochinchinensis/ngang/gụ102.png,Sindora cochinchinensis,Sindora,cochinchinensis,ngang
/kaggle/input/datasets/b23dckh002lvitanh/s3-origin/S3/Sindora cochinchinensis/dọc/gụ77.png,Sindora cochinchinensis,Sindora,cochinchinensis,dọc
/kaggle/input/datasets/b23dckh002lvitanh/s3-origin/S3/Sindora cochinchinensis/dọc 2/gụ27.png,Sindora cochinchinensis,Sindora,cochinchinensis,dọc 2
/kaggle/input/datasets/b23dckh002lvitanh/s3-origin/S3/Sindora cochinchinensis/ngang/gụ8.png,Sindora cochinchinensis,Sindora,cochinchinensis,ngang
/kaggle/input/datasets/b23dckh002lvitanh/s3-origin/S3/Sindora cochinchinensis/ngang/gụ34.png,Sindora cochinchinensis,Sindora,cochinchinensis,ngang
/kaggle/input/datasets/b23dckh002lvitanh/s3-origin/S3/Sindora cochinchinensis/dọc 2/gụ38.png,Sindora cochinchinensis,Sindora,cochinchinensis,dọc 2
/kaggle/input/datasets/b23dckh002lvitanh/s3-origin/S3/Sindora cochinchinensis/dọc/gụ48.png,Sindora cochinchinensis,Sindora,cochinchinensis,dọc
/kaggle/input/datasets/b23dckh002lvitanh/s3-origin/S3/Sindora cochinchinensis/ngang/gụ60.png,Sindora cochinchinensis,Sindora,cochinchinensis,ngang
/kaggle/input/datasets/b23dckh002lvitanh/s3-origin/S3/Sindora cochinchinensis/ngang 2/gụ15.png,Sindora cochinchinensis,Sindora,cochinchinensis,ngang 2
/kaggle/input/datasets/b23dckh002lvitanh/s3-origin/S3/Sindora cochinchinensis/ngang/gụ28.png,Sindora cochinchinensis,Sindora,cochinchinensis,ngang
/kaggle/input/datasets/b23dckh002lvitanh/s3-origin/S3/Sindora cochinchinensis/dọc/gụ96.png,Sindora cochinchinensis,Sindora,cochinchinensis,dọc
/kaggle/input/datasets/b23dckh002lvitanh/s3-origin/S3/Sindora cochinchinensis/ngang/gụ86.png,Sindora cochinchinensis,Sindora,cochinchinensis,ngang
/kaggle/input/datasets/b23dckh002lvitanh/s3-origin/S3/Sindora cochinchinensis/ngang/gụ59.png,Sindora cochinchinensis,Sindora,cochinchinensis,ngang
/kaggle/input/datasets/b23dckh002lvitanh/s3-origin/S3/Sindora cochinchinensis/dọc/gụ57.png,Sindora cochinchinensis,Sindora,cochinchinensis,dọc
/kaggle/input/datasets/b23dckh002lvitanh/s3-origin/S3/Sindora cochinchinensis/dọc 2/gụ46.png,Sindora cochinchinensis,Sindora,cochinchinensis,dọc 2
/kaggle/input/datasets/b23dckh002lvitanh/s3-origin/S3/Sindora cochinchinensis/ngang 2/gụ8.png,Sindora cochinchinensis,Sindora,cochinchinensis,ngang 2
/kaggle/input/datasets/b23dckh002lvitanh/s3-origin/S3/Sindora cochinchinensis/ngang 2/gụ19.png,Sindora cochinchinensis,Sindora,cochinchinensis,ngang 2
/kaggle/input/datasets/b23dckh002lvitanh/s3-origin/S3/Sindora cochinchinensis/ngang/gụ93.png,Sindora cochinchinensis,Sindora,cochinchinensis,ngang
/kaggle/input/datasets/b23dckh002lvitanh/s3-origin/S3/Sindora cochinchinensis/ngang 2/gụ41.png,Sindora cochinchinensis,Sindora,cochinchinensis,ngang 2
/kaggle/input/datasets/b23dckh002lvitanh/s3-origin/S3/Sindora cochinchinensis/ngang 2/gụ53.png,Sindora cochinchinensis,Sindora,cochinchinensis,ngang 2
/kaggle/input/datasets/b23dckh002lvitanh/s3-origin/S3/Sindora cochinchinensis/dọc/gụ4.png,Sindora cochinchinensis,Sindora,cochinchinensis,dọc
/kaggle/input/datasets/b23dckh002lvitanh/s3-origin/S3/Sindora cochinchinensis/dọc 2/gụ47.png,Sindora cochinchinensis,Sindora,cochinchinensis,dọc 2
/kaggle/input/datasets/b23dckh002lvitanh/s3-origin/S3/Sindora cochinchinensis/ngang/gụ43.png,Sindora cochinchinensis,Sindora,cochinchinensis,ngang
/kaggle/input/datasets/b23dckh002lvitanh/s3-origin/S3/Sindora cochinchinensis/ngang/gụ15.png,Sindora cochinchinensis,Sindora,cochinchinensis,ngang
/kaggle/input/datasets/b23dckh002lvitanh/s3-origin/S3/Sindora cochinchinensis/dọc 2/gụ48.png,Sindora cochinchinensis,Sindora,cochinchinensis,dọc 2
/kaggle/input/datasets/b23dckh002lvitanh/s3-origin/S3/Sindora cochinchinensis/ngang 2/gụ17.png,Sindora cochinchinensis,Sindora,cochinchinensis,ngang 2
/kaggle/input/datasets/b23dckh002lvitanh/s3-origin/S3/Sindora cochinchinensis/ngang/gụ81.png,Sindora cochinchinensis,Sindora,cochinchinensis,ngang
/kaggle/input/datasets/b23dckh002lvitanh/s3-origin/S3/Sindora cochinchinensis/ngang 2/gụ11.png,Sindora cochinchinensis,Sindora,cochinchinensis,ngang 2
/kaggle/input/datasets/b23dckh002lvitanh/s3-origin/S3/Sindora cochinchinensis/ngang/gụ25.png,Sindora cochinchinensis,Sindora,cochinchinensis,ngang
/kaggle/input/datasets/b23dckh002lvitanh/s3-origin/S3/Sindora cochinchinensis/ngang/gụ70.png,Sindora cochinchinensis,Sindora,cochinchinensis,ngang
/kaggle/input/datasets/b23dckh002lvitanh/s3-origin/S3/Sindora cochinchinensis/ngang/gụ67.png,Sindora cochinchinensis,Sindora,cochinchinensis,ngang
/kaggle/input/datasets/b23dckh002lvitanh/s3-origin/S3/Sindora cochinchinensis/ngang 2/gụ56.png,Sindora cochinchinensis,Sindora,cochinchinensis,ngang 2
/kaggle/input/datasets/b23dckh002lvitanh/s3-origin/S3/Sindora cochinchinensis/dọc/gụ78.png,Sindora cochinchinensis,Sindora,cochinchinensis,dọc
/kaggle/input/datasets/b23dckh002lvitanh/s3-origin/S3/Sindora cochinchinensis/ngang 2/gụ2.png,Sindora cochinchinensis,Sindora,cochinchinensis,ngang 2
/kaggle/input/datasets/b23dckh002lvitanh/s3-origin/S3/Sindora cochinchinensis/dọc/gụ36.png,Sindora cochinchinensis,Sindora,cochinchinensis,dọc
/kaggle/input/datasets/b23dckh002lvitanh/s3-origin/S3/Sindora cochinchinensis/dọc/gụ8.png,Sindora cochinchinensis,Sindora,cochinchinensis,dọc
/kaggle/input/datasets/b23dckh002lvitanh/s3-origin/S3/Sindora cochinchinensis/ngang 2/gụ85.png,Sindora cochinchinensis,Sindora,cochinchinensis,ngang 2
/kaggle/input/datasets/b23dckh002lvitanh/s3-origin/S3/Sindora cochinchinensis/dọc/gụ66.png,Sindora cochinchinensis,Sindora,cochinchinensis,dọc
/kaggle/input/datasets/b23dckh002lvitanh/s3-origin/S3/Sindora cochinchinensis/ngang/gụ27.png,Sindora cochinchinensis,Sindora,cochinchinensis,ngang
/kaggle/input/datasets/b23dckh002lvitanh/s3-origin/S3/Sindora cochinchinensis/dọc 2/gụ8.png,Sindora cochinchinensis,Sindora,cochinchinensis,dọc 2
/kaggle/input/datasets/b23dckh002lvitanh/s3-origin/S3/Sindora cochinchinensis/ngang 2/gụ0.png,Sindora cochinchinensis,Sindora,cochinchinensis,ngang 2
/kaggle/input/datasets/b23dckh002lvitanh/s3-origin/S3/Sindora cochinchinensis/dọc/gụ87.png,Sindora cochinchinensis,Sindora,cochinchinensis,dọc
/kaggle/input/datasets/b23dckh002lvitanh/s3-origin/S3/Sindora cochinchinensis/dọc/gụ82.png,Sindora cochinchinensis,Sindora,cochinchinensis,dọc
/kaggle/input/datasets/b23dckh002lvitanh/s3-origin/S3/Sindora cochinchinensis/ngang/gụ54.png,Sindora cochinchinensis,Sindora,cochinchinensis,ngang
/kaggle/input/datasets/b23dckh002lvitanh/s3-origin/S3/Sindora cochinchinensis/dọc/gụ99.png,Sindora cochinchinensis,Sindora,cochinchinensis,dọc
/kaggle/input/datasets/b23dckh002lvitanh/s3-origin/S3/Sindora tonkinensis/3381. Sindora tonkinensis.4/3381. Sindora tonkinensis.4 (120).png,Sindora tonkinensis,Sindora,tonkinensis,3381. Sindora tonkinensis.4
/kaggle/input/datasets/b23dckh002lvitanh/s3-origin/S3/Sindora tonkinensis/3381. Sindora tonkinensis.7/3381. Sindora tonkinensis.7 (193).png,Sindora tonkinensis,Sindora,tonkinensis,3381. Sindora tonkinensis.7
/kaggle/input/datasets/b23dckh002lvitanh/s3-origin/S3/Sindora tonkinensis/3381. Sindora tonkinensis.2/3381. Sindora tonkinensis.2 (45).png,Sindora tonkinensis,Sindora,tonkinensis,3381. Sindora tonkinensis.2
/kaggle/input/datasets/b23dckh002lvitanh/s3-origin/S3/Sindora tonkinensis/3381. Sindora tonkinensis.8/3381. Sindora tonkinensis.8 (257).png,Sindora tonkinensis,Sindora,tonkinensis,3381. Sindora tonkinensis.8
/kaggle/input/datasets/b23dckh002lvitanh/s3-origin/S3/Sindora tonkinensis/3381. Sindora tonkinensis.8/3381. Sindora tonkinensis.8 (227).png,Sindora tonkinensis,Sindora,tonkinensis,3381. Sindora tonkinensis.8
/kaggle/input/datasets/b23dckh002lvitanh/s3-origin/S3/Sindora tonkinensis/3381. Sindora tonkinensis.3/3381. Sindora tonkinensis.3 (81).png,Sindora tonkinensis,Sindora,tonkinensis,3381. Sindora tonkinensis.3
/kaggle/input/datasets/b23dckh002lvitanh/s3-origin/S3/Sindora tonkinensis/3381. Sindora tonkinensis.8/3381. Sindora tonkinensis.8 (232).png,Sindora tonkinensis,Sindora,tonkinensis,3381. Sindora tonkinensis.8
/kaggle/input/datasets/b23dckh002lvitanh/s3-origin/S3/Sindora tonkinensis/3381. Sindora tonkinensis.4/3381. Sindora tonkinensis.4 (109).png,Sindora tonkinensis,Sindora,tonkinensis,3381. Sindora tonkinensis.4
/kaggle/input/datasets/b23dckh002lvitanh/s3-origin/S3/Sindora tonkinensis/3381. Sindora tonkinensis.6/3381. Sindora tonkinensis.6 (175).png,Sindora tonkinensis,Sindora,tonkinensis,3381. Sindora tonkinensis.6
/kaggle/input/datasets/b23dckh002lvitanh/s3-origin/S3/Sindora tonkinensis/3381. Sindora tonkinensis.6/3381. Sindora tonkinensis.6 (170).png,Sindora tonkinensis,Sindora,tonkinensis,3381. Sindora tonkinensis.6
/kaggle/input/datasets/b23dckh002lvitanh/s3-origin/S3/Sindora tonkinensis/3381. Sindora tonkinensis.9/3381. Sindora tonkinensis.9 (287).png,Sindora tonkinensis,Sindora,tonkinensis,3381. Sindora tonkinensis.9
/kaggle/input/datasets/b23dckh002lvitanh/s3-origin/S3/Sindora tonkinensis/3381. Sindora tonkinensis.6/3381. Sindora tonkinensis.6 (183).png,Sindora tonkinensis,Sindora,tonkinensis,3381. Sindora tonkinensis.6
/kaggle/input/datasets/b23dckh002lvitanh/s3-origin/S3/Sindora tonkinensis/3381. Sindora tonkinensis.1/3381. Sindora tonkinensis.1 (13).png,Sindora tonkinensis,Sindora,tonkinensis,3381. Sindora tonkinensis.1
/kaggle/input/datasets/b23dckh002lvitanh/s3-origin/S3/Sindora tonkinensis/3381. Sindora tonkinensis.2/3381. Sindora tonkinensis.2 (60).png,Sindora tonkinensis,Sindora,tonkinensis,3381. Sindora tonkinensis.2
/kaggle/input/datasets/b23dckh002lvitanh/s3-origin/S3/Sindora tonkinensis/3381. Sindora tonkinensis.9/3381. Sindora tonkinensis.9 (270).png,Sindora tonkinensis,Sindora,tonkinensis,3381. Sindora tonkinensis.9
/kaggle/input/datasets/b23dckh002lvitanh/s3-origin/S3/Sindora tonkinensis/3381. Sindora tonkinensis.6/3381. Sindora tonkinensis.6 (182).png,Sindora tonkinensis,Sindora,tonkinensis,3381. Sindora tonkinensis.6
/kaggle/input/datasets/b23dckh002lvitanh/s3-origin/S3/Sindora tonkinensis/3381. Sindora tonkinensis.1/3381. Sindora tonkinensis.1 (5).png,Sindora tonkinensis,Sindora,tonkinensis,3381. Sindora tonkinensis.1
/kaggle/input/datasets/b23dckh002lvitanh/s3-origin/S3/Sindora tonkinensis/3381. Sindora tonkinensis.3/3381. Sindora tonkinensis.3 (82).png,Sindora tonkinensis,Sindora,tonkinensis,3381. Sindora tonkinensis.3
/kaggle/input/datasets/b23dckh002lvitanh/s3-origin/S3/Sindora tonkinensis/3381. Sindora tonkinensis.7/3381. Sindora tonkinensis.7 (220).png,Sindora tonkinensis,Sindora,tonkinensis,3381. Sindora tonkinensis.7
/kaggle/input/datasets/b23dckh002lvitanh/s3-origin/S3/Sindora tonkinensis/3381. Sindora tonkinensis.5/3381. Sindora tonkinensis.5 (129).png,Sindora tonkinensis,Sindora,tonkinensis,3381. Sindora tonkinensis.5
/kaggle/input/datasets/b23dckh002lvitanh/s3-origin/S3/Sindora tonkinensis/3381. Sindora tonkinensis.1/3381. Sindora tonkinensis.1 (12).png,Sindora tonkinensis,Sindora,tonkinensis,3381. Sindora tonkinensis.1
/kaggle/input/datasets/b23dckh002lvitanh/s3-origin/S3/Sindora tonkinensis/3381. Sindora tonkinensis.9/3381. Sindora tonkinensis.9 (260).png,Sindora tonkinensis,Sindora,tonkinensis,3381. Sindora tonkinensis.9
/kaggle/input/datasets/b23dckh002lvitanh/s3-origin/S3/Sindora tonkinensis/3381. Sindora tonkinensis.4/3381. Sindora tonkinensis.4 (128).png,Sindora tonkinensis,Sindora,tonkinensis,3381. Sindora tonkinensis.4
/kaggle/input/datasets/b23dckh002lvitanh/s3-origin/S3/Sindora tonkinensis/3381. Sindora tonkinensis.4/3381. Sindora tonkinensis.4 (102).png,Sindora tonkinensis,Sindora,tonkinensis,3381. Sindora tonkinensis.4
/kaggle/input/datasets/b23dckh002lvitanh/s3-origin/S3/Sindora tonkinensis/3381. Sindora tonkinensis.6/3381. Sindora tonkinensis.6 (167).png,Sindora tonkinensis,Sindora,tonkinensis,3381. Sindora tonkinensis.6
/kaggle/input/datasets/b23dckh002lvitanh/s3-origin/S3/Sindora tonkinensis/3381. Sindora tonkinensis.10/3381. Sindora tonkinensis.10 (319).png,Sindora tonkinensis,Sindora,tonkinensis,3381. Sindora tonkinensis.10
/kaggle/input/datasets/b23dckh002lvitanh/s3-origin/S3/Sindora tonkinensis/3381. Sindora tonkinensis.10/3381. Sindora tonkinensis.10 (306).png,Sindora tonkinensis,Sindora,tonkinensis,3381. Sindora tonkinensis.10
/kaggle/input/datasets/b23dckh002lvitanh/s3-origin/S3/Sindora tonkinensis/3381. Sindora tonkinensis.1/3381. Sindora tonkinensis.1 (19).png,Sindora tonkinensis,Sindora,tonkinensis,3381. Sindora tonkinensis.1
/kaggle/input/datasets/b23dckh002lvitanh/s3-origin/S3/Sindora tonkinensis/3381. Sindora tonkinensis.7/3381. Sindora tonkinensis.7 (202).png,Sindora tonkinensis,Sindora,tonkinensis,3381. Sindora tonkinensis.7
/kaggle/input/datasets/b23dckh002lvitanh/s3-origin/S3/Sindora tonkinensis/3381. Sindora tonkinensis.4/3381. Sindora tonkinensis.4 (127).png,Sindora tonkinensis,Sindora,tonkinensis,3381. Sindora tonkinensis.4
/kaggle/input/datasets/b23dckh002lvitanh/s3-origin/S3/Sindora tonkinensis/3381. Sindora tonkinensis.7/3381. Sindora tonkinensis.7 (210).png,Sindora tonkinensis,Sindora,tonkinensis,3381. Sindora tonkinensis.7
/kaggle/input/datasets/b23dckh002lvitanh/s3-origin/S3/Sindora tonkinensis/3381. Sindora tonkinensis.5/3381. Sindora tonkinensis.5 (157).png,Sindora tonkinensis,Sindora,tonkinensis,3381. Sindora tonkinensis.5
/kaggle/input/datasets/b23dckh002lvitanh/s3-origin/S3/Sindora tonkinensis/3381. Sindora tonkinensis.7/3381. Sindora tonkinensis.7 (219).png,Sindora tonkinensis,Sindora,tonkinensis,3381. Sindora tonkinensis.7
/kaggle/input/datasets/b23dckh002lvitanh/s3-origin/S3/Sindora tonkinensis/3381. Sindora tonkinensis.1/3381. Sindora tonkinensis.1 (4).png,Sindora tonkinensis,Sindora,tonkinensis,3381. Sindora tonkinensis.1
/kaggle/input/datasets/b23dckh002lvitanh/s3-origin/S3/Sindora tonkinensis/3381. Sindora tonkinensis.8/3381. Sindora tonkinensis.8 (238).png,Sindora tonkinensis,Sindora,tonkinensis,3381. Sindora tonkinensis.8
/kaggle/input/datasets/b23dckh002lvitanh/s3-origin/S3/Sindora tonkinensis/3381. Sindora tonkinensis.10/3381. Sindora tonkinensis.10 (326).png,Sindora tonkinensis,Sindora,tonkinensis,3381. Sindora tonkinensis.10
/kaggle/input/datasets/b23dckh002lvitanh/s3-origin/S3/Sindora tonkinensis/3381. Sindora tonkinensis.6/3381. Sindora tonkinensis.6 (179).png,Sindora tonkinensis,Sindora,tonkinensis,3381. Sindora tonkinensis.6
/kaggle/input/datasets/b23dckh002lvitanh/s3-origin/S3/Sindora tonkinensis/3381. Sindora tonkinensis.5/3381. Sindora tonkinensis.5 (141).png,Sindora tonkinensis,Sindora,tonkinensis,3381. Sindora tonkinensis.5
/kaggle/input/datasets/b23dckh002lvitanh/s3-origin/S3/Sindora tonkinensis/3381. Sindora tonkinensis.7/3381. Sindora tonkinensis.7 (205).png,Sindora tonkinensis,Sindora,tonkinensis,3381. Sindora tonkinensis.7
/kaggle/input/datasets/b23dckh002lvitanh/s3-origin/S3/Sindora tonkinensis/3381. Sindora tonkinensis.7/3381. Sindora tonkinensis.7 (190).png,Sindora tonkinensis,Sindora,tonkinensis,3381. Sindora tonkinensis.7
/kaggle/input/datasets/b23dckh002lvitanh/s3-origin/S3/Sindora tonkinensis/3381. Sindora tonkinensis.4/3381. Sindora tonkinensis.4 (103).png,Sindora tonkinensis,Sindora,tonkinensis,3381. Sindora tonkinensis.4
/kaggle/input/datasets/b23dckh002lvitanh/s3-origin/S3/Sindora tonkinensis/3381. Sindora tonkinensis.7/3381. Sindora tonkinensis.7 (201).png,Sindora tonkinensis,Sindora,tonkinensis,3381. Sindora tonkinensis.7
/kaggle/input/datasets/b23dckh002lvitanh/s3-origin/S3/Sindora tonkinensis/3381. Sindora tonkinensis.6/3381. Sindora tonkinensis.6 (186).png,Sindora tonkinensis,Sindora,tonkinensis,3381. Sindora tonkinensis.6
/kaggle/input/datasets/b23dckh002lvitanh/s3-origin/S3/Sindora tonkinensis/3381. Sindora tonkinensis.10/3381. Sindora tonkinensis.10 (295).png,Sindora tonkinensis,Sindora,tonkinensis,3381. Sindora tonkinensis.10
/kaggle/input/datasets/b23dckh002lvitanh/s3-origin/S3/Sindora tonkinensis/3381. Sindora tonkinensis.2/3381. Sindora tonkinensis.2 (40).png,Sindora tonkinensis,Sindora,tonkinensis,3381. Sindora tonkinensis.2
/kaggle/input/datasets/b23dckh002lvitanh/s3-origin/S3/Sindora tonkinensis/3381. Sindora tonkinensis.3/3381. Sindora tonkinensis.3 (72).png,Sindora tonkinensis,Sindora,tonkinensis,3381. Sindora tonkinensis.3
/kaggle/input/datasets/b23dckh002lvitanh/s3-origin/S3/Sindora tonkinensis/3381. Sindora tonkinensis.2/3381. Sindora tonkinensis.2 (59).png,Sindora tonkinensis,Sindora,tonkinensis,3381. Sindora tonkinensis.2
/kaggle/input/datasets/b23dckh002lvitanh/s3-origin/S3/Sindora tonkinensis/3381. Sindora tonkinensis.9/3381. Sindora tonkinensis.9 (271).png,Sindora tonkinensis,Sindora,tonkinensis,3381. Sindora tonkinensis.9
/kaggle/input/datasets/b23dckh002lvitanh/s3-origin/S3/Sindora tonkinensis/3381. Sindora tonkinensis.2/3381. Sindora tonkinensis.2 (62).png,Sindora tonkinensis,Sindora,tonkinensis,3381. Sindora tonkinensis.2
/kaggle/input/datasets/b23dckh002lvitanh/s3-origin/S3/Sindora tonkinensis/3381. Sindora tonkinensis.3/3381. Sindora tonkinensis.3 (88).png,Sindora tonkinensis,Sindora,tonkinensis,3381. Sindora tonkinensis.3
/kaggle/input/datasets/b23dckh002lvitanh/s3-origin/S3/Sindora tonkinensis/3381. Sindora tonkinensis.10/3381. Sindora tonkinensis.10 (305).png,Sindora tonkinensis,Sindora,tonkinensis,3381. Sindora tonkinensis.10
/kaggle/input/datasets/b23dckh002lvitanh/s3-origin/S3/Sindora tonkinensis/3381. Sindora tonkinensis.3/3381. Sindora tonkinensis.3 (78).png,Sindora tonkinensis,Sindora,tonkinensis,3381. Sindora tonkinensis.3
/kaggle/input/datasets/b23dckh002lvitanh/s3-origin/S3/Sindora tonkinensis/3381. Sindora tonkinensis.1/3381. Sindora tonkinensis.1 (11).png,Sindora tonkinensis,Sindora,tonkinensis,3381. Sindora tonkinensis.1
/kaggle/input/datasets/b23dckh002lvitanh/s3-origin/S3/Sindora tonkinensis/3381. Sindora tonkinensis.6/3381. Sindora tonkinensis.6 (176).png,Sindora tonkinensis,Sindora,tonkinensis,3381. Sindora tonkinensis.6
/kaggle/input/datasets/b23dckh002lvitanh/s3-origin/S3/Sindora tonkinensis/3381. Sindora tonkinensis.7/3381. Sindora tonkinensis.7 (196).png,Sindora tonkinensis,Sindora,tonkinensis,3381. Sindora tonkinensis.7
/kaggle/input/datasets/b23dckh002lvitanh/s3-origin/S3/Sindora tonkinensis/3381. Sindora tonkinensis.4/3381. Sindora tonkinensis.4 (100).png,Sindora tonkinensis,Sindora,tonkinensis,3381. Sindora tonkinensis.4
/kaggle/input/datasets/b23dckh002lvitanh/s3-origin/S3/Sindora tonkinensis/3381. Sindora tonkinensis.9/3381. Sindora tonkinensis.9 (272).png,Sindora tonkinensis,Sindora,tonkinensis,3381. Sindora tonkinensis.9
/kaggle/input/datasets/b23dckh002lvitanh/s3-origin/S3/Sindora tonkinensis/3381. Sindora tonkinensis.3/3381. Sindora tonkinensis.3 (67).png,Sindora tonkinensis,Sindora,tonkinensis,3381. Sindora tonkinensis.3
/kaggle/input/datasets/b23dckh002lvitanh/s3-origin/S3/Sindora tonkinensis/3381. Sindora tonkinensis.8/3381. Sindora tonkinensis.8 (235).png,Sindora tonkinensis,Sindora,tonkinensis,3381. Sindora tonkinensis.8
/kaggle/input/datasets/b23dckh002lvitanh/s3-origin/S3/Sindora tonkinensis/3381. Sindora tonkinensis.4/3381. Sindora tonkinensis.4 (111).png,Sindora tonkinensis,Sindora,tonkinensis,3381. Sindora tonkinensis.4
/kaggle/input/datasets/b23dckh002lvitanh/s3-origin/S3/Sindora tonkinensis/3381. Sindora tonkinensis.10/3381. Sindora tonkinensis.10 (320).png,Sindora tonkinensis,Sindora,tonkinensis,3381. Sindora tonkinensis.10
/kaggle/input/datasets/b23dckh002lvitanh/s3-origin/S3/Sindora tonkinensis/3381. Sindora tonkinensis.2/3381. Sindora tonkinensis.2 (64).png,Sindora tonkinensis,Sindora,tonkinensis,3381. Sindora tonkinensis.2
/kaggle/input/datasets/b23dckh002lvitanh/s3-origin/S3/Sindora tonkinensis/3381. Sindora tonkinensis.9/3381. Sindora tonkinensis.9 (292).png,Sindora tonkinensis,Sindora,tonkinensis,3381. Sindora tonkinensis.9
/kaggle/input/datasets/b23dckh002lvitanh/s3-origin/S3/Sindora tonkinensis/3381. Sindora tonkinensis.10/3381. Sindora tonkinensis.10 (307).png,Sindora tonkinensis,Sindora,tonkinensis,3381. Sindora tonkinensis.10
/kaggle/input/datasets/b23dckh002lvitanh/s3-origin/S3/Sindora tonkinensis/3381. Sindora tonkinensis.6/3381. Sindora tonkinensis.6 (159).png,Sindora tonkinensis,Sindora,tonkinensis,3381. Sindora tonkinensis.6
/kaggle/input/datasets/b23dckh002lvitanh/s3-origin/S3/Sindora tonkinensis/3381. Sindora tonkinensis.5/3381. Sindora tonkinensis.5 (142).png,Sindora tonkinensis,Sindora,tonkinensis,3381. Sindora tonkinensis.5
/kaggle/input/datasets/b23dckh002lvitanh/s3-origin/S3/Sindora tonkinensis/3381. Sindora tonkinensis.3/3381. Sindora tonkinensis.3 (77).png,Sindora tonkinensis,Sindora,tonkinensis,3381. Sindora tonkinensis.3
/kaggle/input/datasets/b23dckh002lvitanh/s3-origin/S3/Sindora tonkinensis/3381. Sindora tonkinensis.9/3381. Sindora tonkinensis.9 (278).png,Sindora tonkinensis,Sindora,tonkinensis,3381. Sindora tonkinensis.9
/kaggle/input/datasets/b23dckh002lvitanh/s3-origin/S3/Sindora tonkinensis/3381. Sindora tonkinensis.9/3381. Sindora tonkinensis.9 (284).png,Sindora tonkinensis,Sindora,tonkinensis,3381. Sindora tonkinensis.9
/kaggle/input/datasets/b23dckh002lvitanh/s3-origin/S3/Sindora tonkinensis/3381. Sindora tonkinensis.2/3381. Sindora tonkinensis.2 (41).png,Sindora tonkinensis,Sindora,tonkinensis,3381. Sindora tonkinensis.2
/kaggle/input/datasets/b23dckh002lvitanh/s3-origin/S3/Sindora tonkinensis/3381. Sindora tonkinensis.10/3381. Sindora tonkinensis.10 (317).png,Sindora tonkinensis,Sindora,tonkinensis,3381. Sindora tonkinensis.10
/kaggle/input/datasets/b23dckh002lvitanh/s3-origin/S3/Sindora tonkinensis/3381. Sindora tonkinensis.7/3381. Sindora tonkinensis.7 (197).png,Sindora tonkinensis,Sindora,tonkinensis,3381. Sindora tonkinensis.7
/kaggle/input/datasets/b23dckh002lvitanh/s3-origin/S3/Sindora tonkinensis/3381. Sindora tonkinensis.9/3381. Sindora tonkinensis.9 (290).png,Sindora tonkinensis,Sindora,tonkinensis,3381. Sindora tonkinensis.9
/kaggle/input/datasets/b23dckh002lvitanh/s3-origin/S3/Sindora tonkinensis/3381. Sindora tonkinensis.7/3381. Sindora tonkinensis.7 (191).png,Sindora tonkinensis,Sindora,tonkinensis,3381. Sindora tonkinensis.7
/kaggle/input/datasets/b23dckh002lvitanh/s3-origin/S3/Sindora tonkinensis/3381. Sindora tonkinensis.9/3381. Sindora tonkinensis.9 (286).png,Sindora tonkinensis,Sindora,tonkinensis,3381. Sindora tonkinensis.9
/kaggle/input/datasets/b23dckh002lvitanh/s3-origin/S3/Sindora tonkinensis/3381. Sindora tonkinensis.2/3381. Sindora tonkinensis.2 (63).png,Sindora tonkinensis,Sindora,tonkinensis,3381. Sindora tonkinensis.2
/kaggle/input/datasets/b23dckh002lvitanh/s3-origin/S3/Sindora tonkinensis/3381. Sindora tonkinensis.5/3381. Sindora tonkinensis.5 (158).png,Sindora tonkinensis,Sindora,tonkinensis,3381. Sindora tonkinensis.5
/kaggle/input/datasets/b23dckh002lvitanh/s3-origin/S3/Sindora tonkinensis/3381. Sindora tonkinensis.2/3381. Sindora tonkinensis.2 (61).png,Sindora tonkinensis,Sindora,tonkinensis,3381. Sindora tonkinensis.2
/kaggle/input/datasets/b23dckh002lvitanh/s3-origin/S3/Sindora tonkinensis/3381. Sindora tonkinensis.8/3381. Sindora tonkinensis.8 (236).png,Sindora tonkinensis,Sindora,tonkinensis,3381. Sindora tonkinensis.8
/kaggle/input/datasets/b23dckh002lvitanh/s3-origin/S3/Sindora tonkinensis/3381. Sindora tonkinensis.4/3381. Sindora tonkinensis.4 (125).png,Sindora tonkinensis,Sindora,tonkinensis,3381. Sindora tonkinensis.4
/kaggle/input/datasets/b23dckh002lvitanh/s3-origin/S3/Sindora tonkinensis/3381. Sindora tonkinensis.9/3381. Sindora tonkinensis.9 (277).png,Sindora tonkinensis,Sindora,tonkinensis,3381. Sindora tonkinensis.9
/kaggle/input/datasets/b23dckh002lvitanh/s3-origin/S3/Sindora tonkinensis/3381. Sindora tonkinensis.2/3381. Sindora tonkinensis.2 (42).png,Sindora tonkinensis,Sindora,tonkinensis,3381. Sindora tonkinensis.2
/kaggle/input/datasets/b23dckh002lvitanh/s3-origin/S3/Sindora tonkinensis/3381. Sindora tonkinensis.6/3381. Sindora tonkinensis.6 (162).png,Sindora tonkinensis,Sindora,tonkinensis,3381. Sindora tonkinensis.6
/kaggle/input/datasets/b23dckh002lvitanh/s3-origin/S3/Sindora tonkinensis/3381. Sindora tonkinensis.2/3381. Sindora tonkinensis.2 (34).png,Sindora tonkinensis,Sindora,tonkinensis,3381. Sindora tonkinensis.2
/kaggle/input/datasets/b23dckh002lvitanh/s3-origin/S3/Sindora tonkinensis/3381. Sindora tonkinensis.8/3381. Sindora tonkinensis.8 (243).png,Sindora tonkinensis,Sindora,tonkinensis,3381. Sindora tonkinensis.8
/kaggle/input/datasets/b23dckh002lvitanh/s3-origin/S3/Sindora tonkinensis/3381. Sindora tonkinensis.7/3381. Sindora tonkinensis.7 (223).png,Sindora tonkinensis,Sindora,tonkinensis,3381. Sindora tonkinensis.7
/kaggle/input/datasets/b23dckh002lvitanh/s3-origin/S3/Sindora tonkinensis/3381. Sindora tonkinensis.7/3381. Sindora tonkinensis.7 (214).png,Sindora tonkinensis,Sindora,tonkinensis,3381. Sindora tonkinensis.7
/kaggle/input/datasets/b23dckh002lvitanh/s3-origin/S3/Sindora tonkinensis/3381. Sindora tonkinensis.2/3381. Sindora tonkinensis.2 (50).png,Sindora tonkinensis,Sindora,tonkinensis,3381. Sindora tonkinensis.2
/kaggle/input/datasets/b23dckh002lvitanh/s3-origin/S3/Sindora tonkinensis/3381. Sindora tonkinensis.9/3381. Sindora tonkinensis.9 (268).png,Sindora tonkinensis,Sindora,tonkinensis,3381. Sindora tonkinensis.9
/kaggle/input/datasets/b23dckh002lvitanh/s3-origin/S3/Sindora tonkinensis/3381. Sindora tonkinensis.7/3381. Sindora tonkinensis.7 (204).png,Sindora tonkinensis,Sindora,tonkinensis,3381. Sindora tonkinensis.7
/kaggle/input/datasets/b23dckh002lvitanh/s3-origin/S3/Sindora tonkinensis/3381. Sindora tonkinensis.1/3381. Sindora tonkinensis.1 (6).png,Sindora tonkinensis,Sindora,tonkinensis,3381. Sindora tonkinensis.1
/kaggle/input/datasets/b23dckh002lvitanh/s3-origin/S3/Sindora tonkinensis/3381. Sindora tonkinensis.6/3381. Sindora tonkinensis.6 (177).png,Sindora tonkinensis,Sindora,tonkinensis,3381. Sindora tonkinensis.6
/kaggle/input/datasets/b23dckh002lvitanh/s3-origin/S3/Sindora tonkinensis/3381. Sindora tonkinensis.6/3381. Sindora tonkinensis.6 (180).png,Sindora tonkinensis,Sindora,tonkinensis,3381. Sindora tonkinensis.6
/kaggle/input/datasets/b23dckh002lvitanh/s3-origin/S3/Sindora tonkinensis/3381. Sindora tonkinensis.9/3381. Sindora tonkinensis.9 (265).png,Sindora tonkinensis,Sindora,tonkinensis,3381. Sindora tonkinensis.9
/kaggle/input/datasets/b23dckh002lvitanh/s3-origin/S3/Sindora tonkinensis/3381. Sindora tonkinensis.3/3381. Sindora tonkinensis.3 (87).png,Sindora tonkinensis,Sindora,tonkinensis,3381. Sindora tonkinensis.3
/kaggle/input/datasets/b23dckh002lvitanh/s3-origin/S3/Sindora tonkinensis/3381. Sindora tonkinensis.3/3381. Sindora tonkinensis.3 (73).png,Sindora tonkinensis,Sindora,tonkinensis,3381. Sindora tonkinensis.3
/kaggle/input/datasets/b23dckh002lvitanh/s3-origin/S3/Sindora tonkinensis/3381. Sindora tonkinensis.5/3381. Sindora tonkinensis.5 (146).png,Sindora tonkinensis,Sindora,tonkinensis,3381. Sindora tonkinensis.5
/kaggle/input/datasets/b23dckh002lvitanh/s3-origin/S3/Sindora tonkinensis/3381. Sindora tonkinensis.10/3381. Sindora tonkinensis.10 (304).png,Sindora tonkinensis,Sindora,tonkinensis,3381. Sindora tonkinensis.10
/kaggle/input/datasets/b23dckh002lvitanh/s3-origin/S3/Sindora tonkinensis/3381. Sindora tonkinensis.2/3381. Sindora tonkinensis.2 (65).png,Sindora tonkinensis,Sindora,tonkinensis,3381. Sindora tonkinensis.2
/kaggle/input/datasets/b23dckh002lvitanh/s3-origin/S3/Sindora tonkinensis/3381. Sindora tonkinensis.6/3381. Sindora tonkinensis.6 (188).png,Sindora tonkinensis,Sindora,tonkinensis,3381. Sindora tonkinensis.6
/kaggle/input/datasets/b23dckh002lvitanh/s3-origin/S3/Sindora tonkinensis/3381. Sindora tonkinensis.3/3381. Sindora tonkinensis.3 (68).png,Sindora tonkinensis,Sindora,tonkinensis,3381. Sindora tonkinensis.3
/kaggle/input/datasets/b23dckh002lvitanh/s3-origin/S3/Sindora tonkinensis/3381. Sindora tonkinensis.9/3381. Sindora tonkinensis.9 (261).png,Sindora tonkinensis,Sindora,tonkinensis,3381. Sindora tonkinensis.9
/kaggle/input/datasets/b23dckh002lvitanh/s3-origin/S3/Sindora tonkinensis/3381. Sindora tonkinensis.2/3381. Sindora tonkinensis.2 (58).png,Sindora tonkinensis,Sindora,tonkinensis,3381. Sindora tonkinensis.2
/kaggle/input/datasets/b23dckh002lvitanh/s3-origin/S3/Sindora tonkinensis/3381. Sindora tonkinensis.7/3381. Sindora tonkinensis.7 (194).png,Sindora tonkinensis,Sindora,tonkinensis,3381. Sindora tonkinensis.7
/kaggle/input/datasets/b23dckh002lvitanh/s3-origin/S3/Sindora tonkinensis/3381. Sindora tonkinensis.3/3381. Sindora tonkinensis.3 (96).png,Sindora tonkinensis,Sindora,tonkinensis,3381. Sindora tonkinensis.3
/kaggle/input/datasets/b23dckh002lvitanh/s3-origin/S3/Sindora tonkinensis/3381. Sindora tonkinensis.9/3381. Sindora tonkinensis.9 (282).png,Sindora tonkinensis,Sindora,tonkinensis,3381. Sindora tonkinensis.9
/kaggle/input/datasets/b23dckh002lvitanh/s3-origin/S3/Sindora tonkinensis/3381. Sindora tonkinensis.8/3381. Sindora tonkinensis.8 (246).png,Sindora tonkinensis,Sindora,tonkinensis,3381. Sindora tonkinensis.8
/kaggle/input/datasets/b23dckh002lvitanh/s3-origin/S3/Sindora tonkinensis/3381. Sindora tonkinensis.2/3381. Sindora tonkinensis.2 (49).png,Sindora tonkinensis,Sindora,tonkinensis,3381. Sindora tonkinensis.2
/kaggle/input/datasets/b23dckh002lvitanh/s3-origin/S3/Sindora tonkinensis/3381. Sindora tonkinensis.7/3381. Sindora tonkinensis.7 (216).png,Sindora tonkinensis,Sindora,tonkinensis,3381. Sindora tonkinensis.7
/kaggle/input/datasets/b23dckh002lvitanh/s3-origin/S3/Sindora tonkinensis/3381. Sindora tonkinensis.4/3381. Sindora tonkinensis.4 (123).png,Sindora tonkinensis,Sindora,tonkinensis,3381. Sindora tonkinensis.4
/kaggle/input/datasets/b23dckh002lvitanh/s3-origin/S3/Sindora tonkinensis/3381. Sindora tonkinensis.8/3381. Sindora tonkinensis.8 (224).png,Sindora tonkinensis,Sindora,tonkinensis,3381. Sindora tonkinensis.8
/kaggle/input/datasets/b23dckh002lvitanh/s3-origin/S3/Sindora tonkinensis/3381. Sindora tonkinensis.9/3381. Sindora tonkinensis.9 (269).png,Sindora tonkinensis,Sindora,tonkinensis,3381. Sindora tonkinensis.9
/kaggle/input/datasets/b23dckh002lvitanh/s3-origin/S3/Sindora tonkinensis/3381. Sindora tonkinensis.1/3381. Sindora tonkinensis.1 (22).png,Sindora tonkinensis,Sindora,tonkinensis,3381. Sindora tonkinensis.1
/kaggle/input/datasets/b23dckh002lvitanh/s3-origin/S3/Sindora tonkinensis/3381. Sindora tonkinensis.7/3381. Sindora tonkinensis.7 (215).png,Sindora tonkinensis,Sindora,tonkinensis,3381. Sindora tonkinensis.7
/kaggle/input/datasets/b23dckh002lvitanh/s3-origin/S3/Sindora tonkinensis/3381. Sindora tonkinensis.9/3381. Sindora tonkinensis.9 (293).png,Sindora tonkinensis,Sindora,tonkinensis,3381. Sindora tonkinensis.9
/kaggle/input/datasets/b23dckh002lvitanh/s3-origin/S3/Sindora tonkinensis/3381. Sindora tonkinensis.10/3381. Sindora tonkinensis.10 (302).png,Sindora tonkinensis,Sindora,tonkinensis,3381. Sindora tonkinensis.10
/kaggle/input/datasets/b23dckh002lvitanh/s3-origin/S3/Sindora tonkinensis/3381. Sindora tonkinensis.7/3381. Sindora tonkinensis.7 (206).png,Sindora tonkinensis,Sindora,tonkinensis,3381. Sindora tonkinensis.7
/kaggle/input/datasets/b23dckh002lvitanh/s3-origin/S3/Sindora tonkinensis/3381. Sindora tonkinensis.5/3381. Sindora tonkinensis.5 (134).png,Sindora tonkinensis,Sindora,tonkinensis,3381. Sindora tonkinensis.5
/kaggle/input/datasets/b23dckh002lvitanh/s3-origin/S3/Sindora tonkinensis/3381. Sindora tonkinensis.3/3381. Sindora tonkinensis.3 (94).png,Sindora tonkinensis,Sindora,tonkinensis,3381. Sindora tonkinensis.3
/kaggle/input/datasets/b23dckh002lvitanh/s3-origin/S3/Sindora tonkinensis/3381. Sindora tonkinensis.9/3381. Sindora tonkinensis.9 (259).png,Sindora tonkinensis,Sindora,tonkinensis,3381. Sindora tonkinensis.9
/kaggle/input/datasets/b23dckh002lvitanh/s3-origin/S3/Sindora tonkinensis/3381. Sindora tonkinensis.3/3381. Sindora tonkinensis.3 (75).png,Sindora tonkinensis,Sindora,tonkinensis,3381. Sindora tonkinensis.3
/kaggle/input/datasets/b23dckh002lvitanh/s3-origin/S3/Sindora tonkinensis/3381. Sindora tonkinensis.5/3381. Sindora tonkinensis.5 (155).png,Sindora tonkinensis,Sindora,tonkinensis,3381. Sindora tonkinensis.5
/kaggle/input/datasets/b23dckh002lvitanh/s3-origin/S3/Sindora tonkinensis/3381. Sindora tonkinensis.3/3381. Sindora tonkinensis.3 (91).png,Sindora tonkinensis,Sindora,tonkinensis,3381. Sindora tonkinensis.3
/kaggle/input/datasets/b23dckh002lvitanh/s3-origin/S3/Sindora tonkinensis/3381. Sindora tonkinensis.2/3381. Sindora tonkinensis.2 (51).png,Sindora tonkinensis,Sindora,tonkinensis,3381. Sindora tonkinensis.2
/kaggle/input/datasets/b23dckh002lvitanh/s3-origin/S3/Sindora tonkinensis/3381. Sindora tonkinensis.7/3381. Sindora tonkinensis.7 (203).png,Sindora tonkinensis,Sindora,tonkinensis,3381. Sindora tonkinensis.7
/kaggle/input/datasets/b23dckh002lvitanh/s3-origin/S3/Sindora tonkinensis/3381. Sindora tonkinensis.6/3381. Sindora tonkinensis.6 (172).png,Sindora tonkinensis,Sindora,tonkinensis,3381. Sindora tonkinensis.6
/kaggle/input/datasets/b23dckh002lvitanh/s3-origin/S3/Sindora tonkinensis/3381. Sindora tonkinensis.8/3381. Sindora tonkinensis.8 (237).png,Sindora tonkinensis,Sindora,tonkinensis,3381. Sindora tonkinensis.8
/kaggle/input/datasets/b23dckh002lvitanh/s3-origin/S3/Sindora tonkinensis/3381. Sindora tonkinensis.4/3381. Sindora tonkinensis.4 (107).png,Sindora tonkinensis,Sindora,tonkinensis,3381. Sindora tonkinensis.4
/kaggle/input/datasets/b23dckh002lvitanh/s3-origin/S3/Sindora tonkinensis/3381. Sindora tonkinensis.10/3381. Sindora tonkinensis.10 (314).png,Sindora tonkinensis,Sindora,tonkinensis,3381. Sindora tonkinensis.10
/kaggle/input/datasets/b23dckh002lvitanh/s3-origin/S3/Sindora tonkinensis/3381. Sindora tonkinensis.4/3381. Sindora tonkinensis.4 (122).png,Sindora tonkinensis,Sindora,tonkinensis,3381. Sindora tonkinensis.4
/kaggle/input/datasets/b23dckh002lvitanh/s3-origin/S3/Sindora tonkinensis/3381. Sindora tonkinensis.4/3381. Sindora tonkinensis.4 (124).png,Sindora tonkinensis,Sindora,tonkinensis,3381. Sindora tonkinensis.4
/kaggle/input/datasets/b23dckh002lvitanh/s3-origin/S3/Sindora tonkinensis/3381. Sindora tonkinensis.6/3381. Sindora tonkinensis.6 (165).png,Sindora tonkinensis,Sindora,tonkinensis,3381. Sindora tonkinensis.6
/kaggle/input/datasets/b23dckh002lvitanh/s3-origin/S3/Sindora tonkinensis/3381. Sindora tonkinensis.3/3381. Sindora tonkinensis.3 (70).png,Sindora tonkinensis,Sindora,tonkinensis,3381. Sindora tonkinensis.3
/kaggle/input/datasets/b23dckh002lvitanh/s3-origin/S3/Sindora tonkinensis/3381. Sindora tonkinensis.5/3381. Sindora tonkinensis.5 (133).png,Sindora tonkinensis,Sindora,tonkinensis,3381. Sindora tonkinensis.5
/kaggle/input/datasets/b23dckh002lvitanh/s3-origin/S3/Sindora tonkinensis/3381. Sindora tonkinensis.2/3381. Sindora tonkinensis.2 (57).png,Sindora tonkinensis,Sindora,tonkinensis,3381. Sindora tonkinensis.2
/kaggle/input/datasets/b23dckh002lvitanh/s3-origin/S3/Sindora tonkinensis/3381. Sindora tonkinensis.1/3381. Sindora tonkinensis.1 (15).png,Sindora tonkinensis,Sindora,tonkinensis,3381. Sindora tonkinensis.1
/kaggle/input/datasets/b23dckh002lvitanh/s3-origin/S3/Sindora tonkinensis/3381. Sindora tonkinensis.9/3381. Sindora tonkinensis.9 (262).png,Sindora tonkinensis,Sindora,tonkinensis,3381. Sindora tonkinensis.9
/kaggle/input/datasets/b23dckh002lvitanh/s3-origin/S3/Sindora tonkinensis/3381. Sindora tonkinensis.4/3381. Sindora tonkinensis.4 (126).png,Sindora tonkinensis,Sindora,tonkinensis,3381. Sindora tonkinensis.4
/kaggle/input/datasets/b23dckh002lvitanh/s3-origin/S3/Sindora tonkinensis/3381. Sindora tonkinensis.8/3381. Sindora tonkinensis.8 (258).png,Sindora tonkinensis,Sindora,tonkinensis,3381. Sindora tonkinensis.8
/kaggle/input/datasets/b23dckh002lvitanh/s3-origin/S3/Sindora tonkinensis/3381. Sindora tonkinensis.9/3381. Sindora tonkinensis.9 (280).png,Sindora tonkinensis,Sindora,tonkinensis,3381. Sindora tonkinensis.9
/kaggle/input/datasets/b23dckh002lvitanh/s3-origin/S3/Sindora tonkinensis/3381. Sindora tonkinensis.3/3381. Sindora tonkinensis.3 (71).png,Sindora tonkinensis,Sindora,tonkinensis,3381. Sindora tonkinensis.3
/kaggle/input/datasets/b23dckh002lvitanh/s3-origin/S3/Sindora tonkinensis/3381. Sindora tonkinensis.4/3381. Sindora tonkinensis.4 (112).png,Sindora tonkinensis,Sindora,tonkinensis,3381. Sindora tonkinensis.4
/kaggle/input/datasets/b23dckh002lvitanh/s3-origin/S3/Sindora tonkinensis/3381. Sindora tonkinensis.6/3381. Sindora tonkinensis.6 (171).png,Sindora tonkinensis,Sindora,tonkinensis,3381. Sindora tonkinensis.6
/kaggle/input/datasets/b23dckh002lvitanh/s3-origin/S3/Sindora tonkinensis/3381. Sindora tonkinensis.3/3381. Sindora tonkinensis.3 (95).png,Sindora tonkinensis,Sindora,tonkinensis,3381. Sindora tonkinensis.3
/kaggle/input/datasets/b23dckh002lvitanh/s3-origin/S3/Sindora tonkinensis/3381. Sindora tonkinensis.9/3381. Sindora tonkinensis.9 (289).png,Sindora tonkinensis,Sindora,tonkinensis,3381. Sindora tonkinensis.9
/kaggle/input/datasets/b23dckh002lvitanh/s3-origin/S3/Sindora tonkinensis/3381. Sindora tonkinensis.10/3381. Sindora tonkinensis.10 (318).png,Sindora tonkinensis,Sindora,tonkinensis,3381. Sindora tonkinensis.10
/kaggle/input/datasets/b23dckh002lvitanh/s3-origin/S3/Sindora tonkinensis/3381. Sindora tonkinensis.1/3381. Sindora tonkinensis.1 (24).png,Sindora tonkinensis,Sindora,tonkinensis,3381. Sindora tonkinensis.1
/kaggle/input/datasets/b23dckh002lvitanh/s3-origin/S3/Sindora tonkinensis/3381. Sindora tonkinensis.2/3381. Sindora tonkinensis.2 (53).png,Sindora tonkinensis,Sindora,tonkinensis,3381. Sindora tonkinensis.2
/kaggle/input/datasets/b23dckh002lvitanh/s3-origin/S3/Sindora tonkinensis/3381. Sindora tonkinensis.8/3381. Sindora tonkinensis.8 (239).png,Sindora tonkinensis,Sindora,tonkinensis,3381. Sindora tonkinensis.8
/kaggle/input/datasets/b23dckh002lvitanh/s3-origin/S3/Sindora tonkinensis/3381. Sindora tonkinensis.8/3381. Sindora tonkinensis.8 (230).png,Sindora tonkinensis,Sindora,tonkinensis,3381. Sindora tonkinensis.8
/kaggle/input/datasets/b23dckh002lvitanh/s3-origin/S3/Sindora tonkinensis/3381. Sindora tonkinensis.2/3381. Sindora tonkinensis.2 (55).png,Sindora tonkinensis,Sindora,tonkinensis,3381. Sindora tonkinensis.2
/kaggle/input/datasets/b23dckh002lvitanh/s3-origin/S3/Sindora tonkinensis/3381. Sindora tonkinensis.4/3381. Sindora tonkinensis.4 (114).png,Sindora tonkinensis,Sindora,tonkinensis,3381. Sindora tonkinensis.4
/kaggle/input/datasets/b23dckh002lvitanh/s3-origin/S3/Sindora tonkinensis/3381. Sindora tonkinensis.5/3381. Sindora tonkinensis.5 (154).png,Sindora tonkinensis,Sindora,tonkinensis,3381. Sindora tonkinensis.5
/kaggle/input/datasets/b23dckh002lvitanh/s3-origin/S3/Sindora tonkinensis/3381. Sindora tonkinensis.3/3381. Sindora tonkinensis.3 (79).png,Sindora tonkinensis,Sindora,tonkinensis,3381. Sindora tonkinensis.3
/kaggle/input/datasets/b23dckh002lvitanh/s3-origin/S3/Sindora tonkinensis/3381. Sindora tonkinensis.9/3381. Sindora tonkinensis.9 (288).png,Sindora tonkinensis,Sindora,tonkinensis,3381. Sindora tonkinensis.9
/kaggle/input/datasets/b23dckh002lvitanh/s3-origin/S3/Sindora tonkinensis/3381. Sindora tonkinensis.8/3381. Sindora tonkinensis.8 (233).png,Sindora tonkinensis,Sindora,tonkinensis,3381. Sindora tonkinensis.8
/kaggle/input/datasets/b23dckh002lvitanh/s3-origin/S3/Sindora tonkinensis/3381. Sindora tonkinensis.10/3381. Sindora tonkinensis.10 (327).png,Sindora tonkinensis,Sindora,tonkinensis,3381. Sindora tonkinensis.10
/kaggle/input/datasets/b23dckh002lvitanh/s3-origin/S3/Sindora tonkinensis/3381. Sindora tonkinensis.6/3381. Sindora tonkinensis.6 (185).png,Sindora tonkinensis,Sindora,tonkinensis,3381. Sindora tonkinensis.6
/kaggle/input/datasets/b23dckh002lvitanh/s3-origin/S3/Sindora tonkinensis/3381. Sindora tonkinensis.1/3381. Sindora tonkinensis.1 (27).png,Sindora tonkinensis,Sindora,tonkinensis,3381. Sindora tonkinensis.1
/kaggle/input/datasets/b23dckh002lvitanh/s3-origin/S3/Sindora tonkinensis/3381. Sindora tonkinensis.4/3381. Sindora tonkinensis.4 (117).png,Sindora tonkinensis,Sindora,tonkinensis,3381. Sindora tonkinensis.4
/kaggle/input/datasets/b23dckh002lvitanh/s3-origin/S3/Sindora tonkinensis/3381. Sindora tonkinensis.9/3381. Sindora tonkinensis.9 (264).png,Sindora tonkinensis,Sindora,tonkinensis,3381. Sindora tonkinensis.9
/kaggle/input/datasets/b23dckh002lvitanh/s3-origin/S3/Sindora tonkinensis/3381. Sindora tonkinensis.10/3381. Sindora tonkinensis.10 (325).png,Sindora tonkinensis,Sindora,tonkinensis,3381. Sindora tonkinensis.10
/kaggle/input/datasets/b23dckh002lvitanh/s3-origin/S3/Sindora tonkinensis/3381. Sindora tonkinensis.7/3381. Sindora tonkinensis.7 (199).png,Sindora tonkinensis,Sindora,tonkinensis,3381. Sindora tonkinensis.7
/kaggle/input/datasets/b23dckh002lvitanh/s3-origin/S3/Sindora tonkinensis/3381. Sindora tonkinensis.4/3381. Sindora tonkinensis.4 (108).png,Sindora tonkinensis,Sindora,tonkinensis,3381. Sindora tonkinensis.4
/kaggle/input/datasets/b23dckh002lvitanh/s3-origin/S3/Sindora tonkinensis/3381. Sindora tonkinensis.9/3381. Sindora tonkinensis.9 (267).png,Sindora tonkinensis,Sindora,tonkinensis,3381. Sindora tonkinensis.9
/kaggle/input/datasets/b23dckh002lvitanh/s3-origin/S3/Sindora tonkinensis/3381. Sindora tonkinensis.3/3381. Sindora tonkinensis.3 (80).png,Sindora tonkinensis,Sindora,tonkinensis,3381. Sindora tonkinensis.3
/kaggle/input/datasets/b23dckh002lvitanh/s3-origin/S3/Sindora tonkinensis/3381. Sindora tonkinensis.9/3381. Sindora tonkinensis.9 (279).png,Sindora tonkinensis,Sindora,tonkinensis,3381. Sindora tonkinensis.9
/kaggle/input/datasets/b23dckh002lvitanh/s3-origin/S3/Sindora tonkinensis/3381. Sindora tonkinensis.1/3381. Sindora tonkinensis.1 (14).png,Sindora tonkinensis,Sindora,tonkinensis,3381. Sindora tonkinensis.1
/kaggle/input/datasets/b23dckh002lvitanh/s3-origin/S3/Sindora tonkinensis/3381. Sindora tonkinensis.3/3381. Sindora tonkinensis.3 (90).png,Sindora tonkinensis,Sindora,tonkinensis,3381. Sindora tonkinensis.3
/kaggle/input/datasets/b23dckh002lvitanh/s3-origin/S3/Sindora tonkinensis/3381. Sindora tonkinensis.5/3381. Sindora tonkinensis.5 (137).png,Sindora tonkinensis,Sindora,tonkinensis,3381. Sindora tonkinensis.5
/kaggle/input/datasets/b23dckh002lvitanh/s3-origin/S3/Sindora tonkinensis/3381. Sindora tonkinensis.7/3381. Sindora tonkinensis.7 (211).png,Sindora tonkinensis,Sindora,tonkinensis,3381. Sindora tonkinensis.7
/kaggle/input/datasets/b23dckh002lvitanh/s3-origin/S3/Sindora tonkinensis/3381. Sindora tonkinensis.7/3381. Sindora tonkinensis.7 (212).png,Sindora tonkinensis,Sindora,tonkinensis,3381. Sindora tonkinensis.7
/kaggle/input/datasets/b23dckh002lvitanh/s3-origin/S3/Sindora tonkinensis/3381. Sindora tonkinensis.6/3381. Sindora tonkinensis.6 (169).png,Sindora tonkinensis,Sindora,tonkinensis,3381. Sindora tonkinensis.6
/kaggle/input/datasets/b23dckh002lvitanh/s3-origin/S3/Sindora tonkinensis/3381. Sindora tonkinensis.1/3381. Sindora tonkinensis.1 (26).png,Sindora tonkinensis,Sindora,tonkinensis,3381. Sindora tonkinensis.1
/kaggle/input/datasets/b23dckh002lvitanh/s3-origin/S3/Sindora tonkinensis/3381. Sindora tonkinensis.5/3381. Sindora tonkinensis.5 (136).png,Sindora tonkinensis,Sindora,tonkinensis,3381. Sindora tonkinensis.5
/kaggle/input/datasets/b23dckh002lvitanh/s3-origin/S3/Sindora tonkinensis/3381. Sindora tonkinensis.1/3381. Sindora tonkinensis.1 (33).png,Sindora tonkinensis,Sindora,tonkinensis,3381. Sindora tonkinensis.1
/kaggle/input/datasets/b23dckh002lvitanh/s3-origin/S3/Sindora tonkinensis/3381. Sindora tonkinensis.5/3381. Sindora tonkinensis.5 (144).png,Sindora tonkinensis,Sindora,tonkinensis,3381. Sindora tonkinensis.5
/kaggle/input/datasets/b23dckh002lvitanh/s3-origin/S3/Sindora tonkinensis/3381. Sindora tonkinensis.4/3381. Sindora tonkinensis.4 (110).png,Sindora tonkinensis,Sindora,tonkinensis,3381. Sindora tonkinensis.4
/kaggle/input/datasets/b23dckh002lvitanh/s3-origin/S3/Sindora tonkinensis/3381. Sindora tonkinensis.6/3381. Sindora tonkinensis.6 (187).png,Sindora tonkinensis,Sindora,tonkinensis,3381. Sindora tonkinensis.6
/kaggle/input/datasets/b23dckh002lvitanh/s3-origin/S3/Sindora tonkinensis/3381. Sindora tonkinensis.3/3381. Sindora tonkinensis.3 (93).png,Sindora tonkinensis,Sindora,tonkinensis,3381. Sindora tonkinensis.3
/kaggle/input/datasets/b23dckh002lvitanh/s3-origin/S3/Sindora tonkinensis/3381. Sindora tonkinensis.4/3381. Sindora tonkinensis.4 (101).png,Sindora tonkinensis,Sindora,tonkinensis,3381. Sindora tonkinensis.4
/kaggle/input/datasets/b23dckh002lvitanh/s3-origin/S3/Sindora tonkinensis/3381. Sindora tonkinensis.7/3381. Sindora tonkinensis.7 (189).png,Sindora tonkinensis,Sindora,tonkinensis,3381. Sindora tonkinensis.7
/kaggle/input/datasets/b23dckh002lvitanh/s3-origin/S3/Sindora tonkinensis/3381. Sindora tonkinensis.3/3381. Sindora tonkinensis.3 (98).png,Sindora tonkinensis,Sindora,tonkinensis,3381. Sindora tonkinensis.3
/kaggle/input/datasets/b23dckh002lvitanh/s3-origin/S3/Sindora tonkinensis/3381. Sindora tonkinensis.4/3381. Sindora tonkinensis.4 (119).png,Sindora tonkinensis,Sindora,tonkinensis,3381. Sindora tonkinensis.4
/kaggle/input/datasets/b23dckh002lvitanh/s3-origin/S3/Sindora tonkinensis/3381. Sindora tonkinensis.1/3381. Sindora tonkinensis.1 (7).png,Sindora tonkinensis,Sindora,tonkinensis,3381. Sindora tonkinensis.1
/kaggle/input/datasets/b23dckh002lvitanh/s3-origin/S3/Sindora tonkinensis/3381. Sindora tonkinensis.8/3381. Sindora tonkinensis.8 (231).png,Sindora tonkinensis,Sindora,tonkinensis,3381. Sindora tonkinensis.8
/kaggle/input/datasets/b23dckh002lvitanh/s3-origin/S3/Sindora tonkinensis/3381. Sindora tonkinensis.2/3381. Sindora tonkinensis.2 (43).png,Sindora tonkinensis,Sindora,tonkinensis,3381. Sindora tonkinensis.2
/kaggle/input/datasets/b23dckh002lvitanh/s3-origin/S3/Sindora tonkinensis/3381. Sindora tonkinensis.4/3381. Sindora tonkinensis.4 (118).png,Sindora tonkinensis,Sindora,tonkinensis,3381. Sindora tonkinensis.4
/kaggle/input/datasets/b23dckh002lvitanh/s3-origin/S3/Sindora tonkinensis/3381. Sindora tonkinensis.1/3381. Sindora tonkinensis.1 (20).png,Sindora tonkinensis,Sindora,tonkinensis,3381. Sindora tonkinensis.1
/kaggle/input/datasets/b23dckh002lvitanh/s3-origin/S3/Sindora tonkinensis/3381. Sindora tonkinensis.5/3381. Sindora tonkinensis.5 (156).png,Sindora tonkinensis,Sindora,tonkinensis,3381. Sindora tonkinensis.5
/kaggle/input/datasets/b23dckh002lvitanh/s3-origin/S3/Sindora tonkinensis/3381. Sindora tonkinensis.2/3381. Sindora tonkinensis.2 (47).png,Sindora tonkinensis,Sindora,tonkinensis,3381. Sindora tonkinensis.2
/kaggle/input/datasets/b23dckh002lvitanh/s3-origin/S3/Sindora tonkinensis/3381. Sindora tonkinensis.1/3381. Sindora tonkinensis.1 (21).png,Sindora tonkinensis,Sindora,tonkinensis,3381. Sindora tonkinensis.1
/kaggle/input/datasets/b23dckh002lvitanh/s3-origin/S3/Sindora tonkinensis/3381. Sindora tonkinensis.1/3381. Sindora tonkinensis.1 (2).png,Sindora tonkinensis,Sindora,tonkinensis,3381. Sindora tonkinensis.1
/kaggle/input/datasets/b23dckh002lvitanh/s3-origin/S3/Sindora tonkinensis/3381. Sindora tonkinensis.3/3381. Sindora tonkinensis.3 (69).png,Sindora tonkinensis,Sindora,tonkinensis,3381. Sindora tonkinensis.3
/kaggle/input/datasets/b23dckh002lvitanh/s3-origin/S3/Sindora tonkinensis/3381. Sindora tonkinensis.4/3381. Sindora tonkinensis.4 (121).png,Sindora tonkinensis,Sindora,tonkinensis,3381. Sindora tonkinensis.4
/kaggle/input/datasets/b23dckh002lvitanh/s3-origin/S3/Sindora tonkinensis/3381. Sindora tonkinensis.3/3381. Sindora tonkinensis.3 (83).png,Sindora tonkinensis,Sindora,tonkinensis,3381. Sindora tonkinensis.3
/kaggle/input/datasets/b23dckh002lvitanh/s3-origin/S3/Sindora tonkinensis/3381. Sindora tonkinensis.9/3381. Sindora tonkinensis.9 (276).png,Sindora tonkinensis,Sindora,tonkinensis,3381. Sindora tonkinensis.9
/kaggle/input/datasets/b23dckh002lvitanh/s3-origin/S3/Sindora tonkinensis/3381. Sindora tonkinensis.8/3381. Sindora tonkinensis.8 (253).png,Sindora tonkinensis,Sindora,tonkinensis,3381. Sindora tonkinensis.8
/kaggle/input/datasets/b23dckh002lvitanh/s3-origin/S3/Sindora tonkinensis/3381. Sindora tonkinensis.10/3381. Sindora tonkinensis.10 (309).png,Sindora tonkinensis,Sindora,tonkinensis,3381. Sindora tonkinensis.10
/kaggle/input/datasets/b23dckh002lvitanh/s3-origin/S3/Sindora tonkinensis/3381. Sindora tonkinensis.7/3381. Sindora tonkinensis.7 (198).png,Sindora tonkinensis,Sindora,tonkinensis,3381. Sindora tonkinensis.7
/kaggle/input/datasets/b23dckh002lvitanh/s3-origin/S3/Sindora tonkinensis/3381. Sindora tonkinensis.5/3381. Sindora tonkinensis.5 (148).png,Sindora tonkinensis,Sindora,tonkinensis,3381. Sindora tonkinensis.5
/kaggle/input/datasets/b23dckh002lvitanh/s3-origin/S3/Sindora tonkinensis/3381. Sindora tonkinensis.7/3381. Sindora tonkinensis.7 (195).png,Sindora tonkinensis,Sindora,tonkinensis,3381. Sindora tonkinensis.7
/kaggle/input/datasets/b23dckh002lvitanh/s3-origin/S3/Sindora tonkinensis/3381. Sindora tonkinensis.10/3381. Sindora tonkinensis.10 (328).png,Sindora tonkinensis,Sindora,tonkinensis,3381. Sindora tonkinensis.10
/kaggle/input/datasets/b23dckh002lvitanh/s3-origin/S3/Sindora tonkinensis/3381. Sindora tonkinensis.1/3381. Sindora tonkinensis.1 (31).png,Sindora tonkinensis,Sindora,tonkinensis,3381. Sindora tonkinensis.1
/kaggle/input/datasets/b23dckh002lvitanh/s3-origin/S3/Sindora tonkinensis/3381. Sindora tonkinensis.7/3381. Sindora tonkinensis.7 (217).png,Sindora tonkinensis,Sindora,tonkinensis,3381. Sindora tonkinensis.7
/kaggle/input/datasets/b23dckh002lvitanh/s3-origin/S3/Sindora tonkinensis/3381. Sindora tonkinensis.5/3381. Sindora tonkinensis.5 (147).png,Sindora tonkinensis,Sindora,tonkinensis,3381. Sindora tonkinensis.5
/kaggle/input/datasets/b23dckh002lvitanh/s3-origin/S3/Sindora tonkinensis/3381. Sindora tonkinensis.3/3381. Sindora tonkinensis.3 (86).png,Sindora tonkinensis,Sindora,tonkinensis,3381. Sindora tonkinensis.3
/kaggle/input/datasets/b23dckh002lvitanh/s3-origin/S3/Sindora tonkinensis/3381. Sindora tonkinensis.2/3381. Sindora tonkinensis.2 (38).png,Sindora tonkinensis,Sindora,tonkinensis,3381. Sindora tonkinensis.2
/kaggle/input/datasets/b23dckh002lvitanh/s3-origin/S3/Sindora tonkinensis/3381. Sindora tonkinensis.8/3381. Sindora tonkinensis.8 (248).png,Sindora tonkinensis,Sindora,tonkinensis,3381. Sindora tonkinensis.8
/kaggle/input/datasets/b23dckh002lvitanh/s3-origin/S3/Sindora tonkinensis/3381. Sindora tonkinensis.4/3381. Sindora tonkinensis.4 (116).png,Sindora tonkinensis,Sindora,tonkinensis,3381. Sindora tonkinensis.4
/kaggle/input/datasets/b23dckh002lvitanh/s3-origin/S3/Sindora tonkinensis/3381. Sindora tonkinensis.1/3381. Sindora tonkinensis.1 (29).png,Sindora tonkinensis,Sindora,tonkinensis,3381. Sindora tonkinensis.1
/kaggle/input/datasets/b23dckh002lvitanh/s3-origin/S3/Sindora tonkinensis/3381. Sindora tonkinensis.10/3381. Sindora tonkinensis.10 (303).png,Sindora tonkinensis,Sindora,tonkinensis,3381. Sindora tonkinensis.10
/kaggle/input/datasets/b23dckh002lvitanh/s3-origin/S3/Sindora tonkinensis/3381. Sindora tonkinensis.9/3381. Sindora tonkinensis.9 (281).png,Sindora tonkinensis,Sindora,tonkinensis,3381. Sindora tonkinensis.9
/kaggle/input/datasets/b23dckh002lvitanh/s3-origin/S3/Sindora tonkinensis/3381. Sindora tonkinensis.8/3381. Sindora tonkinensis.8 (240).png,Sindora tonkinensis,Sindora,tonkinensis,3381. Sindora tonkinensis.8
/kaggle/input/datasets/b23dckh002lvitanh/s3-origin/S3/Sindora tonkinensis/3381. Sindora tonkinensis.1/3381. Sindora tonkinensis.1 (1).png,Sindora tonkinensis,Sindora,tonkinensis,3381. Sindora tonkinensis.1
/kaggle/input/datasets/b23dckh002lvitanh/s3-origin/S3/Sindora tonkinensis/3381. Sindora tonkinensis.7/3381. Sindora tonkinensis.7 (213).png,Sindora tonkinensis,Sindora,tonkinensis,3381. Sindora tonkinensis.7
/kaggle/input/datasets/b23dckh002lvitanh/s3-origin/S3/Sindora tonkinensis/3381. Sindora tonkinensis.2/3381. Sindora tonkinensis.2 (44).png,Sindora tonkinensis,Sindora,tonkinensis,3381. Sindora tonkinensis.2
/kaggle/input/datasets/b23dckh002lvitanh/s3-origin/S3/Sindora tonkinensis/3381. Sindora tonkinensis.2/3381. Sindora tonkinensis.2 (46).png,Sindora tonkinensis,Sindora,tonkinensis,3381. Sindora tonkinensis.2
/kaggle/input/datasets/b23dckh002lvitanh/s3-origin/S3/Sindora tonkinensis/3381. Sindora tonkinensis.7/3381. Sindora tonkinensis.7 (192).png,Sindora tonkinensis,Sindora,tonkinensis,3381. Sindora tonkinensis.7
/kaggle/input/datasets/b23dckh002lvitanh/s3-origin/S3/Sindora tonkinensis/3381. Sindora tonkinensis.5/3381. Sindora tonkinensis.5 (153).png,Sindora tonkinensis,Sindora,tonkinensis,3381. Sindora tonkinensis.5
/kaggle/input/datasets/b23dckh002lvitanh/s3-origin/S3/Sindora tonkinensis/3381. Sindora tonkinensis.2/3381. Sindora tonkinensis.2 (52).png,Sindora tonkinensis,Sindora,tonkinensis,3381. Sindora tonkinensis.2
/kaggle/input/datasets/b23dckh002lvitanh/s3-origin/S3/Sindora tonkinensis/3381. Sindora tonkinensis.10/3381. Sindora tonkinensis.10 (324).png,Sindora tonkinensis,Sindora,tonkinensis,3381. Sindora tonkinensis.10
/kaggle/input/datasets/b23dckh002lvitanh/s3-origin/S3/Sindora tonkinensis/3381. Sindora tonkinensis.10/3381. Sindora tonkinensis.10 (294).png,Sindora tonkinensis,Sindora,tonkinensis,3381. Sindora tonkinensis.10
/kaggle/input/datasets/b23dckh002lvitanh/s3-origin/S3/Sindora tonkinensis/3381. Sindora tonkinensis.5/3381. Sindora tonkinensis.5 (149).png,Sindora tonkinensis,Sindora,tonkinensis,3381. Sindora tonkinensis.5
/kaggle/input/datasets/b23dckh002lvitanh/s3-origin/S3/Sindora tonkinensis/3381. Sindora tonkinensis.6/3381. Sindora tonkinensis.6 (181).png,Sindora tonkinensis,Sindora,tonkinensis,3381. Sindora tonkinensis.6
/kaggle/input/datasets/b23dckh002lvitanh/s3-origin/S3/Sindora tonkinensis/3381. Sindora tonkinensis.7/3381. Sindora tonkinensis.7 (207).png,Sindora tonkinensis,Sindora,tonkinensis,3381. Sindora tonkinensis.7
/kaggle/input/datasets/b23dckh002lvitanh/s3-origin/S3/Sindora tonkinensis/3381. Sindora tonkinensis.10/3381. Sindora tonkinensis.10 (321).png,Sindora tonkinensis,Sindora,tonkinensis,3381. Sindora tonkinensis.10
/kaggle/input/datasets/b23dckh002lvitanh/s3-origin/S3/Sindora tonkinensis/3381. Sindora tonkinensis.9/3381. Sindora tonkinensis.9 (273).png,Sindora tonkinensis,Sindora,tonkinensis,3381. Sindora tonkinensis.9
/kaggle/input/datasets/b23dckh002lvitanh/s3-origin/S3/Sindora tonkinensis/3381. Sindora tonkinensis.5/3381. Sindora tonkinensis.5 (152).png,Sindora tonkinensis,Sindora,tonkinensis,3381. Sindora tonkinensis.5
/kaggle/input/datasets/b23dckh002lvitanh/s3-origin/S3/Sindora tonkinensis/3381. Sindora tonkinensis.6/3381. Sindora tonkinensis.6 (174).png,Sindora tonkinensis,Sindora,tonkinensis,3381. Sindora tonkinensis.6
/kaggle/input/datasets/b23dckh002lvitanh/s3-origin/S3/Sindora tonkinensis/3381. Sindora tonkinensis.7/3381. Sindora tonkinensis.7 (218).png,Sindora tonkinensis,Sindora,tonkinensis,3381. Sindora tonkinensis.7
/kaggle/input/datasets/b23dckh002lvitanh/s3-origin/S3/Sindora tonkinensis/3381. Sindora tonkinensis.1/3381. Sindora tonkinensis.1 (16).png,Sindora tonkinensis,Sindora,tonkinensis,3381. Sindora tonkinensis.1
/kaggle/input/datasets/b23dckh002lvitanh/s3-origin/S3/Sindora tonkinensis/3381. Sindora tonkinensis.1/3381. Sindora tonkinensis.1 (30).png,Sindora tonkinensis,Sindora,tonkinensis,3381. Sindora tonkinensis.1
/kaggle/input/datasets/b23dckh002lvitanh/s3-origin/S3/Sindora tonkinensis/3381. Sindora tonkinensis.6/3381. Sindora tonkinensis.6 (168).png,Sindora tonkinensis,Sindora,tonkinensis,3381. Sindora tonkinensis.6
/kaggle/input/datasets/b23dckh002lvitanh/s3-origin/S3/Sindora tonkinensis/3381. Sindora tonkinensis.5/3381. Sindora tonkinensis.5 (138).png,Sindora tonkinensis,Sindora,tonkinensis,3381. Sindora tonkinensis.5
/kaggle/input/datasets/b23dckh002lvitanh/s3-origin/S3/Sindora tonkinensis/3381. Sindora tonkinensis.5/3381. Sindora tonkinensis.5 (131).png,Sindora tonkinensis,Sindora,tonkinensis,3381. Sindora tonkinensis.5
/kaggle/input/datasets/b23dckh002lvitanh/s3-origin/S3/Sindora tonkinensis/3381. Sindora tonkinensis.7/3381. Sindora tonkinensis.7 (221).png,Sindora tonkinensis,Sindora,tonkinensis,3381. Sindora tonkinensis.7
/kaggle/input/datasets/b23dckh002lvitanh/s3-origin/S3/Sindora tonkinensis/3381. Sindora tonkinensis.5/3381. Sindora tonkinensis.5 (145).png,Sindora tonkinensis,Sindora,tonkinensis,3381. Sindora tonkinensis.5
/kaggle/input/datasets/b23dckh002lvitanh/s3-origin/S3/Sindora tonkinensis/3381. Sindora tonkinensis.1/3381. Sindora tonkinensis.1 (18).png,Sindora tonkinensis,Sindora,tonkinensis,3381. Sindora tonkinensis.1
/kaggle/input/datasets/b23dckh002lvitanh/s3-origin/S3/Sindora tonkinensis/3381. Sindora tonkinensis.9/3381. Sindora tonkinensis.9 (291).png,Sindora tonkinensis,Sindora,tonkinensis,3381. Sindora tonkinensis.9
/kaggle/input/datasets/b23dckh002lvitanh/s3-origin/S3/Sindora tonkinensis/3381. Sindora tonkinensis.1/3381. Sindora tonkinensis.1 (3).png,Sindora tonkinensis,Sindora,tonkinensis,3381. Sindora tonkinensis.1
/kaggle/input/datasets/b23dckh002lvitanh/s3-origin/S3/Sindora tonkinensis/3381. Sindora tonkinensis.9/3381. Sindora tonkinensis.9 (285).png,Sindora tonkinensis,Sindora,tonkinensis,3381. Sindora tonkinensis.9
/kaggle/input/datasets/b23dckh002lvitanh/s3-origin/S3/Sindora tonkinensis/3381. Sindora tonkinensis.10/3381. Sindora tonkinensis.10 (313).png,Sindora tonkinensis,Sindora,tonkinensis,3381. Sindora tonkinensis.10
/kaggle/input/datasets/b23dckh002lvitanh/s3-origin/S3/Sindora tonkinensis/3381. Sindora tonkinensis.8/3381. Sindora tonkinensis.8 (251).png,Sindora tonkinensis,Sindora,tonkinensis,3381. Sindora tonkinensis.8
/kaggle/input/datasets/b23dckh002lvitanh/s3-origin/S3/Sindora tonkinensis/3381. Sindora tonkinensis.9/3381. Sindora tonkinensis.9 (266).png,Sindora tonkinensis,Sindora,tonkinensis,3381. Sindora tonkinensis.9
/kaggle/input/datasets/b23dckh002lvitanh/s3-origin/S3/Sindora tonkinensis/3381. Sindora tonkinensis.8/3381. Sindora tonkinensis.8 (225).png,Sindora tonkinensis,Sindora,tonkinensis,3381. Sindora tonkinensis.8
/kaggle/input/datasets/b23dckh002lvitanh/s3-origin/S3/Sindora tonkinensis/3381. Sindora tonkinensis.9/3381. Sindora tonkinensis.9 (274).png,Sindora tonkinensis,Sindora,tonkinensis,3381. Sindora tonkinensis.9
/kaggle/input/datasets/b23dckh002lvitanh/s3-origin/S3/Sindora tonkinensis/3381. Sindora tonkinensis.5/3381. Sindora tonkinensis.5 (130).png,Sindora tonkinensis,Sindora,tonkinensis,3381. Sindora tonkinensis.5
/kaggle/input/datasets/b23dckh002lvitanh/s3-origin/S3/Sindora tonkinensis/3381. Sindora tonkinensis.8/3381. Sindora tonkinensis.8 (256).png,Sindora tonkinensis,Sindora,tonkinensis,3381. Sindora tonkinensis.8
/kaggle/input/datasets/b23dckh002lvitanh/s3-origin/S3/Sindora tonkinensis/3381. Sindora tonkinensis.5/3381. Sindora tonkinensis.5 (151).png,Sindora tonkinensis,Sindora,tonkinensis,3381. Sindora tonkinensis.5
/kaggle/input/datasets/b23dckh002lvitanh/s3-origin/S3/Sindora tonkinensis/3381. Sindora tonkinensis.2/3381. Sindora tonkinensis.2 (36).png,Sindora tonkinensis,Sindora,tonkinensis,3381. Sindora tonkinensis.2
/kaggle/input/datasets/b23dckh002lvitanh/s3-origin/S3/Sindora tonkinensis/3381. Sindora tonkinensis.1/3381. Sindora tonkinensis.1 (23).png,Sindora tonkinensis,Sindora,tonkinensis,3381. Sindora tonkinensis.1
/kaggle/input/datasets/b23dckh002lvitanh/s3-origin/S3/Sindora tonkinensis/3381. Sindora tonkinensis.6/3381. Sindora tonkinensis.6 (166).png,Sindora tonkinensis,Sindora,tonkinensis,3381. Sindora tonkinensis.6
/kaggle/input/datasets/b23dckh002lvitanh/s3-origin/S3/Sindora tonkinensis/3381. Sindora tonkinensis.10/3381. Sindora tonkinensis.10 (322).png,Sindora tonkinensis,Sindora,tonkinensis,3381. Sindora tonkinensis.10
/kaggle/input/datasets/b23dckh002lvitanh/s3-origin/S3/Sindora tonkinensis/3381. Sindora tonkinensis.5/3381. Sindora tonkinensis.5 (150).png,Sindora tonkinensis,Sindora,tonkinensis,3381. Sindora tonkinensis.5
/kaggle/input/datasets/b23dckh002lvitanh/s3-origin/S3/Sindora tonkinensis/3381. Sindora tonkinensis.8/3381. Sindora tonkinensis.8 (226).png,Sindora tonkinensis,Sindora,tonkinensis,3381. Sindora tonkinensis.8
/kaggle/input/datasets/b23dckh002lvitanh/s3-origin/S3/Sindora tonkinensis/3381. Sindora tonkinensis.3/3381. Sindora tonkinensis.3 (76).png,Sindora tonkinensis,Sindora,tonkinensis,3381. Sindora tonkinensis.3
/kaggle/input/datasets/b23dckh002lvitanh/s3-origin/S3/Sindora tonkinensis/3381. Sindora tonkinensis.9/3381. Sindora tonkinensis.9 (283).png,Sindora tonkinensis,Sindora,tonkinensis,3381. Sindora tonkinensis.9
/kaggle/input/datasets/b23dckh002lvitanh/s3-origin/S3/Sindora tonkinensis/3381. Sindora tonkinensis.6/3381. Sindora tonkinensis.6 (160).png,Sindora tonkinensis,Sindora,tonkinensis,3381. Sindora tonkinensis.6
/kaggle/input/datasets/b23dckh002lvitanh/s3-origin/S3/Sindora tonkinensis/3381. Sindora tonkinensis.3/3381. Sindora tonkinensis.3 (97).png,Sindora tonkinensis,Sindora,tonkinensis,3381. Sindora tonkinensis.3
/kaggle/input/datasets/b23dckh002lvitanh/s3-origin/S3/Sindora tonkinensis/3381. Sindora tonkinensis.7/3381. Sindora tonkinensis.7 (200).png,Sindora tonkinensis,Sindora,tonkinensis,3381. Sindora tonkinensis.7
/kaggle/input/datasets/b23dckh002lvitanh/s3-origin/S3/Sindora tonkinensis/3381. Sindora tonkinensis.3/3381. Sindora tonkinensis.3 (89).png,Sindora tonkinensis,Sindora,tonkinensis,3381. Sindora tonkinensis.3
/kaggle/input/datasets/b23dckh002lvitanh/s3-origin/S3/Sindora tonkinensis/3381. Sindora tonkinensis.2/3381. Sindora tonkinensis.2 (35).png,Sindora tonkinensis,Sindora,tonkinensis,3381. Sindora tonkinensis.2
/kaggle/input/datasets/b23dckh002lvitanh/s3-origin/S3/Sindora tonkinensis/3381. Sindora tonkinensis.2/3381. Sindora tonkinensis.2 (54).png,Sindora tonkinensis,Sindora,tonkinensis,3381. Sindora tonkinensis.2
/kaggle/input/datasets/b23dckh002lvitanh/s3-origin/S3/Sindora tonkinensis/3381. Sindora tonkinensis.8/3381. Sindora tonkinensis.8 (228).png,Sindora tonkinensis,Sindora,tonkinensis,3381. Sindora tonkinensis.8
/kaggle/input/datasets/b23dckh002lvitanh/s3-origin/S3/Sindora tonkinensis/3381. Sindora tonkinensis.7/3381. Sindora tonkinensis.7 (209).png,Sindora tonkinensis,Sindora,tonkinensis,3381. Sindora tonkinensis.7
/kaggle/input/datasets/b23dckh002lvitanh/s3-origin/S3/Sindora tonkinensis/3381. Sindora tonkinensis.6/3381. Sindora tonkinensis.6 (184).png,Sindora tonkinensis,Sindora,tonkinensis,3381. Sindora tonkinensis.6
/kaggle/input/datasets/b23dckh002lvitanh/s3-origin/S3/Sindora tonkinensis/3381. Sindora tonkinensis.10/3381. Sindora tonkinensis.10 (296).png,Sindora tonkinensis,Sindora,tonkinensis,3381. Sindora tonkinensis.10
/kaggle/input/datasets/b23dckh002lvitanh/s3-origin/S3/Sindora tonkinensis/3381. Sindora tonkinensis.9/3381. Sindora tonkinensis.9 (275).png,Sindora tonkinensis,Sindora,tonkinensis,3381. Sindora tonkinensis.9
/kaggle/input/datasets/b23dckh002lvitanh/s3-origin/S3/Sindora tonkinensis/3381. Sindora tonkinensis.5/3381. Sindora tonkinensis.5 (143).png,Sindora tonkinensis,Sindora,tonkinensis,3381. Sindora tonkinensis.5
/kaggle/input/datasets/b23dckh002lvitanh/s3-origin/S3/Sindora tonkinensis/3381. Sindora tonkinensis.7/3381. Sindora tonkinensis.7 (222).png,Sindora tonkinensis,Sindora,tonkinensis,3381. Sindora tonkinensis.7
/kaggle/input/datasets/b23dckh002lvitanh/s3-origin/S3/Sindora tonkinensis/3381. Sindora tonkinensis.6/3381. Sindora tonkinensis.6 (178).png,Sindora tonkinensis,Sindora,tonkinensis,3381. Sindora tonkinensis.6
/kaggle/input/datasets/b23dckh002lvitanh/s3-origin/S3/Sindora tonkinensis/3381. Sindora tonkinensis.7/3381. Sindora tonkinensis.7 (208).png,Sindora tonkinensis,Sindora,tonkinensis,3381. Sindora tonkinensis.7
